ISO-10303-21;
HEADER;
/* Generated by software containing ST-Developer
 * from STEP Tools, Inc. (www.steptools.com) 
 */

FILE_DESCRIPTION(
/* description */ (''),
/* implementation_level */ '2;1');

FILE_NAME(
/* name */ '0cb67e4d-346e-41d8-9ca4-570e8e70d9cf.stp',
/* time_stamp */ '2026-05-26T03:27:33Z',
/* author */ (''),
/* organization */ (''),
/* preprocessor_version */ 'ST-DEVELOPER v20.1',
/* originating_system */ 'Autodesk Translation Framework v15.8.0.0',
/* authorisation */ '');

FILE_SCHEMA (('AUTOMOTIVE_DESIGN { 1 0 10303 214 3 1 1 }'));
ENDSEC;

DATA;
#10=MECHANICAL_DESIGN_GEOMETRIC_PRESENTATION_REPRESENTATION('',(#13),#11053);
#11=SHAPE_REPRESENTATION_RELATIONSHIP('SRR','None',#11059,#12);
#12=ADVANCED_BREP_SHAPE_REPRESENTATION('',(#14),#11052);
#13=STYLED_ITEM('',(#11068),#14);
#14=MANIFOLD_SOLID_BREP('Body2',#4630);
#15=B_SPLINE_SURFACE_WITH_KNOTS('',3,3,((#7674,#7675,#7676,#7677,#7678,
#7679,#7680,#7681,#7682,#7683,#7684,#7685,#7686,#7687,#7688,#7689,#7690,
#7691,#7692,#7693,#7694,#7695,#7696,#7697,#7698,#7699,#7700,#7701,#7702,
#7703,#7704,#7705,#7706,#7707,#7708,#7709,#7710,#7711,#7712,#7713,#7714,
#7715,#7716,#7717,#7718,#7719,#7720,#7721,#7722,#7723,#7724,#7725,#7726,
#7727,#7728,#7729,#7730,#7731,#7732,#7733,#7734,#7735,#7736,#7737,#7738,
#7739,#7740,#7741,#7742,#7743,#7744,#7745,#7746,#7747,#7748,#7749,#7750,
#7751,#7752,#7753,#7754,#7755,#7756,#7757,#7758,#7759,#7760,#7761,#7762,
#7763,#7764,#7765,#7766,#7767,#7768,#7769,#7770,#7771,#7772,#7773,#7774,
#7775,#7776,#7777,#7778,#7779,#7780,#7781),(#7782,#7783,#7784,#7785,#7786,
#7787,#7788,#7789,#7790,#7791,#7792,#7793,#7794,#7795,#7796,#7797,#7798,
#7799,#7800,#7801,#7802,#7803,#7804,#7805,#7806,#7807,#7808,#7809,#7810,
#7811,#7812,#7813,#7814,#7815,#7816,#7817,#7818,#7819,#7820,#7821,#7822,
#7823,#7824,#7825,#7826,#7827,#7828,#7829,#7830,#7831,#7832,#7833,#7834,
#7835,#7836,#7837,#7838,#7839,#7840,#7841,#7842,#7843,#7844,#7845,#7846,
#7847,#7848,#7849,#7850,#7851,#7852,#7853,#7854,#7855,#7856,#7857,#7858,
#7859,#7860,#7861,#7862,#7863,#7864,#7865,#7866,#7867,#7868,#7869,#7870,
#7871,#7872,#7873,#7874,#7875,#7876,#7877,#7878,#7879,#7880,#7881,#7882,
#7883,#7884,#7885,#7886,#7887,#7888,#7889),(#7890,#7891,#7892,#7893,#7894,
#7895,#7896,#7897,#7898,#7899,#7900,#7901,#7902,#7903,#7904,#7905,#7906,
#7907,#7908,#7909,#7910,#7911,#7912,#7913,#7914,#7915,#7916,#7917,#7918,
#7919,#7920,#7921,#7922,#7923,#7924,#7925,#7926,#7927,#7928,#7929,#7930,
#7931,#7932,#7933,#7934,#7935,#7936,#7937,#7938,#7939,#7940,#7941,#7942,
#7943,#7944,#7945,#7946,#7947,#7948,#7949,#7950,#7951,#7952,#7953,#7954,
#7955,#7956,#7957,#7958,#7959,#7960,#7961,#7962,#7963,#7964,#7965,#7966,
#7967,#7968,#7969,#7970,#7971,#7972,#7973,#7974,#7975,#7976,#7977,#7978,
#7979,#7980,#7981,#7982,#7983,#7984,#7985,#7986,#7987,#7988,#7989,#7990,
#7991,#7992,#7993,#7994,#7995,#7996,#7997),(#7998,#7999,#8000,#8001,#8002,
#8003,#8004,#8005,#8006,#8007,#8008,#8009,#8010,#8011,#8012,#8013,#8014,
#8015,#8016,#8017,#8018,#8019,#8020,#8021,#8022,#8023,#8024,#8025,#8026,
#8027,#8028,#8029,#8030,#8031,#8032,#8033,#8034,#8035,#8036,#8037,#8038,
#8039,#8040,#8041,#8042,#8043,#8044,#8045,#8046,#8047,#8048,#8049,#8050,
#8051,#8052,#8053,#8054,#8055,#8056,#8057,#8058,#8059,#8060,#8061,#8062,
#8063,#8064,#8065,#8066,#8067,#8068,#8069,#8070,#8071,#8072,#8073,#8074,
#8075,#8076,#8077,#8078,#8079,#8080,#8081,#8082,#8083,#8084,#8085,#8086,
#8087,#8088,#8089,#8090,#8091,#8092,#8093,#8094,#8095,#8096,#8097,#8098,
#8099,#8100,#8101,#8102,#8103,#8104,#8105),(#8106,#8107,#8108,#8109,#8110,
#8111,#8112,#8113,#8114,#8115,#8116,#8117,#8118,#8119,#8120,#8121,#8122,
#8123,#8124,#8125,#8126,#8127,#8128,#8129,#8130,#8131,#8132,#8133,#8134,
#8135,#8136,#8137,#8138,#8139,#8140,#8141,#8142,#8143,#8144,#8145,#8146,
#8147,#8148,#8149,#8150,#8151,#8152,#8153,#8154,#8155,#8156,#8157,#8158,
#8159,#8160,#8161,#8162,#8163,#8164,#8165,#8166,#8167,#8168,#8169,#8170,
#8171,#8172,#8173,#8174,#8175,#8176,#8177,#8178,#8179,#8180,#8181,#8182,
#8183,#8184,#8185,#8186,#8187,#8188,#8189,#8190,#8191,#8192,#8193,#8194,
#8195,#8196,#8197,#8198,#8199,#8200,#8201,#8202,#8203,#8204,#8205,#8206,
#8207,#8208,#8209,#8210,#8211,#8212,#8213)),.UNSPECIFIED.,.F.,.F.,.F.,(4,
1,4),(4,1,1,1,1,1,1,1,1,1,1,1,1,1,1,1,1,1,1,1,1,1,1,1,1,1,1,1,1,1,1,1,1,
1,1,1,1,1,1,1,1,1,1,1,1,1,1,1,1,1,1,1,1,1,1,1,1,1,1,1,1,1,1,1,1,1,1,1,1,
1,1,1,1,1,1,1,1,1,1,1,1,1,1,1,1,1,1,1,1,1,1,1,1,1,1,1,1,1,1,1,1,1,1,1,1,
4),(0.,0.571428571428571,1.),(-0.263161348346069,0.554586040774272,1.37233342989461,
2.19008081901495,3.0078282081353,3.82557559725564,4.64332298637598,5.46107037549632,
6.27881776461666,7.096565153737,7.91431254285735,8.73205993197769,9.54980732109803,
10.3675547102184,11.1853020993387,12.0030494884591,12.8207968775794,13.9111267297398,
15.0014565819003,16.0917864340608,17.1821162862212,17.9090028543282,18.6358894224352,
19.3627759905421,20.1805233796625,20.9982707687828,21.8160181579032,22.6337655470235,
23.4515129361438,24.2692603252642,25.0870077143845,25.9047551035049,26.7225024926252,
27.5402498817455,28.3579972708659,29.1757446599862,30.2660745121467,31.3564043643071,
32.4467342164676,33.2644816055879,34.0822289947083,34.8999763838286,35.717723772949,
36.5354711620693,37.3532185511896,38.17096594031,38.9887133294303,39.8064607185507,
40.624208107671,41.4419554967913,42.2597028859117,43.077450275032,43.8951976641524,
44.7129450532727,45.530692442393,46.6210222945535,47.711352146714,48.8016819988744,
49.6194293879948,50.4371767771151,51.2549241662354,52.0726715553558,53.1630014075162,
54.2533312596767,55.3436611118372,56.4339909639976,57.5243208161581,58.6146506683185,
59.704980520479,60.7953103726394,61.8856402247999,62.9759700769603,64.0662999291208,
65.1566297812812,66.2469596334417,67.3372894856022,68.4276193377626,69.5179491899231,
70.24483575803,70.971722326137,71.698608894244,72.4254954623509,73.1523820304579,
73.8792685985649,74.6061551666718,75.3330417347788,76.0599283028858,76.7868148709928,
77.5137014390997,78.2405880072067,79.058335396327,79.8760827854474,80.6938301745677,
81.5115775636881,82.3293249528084,83.1470723419287,83.9648197310491,84.7825671201694,
85.6003145092898,86.4180618984101,87.2358092875305,88.0535566766508,88.8713040657711,
89.6890514548915,90.5067988440118,91.3245462331322),.UNSPECIFIED.);
#16=B_SPLINE_SURFACE_WITH_KNOTS('',3,3,((#8365,#8366,#8367,#8368,#8369,
#8370,#8371,#8372,#8373,#8374,#8375,#8376,#8377,#8378,#8379,#8380,#8381,
#8382,#8383,#8384,#8385,#8386,#8387,#8388,#8389,#8390,#8391,#8392,#8393,
#8394,#8395,#8396,#8397,#8398,#8399,#8400,#8401,#8402,#8403,#8404,#8405,
#8406,#8407,#8408,#8409,#8410,#8411,#8412,#8413,#8414,#8415,#8416,#8417,
#8418,#8419,#8420,#8421,#8422,#8423,#8424,#8425,#8426,#8427,#8428,#8429,
#8430,#8431,#8432,#8433,#8434,#8435,#8436,#8437,#8438,#8439,#8440,#8441,
#8442,#8443,#8444,#8445,#8446,#8447,#8448,#8449,#8450,#8451,#8452,#8453,
#8454,#8455,#8456,#8457,#8458,#8459,#8460,#8461,#8462,#8463,#8464,#8465,
#8466,#8467,#8468,#8469,#8470,#8471,#8472,#8473,#8474,#8475,#8476,#8477,
#8478,#8479,#8480,#8481,#8482,#8483,#8484,#8485,#8486,#8487,#8488,#8489,
#8490,#8491,#8492,#8493,#8494,#8495,#8496,#8497),(#8498,#8499,#8500,#8501,
#8502,#8503,#8504,#8505,#8506,#8507,#8508,#8509,#8510,#8511,#8512,#8513,
#8514,#8515,#8516,#8517,#8518,#8519,#8520,#8521,#8522,#8523,#8524,#8525,
#8526,#8527,#8528,#8529,#8530,#8531,#8532,#8533,#8534,#8535,#8536,#8537,
#8538,#8539,#8540,#8541,#8542,#8543,#8544,#8545,#8546,#8547,#8548,#8549,
#8550,#8551,#8552,#8553,#8554,#8555,#8556,#8557,#8558,#8559,#8560,#8561,
#8562,#8563,#8564,#8565,#8566,#8567,#8568,#8569,#8570,#8571,#8572,#8573,
#8574,#8575,#8576,#8577,#8578,#8579,#8580,#8581,#8582,#8583,#8584,#8585,
#8586,#8587,#8588,#8589,#8590,#8591,#8592,#8593,#8594,#8595,#8596,#8597,
#8598,#8599,#8600,#8601,#8602,#8603,#8604,#8605,#8606,#8607,#8608,#8609,
#8610,#8611,#8612,#8613,#8614,#8615,#8616,#8617,#8618,#8619,#8620,#8621,
#8622,#8623,#8624,#8625,#8626,#8627,#8628,#8629,#8630),(#8631,#8632,#8633,
#8634,#8635,#8636,#8637,#8638,#8639,#8640,#8641,#8642,#8643,#8644,#8645,
#8646,#8647,#8648,#8649,#8650,#8651,#8652,#8653,#8654,#8655,#8656,#8657,
#8658,#8659,#8660,#8661,#8662,#8663,#8664,#8665,#8666,#8667,#8668,#8669,
#8670,#8671,#8672,#8673,#8674,#8675,#8676,#8677,#8678,#8679,#8680,#8681,
#8682,#8683,#8684,#8685,#8686,#8687,#8688,#8689,#8690,#8691,#8692,#8693,
#8694,#8695,#8696,#8697,#8698,#8699,#8700,#8701,#8702,#8703,#8704,#8705,
#8706,#8707,#8708,#8709,#8710,#8711,#8712,#8713,#8714,#8715,#8716,#8717,
#8718,#8719,#8720,#8721,#8722,#8723,#8724,#8725,#8726,#8727,#8728,#8729,
#8730,#8731,#8732,#8733,#8734,#8735,#8736,#8737,#8738,#8739,#8740,#8741,
#8742,#8743,#8744,#8745,#8746,#8747,#8748,#8749,#8750,#8751,#8752,#8753,
#8754,#8755,#8756,#8757,#8758,#8759,#8760,#8761,#8762,#8763),(#8764,#8765,
#8766,#8767,#8768,#8769,#8770,#8771,#8772,#8773,#8774,#8775,#8776,#8777,
#8778,#8779,#8780,#8781,#8782,#8783,#8784,#8785,#8786,#8787,#8788,#8789,
#8790,#8791,#8792,#8793,#8794,#8795,#8796,#8797,#8798,#8799,#8800,#8801,
#8802,#8803,#8804,#8805,#8806,#8807,#8808,#8809,#8810,#8811,#8812,#8813,
#8814,#8815,#8816,#8817,#8818,#8819,#8820,#8821,#8822,#8823,#8824,#8825,
#8826,#8827,#8828,#8829,#8830,#8831,#8832,#8833,#8834,#8835,#8836,#8837,
#8838,#8839,#8840,#8841,#8842,#8843,#8844,#8845,#8846,#8847,#8848,#8849,
#8850,#8851,#8852,#8853,#8854,#8855,#8856,#8857,#8858,#8859,#8860,#8861,
#8862,#8863,#8864,#8865,#8866,#8867,#8868,#8869,#8870,#8871,#8872,#8873,
#8874,#8875,#8876,#8877,#8878,#8879,#8880,#8881,#8882,#8883,#8884,#8885,
#8886,#8887,#8888,#8889,#8890,#8891,#8892,#8893,#8894,#8895,#8896)),
 .UNSPECIFIED.,.F.,.F.,.F.,(4,4),(4,1,1,1,1,1,1,1,1,1,1,1,1,1,1,1,1,1,1,
1,1,1,1,1,1,1,1,1,1,1,1,1,1,1,1,1,1,1,1,1,1,1,1,1,1,1,1,1,1,1,1,1,1,1,1,
1,1,1,1,1,1,1,1,1,1,1,1,1,1,1,1,1,1,1,1,1,1,1,1,1,1,1,1,1,1,1,1,1,1,1,1,
1,1,1,1,1,1,1,1,1,1,1,1,1,1,1,1,1,1,1,1,1,1,1,1,1,1,1,1,1,1,1,1,1,1,1,1,
1,1,1,4),(0.,0.091970849265592),(8.93144100532515,9.42587583450808,9.92031066369101,
10.4147454928739,10.9091803220569,11.4036151512398,11.8980499804227,12.3924848096057,
12.8869196387886,13.3813544679715,13.8757892971544,14.3702241263374,14.8646589555203,
15.3590937847032,15.8535286138862,16.3479634430691,16.842398272252,17.336833101435,
17.8312679306179,18.3257027598008,18.8201375889837,19.3145724181667,19.8090072473496,
20.3034420765325,20.7978769057155,21.2923117348984,21.7867465640813,22.2811813932643,
22.7756162224472,23.2700510516301,23.764485880813,24.258920709996,24.7533555391789,
25.2477903683618,25.7422251975448,26.2366600267277,26.7310948559106,27.2255296850936,
27.7199645142765,28.2143993434594,28.7088341726423,29.2032690018253,29.6977038310082,
30.1921386601911,30.6865734893741,31.181008318557,31.6754431477399,32.1698779769229,
32.6643128061058,33.1587476352887,33.6531824644716,34.1476172936546,34.6420521228375,
35.1364869520204,35.6309217812034,36.1253566103863,36.6197914395692,37.1142262687522,
37.6086610979351,38.103095927118,38.5975307563009,39.0919655854839,39.5864004146668,
40.0808352438497,40.5752700730327,41.0697049022156,41.5641397313985,42.0585745605814,
42.5530093897644,43.0474442189473,43.5418790481302,44.0363138773132,44.5307487064961,
45.025183535679,45.519618364862,46.0140531940449,46.5084880232278,47.0029228524107,
47.4973576815937,47.9917925107766,48.4862273399595,48.9806621691425,49.4750969983254,
49.9695318275083,50.4639666566913,50.9584014858742,51.4528363150571,51.94727114424,
52.441705973423,52.9361408026059,53.4305756317888,53.9250104609718,54.4194452901547,
54.9138801193376,55.4083149485206,55.9027497777035,56.3971846068864,56.8916194360693,
57.3860542652523,57.8804890944352,58.3749239236181,58.8693587528011,59.363793581984,
59.8582284111669,60.3526632403499,60.8470980695328,61.3415328987157,61.8359677278986,
62.3304025570816,62.8248373862645,63.3192722154474,63.8137070446304,64.3081418738133,
64.8025767029962,65.2970115321792,65.7914463613621,66.285881190545,66.780316019728,
67.2747508489109,67.7691856780938,68.2636205072767,68.7580553364597,69.2524901656426,
69.7469249948255,70.2413598240085,70.7357946531914,71.2302294823743,71.7246643115573,
72.2190991407402,72.7135339699231,73.207968799106),.UNSPECIFIED.);
#17=B_SPLINE_SURFACE_WITH_KNOTS('',3,3,((#9133,#9134,#9135,#9136,#9137,
#9138,#9139,#9140,#9141,#9142,#9143,#9144,#9145,#9146,#9147,#9148,#9149,
#9150,#9151,#9152,#9153,#9154,#9155,#9156,#9157,#9158,#9159,#9160,#9161,
#9162,#9163,#9164,#9165,#9166,#9167,#9168,#9169,#9170,#9171,#9172,#9173,
#9174,#9175,#9176,#9177,#9178,#9179,#9180,#9181,#9182,#9183,#9184,#9185,
#9186,#9187,#9188,#9189,#9190,#9191,#9192,#9193,#9194,#9195,#9196,#9197,
#9198,#9199,#9200,#9201,#9202,#9203,#9204,#9205,#9206,#9207,#9208,#9209,
#9210,#9211,#9212,#9213,#9214,#9215,#9216,#9217,#9218,#9219,#9220,#9221,
#9222,#9223,#9224,#9225,#9226,#9227,#9228,#9229,#9230,#9231,#9232,#9233,
#9234,#9235,#9236,#9237,#9238,#9239,#9240,#9241,#9242,#9243,#9244,#9245,
#9246,#9247,#9248,#9249,#9250),(#9251,#9252,#9253,#9254,#9255,#9256,#9257,
#9258,#9259,#9260,#9261,#9262,#9263,#9264,#9265,#9266,#9267,#9268,#9269,
#9270,#9271,#9272,#9273,#9274,#9275,#9276,#9277,#9278,#9279,#9280,#9281,
#9282,#9283,#9284,#9285,#9286,#9287,#9288,#9289,#9290,#9291,#9292,#9293,
#9294,#9295,#9296,#9297,#9298,#9299,#9300,#9301,#9302,#9303,#9304,#9305,
#9306,#9307,#9308,#9309,#9310,#9311,#9312,#9313,#9314,#9315,#9316,#9317,
#9318,#9319,#9320,#9321,#9322,#9323,#9324,#9325,#9326,#9327,#9328,#9329,
#9330,#9331,#9332,#9333,#9334,#9335,#9336,#9337,#9338,#9339,#9340,#9341,
#9342,#9343,#9344,#9345,#9346,#9347,#9348,#9349,#9350,#9351,#9352,#9353,
#9354,#9355,#9356,#9357,#9358,#9359,#9360,#9361,#9362,#9363,#9364,#9365,
#9366,#9367,#9368),(#9369,#9370,#9371,#9372,#9373,#9374,#9375,#9376,#9377,
#9378,#9379,#9380,#9381,#9382,#9383,#9384,#9385,#9386,#9387,#9388,#9389,
#9390,#9391,#9392,#9393,#9394,#9395,#9396,#9397,#9398,#9399,#9400,#9401,
#9402,#9403,#9404,#9405,#9406,#9407,#9408,#9409,#9410,#9411,#9412,#9413,
#9414,#9415,#9416,#9417,#9418,#9419,#9420,#9421,#9422,#9423,#9424,#9425,
#9426,#9427,#9428,#9429,#9430,#9431,#9432,#9433,#9434,#9435,#9436,#9437,
#9438,#9439,#9440,#9441,#9442,#9443,#9444,#9445,#9446,#9447,#9448,#9449,
#9450,#9451,#9452,#9453,#9454,#9455,#9456,#9457,#9458,#9459,#9460,#9461,
#9462,#9463,#9464,#9465,#9466,#9467,#9468,#9469,#9470,#9471,#9472,#9473,
#9474,#9475,#9476,#9477,#9478,#9479,#9480,#9481,#9482,#9483,#9484,#9485,
#9486),(#9487,#9488,#9489,#9490,#9491,#9492,#9493,#9494,#9495,#9496,#9497,
#9498,#9499,#9500,#9501,#9502,#9503,#9504,#9505,#9506,#9507,#9508,#9509,
#9510,#9511,#9512,#9513,#9514,#9515,#9516,#9517,#9518,#9519,#9520,#9521,
#9522,#9523,#9524,#9525,#9526,#9527,#9528,#9529,#9530,#9531,#9532,#9533,
#9534,#9535,#9536,#9537,#9538,#9539,#9540,#9541,#9542,#9543,#9544,#9545,
#9546,#9547,#9548,#9549,#9550,#9551,#9552,#9553,#9554,#9555,#9556,#9557,
#9558,#9559,#9560,#9561,#9562,#9563,#9564,#9565,#9566,#9567,#9568,#9569,
#9570,#9571,#9572,#9573,#9574,#9575,#9576,#9577,#9578,#9579,#9580,#9581,
#9582,#9583,#9584,#9585,#9586,#9587,#9588,#9589,#9590,#9591,#9592,#9593,
#9594,#9595,#9596,#9597,#9598,#9599,#9600,#9601,#9602,#9603,#9604),(#9605,
#9606,#9607,#9608,#9609,#9610,#9611,#9612,#9613,#9614,#9615,#9616,#9617,
#9618,#9619,#9620,#9621,#9622,#9623,#9624,#9625,#9626,#9627,#9628,#9629,
#9630,#9631,#9632,#9633,#9634,#9635,#9636,#9637,#9638,#9639,#9640,#9641,
#9642,#9643,#9644,#9645,#9646,#9647,#9648,#9649,#9650,#9651,#9652,#9653,
#9654,#9655,#9656,#9657,#9658,#9659,#9660,#9661,#9662,#9663,#9664,#9665,
#9666,#9667,#9668,#9669,#9670,#9671,#9672,#9673,#9674,#9675,#9676,#9677,
#9678,#9679,#9680,#9681,#9682,#9683,#9684,#9685,#9686,#9687,#9688,#9689,
#9690,#9691,#9692,#9693,#9694,#9695,#9696,#9697,#9698,#9699,#9700,#9701,
#9702,#9703,#9704,#9705,#9706,#9707,#9708,#9709,#9710,#9711,#9712,#9713,
#9714,#9715,#9716,#9717,#9718,#9719,#9720,#9721,#9722)),.UNSPECIFIED.,.F.,
 .F.,.F.,(4,1,4),(4,1,1,1,1,1,1,1,1,1,1,1,1,1,1,1,1,1,1,1,1,1,1,1,1,1,1,
1,1,1,1,1,1,1,1,1,1,1,1,1,1,1,1,1,1,1,1,1,1,1,1,1,1,1,1,1,1,1,1,1,1,1,1,
1,1,1,1,1,1,1,1,1,1,1,1,1,1,1,1,1,1,1,1,1,1,1,1,1,1,1,1,1,1,1,1,1,1,1,1,
1,1,1,1,1,1,1,1,1,1,1,1,1,1,1,1,4),(0.,0.571428571428571,1.),(-0.26315944427626,
0.554587957626126,1.37233535952851,2.1900827614309,3.00783016333329,3.82557756523567,
4.64332496713806,5.46107236904045,6.27881977094283,7.09656717284522,7.91431457474761,
8.73206197664999,9.54980937855238,10.3675567804548,11.1853041823572,12.0030515842595,
12.8207989861619,13.5476855656307,14.2745721450995,15.0014587245683,15.7283453040371,
16.4552318835059,17.1821184629746,17.9090050424434,18.2724483321778,18.6358916219122,
19.362778201381,20.0896647808498,20.8165513603186,21.5434379397874,22.6337678089906,
23.7240976781937,24.8144275473969,25.9047574166001,26.9950872858033,28.0854171550065,
29.1757470242096,30.2660768934128,30.9929634728816,31.7198500523504,32.4467366318192,
33.173623211288,33.6582142642672,34.6273963702256,35.5965784761839,36.0811695291631,
36.8080561086319,37.5349426881007,38.2618292675695,38.9887158470383,40.0790457162415,
41.1693755854446,42.2597054546478,43.350035323851,44.0769219033198,44.8038084827886,
45.5306950622574,46.3484424641598,47.1661898660622,47.9839372679645,48.8016846698669,
49.6194320717693,50.4371794736717,51.2549268755741,52.0726742774765,52.8904216793789,
53.7081690812812,54.5259164831836,55.343663885086,56.1614112869884,56.9791586888908,
57.7969060907932,58.6146534926956,59.1598184272972,59.7049833618988,60.7953132311019,
61.5221998105707,62.2490863900395,62.9759729695083,63.5211379041099,64.0663028387115,
64.6114677733131,65.1566327079147,66.2469625771178,67.337292446321,68.4276223155242,
68.9727872501258,69.5179521847274,70.2448387641962,70.971725343665,71.6986119231338,
72.4254985026025,73.3946806085609,73.8792716615401,74.3638627145193,75.3330448204777,
76.0599313999465,76.7868179794153,77.5137045588841,78.2405911383528,79.0583385402552,
79.8760859421576,80.69383334406,81.5115807459624,82.3293281478648,83.1470755497672,
83.9648229516696,84.7825703535719,85.6003177554743,86.4180651573767,87.2358125592791,
88.0535599611815,88.8713073630839,89.6890547649863,90.5068021668886,91.324549568791),
 .UNSPECIFIED.);
#18=B_SPLINE_SURFACE_WITH_KNOTS('',3,3,((#9853,#9854,#9855,#9856,#9857,
#9858,#9859,#9860,#9861,#9862,#9863,#9864,#9865,#9866,#9867,#9868,#9869,
#9870,#9871,#9872,#9873,#9874,#9875,#9876,#9877,#9878,#9879,#9880,#9881,
#9882,#9883,#9884,#9885,#9886,#9887,#9888,#9889,#9890,#9891,#9892,#9893,
#9894,#9895,#9896,#9897,#9898,#9899,#9900,#9901,#9902,#9903,#9904,#9905,
#9906,#9907,#9908,#9909,#9910,#9911,#9912,#9913,#9914,#9915,#9916,#9917,
#9918,#9919,#9920,#9921,#9922,#9923,#9924,#9925,#9926,#9927,#9928,#9929,
#9930,#9931,#9932,#9933,#9934,#9935,#9936,#9937,#9938,#9939,#9940,#9941,
#9942,#9943,#9944,#9945,#9946,#9947,#9948,#9949,#9950,#9951,#9952,#9953,
#9954,#9955,#9956,#9957,#9958,#9959,#9960,#9961,#9962,#9963,#9964,#9965,
#9966,#9967,#9968,#9969,#9970),(#9971,#9972,#9973,#9974,#9975,#9976,#9977,
#9978,#9979,#9980,#9981,#9982,#9983,#9984,#9985,#9986,#9987,#9988,#9989,
#9990,#9991,#9992,#9993,#9994,#9995,#9996,#9997,#9998,#9999,#10000,#10001,
#10002,#10003,#10004,#10005,#10006,#10007,#10008,#10009,#10010,#10011,#10012,
#10013,#10014,#10015,#10016,#10017,#10018,#10019,#10020,#10021,#10022,#10023,
#10024,#10025,#10026,#10027,#10028,#10029,#10030,#10031,#10032,#10033,#10034,
#10035,#10036,#10037,#10038,#10039,#10040,#10041,#10042,#10043,#10044,#10045,
#10046,#10047,#10048,#10049,#10050,#10051,#10052,#10053,#10054,#10055,#10056,
#10057,#10058,#10059,#10060,#10061,#10062,#10063,#10064,#10065,#10066,#10067,
#10068,#10069,#10070,#10071,#10072,#10073,#10074,#10075,#10076,#10077,#10078,
#10079,#10080,#10081,#10082,#10083,#10084,#10085,#10086,#10087,#10088),
(#10089,#10090,#10091,#10092,#10093,#10094,#10095,#10096,#10097,#10098,
#10099,#10100,#10101,#10102,#10103,#10104,#10105,#10106,#10107,#10108,#10109,
#10110,#10111,#10112,#10113,#10114,#10115,#10116,#10117,#10118,#10119,#10120,
#10121,#10122,#10123,#10124,#10125,#10126,#10127,#10128,#10129,#10130,#10131,
#10132,#10133,#10134,#10135,#10136,#10137,#10138,#10139,#10140,#10141,#10142,
#10143,#10144,#10145,#10146,#10147,#10148,#10149,#10150,#10151,#10152,#10153,
#10154,#10155,#10156,#10157,#10158,#10159,#10160,#10161,#10162,#10163,#10164,
#10165,#10166,#10167,#10168,#10169,#10170,#10171,#10172,#10173,#10174,#10175,
#10176,#10177,#10178,#10179,#10180,#10181,#10182,#10183,#10184,#10185,#10186,
#10187,#10188,#10189,#10190,#10191,#10192,#10193,#10194,#10195,#10196,#10197,
#10198,#10199,#10200,#10201,#10202,#10203,#10204,#10205,#10206),(#10207,
#10208,#10209,#10210,#10211,#10212,#10213,#10214,#10215,#10216,#10217,#10218,
#10219,#10220,#10221,#10222,#10223,#10224,#10225,#10226,#10227,#10228,#10229,
#10230,#10231,#10232,#10233,#10234,#10235,#10236,#10237,#10238,#10239,#10240,
#10241,#10242,#10243,#10244,#10245,#10246,#10247,#10248,#10249,#10250,#10251,
#10252,#10253,#10254,#10255,#10256,#10257,#10258,#10259,#10260,#10261,#10262,
#10263,#10264,#10265,#10266,#10267,#10268,#10269,#10270,#10271,#10272,#10273,
#10274,#10275,#10276,#10277,#10278,#10279,#10280,#10281,#10282,#10283,#10284,
#10285,#10286,#10287,#10288,#10289,#10290,#10291,#10292,#10293,#10294,#10295,
#10296,#10297,#10298,#10299,#10300,#10301,#10302,#10303,#10304,#10305,#10306,
#10307,#10308,#10309,#10310,#10311,#10312,#10313,#10314,#10315,#10316,#10317,
#10318,#10319,#10320,#10321,#10322,#10323,#10324)),.UNSPECIFIED.,.F.,.F.,
 .F.,(4,4),(4,1,1,1,1,1,1,1,1,1,1,1,1,1,1,1,1,1,1,1,1,1,1,1,1,1,1,1,1,1,
1,1,1,1,1,1,1,1,1,1,1,1,1,1,1,1,1,1,1,1,1,1,1,1,1,1,1,1,1,1,1,1,1,1,1,1,
1,1,1,1,1,1,1,1,1,1,1,1,1,1,1,1,1,1,1,1,1,1,1,1,1,1,1,1,1,1,1,1,1,1,1,1,
1,1,1,1,1,1,1,1,1,1,1,1,1,4),(0.0230982877606414,0.115069454818178),(12.7030966334759,
13.2769943982219,13.8508921629679,14.424789927714,14.99868769246,15.572585457206,
16.1464832219521,16.7203809866981,17.2942787514441,17.8681765161902,18.4420742809362,
19.0159720456822,19.5898698104283,20.1637675751743,20.7376653399203,21.3115631046664,
21.8854608694124,22.6506578890738,23.4158549087352,23.7984534185659,24.1810519283965,
24.9462489480579,25.4563802944988,25.9665116409398,26.4766429873807,27.0505407521267,
27.6244385168728,28.1983362816188,28.7722340463648,29.3461318111109,29.9200295758569,
30.4939273406029,31.067825105349,31.4504236151796,31.8330221250103,32.5982191446717,
33.3634161643331,33.7460146741638,34.1286131839945,34.5112116938252,34.8938102036559,
35.2764087134865,35.6590072233172,36.1691385697582,36.6792699161991,37.18940126264,
37.5719997724707,37.9545982823014,38.7197953019627,39.4849923216241,40.2501893412855,
41.0153863609469,41.7805833806083,42.5457804002696,42.9283789101003,43.310977419931,
43.8211087663719,44.3312401128129,44.8413714592538,45.3515028056947,46.0316779342826,
46.3717654985765,46.8818968450175,47.3920281914584,47.9021595378993,48.28475804773,
48.6673565575607,49.4325535772221,50.1977505968834,50.9629476165448,51.7281446362062,
52.4933416558676,53.2585386755289,53.6411371853596,54.0237356951903,54.5338670416312,
55.0439983880722,55.5541297345131,55.9367282443438,56.3193267541745,57.0845237738358,
57.8497207934972,58.6149178131586,59.38011483282,60.1453118524814,60.9105088721427,
61.2931073819734,61.6757058918041,62.185837238245,62.6959685846859,63.2060999311269,
63.7162312775678,64.2263626240087,64.7364939704496,65.2466253168905,65.7567566633315,
66.2668880097724,66.7770193562133,67.2871507026542,67.7972820490951,68.3711798138412,
68.9450775785872,69.5189753433332,70.0928731080793,70.6667708728253,71.2406686375713,
71.8145664023174,72.3884641670634,72.9623619318094,73.5362596965555,74.1101574613015,
74.6840552260475,75.2579529907936,75.8318507555396,76.4057485202856,76.9796462850317),
 .UNSPECIFIED.);
#19=ELLIPSE('',#4746,14.8984888146628,14.);
#20=ELLIPSE('',#4747,6.38506663485547,6.);
#21=ELLIPSE('',#4750,14.8984888146628,14.);
#22=ELLIPSE('',#4752,40.9332616022833,14.);
#23=ELLIPSE('',#4753,40.9332616022833,14.);
#24=ELLIPSE('',#4754,17.5428264009785,6.);
#25=FACE_BOUND('',#531,.T.);
#26=FACE_BOUND('',#532,.T.);
#27=FACE_BOUND('',#544,.T.);
#28=FACE_BOUND('',#547,.T.);
#29=FACE_BOUND('',#560,.T.);
#30=FACE_BOUND('',#564,.T.);
#31=FACE_BOUND('',#566,.T.);
#32=FACE_BOUND('',#567,.T.);
#33=FACE_BOUND('',#572,.T.);
#34=FACE_BOUND('',#619,.T.);
#35=FACE_BOUND('',#620,.T.);
#36=FACE_BOUND('',#621,.T.);
#37=FACE_BOUND('',#652,.T.);
#38=FACE_BOUND('',#653,.T.);
#39=FACE_BOUND('',#669,.T.);
#40=FACE_BOUND('',#671,.T.);
#41=FACE_BOUND('',#695,.T.);
#42=FACE_BOUND('',#704,.T.);
#43=FACE_BOUND('',#709,.T.);
#44=FACE_BOUND('',#710,.T.);
#45=FACE_BOUND('',#711,.T.);
#46=FACE_BOUND('',#712,.T.);
#47=FACE_BOUND('',#713,.T.);
#48=FACE_BOUND('',#715,.T.);
#49=PLANE('',#4654);
#50=PLANE('',#4655);
#51=PLANE('',#4656);
#52=PLANE('',#4657);
#53=PLANE('',#4658);
#54=PLANE('',#4659);
#55=PLANE('',#4660);
#56=PLANE('',#4661);
#57=PLANE('',#4662);
#58=PLANE('',#4663);
#59=PLANE('',#4664);
#60=PLANE('',#4665);
#61=PLANE('',#4666);
#62=PLANE('',#4667);
#63=PLANE('',#4668);
#64=PLANE('',#4669);
#65=PLANE('',#4670);
#66=PLANE('',#4671);
#67=PLANE('',#4672);
#68=PLANE('',#4673);
#69=PLANE('',#4674);
#70=PLANE('',#4675);
#71=PLANE('',#4676);
#72=PLANE('',#4677);
#73=PLANE('',#4678);
#74=PLANE('',#4679);
#75=PLANE('',#4680);
#76=PLANE('',#4681);
#77=PLANE('',#4682);
#78=PLANE('',#4683);
#79=PLANE('',#4684);
#80=PLANE('',#4685);
#81=PLANE('',#4686);
#82=PLANE('',#4687);
#83=PLANE('',#4688);
#84=PLANE('',#4690);
#85=PLANE('',#4691);
#86=PLANE('',#4692);
#87=PLANE('',#4694);
#88=PLANE('',#4695);
#89=PLANE('',#4696);
#90=PLANE('',#4697);
#91=PLANE('',#4698);
#92=PLANE('',#4699);
#93=PLANE('',#4700);
#94=PLANE('',#4701);
#95=PLANE('',#4702);
#96=PLANE('',#4703);
#97=PLANE('',#4704);
#98=PLANE('',#4705);
#99=PLANE('',#4706);
#100=PLANE('',#4715);
#101=PLANE('',#4717);
#102=PLANE('',#4718);
#103=PLANE('',#4725);
#104=PLANE('',#4729);
#105=PLANE('',#4730);
#106=PLANE('',#4732);
#107=PLANE('',#4733);
#108=PLANE('',#4734);
#109=PLANE('',#4736);
#110=PLANE('',#4737);
#111=PLANE('',#4739);
#112=PLANE('',#4740);
#113=PLANE('',#4741);
#114=PLANE('',#4743);
#115=PLANE('',#4744);
#116=PLANE('',#4745);
#117=PLANE('',#4748);
#118=PLANE('',#4749);
#119=PLANE('',#4751);
#120=PLANE('',#4765);
#121=PLANE('',#4769);
#122=PLANE('',#4776);
#123=PLANE('',#4778);
#124=PLANE('',#4779);
#125=PLANE('',#4780);
#126=PLANE('',#4781);
#127=PLANE('',#4782);
#128=PLANE('',#4783);
#129=PLANE('',#4784);
#130=PLANE('',#4785);
#131=PLANE('',#4786);
#132=PLANE('',#4787);
#133=PLANE('',#4788);
#134=PLANE('',#4790);
#135=PLANE('',#4791);
#136=PLANE('',#4792);
#137=PLANE('',#4793);
#138=PLANE('',#4795);
#139=PLANE('',#4806);
#140=PLANE('',#4807);
#141=PLANE('',#4808);
#142=PLANE('',#4810);
#143=PLANE('',#4812);
#144=PLANE('',#4813);
#145=PLANE('',#4814);
#146=PLANE('',#4815);
#147=PLANE('',#4816);
#148=PLANE('',#4817);
#149=PLANE('',#4818);
#150=PLANE('',#4819);
#151=PLANE('',#4820);
#152=PLANE('',#4821);
#153=PLANE('',#4822);
#154=PLANE('',#4823);
#155=PLANE('',#4824);
#156=PLANE('',#4825);
#157=PLANE('',#4826);
#158=PLANE('',#4827);
#159=PLANE('',#4828);
#160=PLANE('',#4829);
#161=PLANE('',#4830);
#162=PLANE('',#4831);
#163=PLANE('',#4832);
#164=PLANE('',#4833);
#165=PLANE('',#4834);
#166=PLANE('',#4835);
#167=PLANE('',#4836);
#168=PLANE('',#4837);
#169=PLANE('',#4838);
#170=PLANE('',#4839);
#171=PLANE('',#4840);
#172=PLANE('',#4841);
#173=PLANE('',#4842);
#174=PLANE('',#4843);
#175=PLANE('',#4845);
#176=PLANE('',#4847);
#177=PLANE('',#4850);
#178=PLANE('',#4852);
#179=PLANE('',#4853);
#180=PLANE('',#4854);
#181=PLANE('',#4855);
#182=PLANE('',#4856);
#183=PLANE('',#4857);
#184=PLANE('',#4858);
#185=PLANE('',#4859);
#186=PLANE('',#4860);
#187=PLANE('',#4861);
#188=PLANE('',#4865);
#189=PLANE('',#4866);
#190=PLANE('',#4867);
#191=PLANE('',#4868);
#192=PLANE('',#4869);
#193=PLANE('',#4870);
#194=PLANE('',#4871);
#195=PLANE('',#4872);
#196=PLANE('',#4873);
#197=PLANE('',#4874);
#198=PLANE('',#4875);
#199=PLANE('',#4876);
#200=PLANE('',#4877);
#201=PLANE('',#4878);
#202=PLANE('',#4879);
#203=PLANE('',#4880);
#204=PLANE('',#4881);
#205=PLANE('',#4882);
#206=PLANE('',#4883);
#207=PLANE('',#4884);
#208=PLANE('',#4886);
#209=PLANE('',#4887);
#210=PLANE('',#4888);
#211=PLANE('',#4889);
#212=PLANE('',#4890);
#213=PLANE('',#4892);
#214=PLANE('',#4893);
#215=PLANE('',#4894);
#216=PLANE('',#4895);
#217=PLANE('',#4896);
#218=PLANE('',#4897);
#219=PLANE('',#4898);
#220=PLANE('',#4899);
#221=PLANE('',#4900);
#222=PLANE('',#4901);
#223=PLANE('',#4904);
#224=PLANE('',#4905);
#225=PLANE('',#4906);
#226=PLANE('',#4909);
#227=PLANE('',#4910);
#228=PLANE('',#4911);
#229=PLANE('',#4912);
#230=PLANE('',#4913);
#231=PLANE('',#4915);
#232=PLANE('',#4918);
#233=PLANE('',#4919);
#234=PLANE('',#4921);
#235=PLANE('',#4922);
#236=PLANE('',#4923);
#237=PLANE('',#4925);
#238=FACE_OUTER_BOUND('',#465,.T.);
#239=FACE_OUTER_BOUND('',#466,.T.);
#240=FACE_OUTER_BOUND('',#467,.T.);
#241=FACE_OUTER_BOUND('',#468,.T.);
#242=FACE_OUTER_BOUND('',#469,.T.);
#243=FACE_OUTER_BOUND('',#470,.T.);
#244=FACE_OUTER_BOUND('',#471,.T.);
#245=FACE_OUTER_BOUND('',#472,.T.);
#246=FACE_OUTER_BOUND('',#473,.T.);
#247=FACE_OUTER_BOUND('',#474,.T.);
#248=FACE_OUTER_BOUND('',#475,.T.);
#249=FACE_OUTER_BOUND('',#476,.T.);
#250=FACE_OUTER_BOUND('',#477,.T.);
#251=FACE_OUTER_BOUND('',#478,.T.);
#252=FACE_OUTER_BOUND('',#479,.T.);
#253=FACE_OUTER_BOUND('',#480,.T.);
#254=FACE_OUTER_BOUND('',#481,.T.);
#255=FACE_OUTER_BOUND('',#482,.T.);
#256=FACE_OUTER_BOUND('',#483,.T.);
#257=FACE_OUTER_BOUND('',#484,.T.);
#258=FACE_OUTER_BOUND('',#485,.T.);
#259=FACE_OUTER_BOUND('',#486,.T.);
#260=FACE_OUTER_BOUND('',#487,.T.);
#261=FACE_OUTER_BOUND('',#488,.T.);
#262=FACE_OUTER_BOUND('',#489,.T.);
#263=FACE_OUTER_BOUND('',#490,.T.);
#264=FACE_OUTER_BOUND('',#491,.T.);
#265=FACE_OUTER_BOUND('',#492,.T.);
#266=FACE_OUTER_BOUND('',#493,.T.);
#267=FACE_OUTER_BOUND('',#494,.T.);
#268=FACE_OUTER_BOUND('',#495,.T.);
#269=FACE_OUTER_BOUND('',#496,.T.);
#270=FACE_OUTER_BOUND('',#497,.T.);
#271=FACE_OUTER_BOUND('',#498,.T.);
#272=FACE_OUTER_BOUND('',#499,.T.);
#273=FACE_OUTER_BOUND('',#500,.T.);
#274=FACE_OUTER_BOUND('',#501,.T.);
#275=FACE_OUTER_BOUND('',#502,.T.);
#276=FACE_OUTER_BOUND('',#503,.T.);
#277=FACE_OUTER_BOUND('',#504,.T.);
#278=FACE_OUTER_BOUND('',#505,.T.);
#279=FACE_OUTER_BOUND('',#506,.T.);
#280=FACE_OUTER_BOUND('',#507,.T.);
#281=FACE_OUTER_BOUND('',#508,.T.);
#282=FACE_OUTER_BOUND('',#509,.T.);
#283=FACE_OUTER_BOUND('',#510,.T.);
#284=FACE_OUTER_BOUND('',#511,.T.);
#285=FACE_OUTER_BOUND('',#512,.T.);
#286=FACE_OUTER_BOUND('',#513,.T.);
#287=FACE_OUTER_BOUND('',#514,.T.);
#288=FACE_OUTER_BOUND('',#515,.T.);
#289=FACE_OUTER_BOUND('',#516,.T.);
#290=FACE_OUTER_BOUND('',#517,.T.);
#291=FACE_OUTER_BOUND('',#518,.T.);
#292=FACE_OUTER_BOUND('',#519,.T.);
#293=FACE_OUTER_BOUND('',#520,.T.);
#294=FACE_OUTER_BOUND('',#521,.T.);
#295=FACE_OUTER_BOUND('',#522,.T.);
#296=FACE_OUTER_BOUND('',#523,.T.);
#297=FACE_OUTER_BOUND('',#524,.T.);
#298=FACE_OUTER_BOUND('',#525,.T.);
#299=FACE_OUTER_BOUND('',#526,.T.);
#300=FACE_OUTER_BOUND('',#527,.T.);
#301=FACE_OUTER_BOUND('',#528,.T.);
#302=FACE_OUTER_BOUND('',#529,.T.);
#303=FACE_OUTER_BOUND('',#530,.T.);
#304=FACE_OUTER_BOUND('',#533,.T.);
#305=FACE_OUTER_BOUND('',#534,.T.);
#306=FACE_OUTER_BOUND('',#535,.T.);
#307=FACE_OUTER_BOUND('',#536,.T.);
#308=FACE_OUTER_BOUND('',#537,.T.);
#309=FACE_OUTER_BOUND('',#538,.T.);
#310=FACE_OUTER_BOUND('',#539,.T.);
#311=FACE_OUTER_BOUND('',#540,.T.);
#312=FACE_OUTER_BOUND('',#541,.T.);
#313=FACE_OUTER_BOUND('',#542,.T.);
#314=FACE_OUTER_BOUND('',#543,.T.);
#315=FACE_OUTER_BOUND('',#545,.T.);
#316=FACE_OUTER_BOUND('',#546,.T.);
#317=FACE_OUTER_BOUND('',#548,.T.);
#318=FACE_OUTER_BOUND('',#549,.T.);
#319=FACE_OUTER_BOUND('',#550,.T.);
#320=FACE_OUTER_BOUND('',#551,.T.);
#321=FACE_OUTER_BOUND('',#552,.T.);
#322=FACE_OUTER_BOUND('',#553,.T.);
#323=FACE_OUTER_BOUND('',#554,.T.);
#324=FACE_OUTER_BOUND('',#555,.T.);
#325=FACE_OUTER_BOUND('',#556,.T.);
#326=FACE_OUTER_BOUND('',#557,.T.);
#327=FACE_OUTER_BOUND('',#558,.T.);
#328=FACE_OUTER_BOUND('',#559,.T.);
#329=FACE_OUTER_BOUND('',#561,.T.);
#330=FACE_OUTER_BOUND('',#562,.T.);
#331=FACE_OUTER_BOUND('',#563,.T.);
#332=FACE_OUTER_BOUND('',#565,.T.);
#333=FACE_OUTER_BOUND('',#568,.T.);
#334=FACE_OUTER_BOUND('',#569,.T.);
#335=FACE_OUTER_BOUND('',#570,.T.);
#336=FACE_OUTER_BOUND('',#571,.T.);
#337=FACE_OUTER_BOUND('',#573,.T.);
#338=FACE_OUTER_BOUND('',#574,.T.);
#339=FACE_OUTER_BOUND('',#575,.T.);
#340=FACE_OUTER_BOUND('',#576,.T.);
#341=FACE_OUTER_BOUND('',#577,.T.);
#342=FACE_OUTER_BOUND('',#578,.T.);
#343=FACE_OUTER_BOUND('',#579,.T.);
#344=FACE_OUTER_BOUND('',#580,.T.);
#345=FACE_OUTER_BOUND('',#581,.T.);
#346=FACE_OUTER_BOUND('',#582,.T.);
#347=FACE_OUTER_BOUND('',#583,.T.);
#348=FACE_OUTER_BOUND('',#584,.T.);
#349=FACE_OUTER_BOUND('',#585,.T.);
#350=FACE_OUTER_BOUND('',#586,.T.);
#351=FACE_OUTER_BOUND('',#587,.T.);
#352=FACE_OUTER_BOUND('',#588,.T.);
#353=FACE_OUTER_BOUND('',#589,.T.);
#354=FACE_OUTER_BOUND('',#590,.T.);
#355=FACE_OUTER_BOUND('',#591,.T.);
#356=FACE_OUTER_BOUND('',#592,.T.);
#357=FACE_OUTER_BOUND('',#593,.T.);
#358=FACE_OUTER_BOUND('',#594,.T.);
#359=FACE_OUTER_BOUND('',#595,.T.);
#360=FACE_OUTER_BOUND('',#596,.T.);
#361=FACE_OUTER_BOUND('',#597,.T.);
#362=FACE_OUTER_BOUND('',#598,.T.);
#363=FACE_OUTER_BOUND('',#599,.T.);
#364=FACE_OUTER_BOUND('',#600,.T.);
#365=FACE_OUTER_BOUND('',#601,.T.);
#366=FACE_OUTER_BOUND('',#602,.T.);
#367=FACE_OUTER_BOUND('',#603,.T.);
#368=FACE_OUTER_BOUND('',#604,.T.);
#369=FACE_OUTER_BOUND('',#605,.T.);
#370=FACE_OUTER_BOUND('',#606,.T.);
#371=FACE_OUTER_BOUND('',#607,.T.);
#372=FACE_OUTER_BOUND('',#608,.T.);
#373=FACE_OUTER_BOUND('',#609,.T.);
#374=FACE_OUTER_BOUND('',#610,.T.);
#375=FACE_OUTER_BOUND('',#611,.T.);
#376=FACE_OUTER_BOUND('',#612,.T.);
#377=FACE_OUTER_BOUND('',#613,.T.);
#378=FACE_OUTER_BOUND('',#614,.T.);
#379=FACE_OUTER_BOUND('',#615,.T.);
#380=FACE_OUTER_BOUND('',#616,.T.);
#381=FACE_OUTER_BOUND('',#617,.T.);
#382=FACE_OUTER_BOUND('',#618,.T.);
#383=FACE_OUTER_BOUND('',#622,.T.);
#384=FACE_OUTER_BOUND('',#623,.T.);
#385=FACE_OUTER_BOUND('',#624,.T.);
#386=FACE_OUTER_BOUND('',#625,.T.);
#387=FACE_OUTER_BOUND('',#626,.T.);
#388=FACE_OUTER_BOUND('',#627,.T.);
#389=FACE_OUTER_BOUND('',#628,.T.);
#390=FACE_OUTER_BOUND('',#629,.T.);
#391=FACE_OUTER_BOUND('',#630,.T.);
#392=FACE_OUTER_BOUND('',#631,.T.);
#393=FACE_OUTER_BOUND('',#632,.T.);
#394=FACE_OUTER_BOUND('',#633,.T.);
#395=FACE_OUTER_BOUND('',#634,.T.);
#396=FACE_OUTER_BOUND('',#635,.T.);
#397=FACE_OUTER_BOUND('',#636,.T.);
#398=FACE_OUTER_BOUND('',#637,.T.);
#399=FACE_OUTER_BOUND('',#638,.T.);
#400=FACE_OUTER_BOUND('',#639,.T.);
#401=FACE_OUTER_BOUND('',#640,.T.);
#402=FACE_OUTER_BOUND('',#641,.T.);
#403=FACE_OUTER_BOUND('',#642,.T.);
#404=FACE_OUTER_BOUND('',#643,.T.);
#405=FACE_OUTER_BOUND('',#644,.T.);
#406=FACE_OUTER_BOUND('',#645,.T.);
#407=FACE_OUTER_BOUND('',#646,.T.);
#408=FACE_OUTER_BOUND('',#647,.T.);
#409=FACE_OUTER_BOUND('',#648,.T.);
#410=FACE_OUTER_BOUND('',#649,.T.);
#411=FACE_OUTER_BOUND('',#650,.T.);
#412=FACE_OUTER_BOUND('',#651,.T.);
#413=FACE_OUTER_BOUND('',#654,.T.);
#414=FACE_OUTER_BOUND('',#655,.T.);
#415=FACE_OUTER_BOUND('',#656,.T.);
#416=FACE_OUTER_BOUND('',#657,.T.);
#417=FACE_OUTER_BOUND('',#658,.T.);
#418=FACE_OUTER_BOUND('',#659,.T.);
#419=FACE_OUTER_BOUND('',#660,.T.);
#420=FACE_OUTER_BOUND('',#661,.T.);
#421=FACE_OUTER_BOUND('',#662,.T.);
#422=FACE_OUTER_BOUND('',#663,.T.);
#423=FACE_OUTER_BOUND('',#664,.T.);
#424=FACE_OUTER_BOUND('',#665,.T.);
#425=FACE_OUTER_BOUND('',#666,.T.);
#426=FACE_OUTER_BOUND('',#667,.T.);
#427=FACE_OUTER_BOUND('',#668,.T.);
#428=FACE_OUTER_BOUND('',#670,.T.);
#429=FACE_OUTER_BOUND('',#672,.T.);
#430=FACE_OUTER_BOUND('',#673,.T.);
#431=FACE_OUTER_BOUND('',#674,.T.);
#432=FACE_OUTER_BOUND('',#675,.T.);
#433=FACE_OUTER_BOUND('',#676,.T.);
#434=FACE_OUTER_BOUND('',#677,.T.);
#435=FACE_OUTER_BOUND('',#678,.T.);
#436=FACE_OUTER_BOUND('',#679,.T.);
#437=FACE_OUTER_BOUND('',#680,.T.);
#438=FACE_OUTER_BOUND('',#681,.T.);
#439=FACE_OUTER_BOUND('',#682,.T.);
#440=FACE_OUTER_BOUND('',#683,.T.);
#441=FACE_OUTER_BOUND('',#684,.T.);
#442=FACE_OUTER_BOUND('',#685,.T.);
#443=FACE_OUTER_BOUND('',#686,.T.);
#444=FACE_OUTER_BOUND('',#687,.T.);
#445=FACE_OUTER_BOUND('',#688,.T.);
#446=FACE_OUTER_BOUND('',#689,.T.);
#447=FACE_OUTER_BOUND('',#690,.T.);
#448=FACE_OUTER_BOUND('',#691,.T.);
#449=FACE_OUTER_BOUND('',#692,.T.);
#450=FACE_OUTER_BOUND('',#693,.T.);
#451=FACE_OUTER_BOUND('',#694,.T.);
#452=FACE_OUTER_BOUND('',#696,.T.);
#453=FACE_OUTER_BOUND('',#697,.T.);
#454=FACE_OUTER_BOUND('',#698,.T.);
#455=FACE_OUTER_BOUND('',#699,.T.);
#456=FACE_OUTER_BOUND('',#700,.T.);
#457=FACE_OUTER_BOUND('',#701,.T.);
#458=FACE_OUTER_BOUND('',#702,.T.);
#459=FACE_OUTER_BOUND('',#703,.T.);
#460=FACE_OUTER_BOUND('',#705,.T.);
#461=FACE_OUTER_BOUND('',#706,.T.);
#462=FACE_OUTER_BOUND('',#707,.T.);
#463=FACE_OUTER_BOUND('',#708,.T.);
#464=FACE_OUTER_BOUND('',#714,.T.);
#465=EDGE_LOOP('',(#3029,#3030,#3031,#3032));
#466=EDGE_LOOP('',(#3033,#3034,#3035,#3036));
#467=EDGE_LOOP('',(#3037,#3038,#3039,#3040));
#468=EDGE_LOOP('',(#3041,#3042,#3043,#3044));
#469=EDGE_LOOP('',(#3045,#3046,#3047,#3048));
#470=EDGE_LOOP('',(#3049,#3050,#3051,#3052));
#471=EDGE_LOOP('',(#3053,#3054,#3055,#3056));
#472=EDGE_LOOP('',(#3057,#3058,#3059,#3060));
#473=EDGE_LOOP('',(#3061,#3062,#3063,#3064));
#474=EDGE_LOOP('',(#3065,#3066,#3067,#3068));
#475=EDGE_LOOP('',(#3069,#3070,#3071,#3072));
#476=EDGE_LOOP('',(#3073,#3074,#3075,#3076));
#477=EDGE_LOOP('',(#3077,#3078,#3079,#3080));
#478=EDGE_LOOP('',(#3081,#3082,#3083,#3084));
#479=EDGE_LOOP('',(#3085,#3086,#3087,#3088));
#480=EDGE_LOOP('',(#3089,#3090,#3091,#3092));
#481=EDGE_LOOP('',(#3093,#3094,#3095,#3096));
#482=EDGE_LOOP('',(#3097,#3098,#3099,#3100));
#483=EDGE_LOOP('',(#3101,#3102,#3103,#3104));
#484=EDGE_LOOP('',(#3105,#3106,#3107,#3108));
#485=EDGE_LOOP('',(#3109,#3110,#3111,#3112));
#486=EDGE_LOOP('',(#3113,#3114,#3115,#3116,#3117));
#487=EDGE_LOOP('',(#3118,#3119,#3120,#3121));
#488=EDGE_LOOP('',(#3122,#3123,#3124,#3125,#3126));
#489=EDGE_LOOP('',(#3127,#3128,#3129,#3130));
#490=EDGE_LOOP('',(#3131,#3132,#3133,#3134,#3135,#3136,#3137,#3138));
#491=EDGE_LOOP('',(#3139,#3140,#3141,#3142));
#492=EDGE_LOOP('',(#3143,#3144,#3145,#3146,#3147,#3148,#3149,#3150,#3151,
#3152,#3153,#3154));
#493=EDGE_LOOP('',(#3155,#3156,#3157,#3158));
#494=EDGE_LOOP('',(#3159,#3160,#3161,#3162,#3163));
#495=EDGE_LOOP('',(#3164,#3165,#3166,#3167));
#496=EDGE_LOOP('',(#3168,#3169,#3170,#3171,#3172));
#497=EDGE_LOOP('',(#3173,#3174,#3175,#3176));
#498=EDGE_LOOP('',(#3177,#3178,#3179,#3180,#3181,#3182,#3183,#3184));
#499=EDGE_LOOP('',(#3185,#3186,#3187,#3188,#3189,#3190));
#500=EDGE_LOOP('',(#3191,#3192,#3193,#3194));
#501=EDGE_LOOP('',(#3195,#3196,#3197,#3198));
#502=EDGE_LOOP('',(#3199,#3200,#3201,#3202));
#503=EDGE_LOOP('',(#3203,#3204,#3205,#3206,#3207));
#504=EDGE_LOOP('',(#3208,#3209,#3210,#3211));
#505=EDGE_LOOP('',(#3212,#3213,#3214,#3215,#3216));
#506=EDGE_LOOP('',(#3217,#3218,#3219,#3220));
#507=EDGE_LOOP('',(#3221,#3222,#3223,#3224,#3225,#3226,#3227,#3228));
#508=EDGE_LOOP('',(#3229,#3230,#3231,#3232,#3233,#3234));
#509=EDGE_LOOP('',(#3235,#3236,#3237,#3238));
#510=EDGE_LOOP('',(#3239,#3240,#3241,#3242,#3243,#3244,#3245,#3246,#3247,
#3248,#3249,#3250));
#511=EDGE_LOOP('',(#3251,#3252,#3253,#3254));
#512=EDGE_LOOP('',(#3255,#3256,#3257,#3258,#3259));
#513=EDGE_LOOP('',(#3260,#3261,#3262,#3263));
#514=EDGE_LOOP('',(#3264,#3265,#3266,#3267,#3268));
#515=EDGE_LOOP('',(#3269,#3270,#3271,#3272));
#516=EDGE_LOOP('',(#3273,#3274,#3275,#3276,#3277,#3278,#3279,#3280));
#517=EDGE_LOOP('',(#3281,#3282,#3283,#3284));
#518=EDGE_LOOP('',(#3285,#3286,#3287,#3288));
#519=EDGE_LOOP('',(#3289,#3290,#3291,#3292,#3293,#3294,#3295,#3296));
#520=EDGE_LOOP('',(#3297,#3298,#3299,#3300));
#521=EDGE_LOOP('',(#3301,#3302,#3303,#3304));
#522=EDGE_LOOP('',(#3305,#3306,#3307,#3308,#3309,#3310,#3311,#3312));
#523=EDGE_LOOP('',(#3313,#3314,#3315,#3316));
#524=EDGE_LOOP('',(#3317,#3318,#3319,#3320,#3321,#3322,#3323,#3324,#3325,
#3326,#3327,#3328,#3329,#3330,#3331,#3332,#3333,#3334,#3335));
#525=EDGE_LOOP('',(#3336,#3337,#3338,#3339));
#526=EDGE_LOOP('',(#3340,#3341,#3342,#3343));
#527=EDGE_LOOP('',(#3344,#3345,#3346,#3347));
#528=EDGE_LOOP('',(#3348,#3349,#3350,#3351));
#529=EDGE_LOOP('',(#3352,#3353,#3354,#3355));
#530=EDGE_LOOP('',(#3356,#3357,#3358,#3359,#3360,#3361,#3362,#3363,#3364,
#3365,#3366,#3367));
#531=EDGE_LOOP('',(#3368,#3369,#3370,#3371));
#532=EDGE_LOOP('',(#3372,#3373,#3374,#3375));
#533=EDGE_LOOP('',(#3376,#3377,#3378,#3379));
#534=EDGE_LOOP('',(#3380,#3381,#3382,#3383));
#535=EDGE_LOOP('',(#3384,#3385,#3386,#3387));
#536=EDGE_LOOP('',(#3388,#3389,#3390,#3391,#3392,#3393,#3394,#3395,#3396,
#3397,#3398,#3399));
#537=EDGE_LOOP('',(#3400,#3401,#3402));
#538=EDGE_LOOP('',(#3403,#3404,#3405,#3406,#3407,#3408,#3409,#3410));
#539=EDGE_LOOP('',(#3411,#3412,#3413,#3414));
#540=EDGE_LOOP('',(#3415,#3416,#3417,#3418));
#541=EDGE_LOOP('',(#3419,#3420,#3421,#3422,#3423,#3424,#3425));
#542=EDGE_LOOP('',(#3426,#3427,#3428,#3429));
#543=EDGE_LOOP('',(#3430));
#544=EDGE_LOOP('',(#3431));
#545=EDGE_LOOP('',(#3432,#3433,#3434,#3435));
#546=EDGE_LOOP('',(#3436));
#547=EDGE_LOOP('',(#3437));
#548=EDGE_LOOP('',(#3438,#3439,#3440,#3441,#3442,#3443,#3444,#3445,#3446,
#3447));
#549=EDGE_LOOP('',(#3448,#3449,#3450,#3451));
#550=EDGE_LOOP('',(#3452,#3453,#3454,#3455));
#551=EDGE_LOOP('',(#3456,#3457,#3458,#3459,#3460,#3461,#3462,#3463,#3464,
#3465));
#552=EDGE_LOOP('',(#3466,#3467,#3468,#3469));
#553=EDGE_LOOP('',(#3470,#3471,#3472,#3473,#3474,#3475,#3476,#3477,#3478,
#3479));
#554=EDGE_LOOP('',(#3480,#3481,#3482,#3483));
#555=EDGE_LOOP('',(#3484,#3485,#3486,#3487));
#556=EDGE_LOOP('',(#3488,#3489,#3490,#3491,#3492,#3493,#3494,#3495,#3496,
#3497));
#557=EDGE_LOOP('',(#3498,#3499,#3500,#3501));
#558=EDGE_LOOP('',(#3502,#3503,#3504));
#559=EDGE_LOOP('',(#3505,#3506,#3507,#3508));
#560=EDGE_LOOP('',(#3509));
#561=EDGE_LOOP('',(#3510,#3511,#3512));
#562=EDGE_LOOP('',(#3513,#3514));
#563=EDGE_LOOP('',(#3515,#3516,#3517,#3518,#3519,#3520));
#564=EDGE_LOOP('',(#3521));
#565=EDGE_LOOP('',(#3522,#3523,#3524,#3525,#3526,#3527,#3528,#3529));
#566=EDGE_LOOP('',(#3530,#3531,#3532,#3533));
#567=EDGE_LOOP('',(#3534,#3535,#3536,#3537));
#568=EDGE_LOOP('',(#3538,#3539,#3540,#3541,#3542,#3543,#3544));
#569=EDGE_LOOP('',(#3545,#3546,#3547,#3548,#3549,#3550,#3551,#3552,#3553,
#3554,#3555,#3556,#3557,#3558));
#570=EDGE_LOOP('',(#3559,#3560,#3561,#3562,#3563,#3564,#3565,#3566,#3567,
#3568,#3569,#3570,#3571,#3572,#3573));
#571=EDGE_LOOP('',(#3574,#3575,#3576,#3577,#3578,#3579));
#572=EDGE_LOOP('',(#3580));
#573=EDGE_LOOP('',(#3581,#3582,#3583,#3584,#3585,#3586,#3587,#3588,#3589,
#3590,#3591,#3592,#3593,#3594));
#574=EDGE_LOOP('',(#3595,#3596,#3597,#3598,#3599,#3600,#3601,#3602,#3603,
#3604,#3605,#3606,#3607,#3608,#3609));
#575=EDGE_LOOP('',(#3610,#3611,#3612,#3613));
#576=EDGE_LOOP('',(#3614,#3615,#3616,#3617));
#577=EDGE_LOOP('',(#3618,#3619,#3620,#3621));
#578=EDGE_LOOP('',(#3622,#3623,#3624,#3625));
#579=EDGE_LOOP('',(#3626,#3627,#3628,#3629));
#580=EDGE_LOOP('',(#3630,#3631,#3632));
#581=EDGE_LOOP('',(#3633,#3634,#3635));
#582=EDGE_LOOP('',(#3636,#3637,#3638,#3639));
#583=EDGE_LOOP('',(#3640,#3641,#3642,#3643));
#584=EDGE_LOOP('',(#3644,#3645,#3646,#3647));
#585=EDGE_LOOP('',(#3648,#3649,#3650,#3651,#3652,#3653,#3654,#3655));
#586=EDGE_LOOP('',(#3656,#3657,#3658,#3659,#3660,#3661,#3662,#3663));
#587=EDGE_LOOP('',(#3664,#3665,#3666,#3667,#3668,#3669,#3670,#3671));
#588=EDGE_LOOP('',(#3672,#3673,#3674,#3675,#3676,#3677,#3678,#3679));
#589=EDGE_LOOP('',(#3680,#3681,#3682,#3683,#3684,#3685,#3686,#3687));
#590=EDGE_LOOP('',(#3688,#3689,#3690,#3691));
#591=EDGE_LOOP('',(#3692,#3693,#3694,#3695));
#592=EDGE_LOOP('',(#3696,#3697,#3698,#3699));
#593=EDGE_LOOP('',(#3700,#3701,#3702,#3703,#3704,#3705,#3706,#3707));
#594=EDGE_LOOP('',(#3708,#3709,#3710,#3711));
#595=EDGE_LOOP('',(#3712,#3713,#3714,#3715,#3716));
#596=EDGE_LOOP('',(#3717,#3718,#3719,#3720));
#597=EDGE_LOOP('',(#3721,#3722,#3723,#3724));
#598=EDGE_LOOP('',(#3725,#3726,#3727,#3728));
#599=EDGE_LOOP('',(#3729,#3730,#3731,#3732,#3733));
#600=EDGE_LOOP('',(#3734,#3735,#3736,#3737,#3738));
#601=EDGE_LOOP('',(#3739,#3740,#3741,#3742,#3743,#3744,#3745,#3746));
#602=EDGE_LOOP('',(#3747,#3748,#3749,#3750,#3751,#3752,#3753,#3754));
#603=EDGE_LOOP('',(#3755,#3756,#3757,#3758));
#604=EDGE_LOOP('',(#3759,#3760,#3761,#3762));
#605=EDGE_LOOP('',(#3763,#3764,#3765,#3766,#3767));
#606=EDGE_LOOP('',(#3768,#3769,#3770,#3771,#3772));
#607=EDGE_LOOP('',(#3773,#3774,#3775,#3776));
#608=EDGE_LOOP('',(#3777,#3778,#3779,#3780));
#609=EDGE_LOOP('',(#3781,#3782,#3783,#3784));
#610=EDGE_LOOP('',(#3785,#3786,#3787,#3788));
#611=EDGE_LOOP('',(#3789,#3790,#3791,#3792));
#612=EDGE_LOOP('',(#3793,#3794,#3795,#3796));
#613=EDGE_LOOP('',(#3797,#3798,#3799,#3800));
#614=EDGE_LOOP('',(#3801,#3802,#3803,#3804,#3805,#3806));
#615=EDGE_LOOP('',(#3807,#3808,#3809,#3810,#3811));
#616=EDGE_LOOP('',(#3812,#3813,#3814,#3815,#3816,#3817));
#617=EDGE_LOOP('',(#3818,#3819,#3820,#3821,#3822,#3823,#3824));
#618=EDGE_LOOP('',(#3825,#3826,#3827,#3828,#3829,#3830,#3831,#3832,#3833,
#3834,#3835,#3836,#3837,#3838,#3839,#3840,#3841,#3842,#3843,#3844,#3845,
#3846,#3847,#3848,#3849,#3850,#3851,#3852,#3853,#3854,#3855,#3856,#3857,
#3858,#3859,#3860,#3861,#3862));
#619=EDGE_LOOP('',(#3863,#3864,#3865,#3866,#3867,#3868,#3869,#3870));
#620=EDGE_LOOP('',(#3871));
#621=EDGE_LOOP('',(#3872));
#622=EDGE_LOOP('',(#3873,#3874,#3875,#3876,#3877,#3878,#3879,#3880,#3881,
#3882,#3883,#3884,#3885,#3886,#3887,#3888));
#623=EDGE_LOOP('',(#3889,#3890,#3891,#3892));
#624=EDGE_LOOP('',(#3893,#3894,#3895,#3896));
#625=EDGE_LOOP('',(#3897,#3898,#3899,#3900));
#626=EDGE_LOOP('',(#3901,#3902,#3903,#3904));
#627=EDGE_LOOP('',(#3905,#3906,#3907,#3908));
#628=EDGE_LOOP('',(#3909,#3910,#3911,#3912));
#629=EDGE_LOOP('',(#3913,#3914,#3915,#3916));
#630=EDGE_LOOP('',(#3917,#3918,#3919,#3920));
#631=EDGE_LOOP('',(#3921,#3922,#3923,#3924));
#632=EDGE_LOOP('',(#3925,#3926,#3927,#3928));
#633=EDGE_LOOP('',(#3929,#3930,#3931,#3932));
#634=EDGE_LOOP('',(#3933,#3934,#3935,#3936));
#635=EDGE_LOOP('',(#3937,#3938,#3939,#3940));
#636=EDGE_LOOP('',(#3941,#3942,#3943,#3944));
#637=EDGE_LOOP('',(#3945,#3946,#3947,#3948));
#638=EDGE_LOOP('',(#3949,#3950,#3951,#3952));
#639=EDGE_LOOP('',(#3953,#3954,#3955,#3956,#3957,#3958,#3959,#3960));
#640=EDGE_LOOP('',(#3961,#3962,#3963,#3964));
#641=EDGE_LOOP('',(#3965,#3966,#3967,#3968));
#642=EDGE_LOOP('',(#3969,#3970,#3971,#3972));
#643=EDGE_LOOP('',(#3973,#3974,#3975,#3976));
#644=EDGE_LOOP('',(#3977,#3978,#3979,#3980));
#645=EDGE_LOOP('',(#3981,#3982,#3983,#3984));
#646=EDGE_LOOP('',(#3985,#3986,#3987,#3988));
#647=EDGE_LOOP('',(#3989,#3990,#3991,#3992));
#648=EDGE_LOOP('',(#3993,#3994,#3995,#3996));
#649=EDGE_LOOP('',(#3997,#3998,#3999,#4000));
#650=EDGE_LOOP('',(#4001,#4002,#4003,#4004));
#651=EDGE_LOOP('',(#4005,#4006,#4007,#4008,#4009,#4010,#4011,#4012,#4013,
#4014,#4015,#4016));
#652=EDGE_LOOP('',(#4017,#4018,#4019,#4020,#4021,#4022,#4023,#4024,#4025,
#4026));
#653=EDGE_LOOP('',(#4027,#4028));
#654=EDGE_LOOP('',(#4029,#4030,#4031,#4032,#4033,#4034));
#655=EDGE_LOOP('',(#4035,#4036,#4037,#4038));
#656=EDGE_LOOP('',(#4039,#4040,#4041,#4042));
#657=EDGE_LOOP('',(#4043,#4044,#4045,#4046,#4047,#4048));
#658=EDGE_LOOP('',(#4049,#4050,#4051,#4052));
#659=EDGE_LOOP('',(#4053,#4054,#4055,#4056));
#660=EDGE_LOOP('',(#4057,#4058,#4059,#4060));
#661=EDGE_LOOP('',(#4061,#4062,#4063,#4064,#4065,#4066,#4067,#4068,#4069,
#4070,#4071));
#662=EDGE_LOOP('',(#4072,#4073,#4074,#4075,#4076,#4077,#4078,#4079,#4080,
#4081,#4082));
#663=EDGE_LOOP('',(#4083,#4084,#4085,#4086));
#664=EDGE_LOOP('',(#4087,#4088,#4089,#4090));
#665=EDGE_LOOP('',(#4091,#4092,#4093,#4094,#4095,#4096,#4097,#4098,#4099,
#4100,#4101));
#666=EDGE_LOOP('',(#4102,#4103,#4104,#4105,#4106,#4107,#4108,#4109,#4110,
#4111,#4112));
#667=EDGE_LOOP('',(#4113,#4114,#4115,#4116));
#668=EDGE_LOOP('',(#4117,#4118));
#669=EDGE_LOOP('',(#4119));
#670=EDGE_LOOP('',(#4120));
#671=EDGE_LOOP('',(#4121));
#672=EDGE_LOOP('',(#4122,#4123,#4124));
#673=EDGE_LOOP('',(#4125,#4126,#4127,#4128));
#674=EDGE_LOOP('',(#4129,#4130,#4131,#4132));
#675=EDGE_LOOP('',(#4133,#4134,#4135,#4136,#4137,#4138,#4139,#4140,#4141,
#4142,#4143,#4144));
#676=EDGE_LOOP('',(#4145,#4146,#4147,#4148,#4149,#4150,#4151,#4152));
#677=EDGE_LOOP('',(#4153,#4154,#4155,#4156,#4157,#4158,#4159,#4160,#4161,
#4162,#4163,#4164));
#678=EDGE_LOOP('',(#4165,#4166,#4167,#4168));
#679=EDGE_LOOP('',(#4169,#4170,#4171,#4172));
#680=EDGE_LOOP('',(#4173,#4174,#4175,#4176,#4177,#4178,#4179,#4180,#4181,
#4182,#4183,#4184));
#681=EDGE_LOOP('',(#4185,#4186,#4187,#4188));
#682=EDGE_LOOP('',(#4189,#4190,#4191,#4192));
#683=EDGE_LOOP('',(#4193,#4194,#4195,#4196));
#684=EDGE_LOOP('',(#4197,#4198,#4199,#4200));
#685=EDGE_LOOP('',(#4201,#4202,#4203,#4204));
#686=EDGE_LOOP('',(#4205,#4206,#4207,#4208));
#687=EDGE_LOOP('',(#4209,#4210,#4211,#4212));
#688=EDGE_LOOP('',(#4213,#4214,#4215,#4216));
#689=EDGE_LOOP('',(#4217,#4218,#4219,#4220));
#690=EDGE_LOOP('',(#4221,#4222,#4223,#4224,#4225));
#691=EDGE_LOOP('',(#4226,#4227,#4228,#4229));
#692=EDGE_LOOP('',(#4230,#4231,#4232,#4233));
#693=EDGE_LOOP('',(#4234,#4235,#4236,#4237,#4238));
#694=EDGE_LOOP('',(#4239,#4240,#4241,#4242));
#695=EDGE_LOOP('',(#4243,#4244,#4245,#4246));
#696=EDGE_LOOP('',(#4247,#4248,#4249,#4250,#4251,#4252));
#697=EDGE_LOOP('',(#4253,#4254,#4255,#4256,#4257,#4258));
#698=EDGE_LOOP('',(#4259,#4260,#4261,#4262,#4263,#4264,#4265,#4266,#4267,
#4268,#4269,#4270,#4271,#4272,#4273,#4274,#4275));
#699=EDGE_LOOP('',(#4276,#4277,#4278,#4279));
#700=EDGE_LOOP('',(#4280,#4281,#4282,#4283,#4284,#4285,#4286,#4287,#4288,
#4289,#4290,#4291));
#701=EDGE_LOOP('',(#4292,#4293,#4294,#4295,#4296,#4297,#4298,#4299,#4300,
#4301,#4302,#4303,#4304,#4305));
#702=EDGE_LOOP('',(#4306,#4307,#4308,#4309));
#703=EDGE_LOOP('',(#4310));
#704=EDGE_LOOP('',(#4311));
#705=EDGE_LOOP('',(#4312,#4313,#4314,#4315));
#706=EDGE_LOOP('',(#4316,#4317,#4318,#4319));
#707=EDGE_LOOP('',(#4320,#4321,#4322,#4323,#4324,#4325,#4326,#4327));
#708=EDGE_LOOP('',(#4328,#4329,#4330,#4331,#4332,#4333,#4334,#4335,#4336,
#4337,#4338,#4339,#4340,#4341));
#709=EDGE_LOOP('',(#4342,#4343,#4344,#4345));
#710=EDGE_LOOP('',(#4346,#4347,#4348,#4349));
#711=EDGE_LOOP('',(#4350,#4351,#4352,#4353));
#712=EDGE_LOOP('',(#4354,#4355,#4356,#4357,#4358,#4359));
#713=EDGE_LOOP('',(#4360,#4361,#4362,#4363));
#714=EDGE_LOOP('',(#4364));
#715=EDGE_LOOP('',(#4365,#4366,#4367,#4368));
#716=CIRCLE('',#4633,14.611);
#717=CIRCLE('',#4644,13.7645);
#718=CIRCLE('',#4689,14.);
#719=CIRCLE('',#4693,14.);
#720=CIRCLE('',#4707,6.);
#721=CIRCLE('',#4708,6.);
#722=CIRCLE('',#4710,6.);
#723=CIRCLE('',#4711,6.);
#724=CIRCLE('',#4712,6.);
#725=CIRCLE('',#4713,6.);
#726=CIRCLE('',#4714,6.);
#727=CIRCLE('',#4716,6.);
#728=CIRCLE('',#4719,6.);
#729=CIRCLE('',#4720,6.);
#730=CIRCLE('',#4721,6.);
#731=CIRCLE('',#4723,8.);
#732=CIRCLE('',#4724,8.);
#733=CIRCLE('',#4727,11.5);
#734=CIRCLE('',#4728,11.5);
#735=CIRCLE('',#4731,14.);
#736=CIRCLE('',#4735,14.);
#737=CIRCLE('',#4738,14.);
#738=CIRCLE('',#4742,14.);
#739=CIRCLE('',#4756,6.);
#740=CIRCLE('',#4757,6.);
#741=CIRCLE('',#4758,6.);
#742=CIRCLE('',#4759,6.);
#743=CIRCLE('',#4760,6.);
#744=CIRCLE('',#4761,6.);
#745=CIRCLE('',#4762,6.);
#746=CIRCLE('',#4763,6.);
#747=CIRCLE('',#4764,6.);
#748=CIRCLE('',#4766,14.);
#749=CIRCLE('',#4767,14.611);
#750=CIRCLE('',#4768,14.);
#751=CIRCLE('',#4770,13.7645);
#752=CIRCLE('',#4771,11.75);
#753=CIRCLE('',#4774,11.75);
#754=CIRCLE('',#4777,14.);
#755=CIRCLE('',#4789,9.5);
#756=CIRCLE('',#4794,9.5);
#757=CIRCLE('',#4797,2.75);
#758=CIRCLE('',#4799,2.75);
#759=CIRCLE('',#4801,1.5);
#760=CIRCLE('',#4802,1.5);
#761=CIRCLE('',#4804,1.5);
#762=CIRCLE('',#4805,1.5);
#763=CIRCLE('',#4809,9.5);
#764=CIRCLE('',#4811,9.5);
#765=CIRCLE('',#4844,9.5);
#766=CIRCLE('',#4846,9.5);
#767=CIRCLE('',#4848,9.5);
#768=CIRCLE('',#4849,9.5);
#769=CIRCLE('',#4851,9.5);
#770=CIRCLE('',#4863,9.5);
#771=CIRCLE('',#4864,9.5);
#772=CIRCLE('',#4885,14.);
#773=CIRCLE('',#4891,14.);
#774=CIRCLE('',#4902,14.);
#775=CIRCLE('',#4903,14.);
#776=CIRCLE('',#4907,14.);
#777=CIRCLE('',#4908,14.);
#778=CIRCLE('',#4914,6.);
#779=CIRCLE('',#4917,6.);
#780=CIRCLE('',#4920,14.);
#781=B_SPLINE_CURVE_WITH_KNOTS('',3,(#6062,#6063,#6064,#6065,#6066,#6067),
 .UNSPECIFIED.,.F.,.F.,(4,1,1,4),(-90.9298122282358,-90.5068021668886,-89.6890547649863,
-89.060965183482),.UNSPECIFIED.);
#782=B_SPLINE_CURVE_WITH_KNOTS('',3,(#6070,#6071,#6072,#6073,#6074),
 .UNSPECIFIED.,.F.,.F.,(4,1,4),(-0.8479647066451,-0.554586040774272,0.263161348346069),
 .UNSPECIFIED.);
#783=B_SPLINE_CURVE_WITH_KNOTS('',3,(#6079,#6080,#6081,#6082,#6083,#6084,
#6085,#6086,#6087,#6088,#6089,#6090,#6091,#6092,#6093),.UNSPECIFIED.,.F.,
 .F.,(4,1,1,1,1,1,1,1,1,1,1,1,4),(-89.060965183482,-88.8713073630839,-88.0535599611815,
-87.2358125592791,-86.4180651573767,-85.6003177554743,-84.7825703535719,
-83.9648229516696,-83.1470755497672,-82.3293281478648,-81.5115807459624,
-80.69383334406,-79.9416248783235),.UNSPECIFIED.);
#784=B_SPLINE_CURVE_WITH_KNOTS('',3,(#6094,#6095,#6096,#6097,#6098,#6099,
#6100,#6101,#6102,#6103,#6104,#6105,#6106,#6107,#6108),.UNSPECIFIED.,.F.,
 .F.,(4,1,1,1,1,1,1,1,1,1,1,1,4),(-9.96718673153936,-9.54980732109803,-8.73205993197769,
-7.91431254285735,-7.096565153737,-6.27881776461666,-5.46107037549632,-4.64332298637598,
-3.82557559725564,-3.0078282081353,-2.19008081901495,-1.37233342989461,
-0.8479647066451),.UNSPECIFIED.);
#785=B_SPLINE_CURVE_WITH_KNOTS('',3,(#6113,#6114,#6115,#6116,#6117,#6118,
#6119,#6120,#6121,#6122,#6123,#6124,#6125,#6126,#6127,#6128,#6129),
 .UNSPECIFIED.,.F.,.F.,(4,1,1,1,1,1,1,1,1,1,1,1,1,1,4),(-79.9416248783235,
-79.8760859421576,-79.0583385402552,-78.2405911383528,-77.5137045588841,
-76.7868179794153,-76.0599313999465,-75.3330448204777,-74.3638627145193,
-73.8792716615401,-73.3946806085609,-72.4254985026025,-71.6986119231338,
-70.971725343665,-70.8221899105494),.UNSPECIFIED.);
#786=B_SPLINE_CURVE_WITH_KNOTS('',3,(#6130,#6131,#6132,#6133,#6134,#6135,
#6136,#6137,#6138,#6139,#6140,#6141,#6142,#6143),.UNSPECIFIED.,.F.,.F.,
(4,1,1,1,1,1,1,1,1,1,1,4),(-19.0864511070552,-18.6358894224352,-17.9090028543282,
-17.1821162862212,-16.0917864340608,-15.0014565819003,-13.9111267297398,
-12.8207968775794,-12.0030494884591,-11.1853020993387,-10.3675547102184,
-9.96718673153936),.UNSPECIFIED.);
#787=B_SPLINE_CURVE_WITH_KNOTS('',3,(#6148,#6149,#6150,#6151,#6152,#6153,
#6154,#6155,#6156,#6157,#6158,#6159,#6160,#6161,#6162,#6163),
 .UNSPECIFIED.,.F.,.F.,(4,1,1,1,1,1,1,1,1,1,1,1,1,4),(-70.8221899105494,
-70.2448387641962,-69.5179521847274,-68.9727872501258,-68.4276223155242,
-67.337292446321,-66.2469625771178,-65.1566327079147,-64.6114677733131,
-64.0663028387115,-63.5211379041099,-62.9759729695083,-62.2490863900395,
-61.7027960372973),.UNSPECIFIED.);
#788=B_SPLINE_CURVE_WITH_KNOTS('',3,(#6164,#6165,#6166,#6167,#6168,#6169,
#6170,#6171,#6172,#6173,#6174,#6175,#6176,#6177,#6178),.UNSPECIFIED.,.F.,
 .F.,(4,1,1,1,1,1,1,1,1,1,1,1,4),(-28.2058358689875,-27.5402498817455,-26.7225024926252,
-25.9047551035049,-25.0870077143845,-24.2692603252642,-23.4515129361438,
-22.6337655470235,-21.8160181579032,-20.9982707687828,-20.1805233796625,
-19.3627759905421,-19.0864511070552),.UNSPECIFIED.);
#789=B_SPLINE_CURVE_WITH_KNOTS('',3,(#6183,#6184,#6185,#6186,#6187,#6188,
#6189,#6190,#6191,#6192,#6193,#6194,#6195,#6196,#6197,#6198),
 .UNSPECIFIED.,.F.,.F.,(4,1,1,1,1,1,1,1,1,1,1,1,1,4),(-61.7027960372973,
-61.5221998105707,-60.7953132311019,-59.7049833618988,-59.1598184272972,
-58.6146534926956,-57.7969060907932,-56.9791586888908,-56.1614112869884,
-55.343663885086,-54.5259164831836,-53.7081690812812,-52.8904216793789,
-52.583694264815),.UNSPECIFIED.);
#790=B_SPLINE_CURVE_WITH_KNOTS('',3,(#6199,#6200,#6201,#6202,#6203,#6204,
#6205,#6206,#6207,#6208,#6209,#6210,#6211,#6212),.UNSPECIFIED.,.F.,.F.,
(4,1,1,1,1,1,1,1,1,1,1,4),(-37.32500056814,-36.5354711620693,-35.717723772949,
-34.8999763838286,-34.0822289947083,-33.2644816055879,-32.4467342164676,
-31.3564043643071,-30.2660745121467,-29.1757446599862,-28.3579972708659,
-28.2058358689875),.UNSPECIFIED.);
#791=B_SPLINE_CURVE_WITH_KNOTS('',3,(#6217,#6218,#6219,#6220,#6221,#6222,
#6223,#6224,#6225,#6226,#6227,#6228,#6229,#6230,#6231),.UNSPECIFIED.,.F.,
 .F.,(4,1,1,1,1,1,1,1,1,1,1,1,4),(-52.583694264815,-52.0726742774765,-51.2549268755741,
-50.4371794736717,-49.6194320717693,-48.8016846698669,-47.9839372679645,
-47.1661898660622,-46.3484424641598,-45.5306950622574,-44.8038084827886,
-44.0769219033198,-43.4645776693278),.UNSPECIFIED.);
#792=B_SPLINE_CURVE_WITH_KNOTS('',3,(#6232,#6233,#6234,#6235,#6236,#6237,
#6238,#6239,#6240,#6241,#6242,#6243,#6244,#6245,#6246),.UNSPECIFIED.,.F.,
 .F.,(4,1,1,1,1,1,1,1,1,1,1,1,4),(-46.4441798020902,-45.530692442393,-44.7129450532727,
-43.8951976641524,-43.077450275032,-42.2597028859117,-41.4419554967913,
-40.624208107671,-39.8064607185507,-38.9887133294303,-38.17096594031,-37.3532185511896,
-37.32500056814),.UNSPECIFIED.);
#793=B_SPLINE_CURVE_WITH_KNOTS('',3,(#6251,#6252,#6253,#6254,#6255,#6256,
#6257,#6258,#6259,#6260,#6261,#6262,#6263,#6264,#6265),.UNSPECIFIED.,.F.,
 .F.,(4,1,1,1,1,1,1,1,1,1,1,1,4),(-43.4645776693278,-43.350035323851,-42.2597054546478,
-41.1693755854446,-40.0790457162415,-38.9887158470383,-38.2618292675695,
-37.5349426881007,-36.8080561086319,-36.0811695291631,-35.5965784761839,
-34.6273963702256,-34.3447940697008),.UNSPECIFIED.);
#794=B_SPLINE_CURVE_WITH_KNOTS('',3,(#6266,#6267,#6268,#6269,#6270,#6271,
#6272,#6273,#6274,#6275,#6276,#6277,#6278,#6279),.UNSPECIFIED.,.F.,.F.,
(4,1,1,1,1,1,1,1,1,1,1,4),(-55.5640002657901,-55.3436611118372,-54.2533312596767,
-53.1630014075162,-52.0726715553558,-51.2549241662354,-50.4371767771151,
-49.6194293879948,-48.8016819988744,-47.711352146714,-46.6210222945535,
-46.4441798020902),.UNSPECIFIED.);
#795=B_SPLINE_CURVE_WITH_KNOTS('',3,(#6284,#6285,#6286,#6287,#6288,#6289,
#6290,#6291,#6292,#6293,#6294,#6295,#6296,#6297),.UNSPECIFIED.,.F.,.F.,
(4,1,1,1,1,1,1,1,1,1,1,4),(-34.3447940697008,-33.6582142642672,-33.173623211288,
-32.4467366318192,-31.7198500523504,-30.9929634728816,-30.2660768934128,
-29.1757470242096,-28.0854171550065,-26.9950872858033,-25.9047574166001,
-25.2260846432046),.UNSPECIFIED.);
#796=B_SPLINE_CURVE_WITH_KNOTS('',3,(#6298,#6299,#6300,#6301,#6302,#6303,
#6304,#6305,#6306,#6307,#6308,#6309),.UNSPECIFIED.,.F.,.F.,(4,1,1,1,1,1,
1,1,1,4),(-64.6827581236799,-64.0662999291208,-62.9759700769603,-61.8856402247999,
-60.7953103726394,-59.704980520479,-58.6146506683185,-57.5243208161581,
-56.4339909639976,-55.5640002657901),.UNSPECIFIED.);
#797=B_SPLINE_CURVE_WITH_KNOTS('',3,(#6314,#6315,#6316,#6317,#6318,#6319,
#6320,#6321,#6322,#6323,#6324,#6325,#6326,#6327,#6328,#6329),
 .UNSPECIFIED.,.F.,.F.,(4,1,1,1,1,1,1,1,1,1,1,1,1,4),(-25.2260846432046,
-24.8144275473969,-23.7240976781937,-22.6337678089906,-21.5434379397874,
-20.8165513603186,-20.0896647808498,-19.362778201381,-18.6358916219122,
-18.2724483321778,-17.9090050424434,-17.1821184629746,-16.4552318835059,
-16.106600069849),.UNSPECIFIED.);
#798=B_SPLINE_CURVE_WITH_KNOTS('',3,(#6330,#6331,#6332,#6333,#6334,#6335,
#6336,#6337,#6338,#6339,#6340,#6341,#6342,#6343),.UNSPECIFIED.,.F.,.F.,
(4,1,1,1,1,1,1,1,1,1,1,4),(-73.8021512751571,-73.1523820304579,-72.4254954623509,
-71.698608894244,-70.971722326137,-70.24483575803,-69.5179491899231,-68.4276193377626,
-67.3372894856022,-66.2469596334417,-65.1566297812812,-64.6827581236799),
 .UNSPECIFIED.);
#799=B_SPLINE_CURVE_WITH_KNOTS('',3,(#6348,#6349,#6350,#6351,#6352,#6353,
#6354,#6355,#6356,#6357,#6358,#6359,#6360,#6361,#6362,#6363),
 .UNSPECIFIED.,.F.,.F.,(4,1,1,1,1,1,1,1,1,1,1,1,1,4),(-16.106600069849,
-15.7283453040371,-15.0014587245683,-14.2745721450995,-13.5476855656307,
-12.8207989861619,-12.0030515842595,-11.1853041823572,-10.3675567804548,
-9.54980937855238,-8.73206197664999,-7.91431457474761,-7.09656717284522,
-6.98724614514405),.UNSPECIFIED.);
#800=B_SPLINE_CURVE_WITH_KNOTS('',3,(#6364,#6365,#6366,#6367,#6368,#6369,
#6370,#6371,#6372,#6373,#6374,#6375,#6376,#6377,#6378,#6379),
 .UNSPECIFIED.,.F.,.F.,(4,1,1,1,1,1,1,1,1,1,1,1,1,4),(-82.9213936376704,
-82.3293249528084,-81.5115775636881,-80.6938301745677,-79.8760827854474,
-79.058335396327,-78.2405880072067,-77.5137014390997,-76.7868148709928,
-76.0599283028858,-75.3330417347788,-74.6061551666718,-73.8792685985649,
-73.8021512751571),.UNSPECIFIED.);
#801=B_SPLINE_CURVE_WITH_KNOTS('',3,(#6385,#6386,#6387,#6388,#6389,#6390,
#6391,#6392,#6393,#6394,#6395,#6396,#6397,#6398,#6399,#6400,#6401,#6402,
#6403,#6404,#6405,#6406),.UNSPECIFIED.,.F.,.F.,(4,3,3,3,3,3,3,4),(83.7550060716462,
83.9376742117444,84.7302721175156,85.5228700232867,86.3154679290578,87.108065834829,
87.9006637406001,88.2832179676549),.UNSPECIFIED.);
#802=B_SPLINE_CURVE_WITH_KNOTS('',3,(#6409,#6410,#6411,#6412,#6413),
 .UNSPECIFIED.,.F.,.F.,(4,1,4),(72.2566310325652,72.7135339699231,73.207968799106),
 .UNSPECIFIED.);
#803=B_SPLINE_CURVE_WITH_KNOTS('',3,(#6418,#6419,#6420,#6421,#6422,#6423,
#6424,#6425,#6426,#6427,#6428,#6429,#6430,#6431,#6432,#6433,#6434,#6435,
#6436,#6437,#6438,#6439,#6440,#6441,#6442,#6443,#6444,#6445,#6446,#6447,
#6448,#6449,#6450,#6451,#6452,#6453,#6454),.UNSPECIFIED.,.F.,.F.,(4,3,3,
3,3,3,3,3,3,3,3,3,4),(75.0768606209326,75.4827504879386,76.1873284698353,
76.8919064517321,77.5964844336289,78.3891346632627,79.1817848928966,79.9744351225304,
80.7670853521643,81.5597355817981,82.352385811432,83.1450360410658,83.7550060716462),
 .UNSPECIFIED.);
#804=B_SPLINE_CURVE_WITH_KNOTS('',3,(#6455,#6456,#6457,#6458,#6459,#6460,
#6461,#6462,#6463,#6464,#6465,#6466,#6467,#6468,#6469,#6470,#6471),
 .UNSPECIFIED.,.F.,.F.,(4,1,1,1,1,1,1,1,1,1,1,1,1,1,4),(65.9734457253856,
66.285881190545,66.780316019728,67.2747508489109,67.7691856780938,68.2636205072767,
68.7580553364597,69.2524901656426,69.7469249948255,70.2413598240085,70.7357946531914,
71.2302294823743,71.7246643115573,72.2190991407402,72.2566310325652),
 .UNSPECIFIED.);
#805=B_SPLINE_CURVE_WITH_KNOTS('',3,(#6476,#6477,#6478,#6479,#6480,#6481,
#6482,#6483,#6484,#6485,#6486,#6487,#6488,#6489,#6490,#6491,#6492,#6493,
#6494,#6495,#6496,#6497,#6498,#6499,#6500,#6501,#6502,#6503,#6504,#6505,
#6506,#6507,#6508,#6509,#6510,#6511,#6512,#6513,#6514,#6515),
 .UNSPECIFIED.,.F.,.F.,(4,3,3,3,3,3,3,3,3,3,3,3,3,4),(66.39869802766,67.027798805137,
68.0846678657113,68.6131023959984,69.1415369262856,69.8461163000017,70.5506956737179,
71.2552750474341,71.9598544211503,72.6644337948665,73.3690131685826,74.0735925422988,
74.778171916015,75.0768606209326),.UNSPECIFIED.);
#806=B_SPLINE_CURVE_WITH_KNOTS('',3,(#6516,#6517,#6518,#6519,#6520,#6521,
#6522,#6523,#6524,#6525,#6526,#6527,#6528,#6529,#6530,#6531,#6532),
 .UNSPECIFIED.,.F.,.F.,(4,1,1,1,1,1,1,1,1,1,1,1,1,1,4),(59.6902604182061,
59.8582284111669,60.3526632403499,60.8470980695328,61.3415328987157,61.8359677278986,
62.3304025570816,62.8248373862645,63.3192722154474,63.8137070446304,64.3081418738133,
64.8025767029962,65.2970115321792,65.7914463613621,65.9734457253856),
 .UNSPECIFIED.);
#807=B_SPLINE_CURVE_WITH_KNOTS('',3,(#6537,#6538,#6539,#6540,#6541,#6542,
#6543,#6544,#6545,#6546,#6547,#6548,#6549,#6550,#6551,#6552,#6553,#6554,
#6555,#6556,#6557,#6558,#6559,#6560,#6561,#6562,#6563,#6564,#6565,#6566,
#6567,#6568,#6569,#6570,#6571,#6572,#6573),.UNSPECIFIED.,.F.,.F.,(4,3,3,
3,3,3,3,3,3,3,3,3,4),(57.7205627589714,58.0444380953629,58.5728709617704,
59.2774481169804,59.9820252721903,60.6866024274003,61.2150352938078,61.7434681602152,
62.8003338930302,63.8571996258451,64.9140653586601,65.970931091475,66.39869802766),
 .UNSPECIFIED.);
#808=B_SPLINE_CURVE_WITH_KNOTS('',3,(#6574,#6575,#6576,#6577,#6578,#6579,
#6580,#6581,#6582,#6583,#6584,#6585,#6586,#6587,#6588,#6589,#6590),
 .UNSPECIFIED.,.F.,.F.,(4,1,1,1,1,1,1,1,1,1,1,1,1,1,4),(53.4070751110265,
53.4305756317888,53.9250104609718,54.4194452901547,54.9138801193376,55.4083149485206,
55.9027497777035,56.3971846068864,56.8916194360693,57.3860542652523,57.8804890944352,
58.3749239236181,58.8693587528011,59.363793581984,59.6902604182061),
 .UNSPECIFIED.);
#809=B_SPLINE_CURVE_WITH_KNOTS('',3,(#6595,#6596,#6597,#6598,#6599,#6600,
#6601,#6602,#6603,#6604,#6605,#6606,#6607,#6608,#6609,#6610,#6611,#6612,
#6613,#6614,#6615,#6616,#6617,#6618,#6619,#6620,#6621,#6622,#6623,#6624,
#6625,#6626,#6627,#6628),.UNSPECIFIED.,.F.,.F.,(4,3,3,3,3,3,3,3,3,3,3,4),
(49.0424995526303,49.4134369266971,50.1180082311229,50.6464367094423,51.1748651877617,
52.2317221444004,53.2885791010391,54.3454360576779,55.4022930143166,56.4591499709553,
57.5160069275941,57.7205627589714),.UNSPECIFIED.);
#810=B_SPLINE_CURVE_WITH_KNOTS('',3,(#6629,#6630,#6631,#6632,#6633,#6634,
#6635,#6636,#6637,#6638,#6639,#6640,#6641,#6642,#6643,#6644),
 .UNSPECIFIED.,.F.,.F.,(4,1,1,1,1,1,1,1,1,1,1,1,1,4),(47.1238898038469,
47.4973576815937,47.9917925107766,48.4862273399595,48.9806621691425,49.4750969983254,
49.9695318275083,50.4639666566913,50.9584014858742,51.4528363150571,51.94727114424,
52.441705973423,52.9361408026059,53.4070751110265),.UNSPECIFIED.);
#811=B_SPLINE_CURVE_WITH_KNOTS('',3,(#6649,#6650,#6651,#6652,#6653,#6654,
#6655,#6656,#6657,#6658,#6659,#6660,#6661,#6662,#6663,#6664,#6665,#6666,
#6667,#6668,#6669,#6670,#6671,#6672,#6673,#6674,#6675,#6676,#6677,#6678,
#6679,#6680,#6681,#6682,#6683,#6684,#6685,#6686,#6687,#6688),
 .UNSPECIFIED.,.F.,.F.,(4,3,3,3,3,3,3,3,3,3,3,3,3,4),(40.364553837024,40.6064098378538,
41.6632524858673,42.7200951338807,43.2485164578874,43.7769377818942,44.4814995472365,
45.1860613125788,45.8906230779211,46.5951848432634,47.5346005303864,48.004308373948,
48.7088701392903,49.0424995526303),.UNSPECIFIED.);
#812=B_SPLINE_CURVE_WITH_KNOTS('',3,(#6689,#6690,#6691,#6692,#6693,#6694,
#6695,#6696,#6697,#6698,#6699,#6700,#6701,#6702,#6703,#6704,#6705),
 .UNSPECIFIED.,.F.,.F.,(4,1,1,1,1,1,1,1,1,1,1,1,1,1,4),(40.8407044966673,
41.0697049022156,41.5641397313985,42.0585745605814,42.5530093897644,43.0474442189473,
43.5418790481302,44.0363138773132,44.5307487064961,45.025183535679,45.519618364862,
46.0140531940449,46.5084880232278,47.0029228524107,47.1238898038469),
 .UNSPECIFIED.);
#813=B_SPLINE_CURVE_WITH_KNOTS('',3,(#6710,#6711,#6712,#6713,#6714,#6715,
#6716,#6717,#6718,#6719,#6720,#6721,#6722,#6723,#6724,#6725,#6726,#6727,
#6728,#6729,#6730,#6731,#6732,#6733,#6734,#6735,#6736,#6737,#6738,#6739,
#6740,#6741,#6742,#6743,#6744,#6745,#6746),.UNSPECIFIED.,.F.,.F.,(4,3,3,
3,3,3,3,3,3,3,3,3,4),(31.6866654321712,32.1517228929929,32.6801407272181,
33.2085585614434,33.9131156737437,34.617672786044,35.3222298983444,35.8506477325696,
36.3790655667949,37.4359012352454,38.4927369036959,39.5495725721464,40.364553837024),
 .UNSPECIFIED.);
#814=B_SPLINE_CURVE_WITH_KNOTS('',3,(#6747,#6748,#6749,#6750,#6751,#6752,
#6753,#6754,#6755,#6756,#6757,#6758,#6759,#6760,#6761,#6762,#6763),
 .UNSPECIFIED.,.F.,.F.,(4,1,1,1,1,1,1,1,1,1,1,1,1,1,4),(34.5575191894877,
34.6420521228375,35.1364869520204,35.6309217812034,36.1253566103863,36.6197914395692,
37.1142262687522,37.6086610979351,38.103095927118,38.5975307563009,39.0919655854839,
39.5864004146668,40.0808352438497,40.5752700730327,40.8407044966673),
 .UNSPECIFIED.);
#815=B_SPLINE_CURVE_WITH_KNOTS('',3,(#6768,#6769,#6770,#6771,#6772,#6773,
#6774,#6775,#6776,#6777,#6778,#6779,#6780,#6781,#6782,#6783,#6784,#6785,
#6786,#6787,#6788,#6789,#6790,#6791,#6792,#6793,#6794,#6795,#6796,#6797,
#6798,#6799,#6800,#6801,#6802,#6803,#6804,#6805,#6806,#6807),
 .UNSPECIFIED.,.F.,.F.,(4,3,3,3,3,3,3,3,3,3,3,3,3,4),(23.0086477021145,
23.6969184773393,24.4895570410573,25.2821956047752,26.0748341684932,26.8674727322111,
27.3958984413564,27.9243241505017,28.9811755687923,30.038026987083,30.5664526962283,
31.0948784053736,31.6233041145188,31.6866654321712),.UNSPECIFIED.);
#816=B_SPLINE_CURVE_WITH_KNOTS('',3,(#6808,#6809,#6810,#6811,#6812,#6813,
#6814,#6815,#6816,#6817,#6818,#6819,#6820,#6821,#6822,#6823),
 .UNSPECIFIED.,.F.,.F.,(4,1,1,1,1,1,1,1,1,1,1,1,1,4),(28.2743338823081,
28.7088341726423,29.2032690018253,29.6977038310082,30.1921386601911,30.6865734893741,
31.181008318557,31.6754431477399,32.1698779769229,32.6643128061058,33.1587476352887,
33.6531824644716,34.1476172936546,34.5575191894877),.UNSPECIFIED.);
#817=B_SPLINE_CURVE_WITH_KNOTS('',3,(#6828,#6829,#6830,#6831,#6832,#6833,
#6834,#6835,#6836,#6837,#6838,#6839,#6840,#6841,#6842,#6843,#6844,#6845,
#6846,#6847,#6848,#6849,#6850,#6851,#6852,#6853,#6854,#6855,#6856,#6857,
#6858,#6859,#6860,#6861,#6862,#6863,#6864),.UNSPECIFIED.,.F.,.F.,(4,3,3,
3,3,3,3,3,3,3,3,3,4),(14.3305382543992,15.2420250462484,16.2988876344287,
16.8273189285188,17.355750222609,18.4126128107893,19.1171878695761,19.821762928363,
20.5263379871499,21.3189849282851,22.1116318694203,22.9042788105555,23.0086477021145),
 .UNSPECIFIED.);
#818=B_SPLINE_CURVE_WITH_KNOTS('',3,(#6865,#6866,#6867,#6868,#6869,#6870,
#6871,#6872,#6873,#6874,#6875,#6876,#6877,#6878,#6879,#6880,#6881),
 .UNSPECIFIED.,.F.,.F.,(4,1,1,1,1,1,1,1,1,1,1,1,1,1,4),(21.9911485751285,
22.2811813932643,22.7756162224472,23.2700510516301,23.764485880813,24.258920709996,
24.7533555391789,25.2477903683618,25.7422251975448,26.2366600267277,26.7310948559106,
27.2255296850936,27.7199645142765,28.2143993434594,28.2743338823081),
 .UNSPECIFIED.);
#819=B_SPLINE_CURVE_WITH_KNOTS('',3,(#6886,#6887,#6888,#6889,#6890,#6891,
#6892,#6893,#6894,#6895,#6896,#6897,#6898,#6899,#6900,#6901,#6902,#6903,
#6904,#6905,#6906,#6907,#6908,#6909,#6910,#6911,#6912,#6913,#6914,#6915,
#6916,#6917,#6918,#6919,#6920,#6921,#6922),.UNSPECIFIED.,.F.,.F.,(4,3,3,
3,3,3,3,3,3,3,3,3,4),(5.65238207807058,6.25864958217664,7.05130079148515,
7.84395200079365,8.63660321010216,9.42925441941067,10.2219056287192,11.0145568380277,
11.8072080473362,12.5998592566447,13.3925104659532,14.1851616752617,14.3305382543992),
 .UNSPECIFIED.);
#820=B_SPLINE_CURVE_WITH_KNOTS('',3,(#6923,#6924,#6925,#6926,#6927,#6928,
#6929,#6930,#6931,#6932,#6933,#6934,#6935,#6936,#6937,#6938,#6939),
 .UNSPECIFIED.,.F.,.F.,(4,1,1,1,1,1,1,1,1,1,1,1,1,1,4),(15.7079632679489,
15.8535286138862,16.3479634430691,16.842398272252,17.336833101435,17.8312679306179,
18.3257027598008,18.8201375889837,19.3145724181667,19.8090072473496,20.3034420765325,
20.7978769057155,21.2923117348984,21.7867465640813,21.9911485751285),
 .UNSPECIFIED.);
#821=B_SPLINE_CURVE_WITH_KNOTS('',3,(#7499,#7500,#7501,#7502,#7503,#7504,
#7505,#7506,#7507,#7508,#7509,#7510,#7511,#7512,#7513,#7514,#7515,#7516,
#7517,#7518,#7519,#7520,#7521,#7522,#7523,#7524,#7525,#7526,#7527,#7528,
#7529,#7530,#7531,#7532,#7533,#7534,#7535,#7536,#7537,#7538,#7539,#7540,
#7541,#7542,#7543,#7544,#7545,#7546,#7547),.UNSPECIFIED.,.F.,.F.,(4,3,3,
3,3,3,3,3,3,3,3,3,3,3,3,3,4),(3.63400355756403,3.72900354718673,3.8251298189375,
3.92198709036863,4.01864374336527,4.11417375774291,4.16226867347327,4.26122842407778,
4.35682838271128,4.45412955105821,4.55191498970616,4.64958297819791,4.71938872571575,
4.81785562120931,4.91678447208103,5.01551220549473,5.08880044948266),
 .UNSPECIFIED.);
#822=B_SPLINE_CURVE_WITH_KNOTS('',3,(#7549,#7550,#7551,#7552,#7553,#7554,
#7555,#7556,#7557,#7558,#7559,#7560,#7561,#7562,#7563,#7564,#7565,#7566,
#7567,#7568,#7569,#7570,#7571,#7572,#7573,#7574,#7575,#7576),
 .UNSPECIFIED.,.F.,.F.,(4,3,3,3,3,3,3,3,3,4),(0.,0.0828962106115845,0.153674831372277,
0.199219557587618,0.229540686589594,0.278485802693657,0.328187794692658,
0.377100588659911,0.42361234621396,0.442283758186984),.UNSPECIFIED.);
#823=B_SPLINE_CURVE_WITH_KNOTS('',3,(#7580,#7581,#7582,#7583,#7584,#7585,
#7586,#7587,#7588,#7589,#7590,#7591,#7592,#7593,#7594,#7595,#7596,#7597,
#7598,#7599,#7600,#7601,#7602,#7603,#7604,#7605,#7606,#7607),
 .UNSPECIFIED.,.F.,.F.,(4,3,3,3,3,3,3,3,3,4),(0.,0.0261938157349922,0.0543261188645075,
0.0826412814062982,0.109933538298719,0.118526018933505,0.13542219832541,
0.174276859859514,0.219191011120914,0.246417130746571),.UNSPECIFIED.);
#824=B_SPLINE_CURVE_WITH_KNOTS('',3,(#7609,#7610,#7611,#7612,#7613,#7614,
#7615,#7616,#7617,#7618,#7619,#7620,#7621,#7622,#7623,#7624,#7625,#7626,
#7627,#7628,#7629,#7630,#7631,#7632,#7633,#7634,#7635,#7636,#7637,#7638,
#7639,#7640,#7641,#7642,#7643,#7644,#7645,#7646,#7647,#7648,#7649,#7650,
#7651,#7652,#7653,#7654,#7655,#7656,#7657,#7658,#7659,#7660,#7661,#7662,
#7663,#7664,#7665,#7666,#7667,#7668,#7669,#7670,#7671,#7672),
 .UNSPECIFIED.,.F.,.F.,(4,3,3,3,3,3,3,3,3,3,3,3,3,3,3,3,3,3,3,3,3,4),(0.939488074339644,
1.03890844012162,1.1091153111857,1.14081978591186,1.14995205026316,1.24787568736676,
1.34635094380329,1.44452762610198,1.54148553058689,1.60056340863423,1.68856627779469,
1.704684049487,1.7164599494191,1.81300776024247,1.91028859370096,2.0088630357552,
2.10540357023761,2.20499496607776,2.25479066399784,2.27067618252544,2.30458636191791,
2.39924961800955),.UNSPECIFIED.);
#825=B_SPLINE_CURVE_WITH_KNOTS('',3,(#8214,#8215,#8216,#8217,#8218,#8219,
#8220,#8221,#8222,#8223,#8224,#8225,#8226,#8227),.UNSPECIFIED.,.F.,.F.,
(4,1,1,1,1,1,1,1,1,1,1,4),(-90.9298105462078,-90.5067988440118,-89.6890514548915,
-88.8713040657711,-88.0535566766508,-87.2358092875305,-86.4180618984101,
-85.6003145092898,-84.7825671201694,-83.9648197310491,-83.1470723419287,
-82.9213936376704),.UNSPECIFIED.);
#826=B_SPLINE_CURVE_WITH_KNOTS('',3,(#8229,#8230,#8231,#8232,#8233,#8234,
#8235,#8236,#8237,#8238,#8239,#8240,#8241,#8242,#8243,#8244,#8245,#8246,
#8247,#8248,#8249,#8250,#8251,#8252,#8253,#8254,#8255,#8256),
 .UNSPECIFIED.,.F.,.F.,(4,3,3,3,3,3,3,3,3,4),(0.,0.0828962985631396,0.153675312938017,
0.199218439190673,0.229539433210388,0.278484593291833,0.328186454922914,
0.377099106578931,0.423610831330408,0.442281803409617),.UNSPECIFIED.);
#827=B_SPLINE_CURVE_WITH_KNOTS('',3,(#8257,#8258,#8259,#8260,#8261,#8262,
#8263,#8264,#8265,#8266,#8267,#8268,#8269,#8270,#8271,#8272,#8273,#8274,
#8275,#8276,#8277,#8278,#8279,#8280,#8281,#8282,#8283,#8284,#8285,#8286,
#8287,#8288,#8289,#8290,#8291,#8292,#8293,#8294,#8295,#8296,#8297,#8298,
#8299,#8300,#8301,#8302,#8303,#8304,#8305,#8306,#8307,#8308,#8309,#8310,
#8311,#8312,#8313,#8314,#8315,#8316,#8317,#8318,#8319,#8320,#8321,#8322,
#8323,#8324,#8325,#8326,#8327,#8328,#8329,#8330,#8331,#8332,#8333,#8334,
#8335,#8336,#8337,#8338,#8339,#8340,#8341,#8342,#8343,#8344,#8345,#8346,
#8347,#8348,#8349,#8350,#8351,#8352,#8353,#8354,#8355,#8356,#8357,#8358,
#8359,#8360,#8361,#8362,#8363,#8364),.UNSPECIFIED.,.F.,.F.,(4,1,1,1,1,1,
1,1,1,1,1,1,1,1,1,1,1,1,1,1,1,1,1,1,1,1,1,1,1,1,1,1,1,1,1,1,1,1,1,1,1,1,
1,1,1,1,1,1,1,1,1,1,1,1,1,1,1,1,1,1,1,1,1,1,1,1,1,1,1,1,1,1,1,1,1,1,1,1,
1,1,1,1,1,1,1,1,1,1,1,1,1,1,1,1,1,1,1,1,1,1,1,1,1,1,1,4),(0.131572779307497,
0.554586040774272,1.37233342989461,2.19008081901495,3.0078282081353,3.82557559725564,
4.64332298637598,5.46107037549632,6.27881776461666,7.096565153737,7.91431254285735,
8.73205993197769,9.54980732109803,10.3675547102184,11.1853020993387,12.0030494884591,
12.8207968775794,13.9111267297398,15.0014565819003,16.0917864340608,17.1821162862212,
17.9090028543282,18.6358894224352,19.3627759905421,20.1805233796625,20.9982707687828,
21.8160181579032,22.6337655470235,23.4515129361438,24.2692603252642,25.0870077143845,
25.9047551035049,26.7225024926252,27.5402498817455,28.3579972708659,29.1757446599862,
30.2660745121467,31.3564043643071,32.4467342164676,33.2644816055879,34.0822289947083,
34.8999763838286,35.717723772949,36.5354711620693,37.3532185511896,38.17096594031,
38.9887133294303,39.8064607185507,40.624208107671,41.4419554967913,42.2597028859117,
43.077450275032,43.8951976641524,44.7129450532727,45.530692442393,46.6210222945535,
47.711352146714,48.8016819988744,49.6194293879948,50.4371767771151,51.2549241662354,
52.0726715553558,53.1630014075162,54.2533312596767,55.3436611118372,56.4339909639976,
57.5243208161581,58.6146506683185,59.704980520479,60.7953103726394,61.8856402247999,
62.9759700769603,64.0662999291208,65.1566297812812,66.2469596334417,67.3372894856022,
68.4276193377626,69.5179491899231,70.24483575803,70.971722326137,71.698608894244,
72.4254954623509,73.1523820304579,73.8792685985649,74.6061551666718,75.3330417347788,
76.0599283028858,76.7868148709928,77.5137014390997,78.2405880072067,79.058335396327,
79.8760827854474,80.6938301745677,81.5115775636881,82.3293249528084,83.1470723419287,
83.9648197310491,84.7825671201694,85.6003145092898,86.4180618984101,87.2358092875305,
88.0535566766508,88.8713040657711,89.6890514548915,90.5067988440118,91.3245462331322),
 .UNSPECIFIED.);
#828=B_SPLINE_CURVE_WITH_KNOTS('',3,(#8898,#8899,#8900,#8901,#8902,#8903,
#8904,#8905,#8906,#8907,#8908,#8909,#8910,#8911,#8912,#8913,#8914,#8915,
#8916,#8917,#8918,#8919,#8920,#8921,#8922,#8923,#8924,#8925,#8926,#8927,
#8928,#8929,#8930,#8931,#8932,#8933,#8934,#8935,#8936,#8937,#8938,#8939,
#8940,#8941,#8942,#8943,#8944,#8945,#8946,#8947,#8948,#8949,#8950,#8951,
#8952,#8953,#8954,#8955,#8956,#8957,#8958,#8959,#8960,#8961,#8962,#8963,
#8964,#8965,#8966,#8967,#8968,#8969,#8970,#8971,#8972,#8973,#8974,#8975,
#8976,#8977,#8978,#8979,#8980,#8981,#8982,#8983,#8984,#8985),
 .UNSPECIFIED.,.F.,.F.,(4,3,3,3,3,3,3,3,3,3,3,3,3,3,3,3,3,3,3,3,3,3,3,3,
3,3,3,3,3,4),(0.,0.0936192542985442,0.188442962237543,0.284040381858098,
0.379717997344293,0.474829112102116,0.514959647240271,0.538218116327186,
0.547907640076577,0.635351252654736,0.730746506722958,0.827118045237932,
0.923958769631876,1.02066798559607,1.06027670903255,1.08343212584508,1.09765412000475,
1.19508301993105,1.29302910035496,1.33753777308794,1.43501462902698,1.53288734965896,
1.59790667157195,1.62635262490888,1.64075138807171,1.65539167117033,1.75480423461846,
1.85372868323992,1.95338530410138,2.05304192496284),.UNSPECIFIED.);
#829=B_SPLINE_CURVE_WITH_KNOTS('',3,(#8986,#8987,#8988,#8989,#8990,#8991,
#8992,#8993,#8994,#8995,#8996,#8997,#8998,#8999,#9000),.UNSPECIFIED.,.F.,
 .F.,(4,1,1,1,1,1,1,1,1,1,1,1,4),(10.3761157273102,10.4147454928739,10.9091803220569,
11.4036151512398,11.8980499804227,12.3924848096057,12.8869196387886,13.3813544679715,
13.8757892971544,14.3702241263374,14.8646589555203,15.3590937847032,15.7079632679489),
 .UNSPECIFIED.);
#830=B_SPLINE_CURVE_WITH_KNOTS('',3,(#9001,#9002,#9003,#9004,#9005,#9006,
#9007,#9008,#9009,#9010,#9011,#9012,#9013,#9014,#9015,#9016,#9017,#9018,
#9019,#9020,#9021,#9022,#9023,#9024,#9025),.UNSPECIFIED.,.F.,.F.,(4,3,3,
3,3,3,3,3,4),(1.59248484324434,1.66694306481178,1.67550083073142,1.77072018679581,
1.86653013124104,1.9621161174802,2.05701368005561,2.150345286697,2.18815061578386),
 .UNSPECIFIED.);
#831=B_SPLINE_CURVE_WITH_KNOTS('',3,(#9028,#9029,#9030,#9031,#9032,#9033,
#9034,#9035,#9036,#9037,#9038,#9039,#9040,#9041,#9042,#9043,#9044,#9045,
#9046,#9047,#9048,#9049,#9050,#9051,#9052,#9053,#9054,#9055),
 .UNSPECIFIED.,.F.,.F.,(4,3,3,3,3,3,3,3,3,4),(0.,0.0261935163837702,0.0543255221059676,
0.082640495208621,0.109932695973116,0.118525619334491,0.135421761299042,
0.174276023832088,0.21919004225618,0.246416576719993),.UNSPECIFIED.);
#832=B_SPLINE_CURVE_WITH_KNOTS('',3,(#9057,#9058,#9059,#9060,#9061,#9062,
#9063,#9064,#9065,#9066,#9067,#9068,#9069,#9070,#9071,#9072,#9073,#9074,
#9075,#9076,#9077,#9078,#9079,#9080,#9081,#9082,#9083,#9084,#9085,#9086,
#9087,#9088,#9089,#9090,#9091,#9092,#9093,#9094,#9095,#9096,#9097,#9098,
#9099,#9100,#9101,#9102,#9103,#9104,#9105,#9106,#9107,#9108,#9109,#9110,
#9111,#9112,#9113,#9114,#9115,#9116,#9117,#9118,#9119,#9120,#9121,#9122,
#9123,#9124,#9125,#9126,#9127,#9128,#9129),.UNSPECIFIED.,.F.,.F.,(4,3,3,
3,3,3,3,3,3,3,3,3,3,3,3,3,3,3,3,3,3,3,3,3,4),(0.777992613972966,0.87714063997681,
0.975640134412644,1.07244426063665,1.1431949164571,1.20976838824754,1.30665615090077,
1.40561273832256,1.50389461150026,1.60318855604409,1.70248250058792,1.79955896138329,
1.8965658202967,1.99270322312058,2.03110585920555,2.12825408583186,2.22512416253754,
2.25356025713756,2.34890459868935,2.44491884734953,2.54079661306551,2.63601479245828,
2.72956042590984,2.79642571271646,2.83420174313159),.UNSPECIFIED.);
#833=B_SPLINE_CURVE_WITH_KNOTS('',3,(#9723,#9724,#9725,#9726,#9727,#9728,
#9729,#9730,#9731,#9732,#9733,#9734),.UNSPECIFIED.,.F.,.F.,(4,1,1,1,1,1,
1,1,1,4),(-6.98724614514405,-6.27881977094283,-5.46107236904045,-4.64332496713806,
-3.82557756523567,-3.00783016333329,-2.1900827614309,-1.37233535952851,
-0.554587957626126,0.26315944427626),.UNSPECIFIED.);
#834=B_SPLINE_CURVE_WITH_KNOTS('',3,(#9735,#9736,#9737,#9738,#9739,#9740,
#9741,#9742,#9743,#9744,#9745,#9746,#9747,#9748,#9749,#9750,#9751,#9752,
#9753,#9754,#9755,#9756,#9757,#9758,#9759,#9760,#9761,#9762,#9763,#9764,
#9765,#9766,#9767,#9768,#9769,#9770,#9771,#9772,#9773,#9774,#9775,#9776,
#9777,#9778,#9779,#9780,#9781,#9782,#9783,#9784,#9785,#9786,#9787,#9788,
#9789,#9790,#9791,#9792,#9793,#9794,#9795,#9796,#9797,#9798,#9799,#9800,
#9801,#9802,#9803,#9804,#9805,#9806,#9807,#9808,#9809,#9810,#9811,#9812,
#9813,#9814,#9815,#9816,#9817,#9818,#9819,#9820,#9821,#9822,#9823,#9824,
#9825,#9826,#9827,#9828,#9829,#9830,#9831,#9832,#9833,#9834,#9835,#9836,
#9837,#9838,#9839,#9840,#9841,#9842,#9843,#9844,#9845,#9846,#9847,#9848,
#9849,#9850,#9851,#9852),.UNSPECIFIED.,.F.,.F.,(4,1,1,1,1,1,1,1,1,1,1,1,
1,1,1,1,1,1,1,1,1,1,1,1,1,1,1,1,1,1,1,1,1,1,1,1,1,1,1,1,1,1,1,1,1,1,1,1,
1,1,1,1,1,1,1,1,1,1,1,1,1,1,1,1,1,1,1,1,1,1,1,1,1,1,1,1,1,1,1,1,1,1,1,1,
1,1,1,1,1,1,1,1,1,1,1,1,1,1,1,1,1,1,1,1,1,1,1,1,1,1,1,1,1,1,1,4),(0.131576201075752,
0.554587957626126,1.37233535952851,2.1900827614309,3.00783016333329,3.82557756523567,
4.64332496713806,5.46107236904045,6.27881977094283,7.09656717284522,7.91431457474761,
8.73206197664999,9.54980937855238,10.3675567804548,11.1853041823572,12.0030515842595,
12.8207989861619,13.5476855656307,14.2745721450995,15.0014587245683,15.7283453040371,
16.4552318835059,17.1821184629746,17.9090050424434,18.2724483321778,18.6358916219122,
19.362778201381,20.0896647808498,20.8165513603186,21.5434379397874,22.6337678089906,
23.7240976781937,24.8144275473969,25.9047574166001,26.9950872858033,28.0854171550065,
29.1757470242096,30.2660768934128,30.9929634728816,31.7198500523504,32.4467366318192,
33.173623211288,33.6582142642672,34.6273963702256,35.5965784761839,36.0811695291631,
36.8080561086319,37.5349426881007,38.2618292675695,38.9887158470383,40.0790457162415,
41.1693755854446,42.2597054546478,43.350035323851,44.0769219033198,44.8038084827886,
45.5306950622574,46.3484424641598,47.1661898660622,47.9839372679645,48.8016846698669,
49.6194320717693,50.4371794736717,51.2549268755741,52.0726742774765,52.8904216793789,
53.7081690812812,54.5259164831836,55.343663885086,56.1614112869884,56.9791586888908,
57.7969060907932,58.6146534926956,59.1598184272972,59.7049833618988,60.7953132311019,
61.5221998105707,62.2490863900395,62.9759729695083,63.5211379041099,64.0663028387115,
64.6114677733131,65.1566327079147,66.2469625771178,67.337292446321,68.4276223155242,
68.9727872501258,69.5179521847274,70.2448387641962,70.971725343665,71.6986119231338,
72.4254985026025,73.3946806085609,73.8792716615401,74.3638627145193,75.3330448204777,
76.0599313999465,76.7868179794153,77.5137045588841,78.2405911383528,79.0583385402552,
79.8760859421576,80.69383334406,81.5115807459624,82.3293281478648,83.1470755497672,
83.9648229516696,84.7825703535719,85.6003177554743,86.4180651573767,87.2358125592791,
88.0535599611815,88.8713073630839,89.6890547649863,90.5068021668886,91.324549568791),
 .UNSPECIFIED.);
#835=B_SPLINE_CURVE_WITH_KNOTS('',3,(#10325,#10326,#10327,#10328,#10329,
#10330,#10331,#10332,#10333,#10334,#10335,#10336,#10337,#10338,#10339,#10340,
#10341,#10342,#10343,#10344,#10345,#10346,#10347,#10348,#10349),
 .UNSPECIFIED.,.F.,.F.,(4,3,3,3,3,3,3,3,4),(0.,0.0947438923338606,0.190564894313323,
0.286425192839408,0.381537306478857,0.412833470326311,0.5084585643547,0.541382358713368,
0.595098987996562),.UNSPECIFIED.);
#836=B_SPLINE_CURVE_WITH_KNOTS('',3,(#10350,#10351,#10352,#10353,#10354,
#10355,#10356,#10357,#10358,#10359,#10360,#10361,#10362,#10363,#10364,#10365,
#10366,#10367,#10368),.UNSPECIFIED.,.F.,.F.,(4,3,3,3,3,3,4),(1.50294694516196,
2.2955590688202,3.08817119247843,3.88078331613667,4.6733954397949,5.46600756345314,
5.65238207807058),.UNSPECIFIED.);
#837=B_SPLINE_CURVE_WITH_KNOTS('',3,(#10490,#10491,#10492,#10493,#10494,
#10495,#10496,#10497,#10498,#10499,#10500,#10501,#10502,#10503,#10504,#10505,
#10506,#10507),.UNSPECIFIED.,.F.,.F.,(4,2,2,2,2,2,2,2,4),(0.833884627672341,
0.938133584065779,1.04238254045922,1.14660474098386,1.25082694150851,1.35504914203316,
1.45927134255781,1.56352029895124,1.66776925534468),.UNSPECIFIED.);
#838=B_SPLINE_CURVE_WITH_KNOTS('',3,(#10511,#10512,#10513,#10514,#10515,
#10516,#10517,#10518,#10519,#10520,#10521,#10522,#10523,#10524,#10525,#10526,
#10527,#10528),.UNSPECIFIED.,.F.,.F.,(4,2,2,2,2,2,2,2,4),(1.66776925534468,
1.77201821173812,1.87626716813156,1.98048936865621,2.08471156918085,2.1889337697055,
2.29315597023015,2.39740492662358,2.50165388301702),.UNSPECIFIED.);
#839=B_SPLINE_CURVE_WITH_KNOTS('',3,(#10532,#10533,#10534,#10535,#10536,
#10537,#10538,#10539,#10540,#10541,#10542,#10543,#10544,#10545,#10546,#10547,
#10548,#10549,#10550,#10551,#10552,#10553,#10554,#10555,#10556,#10557,#10558,
#10559,#10560,#10561,#10562),.UNSPECIFIED.,.F.,.F.,(4,2,2,2,2,2,2,2,2,2,
2,3,2,2,4),(0.617382088239089,0.625386714885465,0.729635671278903,0.833884627672342,
0.93813358406578,1.04238254045922,1.14660474098387,1.25082694150851,1.35504914203316,
1.45927134255781,1.56352029895124,1.66776925534468,1.77201821173812,1.87626716813156,
1.88427179477794),.UNSPECIFIED.);
#840=LINE('',#6060,#1380);
#841=LINE('',#6078,#1381);
#842=LINE('',#6112,#1382);
#843=LINE('',#6147,#1383);
#844=LINE('',#6182,#1384);
#845=LINE('',#6216,#1385);
#846=LINE('',#6250,#1386);
#847=LINE('',#6283,#1387);
#848=LINE('',#6313,#1388);
#849=LINE('',#6347,#1389);
#850=LINE('',#6383,#1390);
#851=LINE('',#6417,#1391);
#852=LINE('',#6475,#1392);
#853=LINE('',#6536,#1393);
#854=LINE('',#6594,#1394);
#855=LINE('',#6648,#1395);
#856=LINE('',#6709,#1396);
#857=LINE('',#6767,#1397);
#858=LINE('',#6827,#1398);
#859=LINE('',#6885,#1399);
#860=LINE('',#6943,#1400);
#861=LINE('',#6945,#1401);
#862=LINE('',#6947,#1402);
#863=LINE('',#6948,#1403);
#864=LINE('',#6952,#1404);
#865=LINE('',#6954,#1405);
#866=LINE('',#6955,#1406);
#867=LINE('',#6956,#1407);
#868=LINE('',#6959,#1408);
#869=LINE('',#6961,#1409);
#870=LINE('',#6962,#1410);
#871=LINE('',#6965,#1411);
#872=LINE('',#6967,#1412);
#873=LINE('',#6969,#1413);
#874=LINE('',#6970,#1414);
#875=LINE('',#6973,#1415);
#876=LINE('',#6975,#1416);
#877=LINE('',#6976,#1417);
#878=LINE('',#6979,#1418);
#879=LINE('',#6981,#1419);
#880=LINE('',#6982,#1420);
#881=LINE('',#6985,#1421);
#882=LINE('',#6987,#1422);
#883=LINE('',#6988,#1423);
#884=LINE('',#6991,#1424);
#885=LINE('',#6993,#1425);
#886=LINE('',#6995,#1426);
#887=LINE('',#6997,#1427);
#888=LINE('',#6999,#1428);
#889=LINE('',#7001,#1429);
#890=LINE('',#7003,#1430);
#891=LINE('',#7005,#1431);
#892=LINE('',#7007,#1432);
#893=LINE('',#7008,#1433);
#894=LINE('',#7012,#1434);
#895=LINE('',#7014,#1435);
#896=LINE('',#7016,#1436);
#897=LINE('',#7017,#1437);
#898=LINE('',#7021,#1438);
#899=LINE('',#7023,#1439);
#900=LINE('',#7024,#1440);
#901=LINE('',#7025,#1441);
#902=LINE('',#7028,#1442);
#903=LINE('',#7030,#1443);
#904=LINE('',#7031,#1444);
#905=LINE('',#7034,#1445);
#906=LINE('',#7036,#1446);
#907=LINE('',#7038,#1447);
#908=LINE('',#7039,#1448);
#909=LINE('',#7041,#1449);
#910=LINE('',#7042,#1450);
#911=LINE('',#7045,#1451);
#912=LINE('',#7046,#1452);
#913=LINE('',#7049,#1453);
#914=LINE('',#7051,#1454);
#915=LINE('',#7053,#1455);
#916=LINE('',#7054,#1456);
#917=LINE('',#7057,#1457);
#918=LINE('',#7059,#1458);
#919=LINE('',#7060,#1459);
#920=LINE('',#7062,#1460);
#921=LINE('',#7066,#1461);
#922=LINE('',#7068,#1462);
#923=LINE('',#7070,#1463);
#924=LINE('',#7071,#1464);
#925=LINE('',#7075,#1465);
#926=LINE('',#7077,#1466);
#927=LINE('',#7078,#1467);
#928=LINE('',#7079,#1468);
#929=LINE('',#7082,#1469);
#930=LINE('',#7084,#1470);
#931=LINE('',#7085,#1471);
#932=LINE('',#7088,#1472);
#933=LINE('',#7090,#1473);
#934=LINE('',#7092,#1474);
#935=LINE('',#7093,#1475);
#936=LINE('',#7096,#1476);
#937=LINE('',#7098,#1477);
#938=LINE('',#7099,#1478);
#939=LINE('',#7102,#1479);
#940=LINE('',#7104,#1480);
#941=LINE('',#7105,#1481);
#942=LINE('',#7108,#1482);
#943=LINE('',#7110,#1483);
#944=LINE('',#7112,#1484);
#945=LINE('',#7113,#1485);
#946=LINE('',#7116,#1486);
#947=LINE('',#7117,#1487);
#948=LINE('',#7120,#1488);
#949=LINE('',#7122,#1489);
#950=LINE('',#7124,#1490);
#951=LINE('',#7126,#1491);
#952=LINE('',#7128,#1492);
#953=LINE('',#7130,#1493);
#954=LINE('',#7132,#1494);
#955=LINE('',#7134,#1495);
#956=LINE('',#7135,#1496);
#957=LINE('',#7138,#1497);
#958=LINE('',#7140,#1498);
#959=LINE('',#7141,#1499);
#960=LINE('',#7145,#1500);
#961=LINE('',#7147,#1501);
#962=LINE('',#7148,#1502);
#963=LINE('',#7149,#1503);
#964=LINE('',#7152,#1504);
#965=LINE('',#7154,#1505);
#966=LINE('',#7155,#1506);
#967=LINE('',#7158,#1507);
#968=LINE('',#7160,#1508);
#969=LINE('',#7162,#1509);
#970=LINE('',#7163,#1510);
#971=LINE('',#7166,#1511);
#972=LINE('',#7168,#1512);
#973=LINE('',#7169,#1513);
#974=LINE('',#7172,#1514);
#975=LINE('',#7173,#1515);
#976=LINE('',#7176,#1516);
#977=LINE('',#7178,#1517);
#978=LINE('',#7179,#1518);
#979=LINE('',#7183,#1519);
#980=LINE('',#7185,#1520);
#981=LINE('',#7187,#1521);
#982=LINE('',#7188,#1522);
#983=LINE('',#7192,#1523);
#984=LINE('',#7194,#1524);
#985=LINE('',#7196,#1525);
#986=LINE('',#7199,#1526);
#987=LINE('',#7201,#1527);
#988=LINE('',#7202,#1528);
#989=LINE('',#7205,#1529);
#990=LINE('',#7207,#1530);
#991=LINE('',#7208,#1531);
#992=LINE('',#7211,#1532);
#993=LINE('',#7212,#1533);
#994=LINE('',#7216,#1534);
#995=LINE('',#7218,#1535);
#996=LINE('',#7219,#1536);
#997=LINE('',#7221,#1537);
#998=LINE('',#7223,#1538);
#999=LINE('',#7226,#1539);
#1000=LINE('',#7228,#1540);
#1001=LINE('',#7230,#1541);
#1002=LINE('',#7232,#1542);
#1003=LINE('',#7234,#1543);
#1004=LINE('',#7236,#1544);
#1005=LINE('',#7238,#1545);
#1006=LINE('',#7240,#1546);
#1007=LINE('',#7242,#1547);
#1008=LINE('',#7244,#1548);
#1009=LINE('',#7246,#1549);
#1010=LINE('',#7248,#1550);
#1011=LINE('',#7250,#1551);
#1012=LINE('',#7252,#1552);
#1013=LINE('',#7254,#1553);
#1014=LINE('',#7255,#1554);
#1015=LINE('',#7258,#1555);
#1016=LINE('',#7259,#1556);
#1017=LINE('',#7262,#1557);
#1018=LINE('',#7263,#1558);
#1019=LINE('',#7267,#1559);
#1020=LINE('',#7269,#1560);
#1021=LINE('',#7271,#1561);
#1022=LINE('',#7272,#1562);
#1023=LINE('',#7276,#1563);
#1024=LINE('',#7278,#1564);
#1025=LINE('',#7280,#1565);
#1026=LINE('',#7281,#1566);
#1027=LINE('',#7285,#1567);
#1028=LINE('',#7287,#1568);
#1029=LINE('',#7289,#1569);
#1030=LINE('',#7290,#1570);
#1031=LINE('',#7293,#1571);
#1032=LINE('',#7295,#1572);
#1033=LINE('',#7297,#1573);
#1034=LINE('',#7299,#1574);
#1035=LINE('',#7301,#1575);
#1036=LINE('',#7303,#1576);
#1037=LINE('',#7305,#1577);
#1038=LINE('',#7307,#1578);
#1039=LINE('',#7309,#1579);
#1040=LINE('',#7311,#1580);
#1041=LINE('',#7312,#1581);
#1042=LINE('',#7315,#1582);
#1043=LINE('',#7317,#1583);
#1044=LINE('',#7319,#1584);
#1045=LINE('',#7320,#1585);
#1046=LINE('',#7322,#1586);
#1047=LINE('',#7324,#1587);
#1048=LINE('',#7325,#1588);
#1049=LINE('',#7328,#1589);
#1050=LINE('',#7330,#1590);
#1051=LINE('',#7331,#1591);
#1052=LINE('',#7335,#1592);
#1053=LINE('',#7337,#1593);
#1054=LINE('',#7339,#1594);
#1055=LINE('',#7340,#1595);
#1056=LINE('',#7343,#1596);
#1057=LINE('',#7345,#1597);
#1058=LINE('',#7346,#1598);
#1059=LINE('',#7348,#1599);
#1060=LINE('',#7350,#1600);
#1061=LINE('',#7352,#1601);
#1062=LINE('',#7353,#1602);
#1063=LINE('',#7354,#1603);
#1064=LINE('',#7355,#1604);
#1065=LINE('',#7356,#1605);
#1066=LINE('',#7363,#1606);
#1067=LINE('',#7368,#1607);
#1068=LINE('',#7377,#1608);
#1069=LINE('',#7383,#1609);
#1070=LINE('',#7389,#1610);
#1071=LINE('',#7396,#1611);
#1072=LINE('',#7403,#1612);
#1073=LINE('',#7404,#1613);
#1074=LINE('',#7405,#1614);
#1075=LINE('',#7408,#1615);
#1076=LINE('',#7409,#1616);
#1077=LINE('',#7412,#1617);
#1078=LINE('',#7413,#1618);
#1079=LINE('',#7416,#1619);
#1080=LINE('',#7422,#1620);
#1081=LINE('',#7423,#1621);
#1082=LINE('',#7424,#1622);
#1083=LINE('',#7427,#1623);
#1084=LINE('',#7428,#1624);
#1085=LINE('',#7431,#1625);
#1086=LINE('',#7432,#1626);
#1087=LINE('',#7435,#1627);
#1088=LINE('',#7440,#1628);
#1089=LINE('',#7442,#1629);
#1090=LINE('',#7443,#1630);
#1091=LINE('',#7448,#1631);
#1092=LINE('',#7449,#1632);
#1093=LINE('',#7454,#1633);
#1094=LINE('',#7455,#1634);
#1095=LINE('',#7460,#1635);
#1096=LINE('',#7477,#1636);
#1097=LINE('',#7480,#1637);
#1098=LINE('',#7484,#1638);
#1099=LINE('',#7488,#1639);
#1100=LINE('',#7492,#1640);
#1101=LINE('',#10372,#1641);
#1102=LINE('',#10380,#1642);
#1103=LINE('',#10382,#1643);
#1104=LINE('',#10384,#1644);
#1105=LINE('',#10385,#1645);
#1106=LINE('',#10387,#1646);
#1107=LINE('',#10390,#1647);
#1108=LINE('',#10391,#1648);
#1109=LINE('',#10394,#1649);
#1110=LINE('',#10396,#1650);
#1111=LINE('',#10397,#1651);
#1112=LINE('',#10400,#1652);
#1113=LINE('',#10402,#1653);
#1114=LINE('',#10403,#1654);
#1115=LINE('',#10407,#1655);
#1116=LINE('',#10409,#1656);
#1117=LINE('',#10411,#1657);
#1118=LINE('',#10412,#1658);
#1119=LINE('',#10415,#1659);
#1120=LINE('',#10417,#1660);
#1121=LINE('',#10419,#1661);
#1122=LINE('',#10420,#1662);
#1123=LINE('',#10423,#1663);
#1124=LINE('',#10425,#1664);
#1125=LINE('',#10427,#1665);
#1126=LINE('',#10428,#1666);
#1127=LINE('',#10431,#1667);
#1128=LINE('',#10433,#1668);
#1129=LINE('',#10435,#1669);
#1130=LINE('',#10437,#1670);
#1131=LINE('',#10438,#1671);
#1132=LINE('',#10441,#1672);
#1133=LINE('',#10443,#1673);
#1134=LINE('',#10445,#1674);
#1135=LINE('',#10446,#1675);
#1136=LINE('',#10449,#1676);
#1137=LINE('',#10451,#1677);
#1138=LINE('',#10453,#1678);
#1139=LINE('',#10457,#1679);
#1140=LINE('',#10458,#1680);
#1141=LINE('',#10461,#1681);
#1142=LINE('',#10462,#1682);
#1143=LINE('',#10465,#1683);
#1144=LINE('',#10466,#1684);
#1145=LINE('',#10469,#1685);
#1146=LINE('',#10470,#1686);
#1147=LINE('',#10473,#1687);
#1148=LINE('',#10475,#1688);
#1149=LINE('',#10477,#1689);
#1150=LINE('',#10481,#1690);
#1151=LINE('',#10482,#1691);
#1152=LINE('',#10485,#1692);
#1153=LINE('',#10486,#1693);
#1154=LINE('',#10509,#1694);
#1155=LINE('',#10564,#1695);
#1156=LINE('',#10567,#1696);
#1157=LINE('',#10572,#1697);
#1158=LINE('',#10578,#1698);
#1159=LINE('',#10582,#1699);
#1160=LINE('',#10583,#1700);
#1161=LINE('',#10586,#1701);
#1162=LINE('',#10587,#1702);
#1163=LINE('',#10590,#1703);
#1164=LINE('',#10594,#1704);
#1165=LINE('',#10596,#1705);
#1166=LINE('',#10597,#1706);
#1167=LINE('',#10600,#1707);
#1168=LINE('',#10604,#1708);
#1169=LINE('',#10606,#1709);
#1170=LINE('',#10607,#1710);
#1171=LINE('',#10610,#1711);
#1172=LINE('',#10612,#1712);
#1173=LINE('',#10613,#1713);
#1174=LINE('',#10615,#1714);
#1175=LINE('',#10618,#1715);
#1176=LINE('',#10619,#1716);
#1177=LINE('',#10622,#1717);
#1178=LINE('',#10623,#1718);
#1179=LINE('',#10625,#1719);
#1180=LINE('',#10626,#1720);
#1181=LINE('',#10630,#1721);
#1182=LINE('',#10632,#1722);
#1183=LINE('',#10634,#1723);
#1184=LINE('',#10635,#1724);
#1185=LINE('',#10639,#1725);
#1186=LINE('',#10641,#1726);
#1187=LINE('',#10643,#1727);
#1188=LINE('',#10644,#1728);
#1189=LINE('',#10648,#1729);
#1190=LINE('',#10650,#1730);
#1191=LINE('',#10652,#1731);
#1192=LINE('',#10653,#1732);
#1193=LINE('',#10657,#1733);
#1194=LINE('',#10659,#1734);
#1195=LINE('',#10661,#1735);
#1196=LINE('',#10662,#1736);
#1197=LINE('',#10664,#1737);
#1198=LINE('',#10665,#1738);
#1199=LINE('',#10668,#1739);
#1200=LINE('',#10669,#1740);
#1201=LINE('',#10671,#1741);
#1202=LINE('',#10673,#1742);
#1203=LINE('',#10674,#1743);
#1204=LINE('',#10676,#1744);
#1205=LINE('',#10677,#1745);
#1206=LINE('',#10679,#1746);
#1207=LINE('',#10681,#1747);
#1208=LINE('',#10684,#1748);
#1209=LINE('',#10686,#1749);
#1210=LINE('',#10687,#1750);
#1211=LINE('',#10689,#1751);
#1212=LINE('',#10691,#1752);
#1213=LINE('',#10693,#1753);
#1214=LINE('',#10695,#1754);
#1215=LINE('',#10697,#1755);
#1216=LINE('',#10699,#1756);
#1217=LINE('',#10701,#1757);
#1218=LINE('',#10703,#1758);
#1219=LINE('',#10705,#1759);
#1220=LINE('',#10707,#1760);
#1221=LINE('',#10708,#1761);
#1222=LINE('',#10710,#1762);
#1223=LINE('',#10712,#1763);
#1224=LINE('',#10713,#1764);
#1225=LINE('',#10715,#1765);
#1226=LINE('',#10717,#1766);
#1227=LINE('',#10719,#1767);
#1228=LINE('',#10721,#1768);
#1229=LINE('',#10723,#1769);
#1230=LINE('',#10725,#1770);
#1231=LINE('',#10727,#1771);
#1232=LINE('',#10729,#1772);
#1233=LINE('',#10731,#1773);
#1234=LINE('',#10733,#1774);
#1235=LINE('',#10735,#1775);
#1236=LINE('',#10737,#1776);
#1237=LINE('',#10739,#1777);
#1238=LINE('',#10741,#1778);
#1239=LINE('',#10742,#1779);
#1240=LINE('',#10743,#1780);
#1241=LINE('',#10744,#1781);
#1242=LINE('',#10745,#1782);
#1243=LINE('',#10746,#1783);
#1244=LINE('',#10750,#1784);
#1245=LINE('',#10751,#1785);
#1246=LINE('',#10753,#1786);
#1247=LINE('',#10755,#1787);
#1248=LINE('',#10756,#1788);
#1249=LINE('',#10758,#1789);
#1250=LINE('',#10760,#1790);
#1251=LINE('',#10761,#1791);
#1252=LINE('',#10763,#1792);
#1253=LINE('',#10764,#1793);
#1254=LINE('',#10767,#1794);
#1255=LINE('',#10768,#1795);
#1256=LINE('',#10771,#1796);
#1257=LINE('',#10772,#1797);
#1258=LINE('',#10775,#1798);
#1259=LINE('',#10776,#1799);
#1260=LINE('',#10778,#1800);
#1261=LINE('',#10782,#1801);
#1262=LINE('',#10783,#1802);
#1263=LINE('',#10784,#1803);
#1264=LINE('',#10787,#1804);
#1265=LINE('',#10788,#1805);
#1266=LINE('',#10791,#1806);
#1267=LINE('',#10792,#1807);
#1268=LINE('',#10795,#1808);
#1269=LINE('',#10796,#1809);
#1270=LINE('',#10800,#1810);
#1271=LINE('',#10801,#1811);
#1272=LINE('',#10802,#1812);
#1273=LINE('',#10805,#1813);
#1274=LINE('',#10806,#1814);
#1275=LINE('',#10809,#1815);
#1276=LINE('',#10810,#1816);
#1277=LINE('',#10813,#1817);
#1278=LINE('',#10814,#1818);
#1279=LINE('',#10817,#1819);
#1280=LINE('',#10818,#1820);
#1281=LINE('',#10820,#1821);
#1282=LINE('',#10828,#1822);
#1283=LINE('',#10833,#1823);
#1284=LINE('',#10835,#1824);
#1285=LINE('',#10836,#1825);
#1286=LINE('',#10839,#1826);
#1287=LINE('',#10841,#1827);
#1288=LINE('',#10842,#1828);
#1289=LINE('',#10844,#1829);
#1290=LINE('',#10846,#1830);
#1291=LINE('',#10849,#1831);
#1292=LINE('',#10850,#1832);
#1293=LINE('',#10853,#1833);
#1294=LINE('',#10854,#1834);
#1295=LINE('',#10856,#1835);
#1296=LINE('',#10860,#1836);
#1297=LINE('',#10861,#1837);
#1298=LINE('',#10863,#1838);
#1299=LINE('',#10866,#1839);
#1300=LINE('',#10868,#1840);
#1301=LINE('',#10871,#1841);
#1302=LINE('',#10873,#1842);
#1303=LINE('',#10876,#1843);
#1304=LINE('',#10877,#1844);
#1305=LINE('',#10880,#1845);
#1306=LINE('',#10883,#1846);
#1307=LINE('',#10885,#1847);
#1308=LINE('',#10886,#1848);
#1309=LINE('',#10888,#1849);
#1310=LINE('',#10890,#1850);
#1311=LINE('',#10893,#1851);
#1312=LINE('',#10895,#1852);
#1313=LINE('',#10896,#1853);
#1314=LINE('',#10898,#1854);
#1315=LINE('',#10899,#1855);
#1316=LINE('',#10901,#1856);
#1317=LINE('',#10902,#1857);
#1318=LINE('',#10906,#1858);
#1319=LINE('',#10908,#1859);
#1320=LINE('',#10909,#1860);
#1321=LINE('',#10911,#1861);
#1322=LINE('',#10912,#1862);
#1323=LINE('',#10914,#1863);
#1324=LINE('',#10915,#1864);
#1325=LINE('',#10922,#1865);
#1326=LINE('',#10923,#1866);
#1327=LINE('',#10925,#1867);
#1328=LINE('',#10928,#1868);
#1329=LINE('',#10932,#1869);
#1330=LINE('',#10933,#1870);
#1331=LINE('',#10936,#1871);
#1332=LINE('',#10937,#1872);
#1333=LINE('',#10940,#1873);
#1334=LINE('',#10941,#1874);
#1335=LINE('',#10943,#1875);
#1336=LINE('',#10946,#1876);
#1337=LINE('',#10947,#1877);
#1338=LINE('',#10950,#1878);
#1339=LINE('',#10954,#1879);
#1340=LINE('',#10956,#1880);
#1341=LINE('',#10957,#1881);
#1342=LINE('',#10960,#1882);
#1343=LINE('',#10962,#1883);
#1344=LINE('',#10963,#1884);
#1345=LINE('',#10966,#1885);
#1346=LINE('',#10967,#1886);
#1347=LINE('',#10970,#1887);
#1348=LINE('',#10971,#1888);
#1349=LINE('',#10974,#1889);
#1350=LINE('',#10975,#1890);
#1351=LINE('',#10977,#1891);
#1352=LINE('',#10980,#1892);
#1353=LINE('',#10981,#1893);
#1354=LINE('',#10983,#1894);
#1355=LINE('',#10990,#1895);
#1356=LINE('',#10992,#1896);
#1357=LINE('',#10994,#1897);
#1358=LINE('',#10998,#1898);
#1359=LINE('',#11000,#1899);
#1360=LINE('',#11001,#1900);
#1361=LINE('',#11004,#1901);
#1362=LINE('',#11006,#1902);
#1363=LINE('',#11007,#1903);
#1364=LINE('',#11011,#1904);
#1365=LINE('',#11016,#1905);
#1366=LINE('',#11017,#1906);
#1367=LINE('',#11020,#1907);
#1368=LINE('',#11021,#1908);
#1369=LINE('',#11023,#1909);
#1370=LINE('',#11024,#1910);
#1371=LINE('',#11026,#1911);
#1372=LINE('',#11027,#1912);
#1373=LINE('',#11031,#1913);
#1374=LINE('',#11033,#1914);
#1375=LINE('',#11035,#1915);
#1376=LINE('',#11038,#1916);
#1377=LINE('',#11044,#1917);
#1378=LINE('',#11047,#1918);
#1379=LINE('',#11048,#1919);
#1380=VECTOR('',#4930,14.);
#1381=VECTOR('',#4935,14.);
#1382=VECTOR('',#4938,14.);
#1383=VECTOR('',#4941,14.);
#1384=VECTOR('',#4944,14.);
#1385=VECTOR('',#4947,14.);
#1386=VECTOR('',#4950,14.);
#1387=VECTOR('',#4953,14.);
#1388=VECTOR('',#4956,14.);
#1389=VECTOR('',#4959,14.);
#1390=VECTOR('',#4962,13.7645);
#1391=VECTOR('',#4967,13.7645);
#1392=VECTOR('',#4970,13.7645);
#1393=VECTOR('',#4973,13.7645);
#1394=VECTOR('',#4976,13.7645);
#1395=VECTOR('',#4979,13.7645);
#1396=VECTOR('',#4982,13.7645);
#1397=VECTOR('',#4985,13.7645);
#1398=VECTOR('',#4988,13.7645);
#1399=VECTOR('',#4991,13.7645);
#1400=VECTOR('',#4994,1000.);
#1401=VECTOR('',#4995,10.);
#1402=VECTOR('',#4996,10.);
#1403=VECTOR('',#4997,10.);
#1404=VECTOR('',#5000,10.);
#1405=VECTOR('',#5001,10.);
#1406=VECTOR('',#5002,10.);
#1407=VECTOR('',#5003,10.);
#1408=VECTOR('',#5006,10.);
#1409=VECTOR('',#5007,10.);
#1410=VECTOR('',#5008,10.);
#1411=VECTOR('',#5011,10.);
#1412=VECTOR('',#5012,10.);
#1413=VECTOR('',#5013,10.);
#1414=VECTOR('',#5014,10.);
#1415=VECTOR('',#5017,1000.);
#1416=VECTOR('',#5018,10.);
#1417=VECTOR('',#5019,10.);
#1418=VECTOR('',#5022,10.);
#1419=VECTOR('',#5023,10.);
#1420=VECTOR('',#5024,10.);
#1421=VECTOR('',#5027,10.);
#1422=VECTOR('',#5028,1000.);
#1423=VECTOR('',#5029,1000.);
#1424=VECTOR('',#5032,1000.);
#1425=VECTOR('',#5033,1000.);
#1426=VECTOR('',#5034,1000.);
#1427=VECTOR('',#5035,1000.);
#1428=VECTOR('',#5036,1000.);
#1429=VECTOR('',#5037,1000.);
#1430=VECTOR('',#5038,1000.);
#1431=VECTOR('',#5039,10.);
#1432=VECTOR('',#5040,10.);
#1433=VECTOR('',#5041,1000.);
#1434=VECTOR('',#5044,1000.);
#1435=VECTOR('',#5045,10.);
#1436=VECTOR('',#5046,10.);
#1437=VECTOR('',#5047,10.);
#1438=VECTOR('',#5050,10.);
#1439=VECTOR('',#5051,10.);
#1440=VECTOR('',#5052,10.);
#1441=VECTOR('',#5053,10.);
#1442=VECTOR('',#5056,10.);
#1443=VECTOR('',#5057,10.);
#1444=VECTOR('',#5058,10.);
#1445=VECTOR('',#5061,10.);
#1446=VECTOR('',#5062,10.);
#1447=VECTOR('',#5063,10.);
#1448=VECTOR('',#5064,10.);
#1449=VECTOR('',#5067,1000.);
#1450=VECTOR('',#5068,10.);
#1451=VECTOR('',#5071,10.);
#1452=VECTOR('',#5072,10.);
#1453=VECTOR('',#5075,1000.);
#1454=VECTOR('',#5076,1000.);
#1455=VECTOR('',#5077,1000.);
#1456=VECTOR('',#5078,1000.);
#1457=VECTOR('',#5081,10.);
#1458=VECTOR('',#5082,10.);
#1459=VECTOR('',#5083,1000.);
#1460=VECTOR('',#5086,1000.);
#1461=VECTOR('',#5089,1000.);
#1462=VECTOR('',#5090,10.);
#1463=VECTOR('',#5091,10.);
#1464=VECTOR('',#5092,10.);
#1465=VECTOR('',#5095,10.);
#1466=VECTOR('',#5096,10.);
#1467=VECTOR('',#5097,10.);
#1468=VECTOR('',#5098,10.);
#1469=VECTOR('',#5101,10.);
#1470=VECTOR('',#5102,10.);
#1471=VECTOR('',#5103,10.);
#1472=VECTOR('',#5106,10.);
#1473=VECTOR('',#5107,10.);
#1474=VECTOR('',#5108,10.);
#1475=VECTOR('',#5109,10.);
#1476=VECTOR('',#5112,1000.);
#1477=VECTOR('',#5113,10.);
#1478=VECTOR('',#5114,10.);
#1479=VECTOR('',#5117,10.);
#1480=VECTOR('',#5118,10.);
#1481=VECTOR('',#5119,10.);
#1482=VECTOR('',#5122,1000.);
#1483=VECTOR('',#5123,1000.);
#1484=VECTOR('',#5124,1000.);
#1485=VECTOR('',#5125,1000.);
#1486=VECTOR('',#5128,1000.);
#1487=VECTOR('',#5129,1000.);
#1488=VECTOR('',#5132,1000.);
#1489=VECTOR('',#5133,10.);
#1490=VECTOR('',#5134,10.);
#1491=VECTOR('',#5135,1000.);
#1492=VECTOR('',#5136,1000.);
#1493=VECTOR('',#5137,1000.);
#1494=VECTOR('',#5138,1000.);
#1495=VECTOR('',#5139,1000.);
#1496=VECTOR('',#5140,1000.);
#1497=VECTOR('',#5143,1000.);
#1498=VECTOR('',#5144,10.);
#1499=VECTOR('',#5145,10.);
#1500=VECTOR('',#5148,10.);
#1501=VECTOR('',#5149,10.);
#1502=VECTOR('',#5150,10.);
#1503=VECTOR('',#5151,10.);
#1504=VECTOR('',#5154,10.);
#1505=VECTOR('',#5155,10.);
#1506=VECTOR('',#5156,10.);
#1507=VECTOR('',#5159,10.);
#1508=VECTOR('',#5160,10.);
#1509=VECTOR('',#5161,10.);
#1510=VECTOR('',#5162,10.);
#1511=VECTOR('',#5165,1000.);
#1512=VECTOR('',#5166,10.);
#1513=VECTOR('',#5167,10.);
#1514=VECTOR('',#5170,10.);
#1515=VECTOR('',#5171,10.);
#1516=VECTOR('',#5174,10.);
#1517=VECTOR('',#5175,1000.);
#1518=VECTOR('',#5176,1000.);
#1519=VECTOR('',#5179,10.);
#1520=VECTOR('',#5180,10.);
#1521=VECTOR('',#5181,10.);
#1522=VECTOR('',#5182,10.);
#1523=VECTOR('',#5185,10.);
#1524=VECTOR('',#5186,10.);
#1525=VECTOR('',#5187,10.);
#1526=VECTOR('',#5190,10.);
#1527=VECTOR('',#5191,10.);
#1528=VECTOR('',#5192,10.);
#1529=VECTOR('',#5195,10.);
#1530=VECTOR('',#5196,10.);
#1531=VECTOR('',#5197,10.);
#1532=VECTOR('',#5200,10.);
#1533=VECTOR('',#5201,10.);
#1534=VECTOR('',#5204,10.);
#1535=VECTOR('',#5205,10.);
#1536=VECTOR('',#5206,10.);
#1537=VECTOR('',#5209,10.);
#1538=VECTOR('',#5212,10.);
#1539=VECTOR('',#5215,10.);
#1540=VECTOR('',#5216,10.);
#1541=VECTOR('',#5217,10.);
#1542=VECTOR('',#5218,10.);
#1543=VECTOR('',#5219,10.);
#1544=VECTOR('',#5220,10.);
#1545=VECTOR('',#5221,10.);
#1546=VECTOR('',#5222,1000.);
#1547=VECTOR('',#5223,1000.);
#1548=VECTOR('',#5224,10.);
#1549=VECTOR('',#5225,1000.);
#1550=VECTOR('',#5226,1000.);
#1551=VECTOR('',#5227,10.);
#1552=VECTOR('',#5228,10.);
#1553=VECTOR('',#5229,10.);
#1554=VECTOR('',#5230,10.);
#1555=VECTOR('',#5233,10.);
#1556=VECTOR('',#5234,10.);
#1557=VECTOR('',#5237,10.);
#1558=VECTOR('',#5238,10.);
#1559=VECTOR('',#5241,10.);
#1560=VECTOR('',#5242,10.);
#1561=VECTOR('',#5243,10.);
#1562=VECTOR('',#5244,10.);
#1563=VECTOR('',#5247,10.);
#1564=VECTOR('',#5248,10.);
#1565=VECTOR('',#5249,10.);
#1566=VECTOR('',#5250,10.);
#1567=VECTOR('',#5253,10.);
#1568=VECTOR('',#5254,10.);
#1569=VECTOR('',#5255,10.);
#1570=VECTOR('',#5256,10.);
#1571=VECTOR('',#5259,10.);
#1572=VECTOR('',#5260,10.);
#1573=VECTOR('',#5261,10.);
#1574=VECTOR('',#5262,10.);
#1575=VECTOR('',#5263,10.);
#1576=VECTOR('',#5264,10.);
#1577=VECTOR('',#5265,10.);
#1578=VECTOR('',#5266,10.);
#1579=VECTOR('',#5267,10.);
#1580=VECTOR('',#5268,10.);
#1581=VECTOR('',#5269,10.);
#1582=VECTOR('',#5270,10.);
#1583=VECTOR('',#5271,10.);
#1584=VECTOR('',#5272,10.);
#1585=VECTOR('',#5273,10.);
#1586=VECTOR('',#5274,10.);
#1587=VECTOR('',#5275,10.);
#1588=VECTOR('',#5276,10.);
#1589=VECTOR('',#5279,10.);
#1590=VECTOR('',#5280,10.);
#1591=VECTOR('',#5281,10.);
#1592=VECTOR('',#5284,10.);
#1593=VECTOR('',#5285,10.);
#1594=VECTOR('',#5286,10.);
#1595=VECTOR('',#5287,10.);
#1596=VECTOR('',#5290,10.);
#1597=VECTOR('',#5291,10.);
#1598=VECTOR('',#5292,10.);
#1599=VECTOR('',#5295,10.);
#1600=VECTOR('',#5296,10.);
#1601=VECTOR('',#5297,10.);
#1602=VECTOR('',#5298,10.);
#1603=VECTOR('',#5299,10.);
#1604=VECTOR('',#5300,10.);
#1605=VECTOR('',#5301,10.);
#1606=VECTOR('',#5308,10.);
#1607=VECTOR('',#5313,6.);
#1608=VECTOR('',#5328,10.);
#1609=VECTOR('',#5335,10.);
#1610=VECTOR('',#5342,8.);
#1611=VECTOR('',#5351,11.5);
#1612=VECTOR('',#5360,10.);
#1613=VECTOR('',#5361,10.);
#1614=VECTOR('',#5362,10.);
#1615=VECTOR('',#5365,10.);
#1616=VECTOR('',#5366,10.);
#1617=VECTOR('',#5369,10.);
#1618=VECTOR('',#5370,10.);
#1619=VECTOR('',#5375,10.);
#1620=VECTOR('',#5382,10.);
#1621=VECTOR('',#5383,10.);
#1622=VECTOR('',#5384,10.);
#1623=VECTOR('',#5387,10.);
#1624=VECTOR('',#5388,10.);
#1625=VECTOR('',#5391,10.);
#1626=VECTOR('',#5392,10.);
#1627=VECTOR('',#5397,10.);
#1628=VECTOR('',#5402,10.);
#1629=VECTOR('',#5403,10.);
#1630=VECTOR('',#5404,10.);
#1631=VECTOR('',#5409,10.);
#1632=VECTOR('',#5410,10.);
#1633=VECTOR('',#5415,10.);
#1634=VECTOR('',#5416,10.);
#1635=VECTOR('',#5421,10.);
#1636=VECTOR('',#5442,6.);
#1637=VECTOR('',#5443,10.);
#1638=VECTOR('',#5446,10.);
#1639=VECTOR('',#5449,10.);
#1640=VECTOR('',#5452,10.);
#1641=VECTOR('',#5473,11.75);
#1642=VECTOR('',#5484,10.);
#1643=VECTOR('',#5485,10.);
#1644=VECTOR('',#5486,1000.);
#1645=VECTOR('',#5487,1000.);
#1646=VECTOR('',#5490,1000.);
#1647=VECTOR('',#5493,1000.);
#1648=VECTOR('',#5494,1000.);
#1649=VECTOR('',#5497,10.);
#1650=VECTOR('',#5498,1000.);
#1651=VECTOR('',#5499,1000.);
#1652=VECTOR('',#5502,1000.);
#1653=VECTOR('',#5503,1000.);
#1654=VECTOR('',#5504,10.);
#1655=VECTOR('',#5507,10.);
#1656=VECTOR('',#5508,10.);
#1657=VECTOR('',#5509,1000.);
#1658=VECTOR('',#5510,1000.);
#1659=VECTOR('',#5513,10.);
#1660=VECTOR('',#5514,10.);
#1661=VECTOR('',#5515,10.);
#1662=VECTOR('',#5516,10.);
#1663=VECTOR('',#5519,10.);
#1664=VECTOR('',#5520,10.);
#1665=VECTOR('',#5521,10.);
#1666=VECTOR('',#5522,10.);
#1667=VECTOR('',#5525,10.);
#1668=VECTOR('',#5526,10.);
#1669=VECTOR('',#5527,10.);
#1670=VECTOR('',#5528,10.);
#1671=VECTOR('',#5529,10.);
#1672=VECTOR('',#5532,10.);
#1673=VECTOR('',#5533,10.);
#1674=VECTOR('',#5534,10.);
#1675=VECTOR('',#5535,10.);
#1676=VECTOR('',#5538,1000.);
#1677=VECTOR('',#5539,10.);
#1678=VECTOR('',#5540,1000.);
#1679=VECTOR('',#5543,1000.);
#1680=VECTOR('',#5544,1000.);
#1681=VECTOR('',#5547,10.);
#1682=VECTOR('',#5548,10.);
#1683=VECTOR('',#5551,1000.);
#1684=VECTOR('',#5552,1000.);
#1685=VECTOR('',#5555,1000.);
#1686=VECTOR('',#5556,1000.);
#1687=VECTOR('',#5559,1000.);
#1688=VECTOR('',#5560,1000.);
#1689=VECTOR('',#5561,1000.);
#1690=VECTOR('',#5564,1000.);
#1691=VECTOR('',#5565,1000.);
#1692=VECTOR('',#5568,10.);
#1693=VECTOR('',#5569,1000.);
#1694=VECTOR('',#5572,2.75);
#1695=VECTOR('',#5577,1000.);
#1696=VECTOR('',#5580,1000.);
#1697=VECTOR('',#5585,1.5);
#1698=VECTOR('',#5592,1.5);
#1699=VECTOR('',#5597,1000.);
#1700=VECTOR('',#5598,1000.);
#1701=VECTOR('',#5601,1000.);
#1702=VECTOR('',#5602,1000.);
#1703=VECTOR('',#5605,1000.);
#1704=VECTOR('',#5608,1000.);
#1705=VECTOR('',#5609,1000.);
#1706=VECTOR('',#5610,1000.);
#1707=VECTOR('',#5613,1000.);
#1708=VECTOR('',#5616,1000.);
#1709=VECTOR('',#5617,10.);
#1710=VECTOR('',#5618,1000.);
#1711=VECTOR('',#5621,1000.);
#1712=VECTOR('',#5622,1000.);
#1713=VECTOR('',#5623,1000.);
#1714=VECTOR('',#5626,1000.);
#1715=VECTOR('',#5629,1000.);
#1716=VECTOR('',#5630,1000.);
#1717=VECTOR('',#5633,1000.);
#1718=VECTOR('',#5634,1000.);
#1719=VECTOR('',#5637,1000.);
#1720=VECTOR('',#5638,10.);
#1721=VECTOR('',#5641,1000.);
#1722=VECTOR('',#5642,1000.);
#1723=VECTOR('',#5643,1000.);
#1724=VECTOR('',#5644,1000.);
#1725=VECTOR('',#5647,1000.);
#1726=VECTOR('',#5648,1000.);
#1727=VECTOR('',#5649,1000.);
#1728=VECTOR('',#5650,1000.);
#1729=VECTOR('',#5653,1000.);
#1730=VECTOR('',#5654,1000.);
#1731=VECTOR('',#5655,1000.);
#1732=VECTOR('',#5656,1000.);
#1733=VECTOR('',#5659,1000.);
#1734=VECTOR('',#5660,1000.);
#1735=VECTOR('',#5661,1000.);
#1736=VECTOR('',#5662,1000.);
#1737=VECTOR('',#5665,1000.);
#1738=VECTOR('',#5666,1000.);
#1739=VECTOR('',#5669,1000.);
#1740=VECTOR('',#5670,10.);
#1741=VECTOR('',#5673,10.);
#1742=VECTOR('',#5674,10.);
#1743=VECTOR('',#5675,1000.);
#1744=VECTOR('',#5678,1000.);
#1745=VECTOR('',#5679,10.);
#1746=VECTOR('',#5682,10.);
#1747=VECTOR('',#5685,10.);
#1748=VECTOR('',#5688,1000.);
#1749=VECTOR('',#5689,1000.);
#1750=VECTOR('',#5690,1000.);
#1751=VECTOR('',#5691,1000.);
#1752=VECTOR('',#5692,1000.);
#1753=VECTOR('',#5693,1000.);
#1754=VECTOR('',#5694,1000.);
#1755=VECTOR('',#5695,1000.);
#1756=VECTOR('',#5696,1000.);
#1757=VECTOR('',#5697,1000.);
#1758=VECTOR('',#5698,1000.);
#1759=VECTOR('',#5699,1000.);
#1760=VECTOR('',#5700,1000.);
#1761=VECTOR('',#5701,1000.);
#1762=VECTOR('',#5702,1000.);
#1763=VECTOR('',#5703,1000.);
#1764=VECTOR('',#5704,1000.);
#1765=VECTOR('',#5705,10.);
#1766=VECTOR('',#5706,1000.);
#1767=VECTOR('',#5707,1000.);
#1768=VECTOR('',#5708,1000.);
#1769=VECTOR('',#5709,1000.);
#1770=VECTOR('',#5710,10.);
#1771=VECTOR('',#5711,1000.);
#1772=VECTOR('',#5712,1000.);
#1773=VECTOR('',#5713,1000.);
#1774=VECTOR('',#5714,10.);
#1775=VECTOR('',#5715,1000.);
#1776=VECTOR('',#5716,1000.);
#1777=VECTOR('',#5717,1000.);
#1778=VECTOR('',#5718,1000.);
#1779=VECTOR('',#5719,10.);
#1780=VECTOR('',#5720,1000.);
#1781=VECTOR('',#5721,1000.);
#1782=VECTOR('',#5722,1000.);
#1783=VECTOR('',#5723,1000.);
#1784=VECTOR('',#5726,10.);
#1785=VECTOR('',#5727,1000.);
#1786=VECTOR('',#5728,10.);
#1787=VECTOR('',#5729,10.);
#1788=VECTOR('',#5730,1000.);
#1789=VECTOR('',#5731,1000.);
#1790=VECTOR('',#5732,1000.);
#1791=VECTOR('',#5733,1000.);
#1792=VECTOR('',#5734,1000.);
#1793=VECTOR('',#5735,10.);
#1794=VECTOR('',#5738,10.);
#1795=VECTOR('',#5739,1000.);
#1796=VECTOR('',#5742,10.);
#1797=VECTOR('',#5743,1000.);
#1798=VECTOR('',#5746,10.);
#1799=VECTOR('',#5747,1000.);
#1800=VECTOR('',#5750,10.);
#1801=VECTOR('',#5753,10.);
#1802=VECTOR('',#5754,10.);
#1803=VECTOR('',#5755,1000.);
#1804=VECTOR('',#5758,10.);
#1805=VECTOR('',#5759,1000.);
#1806=VECTOR('',#5762,10.);
#1807=VECTOR('',#5763,1000.);
#1808=VECTOR('',#5766,10.);
#1809=VECTOR('',#5767,10.);
#1810=VECTOR('',#5770,10.);
#1811=VECTOR('',#5771,10.);
#1812=VECTOR('',#5772,1000.);
#1813=VECTOR('',#5775,10.);
#1814=VECTOR('',#5776,1000.);
#1815=VECTOR('',#5779,10.);
#1816=VECTOR('',#5780,1000.);
#1817=VECTOR('',#5783,10.);
#1818=VECTOR('',#5784,10.);
#1819=VECTOR('',#5787,10.);
#1820=VECTOR('',#5788,1000.);
#1821=VECTOR('',#5791,10.);
#1822=VECTOR('',#5806,1000.);
#1823=VECTOR('',#5813,1000.);
#1824=VECTOR('',#5814,1000.);
#1825=VECTOR('',#5815,10.);
#1826=VECTOR('',#5818,10.);
#1827=VECTOR('',#5819,1000.);
#1828=VECTOR('',#5820,1000.);
#1829=VECTOR('',#5823,1000.);
#1830=VECTOR('',#5826,10.);
#1831=VECTOR('',#5829,1000.);
#1832=VECTOR('',#5830,1000.);
#1833=VECTOR('',#5833,1000.);
#1834=VECTOR('',#5834,1000.);
#1835=VECTOR('',#5837,1000.);
#1836=VECTOR('',#5842,10.);
#1837=VECTOR('',#5843,10.);
#1838=VECTOR('',#5846,10.);
#1839=VECTOR('',#5849,1000.);
#1840=VECTOR('',#5850,1000.);
#1841=VECTOR('',#5853,1000.);
#1842=VECTOR('',#5854,1000.);
#1843=VECTOR('',#5859,1000.);
#1844=VECTOR('',#5860,1000.);
#1845=VECTOR('',#5865,1000.);
#1846=VECTOR('',#5868,1000.);
#1847=VECTOR('',#5869,1000.);
#1848=VECTOR('',#5870,1000.);
#1849=VECTOR('',#5873,1000.);
#1850=VECTOR('',#5876,1000.);
#1851=VECTOR('',#5879,1000.);
#1852=VECTOR('',#5880,10.);
#1853=VECTOR('',#5881,1000.);
#1854=VECTOR('',#5884,10.);
#1855=VECTOR('',#5885,1000.);
#1856=VECTOR('',#5888,1000.);
#1857=VECTOR('',#5889,10.);
#1858=VECTOR('',#5894,1000.);
#1859=VECTOR('',#5895,10.);
#1860=VECTOR('',#5896,1000.);
#1861=VECTOR('',#5899,1000.);
#1862=VECTOR('',#5900,10.);
#1863=VECTOR('',#5903,10.);
#1864=VECTOR('',#5904,1000.);
#1865=VECTOR('',#5915,10.);
#1866=VECTOR('',#5916,10.);
#1867=VECTOR('',#5919,10.);
#1868=VECTOR('',#5922,10.);
#1869=VECTOR('',#5925,10.);
#1870=VECTOR('',#5926,10.);
#1871=VECTOR('',#5929,10.);
#1872=VECTOR('',#5930,10.);
#1873=VECTOR('',#5933,10.);
#1874=VECTOR('',#5934,10.);
#1875=VECTOR('',#5937,10.);
#1876=VECTOR('',#5940,10.);
#1877=VECTOR('',#5941,10.);
#1878=VECTOR('',#5944,10.);
#1879=VECTOR('',#5949,10.);
#1880=VECTOR('',#5950,10.);
#1881=VECTOR('',#5951,10.);
#1882=VECTOR('',#5954,10.);
#1883=VECTOR('',#5955,10.);
#1884=VECTOR('',#5956,10.);
#1885=VECTOR('',#5959,10.);
#1886=VECTOR('',#5960,10.);
#1887=VECTOR('',#5963,10.);
#1888=VECTOR('',#5964,10.);
#1889=VECTOR('',#5967,10.);
#1890=VECTOR('',#5968,10.);
#1891=VECTOR('',#5971,10.);
#1892=VECTOR('',#5974,10.);
#1893=VECTOR('',#5975,10.);
#1894=VECTOR('',#5978,10.);
#1895=VECTOR('',#5985,10.);
#1896=VECTOR('',#5986,10.);
#1897=VECTOR('',#5987,10.);
#1898=VECTOR('',#5992,10.);
#1899=VECTOR('',#5993,10.);
#1900=VECTOR('',#5994,10.);
#1901=VECTOR('',#5997,10.);
#1902=VECTOR('',#5998,10.);
#1903=VECTOR('',#5999,10.);
#1904=VECTOR('',#6004,10.);
#1905=VECTOR('',#6011,10.);
#1906=VECTOR('',#6012,10.);
#1907=VECTOR('',#6015,10.);
#1908=VECTOR('',#6016,10.);
#1909=VECTOR('',#6019,10.);
#1910=VECTOR('',#6020,10.);
#1911=VECTOR('',#6021,10.);
#1912=VECTOR('',#6022,10.);
#1913=VECTOR('',#6029,10.);
#1914=VECTOR('',#6032,6.);
#1915=VECTOR('',#6033,10.);
#1916=VECTOR('',#6038,10.);
#1917=VECTOR('',#6047,10.);
#1918=VECTOR('',#6052,14.);
#1919=VECTOR('',#6053,14.);
#1920=VERTEX_POINT('',#6058);
#1921=VERTEX_POINT('',#6059);
#1922=VERTEX_POINT('',#6061);
#1923=VERTEX_POINT('',#6068);
#1924=VERTEX_POINT('',#6076);
#1925=VERTEX_POINT('',#6077);
#1926=VERTEX_POINT('',#6110);
#1927=VERTEX_POINT('',#6111);
#1928=VERTEX_POINT('',#6145);
#1929=VERTEX_POINT('',#6146);
#1930=VERTEX_POINT('',#6180);
#1931=VERTEX_POINT('',#6181);
#1932=VERTEX_POINT('',#6214);
#1933=VERTEX_POINT('',#6215);
#1934=VERTEX_POINT('',#6248);
#1935=VERTEX_POINT('',#6249);
#1936=VERTEX_POINT('',#6281);
#1937=VERTEX_POINT('',#6282);
#1938=VERTEX_POINT('',#6311);
#1939=VERTEX_POINT('',#6312);
#1940=VERTEX_POINT('',#6345);
#1941=VERTEX_POINT('',#6346);
#1942=VERTEX_POINT('',#6381);
#1943=VERTEX_POINT('',#6382);
#1944=VERTEX_POINT('',#6384);
#1945=VERTEX_POINT('',#6407);
#1946=VERTEX_POINT('',#6415);
#1947=VERTEX_POINT('',#6416);
#1948=VERTEX_POINT('',#6473);
#1949=VERTEX_POINT('',#6474);
#1950=VERTEX_POINT('',#6534);
#1951=VERTEX_POINT('',#6535);
#1952=VERTEX_POINT('',#6592);
#1953=VERTEX_POINT('',#6593);
#1954=VERTEX_POINT('',#6646);
#1955=VERTEX_POINT('',#6647);
#1956=VERTEX_POINT('',#6707);
#1957=VERTEX_POINT('',#6708);
#1958=VERTEX_POINT('',#6765);
#1959=VERTEX_POINT('',#6766);
#1960=VERTEX_POINT('',#6825);
#1961=VERTEX_POINT('',#6826);
#1962=VERTEX_POINT('',#6883);
#1963=VERTEX_POINT('',#6884);
#1964=VERTEX_POINT('',#6941);
#1965=VERTEX_POINT('',#6942);
#1966=VERTEX_POINT('',#6944);
#1967=VERTEX_POINT('',#6946);
#1968=VERTEX_POINT('',#6950);
#1969=VERTEX_POINT('',#6951);
#1970=VERTEX_POINT('',#6953);
#1971=VERTEX_POINT('',#6958);
#1972=VERTEX_POINT('',#6960);
#1973=VERTEX_POINT('',#6964);
#1974=VERTEX_POINT('',#6966);
#1975=VERTEX_POINT('',#6968);
#1976=VERTEX_POINT('',#6972);
#1977=VERTEX_POINT('',#6974);
#1978=VERTEX_POINT('',#6978);
#1979=VERTEX_POINT('',#6980);
#1980=VERTEX_POINT('',#6984);
#1981=VERTEX_POINT('',#6986);
#1982=VERTEX_POINT('',#6990);
#1983=VERTEX_POINT('',#6992);
#1984=VERTEX_POINT('',#6994);
#1985=VERTEX_POINT('',#6996);
#1986=VERTEX_POINT('',#6998);
#1987=VERTEX_POINT('',#7000);
#1988=VERTEX_POINT('',#7002);
#1989=VERTEX_POINT('',#7004);
#1990=VERTEX_POINT('',#7006);
#1991=VERTEX_POINT('',#7010);
#1992=VERTEX_POINT('',#7011);
#1993=VERTEX_POINT('',#7013);
#1994=VERTEX_POINT('',#7015);
#1995=VERTEX_POINT('',#7019);
#1996=VERTEX_POINT('',#7020);
#1997=VERTEX_POINT('',#7022);
#1998=VERTEX_POINT('',#7027);
#1999=VERTEX_POINT('',#7029);
#2000=VERTEX_POINT('',#7033);
#2001=VERTEX_POINT('',#7035);
#2002=VERTEX_POINT('',#7037);
#2003=VERTEX_POINT('',#7044);
#2004=VERTEX_POINT('',#7048);
#2005=VERTEX_POINT('',#7050);
#2006=VERTEX_POINT('',#7052);
#2007=VERTEX_POINT('',#7056);
#2008=VERTEX_POINT('',#7058);
#2009=VERTEX_POINT('',#7064);
#2010=VERTEX_POINT('',#7065);
#2011=VERTEX_POINT('',#7067);
#2012=VERTEX_POINT('',#7069);
#2013=VERTEX_POINT('',#7073);
#2014=VERTEX_POINT('',#7074);
#2015=VERTEX_POINT('',#7076);
#2016=VERTEX_POINT('',#7081);
#2017=VERTEX_POINT('',#7083);
#2018=VERTEX_POINT('',#7087);
#2019=VERTEX_POINT('',#7089);
#2020=VERTEX_POINT('',#7091);
#2021=VERTEX_POINT('',#7095);
#2022=VERTEX_POINT('',#7097);
#2023=VERTEX_POINT('',#7101);
#2024=VERTEX_POINT('',#7103);
#2025=VERTEX_POINT('',#7107);
#2026=VERTEX_POINT('',#7109);
#2027=VERTEX_POINT('',#7111);
#2028=VERTEX_POINT('',#7115);
#2029=VERTEX_POINT('',#7119);
#2030=VERTEX_POINT('',#7121);
#2031=VERTEX_POINT('',#7123);
#2032=VERTEX_POINT('',#7125);
#2033=VERTEX_POINT('',#7127);
#2034=VERTEX_POINT('',#7129);
#2035=VERTEX_POINT('',#7131);
#2036=VERTEX_POINT('',#7133);
#2037=VERTEX_POINT('',#7137);
#2038=VERTEX_POINT('',#7139);
#2039=VERTEX_POINT('',#7143);
#2040=VERTEX_POINT('',#7144);
#2041=VERTEX_POINT('',#7146);
#2042=VERTEX_POINT('',#7151);
#2043=VERTEX_POINT('',#7153);
#2044=VERTEX_POINT('',#7157);
#2045=VERTEX_POINT('',#7159);
#2046=VERTEX_POINT('',#7161);
#2047=VERTEX_POINT('',#7165);
#2048=VERTEX_POINT('',#7167);
#2049=VERTEX_POINT('',#7171);
#2050=VERTEX_POINT('',#7175);
#2051=VERTEX_POINT('',#7177);
#2052=VERTEX_POINT('',#7181);
#2053=VERTEX_POINT('',#7182);
#2054=VERTEX_POINT('',#7184);
#2055=VERTEX_POINT('',#7186);
#2056=VERTEX_POINT('',#7190);
#2057=VERTEX_POINT('',#7191);
#2058=VERTEX_POINT('',#7193);
#2059=VERTEX_POINT('',#7195);
#2060=VERTEX_POINT('',#7197);
#2061=VERTEX_POINT('',#7200);
#2062=VERTEX_POINT('',#7204);
#2063=VERTEX_POINT('',#7206);
#2064=VERTEX_POINT('',#7210);
#2065=VERTEX_POINT('',#7214);
#2066=VERTEX_POINT('',#7215);
#2067=VERTEX_POINT('',#7217);
#2068=VERTEX_POINT('',#7225);
#2069=VERTEX_POINT('',#7227);
#2070=VERTEX_POINT('',#7229);
#2071=VERTEX_POINT('',#7231);
#2072=VERTEX_POINT('',#7233);
#2073=VERTEX_POINT('',#7235);
#2074=VERTEX_POINT('',#7237);
#2075=VERTEX_POINT('',#7239);
#2076=VERTEX_POINT('',#7241);
#2077=VERTEX_POINT('',#7243);
#2078=VERTEX_POINT('',#7245);
#2079=VERTEX_POINT('',#7247);
#2080=VERTEX_POINT('',#7249);
#2081=VERTEX_POINT('',#7251);
#2082=VERTEX_POINT('',#7253);
#2083=VERTEX_POINT('',#7257);
#2084=VERTEX_POINT('',#7261);
#2085=VERTEX_POINT('',#7265);
#2086=VERTEX_POINT('',#7266);
#2087=VERTEX_POINT('',#7268);
#2088=VERTEX_POINT('',#7270);
#2089=VERTEX_POINT('',#7274);
#2090=VERTEX_POINT('',#7275);
#2091=VERTEX_POINT('',#7277);
#2092=VERTEX_POINT('',#7279);
#2093=VERTEX_POINT('',#7283);
#2094=VERTEX_POINT('',#7284);
#2095=VERTEX_POINT('',#7286);
#2096=VERTEX_POINT('',#7288);
#2097=VERTEX_POINT('',#7292);
#2098=VERTEX_POINT('',#7294);
#2099=VERTEX_POINT('',#7296);
#2100=VERTEX_POINT('',#7298);
#2101=VERTEX_POINT('',#7300);
#2102=VERTEX_POINT('',#7302);
#2103=VERTEX_POINT('',#7304);
#2104=VERTEX_POINT('',#7306);
#2105=VERTEX_POINT('',#7308);
#2106=VERTEX_POINT('',#7310);
#2107=VERTEX_POINT('',#7313);
#2108=VERTEX_POINT('',#7314);
#2109=VERTEX_POINT('',#7316);
#2110=VERTEX_POINT('',#7318);
#2111=VERTEX_POINT('',#7321);
#2112=VERTEX_POINT('',#7323);
#2113=VERTEX_POINT('',#7327);
#2114=VERTEX_POINT('',#7329);
#2115=VERTEX_POINT('',#7333);
#2116=VERTEX_POINT('',#7334);
#2117=VERTEX_POINT('',#7336);
#2118=VERTEX_POINT('',#7338);
#2119=VERTEX_POINT('',#7342);
#2120=VERTEX_POINT('',#7344);
#2121=VERTEX_POINT('',#7349);
#2122=VERTEX_POINT('',#7351);
#2123=VERTEX_POINT('',#7358);
#2124=VERTEX_POINT('',#7359);
#2125=VERTEX_POINT('',#7361);
#2126=VERTEX_POINT('',#7365);
#2127=VERTEX_POINT('',#7367);
#2128=VERTEX_POINT('',#7371);
#2129=VERTEX_POINT('',#7379);
#2130=VERTEX_POINT('',#7382);
#2131=VERTEX_POINT('',#7386);
#2132=VERTEX_POINT('',#7388);
#2133=VERTEX_POINT('',#7393);
#2134=VERTEX_POINT('',#7395);
#2135=VERTEX_POINT('',#7400);
#2136=VERTEX_POINT('',#7401);
#2137=VERTEX_POINT('',#7407);
#2138=VERTEX_POINT('',#7411);
#2139=VERTEX_POINT('',#7419);
#2140=VERTEX_POINT('',#7420);
#2141=VERTEX_POINT('',#7426);
#2142=VERTEX_POINT('',#7430);
#2143=VERTEX_POINT('',#7438);
#2144=VERTEX_POINT('',#7439);
#2145=VERTEX_POINT('',#7441);
#2146=VERTEX_POINT('',#7445);
#2147=VERTEX_POINT('',#7447);
#2148=VERTEX_POINT('',#7450);
#2149=VERTEX_POINT('',#7453);
#2150=VERTEX_POINT('',#7457);
#2151=VERTEX_POINT('',#7458);
#2152=VERTEX_POINT('',#7464);
#2153=VERTEX_POINT('',#7467);
#2154=VERTEX_POINT('',#7468);
#2155=VERTEX_POINT('',#7470);
#2156=VERTEX_POINT('',#7472);
#2157=VERTEX_POINT('',#7474);
#2158=VERTEX_POINT('',#7478);
#2159=VERTEX_POINT('',#7479);
#2160=VERTEX_POINT('',#7481);
#2161=VERTEX_POINT('',#7483);
#2162=VERTEX_POINT('',#7486);
#2163=VERTEX_POINT('',#7487);
#2164=VERTEX_POINT('',#7489);
#2165=VERTEX_POINT('',#7491);
#2166=VERTEX_POINT('',#7495);
#2167=VERTEX_POINT('',#7496);
#2168=VERTEX_POINT('',#7498);
#2169=VERTEX_POINT('',#7548);
#2170=VERTEX_POINT('',#7577);
#2171=VERTEX_POINT('',#7579);
#2172=VERTEX_POINT('',#7608);
#2173=VERTEX_POINT('',#8228);
#2174=VERTEX_POINT('',#8897);
#2175=VERTEX_POINT('',#9027);
#2176=VERTEX_POINT('',#9056);
#2177=VERTEX_POINT('',#9131);
#2178=VERTEX_POINT('',#10371);
#2179=VERTEX_POINT('',#10378);
#2180=VERTEX_POINT('',#10379);
#2181=VERTEX_POINT('',#10381);
#2182=VERTEX_POINT('',#10383);
#2183=VERTEX_POINT('',#10389);
#2184=VERTEX_POINT('',#10393);
#2185=VERTEX_POINT('',#10395);
#2186=VERTEX_POINT('',#10399);
#2187=VERTEX_POINT('',#10401);
#2188=VERTEX_POINT('',#10405);
#2189=VERTEX_POINT('',#10406);
#2190=VERTEX_POINT('',#10408);
#2191=VERTEX_POINT('',#10410);
#2192=VERTEX_POINT('',#10414);
#2193=VERTEX_POINT('',#10416);
#2194=VERTEX_POINT('',#10418);
#2195=VERTEX_POINT('',#10422);
#2196=VERTEX_POINT('',#10424);
#2197=VERTEX_POINT('',#10426);
#2198=VERTEX_POINT('',#10430);
#2199=VERTEX_POINT('',#10432);
#2200=VERTEX_POINT('',#10434);
#2201=VERTEX_POINT('',#10436);
#2202=VERTEX_POINT('',#10440);
#2203=VERTEX_POINT('',#10442);
#2204=VERTEX_POINT('',#10444);
#2205=VERTEX_POINT('',#10448);
#2206=VERTEX_POINT('',#10450);
#2207=VERTEX_POINT('',#10452);
#2208=VERTEX_POINT('',#10454);
#2209=VERTEX_POINT('',#10456);
#2210=VERTEX_POINT('',#10460);
#2211=VERTEX_POINT('',#10464);
#2212=VERTEX_POINT('',#10468);
#2213=VERTEX_POINT('',#10472);
#2214=VERTEX_POINT('',#10474);
#2215=VERTEX_POINT('',#10476);
#2216=VERTEX_POINT('',#10478);
#2217=VERTEX_POINT('',#10480);
#2218=VERTEX_POINT('',#10484);
#2219=VERTEX_POINT('',#10488);
#2220=VERTEX_POINT('',#10489);
#2221=VERTEX_POINT('',#10508);
#2222=VERTEX_POINT('',#10530);
#2223=VERTEX_POINT('',#10531);
#2224=VERTEX_POINT('',#10563);
#2225=VERTEX_POINT('',#10565);
#2226=VERTEX_POINT('',#10569);
#2227=VERTEX_POINT('',#10571);
#2228=VERTEX_POINT('',#10575);
#2229=VERTEX_POINT('',#10577);
#2230=VERTEX_POINT('',#10581);
#2231=VERTEX_POINT('',#10585);
#2232=VERTEX_POINT('',#10589);
#2233=VERTEX_POINT('',#10591);
#2234=VERTEX_POINT('',#10593);
#2235=VERTEX_POINT('',#10595);
#2236=VERTEX_POINT('',#10599);
#2237=VERTEX_POINT('',#10601);
#2238=VERTEX_POINT('',#10603);
#2239=VERTEX_POINT('',#10605);
#2240=VERTEX_POINT('',#10609);
#2241=VERTEX_POINT('',#10611);
#2242=VERTEX_POINT('',#10617);
#2243=VERTEX_POINT('',#10621);
#2244=VERTEX_POINT('',#10628);
#2245=VERTEX_POINT('',#10629);
#2246=VERTEX_POINT('',#10631);
#2247=VERTEX_POINT('',#10633);
#2248=VERTEX_POINT('',#10637);
#2249=VERTEX_POINT('',#10638);
#2250=VERTEX_POINT('',#10640);
#2251=VERTEX_POINT('',#10642);
#2252=VERTEX_POINT('',#10646);
#2253=VERTEX_POINT('',#10647);
#2254=VERTEX_POINT('',#10649);
#2255=VERTEX_POINT('',#10651);
#2256=VERTEX_POINT('',#10655);
#2257=VERTEX_POINT('',#10656);
#2258=VERTEX_POINT('',#10658);
#2259=VERTEX_POINT('',#10660);
#2260=VERTEX_POINT('',#10667);
#2261=VERTEX_POINT('',#10672);
#2262=VERTEX_POINT('',#10683);
#2263=VERTEX_POINT('',#10685);
#2264=VERTEX_POINT('',#10688);
#2265=VERTEX_POINT('',#10690);
#2266=VERTEX_POINT('',#10692);
#2267=VERTEX_POINT('',#10694);
#2268=VERTEX_POINT('',#10696);
#2269=VERTEX_POINT('',#10698);
#2270=VERTEX_POINT('',#10700);
#2271=VERTEX_POINT('',#10702);
#2272=VERTEX_POINT('',#10704);
#2273=VERTEX_POINT('',#10706);
#2274=VERTEX_POINT('',#10709);
#2275=VERTEX_POINT('',#10711);
#2276=VERTEX_POINT('',#10714);
#2277=VERTEX_POINT('',#10716);
#2278=VERTEX_POINT('',#10718);
#2279=VERTEX_POINT('',#10720);
#2280=VERTEX_POINT('',#10722);
#2281=VERTEX_POINT('',#10724);
#2282=VERTEX_POINT('',#10726);
#2283=VERTEX_POINT('',#10728);
#2284=VERTEX_POINT('',#10730);
#2285=VERTEX_POINT('',#10732);
#2286=VERTEX_POINT('',#10734);
#2287=VERTEX_POINT('',#10736);
#2288=VERTEX_POINT('',#10738);
#2289=VERTEX_POINT('',#10740);
#2290=VERTEX_POINT('',#10748);
#2291=VERTEX_POINT('',#10749);
#2292=VERTEX_POINT('',#10752);
#2293=VERTEX_POINT('',#10754);
#2294=VERTEX_POINT('',#10757);
#2295=VERTEX_POINT('',#10759);
#2296=VERTEX_POINT('',#10762);
#2297=VERTEX_POINT('',#10766);
#2298=VERTEX_POINT('',#10770);
#2299=VERTEX_POINT('',#10774);
#2300=VERTEX_POINT('',#10780);
#2301=VERTEX_POINT('',#10781);
#2302=VERTEX_POINT('',#10786);
#2303=VERTEX_POINT('',#10790);
#2304=VERTEX_POINT('',#10794);
#2305=VERTEX_POINT('',#10798);
#2306=VERTEX_POINT('',#10799);
#2307=VERTEX_POINT('',#10804);
#2308=VERTEX_POINT('',#10808);
#2309=VERTEX_POINT('',#10812);
#2310=VERTEX_POINT('',#10816);
#2311=VERTEX_POINT('',#10832);
#2312=VERTEX_POINT('',#10834);
#2313=VERTEX_POINT('',#10838);
#2314=VERTEX_POINT('',#10840);
#2315=VERTEX_POINT('',#10848);
#2316=VERTEX_POINT('',#10852);
#2317=VERTEX_POINT('',#10859);
#2318=VERTEX_POINT('',#10865);
#2319=VERTEX_POINT('',#10867);
#2320=VERTEX_POINT('',#10869);
#2321=VERTEX_POINT('',#10872);
#2322=VERTEX_POINT('',#10882);
#2323=VERTEX_POINT('',#10884);
#2324=VERTEX_POINT('',#10892);
#2325=VERTEX_POINT('',#10894);
#2326=VERTEX_POINT('',#10905);
#2327=VERTEX_POINT('',#10907);
#2328=VERTEX_POINT('',#10921);
#2329=VERTEX_POINT('',#10927);
#2330=VERTEX_POINT('',#10929);
#2331=VERTEX_POINT('',#10931);
#2332=VERTEX_POINT('',#10935);
#2333=VERTEX_POINT('',#10939);
#2334=VERTEX_POINT('',#10945);
#2335=VERTEX_POINT('',#10949);
#2336=VERTEX_POINT('',#10953);
#2337=VERTEX_POINT('',#10955);
#2338=VERTEX_POINT('',#10959);
#2339=VERTEX_POINT('',#10961);
#2340=VERTEX_POINT('',#10965);
#2341=VERTEX_POINT('',#10969);
#2342=VERTEX_POINT('',#10973);
#2343=VERTEX_POINT('',#10979);
#2344=VERTEX_POINT('',#10986);
#2345=VERTEX_POINT('',#10987);
#2346=VERTEX_POINT('',#10989);
#2347=VERTEX_POINT('',#10991);
#2348=VERTEX_POINT('',#10993);
#2349=VERTEX_POINT('',#10997);
#2350=VERTEX_POINT('',#10999);
#2351=VERTEX_POINT('',#11003);
#2352=VERTEX_POINT('',#11005);
#2353=VERTEX_POINT('',#11009);
#2354=VERTEX_POINT('',#11015);
#2355=VERTEX_POINT('',#11019);
#2356=VERTEX_POINT('',#11025);
#2357=VERTEX_POINT('',#11034);
#2358=VERTEX_POINT('',#11040);
#2359=EDGE_CURVE('',#1920,#1921,#840,.T.);
#2360=EDGE_CURVE('',#1922,#1920,#781,.T.);
#2361=EDGE_CURVE('',#1923,#1922,#716,.F.);
#2362=EDGE_CURVE('',#1921,#1923,#782,.T.);
#2363=EDGE_CURVE('',#1924,#1925,#841,.T.);
#2364=EDGE_CURVE('',#1920,#1924,#783,.T.);
#2365=EDGE_CURVE('',#1925,#1921,#784,.T.);
#2366=EDGE_CURVE('',#1926,#1927,#842,.T.);
#2367=EDGE_CURVE('',#1924,#1926,#785,.T.);
#2368=EDGE_CURVE('',#1927,#1925,#786,.T.);
#2369=EDGE_CURVE('',#1928,#1929,#843,.T.);
#2370=EDGE_CURVE('',#1926,#1928,#787,.T.);
#2371=EDGE_CURVE('',#1929,#1927,#788,.T.);
#2372=EDGE_CURVE('',#1930,#1931,#844,.T.);
#2373=EDGE_CURVE('',#1928,#1930,#789,.T.);
#2374=EDGE_CURVE('',#1931,#1929,#790,.T.);
#2375=EDGE_CURVE('',#1932,#1933,#845,.T.);
#2376=EDGE_CURVE('',#1930,#1932,#791,.T.);
#2377=EDGE_CURVE('',#1933,#1931,#792,.T.);
#2378=EDGE_CURVE('',#1934,#1935,#846,.T.);
#2379=EDGE_CURVE('',#1932,#1934,#793,.T.);
#2380=EDGE_CURVE('',#1935,#1933,#794,.T.);
#2381=EDGE_CURVE('',#1936,#1937,#847,.T.);
#2382=EDGE_CURVE('',#1934,#1936,#795,.T.);
#2383=EDGE_CURVE('',#1937,#1935,#796,.T.);
#2384=EDGE_CURVE('',#1938,#1939,#848,.T.);
#2385=EDGE_CURVE('',#1936,#1938,#797,.T.);
#2386=EDGE_CURVE('',#1939,#1937,#798,.T.);
#2387=EDGE_CURVE('',#1940,#1941,#849,.T.);
#2388=EDGE_CURVE('',#1938,#1940,#799,.T.);
#2389=EDGE_CURVE('',#1941,#1939,#800,.T.);
#2390=EDGE_CURVE('',#1942,#1943,#850,.T.);
#2391=EDGE_CURVE('',#1942,#1944,#801,.T.);
#2392=EDGE_CURVE('',#1945,#1944,#717,.T.);
#2393=EDGE_CURVE('',#1943,#1945,#802,.T.);
#2394=EDGE_CURVE('',#1946,#1947,#851,.T.);
#2395=EDGE_CURVE('',#1946,#1942,#803,.T.);
#2396=EDGE_CURVE('',#1947,#1943,#804,.T.);
#2397=EDGE_CURVE('',#1948,#1949,#852,.T.);
#2398=EDGE_CURVE('',#1948,#1946,#805,.T.);
#2399=EDGE_CURVE('',#1949,#1947,#806,.T.);
#2400=EDGE_CURVE('',#1950,#1951,#853,.T.);
#2401=EDGE_CURVE('',#1950,#1948,#807,.T.);
#2402=EDGE_CURVE('',#1951,#1949,#808,.T.);
#2403=EDGE_CURVE('',#1952,#1953,#854,.T.);
#2404=EDGE_CURVE('',#1952,#1950,#809,.T.);
#2405=EDGE_CURVE('',#1953,#1951,#810,.T.);
#2406=EDGE_CURVE('',#1954,#1955,#855,.T.);
#2407=EDGE_CURVE('',#1954,#1952,#811,.T.);
#2408=EDGE_CURVE('',#1955,#1953,#812,.T.);
#2409=EDGE_CURVE('',#1956,#1957,#856,.T.);
#2410=EDGE_CURVE('',#1956,#1954,#813,.T.);
#2411=EDGE_CURVE('',#1957,#1955,#814,.T.);
#2412=EDGE_CURVE('',#1958,#1959,#857,.T.);
#2413=EDGE_CURVE('',#1958,#1956,#815,.T.);
#2414=EDGE_CURVE('',#1959,#1957,#816,.T.);
#2415=EDGE_CURVE('',#1960,#1961,#858,.T.);
#2416=EDGE_CURVE('',#1960,#1958,#817,.T.);
#2417=EDGE_CURVE('',#1961,#1959,#818,.T.);
#2418=EDGE_CURVE('',#1962,#1963,#859,.T.);
#2419=EDGE_CURVE('',#1962,#1960,#819,.T.);
#2420=EDGE_CURVE('',#1963,#1961,#820,.T.);
#2421=EDGE_CURVE('',#1964,#1965,#860,.T.);
#2422=EDGE_CURVE('',#1964,#1966,#861,.T.);
#2423=EDGE_CURVE('',#1966,#1967,#862,.T.);
#2424=EDGE_CURVE('',#1965,#1967,#863,.T.);
#2425=EDGE_CURVE('',#1968,#1969,#864,.T.);
#2426=EDGE_CURVE('',#1968,#1970,#865,.T.);
#2427=EDGE_CURVE('',#1970,#1966,#866,.T.);
#2428=EDGE_CURVE('',#1969,#1964,#867,.T.);
#2429=EDGE_CURVE('',#1971,#1968,#868,.T.);
#2430=EDGE_CURVE('',#1971,#1972,#869,.T.);
#2431=EDGE_CURVE('',#1972,#1970,#870,.T.);
#2432=EDGE_CURVE('',#1973,#1971,#871,.T.);
#2433=EDGE_CURVE('',#1974,#1973,#872,.T.);
#2434=EDGE_CURVE('',#1974,#1975,#873,.T.);
#2435=EDGE_CURVE('',#1975,#1972,#874,.T.);
#2436=EDGE_CURVE('',#1976,#1974,#875,.T.);
#2437=EDGE_CURVE('',#1977,#1976,#876,.T.);
#2438=EDGE_CURVE('',#1977,#1975,#877,.T.);
#2439=EDGE_CURVE('',#1978,#1977,#878,.T.);
#2440=EDGE_CURVE('',#1979,#1978,#879,.T.);
#2441=EDGE_CURVE('',#1967,#1979,#880,.T.);
#2442=EDGE_CURVE('',#1973,#1980,#881,.T.);
#2443=EDGE_CURVE('',#1981,#1980,#882,.T.);
#2444=EDGE_CURVE('',#1974,#1981,#883,.T.);
#2445=EDGE_CURVE('',#1982,#1979,#884,.T.);
#2446=EDGE_CURVE('',#1983,#1982,#885,.T.);
#2447=EDGE_CURVE('',#1983,#1984,#886,.T.);
#2448=EDGE_CURVE('',#1985,#1984,#887,.T.);
#2449=EDGE_CURVE('',#1985,#1986,#888,.T.);
#2450=EDGE_CURVE('',#1987,#1986,#889,.T.);
#2451=EDGE_CURVE('',#1987,#1988,#890,.T.);
#2452=EDGE_CURVE('',#1988,#1989,#891,.T.);
#2453=EDGE_CURVE('',#1989,#1990,#892,.T.);
#2454=EDGE_CURVE('',#1965,#1990,#893,.T.);
#2455=EDGE_CURVE('',#1991,#1992,#894,.T.);
#2456=EDGE_CURVE('',#1992,#1993,#895,.T.);
#2457=EDGE_CURVE('',#1993,#1994,#896,.T.);
#2458=EDGE_CURVE('',#1991,#1994,#897,.T.);
#2459=EDGE_CURVE('',#1995,#1996,#898,.T.);
#2460=EDGE_CURVE('',#1995,#1997,#899,.T.);
#2461=EDGE_CURVE('',#1997,#1993,#900,.T.);
#2462=EDGE_CURVE('',#1996,#1992,#901,.T.);
#2463=EDGE_CURVE('',#1998,#1995,#902,.T.);
#2464=EDGE_CURVE('',#1998,#1999,#903,.T.);
#2465=EDGE_CURVE('',#1999,#1997,#904,.T.);
#2466=EDGE_CURVE('',#2000,#1998,#905,.T.);
#2467=EDGE_CURVE('',#2001,#2000,#906,.T.);
#2468=EDGE_CURVE('',#2001,#2002,#907,.T.);
#2469=EDGE_CURVE('',#2002,#1999,#908,.T.);
#2470=EDGE_CURVE('',#2001,#1990,#909,.T.);
#2471=EDGE_CURVE('',#1989,#2002,#910,.T.);
#2472=EDGE_CURVE('',#2003,#1988,#911,.T.);
#2473=EDGE_CURVE('',#1994,#2003,#912,.T.);
#2474=EDGE_CURVE('',#2004,#2003,#913,.T.);
#2475=EDGE_CURVE('',#2005,#2004,#914,.T.);
#2476=EDGE_CURVE('',#2005,#2006,#915,.T.);
#2477=EDGE_CURVE('',#1991,#2006,#916,.T.);
#2478=EDGE_CURVE('',#2000,#2007,#917,.T.);
#2479=EDGE_CURVE('',#2008,#2007,#918,.T.);
#2480=EDGE_CURVE('',#2008,#2001,#919,.T.);
#2481=EDGE_CURVE('',#2004,#1987,#920,.T.);
#2482=EDGE_CURVE('',#2009,#2010,#921,.T.);
#2483=EDGE_CURVE('',#2009,#2011,#922,.T.);
#2484=EDGE_CURVE('',#2011,#2012,#923,.T.);
#2485=EDGE_CURVE('',#2010,#2012,#924,.T.);
#2486=EDGE_CURVE('',#2013,#2014,#925,.T.);
#2487=EDGE_CURVE('',#2013,#2015,#926,.T.);
#2488=EDGE_CURVE('',#2015,#2011,#927,.T.);
#2489=EDGE_CURVE('',#2014,#2009,#928,.T.);
#2490=EDGE_CURVE('',#2016,#2013,#929,.T.);
#2491=EDGE_CURVE('',#2016,#2017,#930,.T.);
#2492=EDGE_CURVE('',#2017,#2015,#931,.T.);
#2493=EDGE_CURVE('',#2018,#2016,#932,.T.);
#2494=EDGE_CURVE('',#2019,#2018,#933,.T.);
#2495=EDGE_CURVE('',#2019,#2020,#934,.T.);
#2496=EDGE_CURVE('',#2020,#2017,#935,.T.);
#2497=EDGE_CURVE('',#2021,#2019,#936,.T.);
#2498=EDGE_CURVE('',#2022,#2021,#937,.T.);
#2499=EDGE_CURVE('',#2022,#2020,#938,.T.);
#2500=EDGE_CURVE('',#2023,#2022,#939,.T.);
#2501=EDGE_CURVE('',#2024,#2023,#940,.T.);
#2502=EDGE_CURVE('',#2012,#2024,#941,.T.);
#2503=EDGE_CURVE('',#2025,#2024,#942,.T.);
#2504=EDGE_CURVE('',#2026,#2025,#943,.T.);
#2505=EDGE_CURVE('',#2026,#2027,#944,.T.);
#2506=EDGE_CURVE('',#2010,#2027,#945,.T.);
#2507=EDGE_CURVE('',#2028,#2023,#946,.T.);
#2508=EDGE_CURVE('',#2025,#2028,#947,.T.);
#2509=EDGE_CURVE('',#2029,#2021,#948,.T.);
#2510=EDGE_CURVE('',#2029,#2030,#949,.T.);
#2511=EDGE_CURVE('',#2030,#2031,#950,.T.);
#2512=EDGE_CURVE('',#2032,#2031,#951,.T.);
#2513=EDGE_CURVE('',#2033,#2032,#952,.T.);
#2514=EDGE_CURVE('',#2033,#2034,#953,.T.);
#2515=EDGE_CURVE('',#2035,#2034,#954,.T.);
#2516=EDGE_CURVE('',#2035,#2036,#955,.T.);
#2517=EDGE_CURVE('',#2028,#2036,#956,.T.);
#2518=EDGE_CURVE('',#2029,#2037,#957,.T.);
#2519=EDGE_CURVE('',#2037,#2038,#958,.T.);
#2520=EDGE_CURVE('',#2038,#2030,#959,.T.);
#2521=EDGE_CURVE('',#2039,#2040,#960,.T.);
#2522=EDGE_CURVE('',#2039,#2041,#961,.T.);
#2523=EDGE_CURVE('',#2041,#2038,#962,.T.);
#2524=EDGE_CURVE('',#2040,#2037,#963,.T.);
#2525=EDGE_CURVE('',#2042,#2039,#964,.T.);
#2526=EDGE_CURVE('',#2042,#2043,#965,.T.);
#2527=EDGE_CURVE('',#2043,#2041,#966,.T.);
#2528=EDGE_CURVE('',#2044,#2042,#967,.T.);
#2529=EDGE_CURVE('',#2045,#2044,#968,.T.);
#2530=EDGE_CURVE('',#2045,#2046,#969,.T.);
#2531=EDGE_CURVE('',#2046,#2043,#970,.T.);
#2532=EDGE_CURVE('',#2045,#2047,#971,.T.);
#2533=EDGE_CURVE('',#2048,#2047,#972,.T.);
#2534=EDGE_CURVE('',#2048,#2046,#973,.T.);
#2535=EDGE_CURVE('',#2049,#2048,#974,.T.);
#2536=EDGE_CURVE('',#2031,#2049,#975,.T.);
#2537=EDGE_CURVE('',#2044,#2050,#976,.T.);
#2538=EDGE_CURVE('',#2050,#2051,#977,.T.);
#2539=EDGE_CURVE('',#2051,#2045,#978,.T.);
#2540=EDGE_CURVE('',#2052,#2053,#979,.T.);
#2541=EDGE_CURVE('',#2054,#2052,#980,.T.);
#2542=EDGE_CURVE('',#2055,#2054,#981,.T.);
#2543=EDGE_CURVE('',#2053,#2055,#982,.T.);
#2544=EDGE_CURVE('',#2056,#2057,#983,.T.);
#2545=EDGE_CURVE('',#2056,#2058,#984,.T.);
#2546=EDGE_CURVE('',#2059,#2058,#985,.T.);
#2547=EDGE_CURVE('',#2060,#2059,#718,.T.);
#2548=EDGE_CURVE('',#2060,#2054,#986,.T.);
#2549=EDGE_CURVE('',#2061,#2052,#987,.T.);
#2550=EDGE_CURVE('',#2057,#2061,#988,.T.);
#2551=EDGE_CURVE('',#2059,#2062,#989,.T.);
#2552=EDGE_CURVE('',#2058,#2063,#990,.T.);
#2553=EDGE_CURVE('',#2062,#2063,#991,.T.);
#2554=EDGE_CURVE('',#2064,#2060,#992,.T.);
#2555=EDGE_CURVE('',#2064,#2055,#993,.T.);
#2556=EDGE_CURVE('',#2065,#2066,#994,.T.);
#2557=EDGE_CURVE('',#2067,#2065,#995,.T.);
#2558=EDGE_CURVE('',#2053,#2067,#996,.T.);
#2559=EDGE_CURVE('',#2062,#2064,#719,.T.);
#2560=EDGE_CURVE('',#2063,#2066,#997,.T.);
#2561=EDGE_CURVE('',#2066,#2056,#998,.T.);
#2562=EDGE_CURVE('',#2068,#2067,#999,.T.);
#2563=EDGE_CURVE('',#2069,#2068,#1000,.T.);
#2564=EDGE_CURVE('',#2070,#2069,#1001,.T.);
#2565=EDGE_CURVE('',#2070,#2071,#1002,.T.);
#2566=EDGE_CURVE('',#2071,#2072,#1003,.T.);
#2567=EDGE_CURVE('',#2073,#2072,#1004,.T.);
#2568=EDGE_CURVE('',#2074,#2073,#1005,.T.);
#2569=EDGE_CURVE('',#2074,#2075,#1006,.T.);
#2570=EDGE_CURVE('',#2075,#2076,#1007,.T.);
#2571=EDGE_CURVE('',#2077,#2076,#1008,.T.);
#2572=EDGE_CURVE('',#2078,#2077,#1009,.T.);
#2573=EDGE_CURVE('',#2079,#2078,#1010,.T.);
#2574=EDGE_CURVE('',#2080,#2079,#1011,.T.);
#2575=EDGE_CURVE('',#2081,#2080,#1012,.T.);
#2576=EDGE_CURVE('',#2082,#2081,#1013,.T.);
#2577=EDGE_CURVE('',#2061,#2082,#1014,.T.);
#2578=EDGE_CURVE('',#2083,#2065,#1015,.T.);
#2579=EDGE_CURVE('',#2068,#2083,#1016,.T.);
#2580=EDGE_CURVE('',#2084,#2082,#1017,.T.);
#2581=EDGE_CURVE('',#2057,#2084,#1018,.T.);
#2582=EDGE_CURVE('',#2085,#2086,#1019,.T.);
#2583=EDGE_CURVE('',#2087,#2085,#1020,.T.);
#2584=EDGE_CURVE('',#2088,#2087,#1021,.T.);
#2585=EDGE_CURVE('',#2088,#2086,#1022,.T.);
#2586=EDGE_CURVE('',#2089,#2090,#1023,.T.);
#2587=EDGE_CURVE('',#2091,#2089,#1024,.T.);
#2588=EDGE_CURVE('',#2092,#2091,#1025,.T.);
#2589=EDGE_CURVE('',#2092,#2090,#1026,.T.);
#2590=EDGE_CURVE('',#2093,#2094,#1027,.T.);
#2591=EDGE_CURVE('',#2095,#2093,#1028,.T.);
#2592=EDGE_CURVE('',#2096,#2095,#1029,.T.);
#2593=EDGE_CURVE('',#2094,#2096,#1030,.T.);
#2594=EDGE_CURVE('',#2097,#2089,#1031,.T.);
#2595=EDGE_CURVE('',#2090,#2098,#1032,.T.);
#2596=EDGE_CURVE('',#2098,#2099,#1033,.T.);
#2597=EDGE_CURVE('',#2099,#2100,#1034,.T.);
#2598=EDGE_CURVE('',#2100,#2101,#1035,.T.);
#2599=EDGE_CURVE('',#2101,#2102,#1036,.T.);
#2600=EDGE_CURVE('',#2102,#2103,#1037,.T.);
#2601=EDGE_CURVE('',#2103,#2104,#1038,.T.);
#2602=EDGE_CURVE('',#2105,#2104,#1039,.T.);
#2603=EDGE_CURVE('',#2106,#2105,#1040,.T.);
#2604=EDGE_CURVE('',#2106,#2097,#1041,.T.);
#2605=EDGE_CURVE('',#2107,#2108,#1042,.T.);
#2606=EDGE_CURVE('',#2108,#2109,#1043,.T.);
#2607=EDGE_CURVE('',#2109,#2110,#1044,.T.);
#2608=EDGE_CURVE('',#2110,#2107,#1045,.T.);
#2609=EDGE_CURVE('',#2086,#2111,#1046,.T.);
#2610=EDGE_CURVE('',#2111,#2112,#1047,.T.);
#2611=EDGE_CURVE('',#2112,#2085,#1048,.T.);
#2612=EDGE_CURVE('',#2113,#2107,#1049,.T.);
#2613=EDGE_CURVE('',#2114,#2113,#1050,.T.);
#2614=EDGE_CURVE('',#2114,#2108,#1051,.T.);
#2615=EDGE_CURVE('',#2115,#2116,#1052,.T.);
#2616=EDGE_CURVE('',#2117,#2115,#1053,.T.);
#2617=EDGE_CURVE('',#2118,#2117,#1054,.T.);
#2618=EDGE_CURVE('',#2116,#2118,#1055,.T.);
#2619=EDGE_CURVE('',#2119,#2100,#1056,.T.);
#2620=EDGE_CURVE('',#2120,#2119,#1057,.T.);
#2621=EDGE_CURVE('',#2120,#2101,#1058,.T.);
#2622=EDGE_CURVE('',#2094,#2097,#1059,.T.);
#2623=EDGE_CURVE('',#2121,#2106,#1060,.T.);
#2624=EDGE_CURVE('',#2121,#2122,#1061,.T.);
#2625=EDGE_CURVE('',#2122,#2103,#1062,.T.);
#2626=EDGE_CURVE('',#2102,#2115,#1063,.T.);
#2627=EDGE_CURVE('',#2116,#2099,#1064,.T.);
#2628=EDGE_CURVE('',#2098,#2093,#1065,.T.);
#2629=EDGE_CURVE('',#2123,#2124,#720,.T.);
#2630=EDGE_CURVE('',#2125,#2124,#721,.T.);
#2631=EDGE_CURVE('',#2125,#2123,#1066,.T.);
#2632=EDGE_CURVE('',#2126,#2126,#722,.T.);
#2633=EDGE_CURVE('',#2126,#2127,#1067,.T.);
#2634=EDGE_CURVE('',#2127,#2069,#723,.T.);
#2635=EDGE_CURVE('',#2125,#2069,#724,.T.);
#2636=EDGE_CURVE('',#2128,#2124,#725,.T.);
#2637=EDGE_CURVE('',#2128,#2127,#726,.T.);
#2638=EDGE_CURVE('',#2128,#2070,#727,.T.);
#2639=EDGE_CURVE('',#2083,#2125,#1068,.T.);
#2640=EDGE_CURVE('',#2124,#2129,#728,.T.);
#2641=EDGE_CURVE('',#2129,#2121,#729,.T.);
#2642=EDGE_CURVE('',#2105,#2130,#1069,.T.);
#2643=EDGE_CURVE('',#2130,#2128,#730,.T.);
#2644=EDGE_CURVE('',#2131,#2131,#731,.T.);
#2645=EDGE_CURVE('',#2131,#2132,#1070,.T.);
#2646=EDGE_CURVE('',#2132,#2132,#732,.T.);
#2647=EDGE_CURVE('',#2133,#2133,#733,.T.);
#2648=EDGE_CURVE('',#2133,#2134,#1071,.T.);
#2649=EDGE_CURVE('',#2134,#2134,#734,.T.);
#2650=EDGE_CURVE('',#2135,#2136,#735,.T.);
#2651=EDGE_CURVE('',#2135,#2109,#1072,.T.);
#2652=EDGE_CURVE('',#2114,#2119,#1073,.T.);
#2653=EDGE_CURVE('',#2136,#2118,#1074,.T.);
#2654=EDGE_CURVE('',#2136,#2137,#1075,.T.);
#2655=EDGE_CURVE('',#2137,#2117,#1076,.T.);
#2656=EDGE_CURVE('',#2138,#2135,#1077,.T.);
#2657=EDGE_CURVE('',#2138,#2110,#1078,.T.);
#2658=EDGE_CURVE('',#2137,#2138,#736,.T.);
#2659=EDGE_CURVE('',#2120,#2113,#1079,.T.);
#2660=EDGE_CURVE('',#2139,#2140,#737,.T.);
#2661=EDGE_CURVE('',#2139,#2111,#1080,.T.);
#2662=EDGE_CURVE('',#2088,#2091,#1081,.T.);
#2663=EDGE_CURVE('',#2140,#2096,#1082,.T.);
#2664=EDGE_CURVE('',#2140,#2141,#1083,.T.);
#2665=EDGE_CURVE('',#2141,#2095,#1084,.T.);
#2666=EDGE_CURVE('',#2142,#2139,#1085,.T.);
#2667=EDGE_CURVE('',#2142,#2112,#1086,.T.);
#2668=EDGE_CURVE('',#2141,#2142,#738,.T.);
#2669=EDGE_CURVE('',#2092,#2087,#1087,.T.);
#2670=EDGE_CURVE('',#2143,#2144,#1088,.T.);
#2671=EDGE_CURVE('',#2145,#2143,#1089,.T.);
#2672=EDGE_CURVE('',#2145,#2144,#1090,.T.);
#2673=EDGE_CURVE('',#2146,#2143,#19,.T.);
#2674=EDGE_CURVE('',#2147,#2146,#1091,.T.);
#2675=EDGE_CURVE('',#2147,#2145,#1092,.T.);
#2676=EDGE_CURVE('',#2148,#2148,#20,.T.);
#2677=EDGE_CURVE('',#2149,#2146,#1093,.T.);
#2678=EDGE_CURVE('',#2149,#2147,#1094,.T.);
#2679=EDGE_CURVE('',#2150,#2151,#21,.T.);
#2680=EDGE_CURVE('',#2151,#2150,#1095,.T.);
#2681=EDGE_CURVE('',#2151,#2149,#22,.T.);
#2682=EDGE_CURVE('',#2144,#2150,#23,.T.);
#2683=EDGE_CURVE('',#2152,#2152,#24,.T.);
#2684=EDGE_CURVE('',#2153,#2154,#739,.T.);
#2685=EDGE_CURVE('',#2155,#2153,#740,.T.);
#2686=EDGE_CURVE('',#2156,#2155,#741,.T.);
#2687=EDGE_CURVE('',#2157,#2156,#742,.T.);
#2688=EDGE_CURVE('',#2154,#2157,#743,.T.);
#2689=EDGE_CURVE('',#2154,#2152,#1096,.T.);
#2690=EDGE_CURVE('',#2158,#2159,#1097,.T.);
#2691=EDGE_CURVE('',#2159,#2160,#744,.T.);
#2692=EDGE_CURVE('',#2160,#2161,#1098,.T.);
#2693=EDGE_CURVE('',#2161,#2158,#745,.T.);
#2694=EDGE_CURVE('',#2162,#2163,#1099,.T.);
#2695=EDGE_CURVE('',#2163,#2164,#746,.T.);
#2696=EDGE_CURVE('',#2164,#2165,#1100,.T.);
#2697=EDGE_CURVE('',#2165,#2162,#747,.T.);
#2698=EDGE_CURVE('',#2166,#2167,#748,.T.);
#2699=EDGE_CURVE('',#2166,#2168,#821,.T.);
#2700=EDGE_CURVE('',#2169,#2168,#822,.T.);
#2701=EDGE_CURVE('',#2169,#2170,#749,.F.);
#2702=EDGE_CURVE('',#2171,#2170,#823,.T.);
#2703=EDGE_CURVE('',#2171,#2172,#824,.T.);
#2704=EDGE_CURVE('',#2167,#2172,#750,.T.);
#2705=EDGE_CURVE('',#2170,#1941,#825,.T.);
#2706=EDGE_CURVE('',#1923,#2173,#826,.T.);
#2707=EDGE_CURVE('',#2173,#2171,#827,.T.);
#2708=EDGE_CURVE('',#2174,#2173,#828,.T.);
#2709=EDGE_CURVE('',#2174,#1963,#829,.T.);
#2710=EDGE_CURVE('',#2172,#1945,#830,.T.);
#2711=EDGE_CURVE('',#2175,#1922,#831,.T.);
#2712=EDGE_CURVE('',#2175,#2176,#832,.T.);
#2713=EDGE_CURVE('',#2176,#2174,#751,.T.);
#2714=EDGE_CURVE('',#2177,#2177,#752,.T.);
#2715=EDGE_CURVE('',#1940,#2169,#833,.T.);
#2716=EDGE_CURVE('',#2168,#2175,#834,.T.);
#2717=EDGE_CURVE('',#1944,#2166,#835,.T.);
#2718=EDGE_CURVE('',#2176,#1962,#836,.T.);
#2719=EDGE_CURVE('',#2177,#2178,#1101,.T.);
#2720=EDGE_CURVE('',#2178,#2178,#753,.T.);
#2721=EDGE_CURVE('',#2172,#2166,#754,.T.);
#2722=EDGE_CURVE('',#2179,#2180,#1102,.T.);
#2723=EDGE_CURVE('',#2180,#2181,#1103,.T.);
#2724=EDGE_CURVE('',#2182,#2181,#1104,.T.);
#2725=EDGE_CURVE('',#2179,#2182,#1105,.T.);
#2726=EDGE_CURVE('',#2153,#2157,#1106,.T.);
#2727=EDGE_CURVE('',#2183,#2155,#1107,.T.);
#2728=EDGE_CURVE('',#2156,#2183,#1108,.T.);
#2729=EDGE_CURVE('',#2073,#2184,#1109,.T.);
#2730=EDGE_CURVE('',#2184,#2185,#1110,.T.);
#2731=EDGE_CURVE('',#2074,#2185,#1111,.T.);
#2732=EDGE_CURVE('',#2186,#2079,#1112,.T.);
#2733=EDGE_CURVE('',#2187,#2186,#1113,.T.);
#2734=EDGE_CURVE('',#2187,#2080,#1114,.T.);
#2735=EDGE_CURVE('',#2188,#2189,#1115,.T.);
#2736=EDGE_CURVE('',#2189,#2190,#1116,.T.);
#2737=EDGE_CURVE('',#2190,#2191,#1117,.T.);
#2738=EDGE_CURVE('',#2188,#2191,#1118,.T.);
#2739=EDGE_CURVE('',#2192,#2040,#1119,.T.);
#2740=EDGE_CURVE('',#2193,#2192,#1120,.T.);
#2741=EDGE_CURVE('',#2194,#2193,#1121,.T.);
#2742=EDGE_CURVE('',#2050,#2194,#1122,.T.);
#2743=EDGE_CURVE('',#2195,#1996,#1123,.T.);
#2744=EDGE_CURVE('',#2196,#2195,#1124,.T.);
#2745=EDGE_CURVE('',#2197,#2196,#1125,.T.);
#2746=EDGE_CURVE('',#2007,#2197,#1126,.T.);
#2747=EDGE_CURVE('',#2198,#2014,#1127,.T.);
#2748=EDGE_CURVE('',#2199,#2198,#1128,.T.);
#2749=EDGE_CURVE('',#2200,#2199,#1129,.T.);
#2750=EDGE_CURVE('',#2201,#2200,#1130,.T.);
#2751=EDGE_CURVE('',#2018,#2201,#1131,.T.);
#2752=EDGE_CURVE('',#2202,#1969,#1132,.T.);
#2753=EDGE_CURVE('',#2203,#2202,#1133,.T.);
#2754=EDGE_CURVE('',#2204,#2203,#1134,.T.);
#2755=EDGE_CURVE('',#1980,#2204,#1135,.T.);
#2756=EDGE_CURVE('',#2204,#2205,#1136,.T.);
#2757=EDGE_CURVE('',#2206,#2205,#1137,.T.);
#2758=EDGE_CURVE('',#2207,#2206,#1138,.T.);
#2759=EDGE_CURVE('',#2207,#2208,#755,.T.);
#2760=EDGE_CURVE('',#2208,#2209,#1139,.T.);
#2761=EDGE_CURVE('',#2209,#1981,#1140,.T.);
#2762=EDGE_CURVE('',#2210,#2203,#1141,.T.);
#2763=EDGE_CURVE('',#2205,#2210,#1142,.T.);
#2764=EDGE_CURVE('',#2211,#2009,#1143,.T.);
#2765=EDGE_CURVE('',#2211,#2198,#1144,.T.);
#2766=EDGE_CURVE('',#1992,#2212,#1145,.T.);
#2767=EDGE_CURVE('',#2195,#2212,#1146,.T.);
#2768=EDGE_CURVE('',#2213,#2194,#1147,.T.);
#2769=EDGE_CURVE('',#2213,#2214,#1148,.T.);
#2770=EDGE_CURVE('',#2214,#2215,#1149,.T.);
#2771=EDGE_CURVE('',#2215,#2216,#756,.T.);
#2772=EDGE_CURVE('',#2217,#2216,#1150,.T.);
#2773=EDGE_CURVE('',#2217,#2051,#1151,.T.);
#2774=EDGE_CURVE('',#2218,#2193,#1152,.T.);
#2775=EDGE_CURVE('',#2213,#2218,#1153,.T.);
#2776=EDGE_CURVE('',#2219,#2220,#837,.T.);
#2777=EDGE_CURVE('',#2220,#2221,#1154,.T.);
#2778=EDGE_CURVE('',#2221,#2221,#757,.T.);
#2779=EDGE_CURVE('',#2220,#2219,#838,.T.);
#2780=EDGE_CURVE('',#2222,#2223,#839,.T.);
#2781=EDGE_CURVE('',#2223,#2224,#1155,.T.);
#2782=EDGE_CURVE('',#2224,#2225,#758,.T.);
#2783=EDGE_CURVE('',#2225,#2222,#1156,.T.);
#2784=EDGE_CURVE('',#2226,#2226,#759,.T.);
#2785=EDGE_CURVE('',#2226,#2227,#1157,.T.);
#2786=EDGE_CURVE('',#2227,#2227,#760,.T.);
#2787=EDGE_CURVE('',#2228,#2228,#761,.T.);
#2788=EDGE_CURVE('',#2228,#2229,#1158,.T.);
#2789=EDGE_CURVE('',#2229,#2229,#762,.T.);
#2790=EDGE_CURVE('',#2006,#2230,#1159,.T.);
#2791=EDGE_CURVE('',#2212,#2230,#1160,.T.);
#2792=EDGE_CURVE('',#2027,#2231,#1161,.T.);
#2793=EDGE_CURVE('',#2211,#2231,#1162,.T.);
#2794=EDGE_CURVE('',#2230,#2232,#1163,.T.);
#2795=EDGE_CURVE('',#2232,#2233,#763,.T.);
#2796=EDGE_CURVE('',#2234,#2233,#1164,.T.);
#2797=EDGE_CURVE('',#2235,#2234,#1165,.T.);
#2798=EDGE_CURVE('',#2235,#2196,#1166,.T.);
#2799=EDGE_CURVE('',#2236,#2231,#1167,.T.);
#2800=EDGE_CURVE('',#2236,#2237,#764,.T.);
#2801=EDGE_CURVE('',#2237,#2238,#1168,.T.);
#2802=EDGE_CURVE('',#2239,#2238,#1169,.T.);
#2803=EDGE_CURVE('',#2199,#2239,#1170,.T.);
#2804=EDGE_CURVE('',#1983,#2240,#1171,.T.);
#2805=EDGE_CURVE('',#1982,#2241,#1172,.T.);
#2806=EDGE_CURVE('',#2241,#2240,#1173,.T.);
#2807=EDGE_CURVE('',#2036,#2026,#1174,.T.);
#2808=EDGE_CURVE('',#2209,#2242,#1175,.T.);
#2809=EDGE_CURVE('',#2242,#1976,#1176,.T.);
#2810=EDGE_CURVE('',#2217,#2243,#1177,.T.);
#2811=EDGE_CURVE('',#2243,#2047,#1178,.T.);
#2812=EDGE_CURVE('',#2207,#2237,#1179,.T.);
#2813=EDGE_CURVE('',#2238,#2206,#1180,.T.);
#2814=EDGE_CURVE('',#2244,#2245,#1181,.T.);
#2815=EDGE_CURVE('',#2244,#2246,#1182,.T.);
#2816=EDGE_CURVE('',#2246,#2247,#1183,.T.);
#2817=EDGE_CURVE('',#2245,#2247,#1184,.T.);
#2818=EDGE_CURVE('',#2248,#2249,#1185,.T.);
#2819=EDGE_CURVE('',#2248,#2250,#1186,.T.);
#2820=EDGE_CURVE('',#2250,#2251,#1187,.T.);
#2821=EDGE_CURVE('',#2249,#2251,#1188,.T.);
#2822=EDGE_CURVE('',#2252,#2253,#1189,.T.);
#2823=EDGE_CURVE('',#2252,#2254,#1190,.T.);
#2824=EDGE_CURVE('',#2254,#2255,#1191,.T.);
#2825=EDGE_CURVE('',#2253,#2255,#1192,.T.);
#2826=EDGE_CURVE('',#2256,#2257,#1193,.T.);
#2827=EDGE_CURVE('',#2256,#2258,#1194,.T.);
#2828=EDGE_CURVE('',#2258,#2259,#1195,.T.);
#2829=EDGE_CURVE('',#2257,#2259,#1196,.T.);
#2830=EDGE_CURVE('',#2215,#2233,#1197,.T.);
#2831=EDGE_CURVE('',#2234,#2214,#1198,.T.);
#2832=EDGE_CURVE('',#2260,#1964,#1199,.T.);
#2833=EDGE_CURVE('',#2202,#2260,#1200,.T.);
#2834=EDGE_CURVE('',#2153,#2201,#1201,.T.);
#2835=EDGE_CURVE('',#2261,#2157,#1202,.T.);
#2836=EDGE_CURVE('',#2019,#2261,#1203,.T.);
#2837=EDGE_CURVE('',#2037,#2183,#1204,.T.);
#2838=EDGE_CURVE('',#2192,#2155,#1205,.T.);
#2839=EDGE_CURVE('',#2260,#2008,#1206,.T.);
#2840=EDGE_CURVE('',#2156,#2261,#1207,.T.);
#2841=EDGE_CURVE('',#2262,#2191,#1208,.T.);
#2842=EDGE_CURVE('',#2263,#2262,#1209,.T.);
#2843=EDGE_CURVE('',#2186,#2263,#1210,.T.);
#2844=EDGE_CURVE('',#2078,#2264,#1211,.T.);
#2845=EDGE_CURVE('',#2264,#2265,#1212,.T.);
#2846=EDGE_CURVE('',#2265,#2266,#1213,.T.);
#2847=EDGE_CURVE('',#2266,#2267,#1214,.T.);
#2848=EDGE_CURVE('',#2268,#2267,#1215,.T.);
#2849=EDGE_CURVE('',#2269,#2268,#1216,.T.);
#2850=EDGE_CURVE('',#2270,#2269,#1217,.T.);
#2851=EDGE_CURVE('',#2270,#2271,#1218,.T.);
#2852=EDGE_CURVE('',#2272,#2271,#1219,.T.);
#2853=EDGE_CURVE('',#2273,#2272,#1220,.T.);
#2854=EDGE_CURVE('',#2075,#2273,#1221,.T.);
#2855=EDGE_CURVE('',#2274,#2185,#1222,.T.);
#2856=EDGE_CURVE('',#2275,#2274,#1223,.T.);
#2857=EDGE_CURVE('',#2182,#2275,#1224,.T.);
#2858=EDGE_CURVE('',#2276,#2181,#1225,.T.);
#2859=EDGE_CURVE('',#2276,#2277,#1226,.T.);
#2860=EDGE_CURVE('',#2277,#2278,#1227,.T.);
#2861=EDGE_CURVE('',#2278,#2279,#1228,.T.);
#2862=EDGE_CURVE('',#2279,#2280,#1229,.T.);
#2863=EDGE_CURVE('',#2281,#2280,#1230,.T.);
#2864=EDGE_CURVE('',#2282,#2281,#1231,.T.);
#2865=EDGE_CURVE('',#2283,#2282,#1232,.T.);
#2866=EDGE_CURVE('',#2284,#2283,#1233,.T.);
#2867=EDGE_CURVE('',#2285,#2284,#1234,.T.);
#2868=EDGE_CURVE('',#2286,#2285,#1235,.T.);
#2869=EDGE_CURVE('',#2287,#2286,#1236,.T.);
#2870=EDGE_CURVE('',#2288,#2287,#1237,.T.);
#2871=EDGE_CURVE('',#2289,#2288,#1238,.T.);
#2872=EDGE_CURVE('',#2188,#2289,#1239,.T.);
#2873=EDGE_CURVE('',#2259,#2247,#1240,.T.);
#2874=EDGE_CURVE('',#2249,#2246,#1241,.T.);
#2875=EDGE_CURVE('',#2251,#2255,#1242,.T.);
#2876=EDGE_CURVE('',#2257,#2254,#1243,.T.);
#2877=EDGE_CURVE('',#2290,#2291,#1244,.T.);
#2878=EDGE_CURVE('',#2290,#2235,#1245,.T.);
#2879=EDGE_CURVE('',#2292,#2218,#1246,.T.);
#2880=EDGE_CURVE('',#2293,#2292,#1247,.T.);
#2881=EDGE_CURVE('',#2271,#2293,#1248,.T.);
#2882=EDGE_CURVE('',#2294,#2270,#1249,.T.);
#2883=EDGE_CURVE('',#2295,#2294,#1250,.T.);
#2884=EDGE_CURVE('',#2295,#2267,#1251,.T.);
#2885=EDGE_CURVE('',#2266,#2296,#1252,.T.);
#2886=EDGE_CURVE('',#2291,#2296,#1253,.T.);
#2887=EDGE_CURVE('',#2297,#2293,#1254,.T.);
#2888=EDGE_CURVE('',#2272,#2297,#1255,.T.);
#2889=EDGE_CURVE('',#2296,#2298,#1256,.T.);
#2890=EDGE_CURVE('',#2265,#2298,#1257,.T.);
#2891=EDGE_CURVE('',#2298,#2299,#1258,.T.);
#2892=EDGE_CURVE('',#2264,#2299,#1259,.T.);
#2893=EDGE_CURVE('',#2299,#2077,#1260,.T.);
#2894=EDGE_CURVE('',#2300,#2301,#1261,.T.);
#2895=EDGE_CURVE('',#2289,#2300,#1262,.T.);
#2896=EDGE_CURVE('',#2288,#2301,#1263,.T.);
#2897=EDGE_CURVE('',#2301,#2302,#1264,.T.);
#2898=EDGE_CURVE('',#2287,#2302,#1265,.T.);
#2899=EDGE_CURVE('',#2302,#2303,#1266,.T.);
#2900=EDGE_CURVE('',#2286,#2303,#1267,.T.);
#2901=EDGE_CURVE('',#2303,#2304,#1268,.T.);
#2902=EDGE_CURVE('',#2304,#2285,#1269,.T.);
#2903=EDGE_CURVE('',#2305,#2306,#1270,.T.);
#2904=EDGE_CURVE('',#2280,#2305,#1271,.T.);
#2905=EDGE_CURVE('',#2279,#2306,#1272,.T.);
#2906=EDGE_CURVE('',#2306,#2307,#1273,.T.);
#2907=EDGE_CURVE('',#2278,#2307,#1274,.T.);
#2908=EDGE_CURVE('',#2307,#2308,#1275,.T.);
#2909=EDGE_CURVE('',#2277,#2308,#1276,.T.);
#2910=EDGE_CURVE('',#2308,#2309,#1277,.T.);
#2911=EDGE_CURVE('',#2309,#2276,#1278,.T.);
#2912=EDGE_CURVE('',#2076,#2310,#1279,.T.);
#2913=EDGE_CURVE('',#2273,#2310,#1280,.T.);
#2914=EDGE_CURVE('',#2310,#2297,#1281,.T.);
#2915=EDGE_CURVE('',#2258,#2245,#765,.T.);
#2916=EDGE_CURVE('',#2248,#2244,#766,.T.);
#2917=EDGE_CURVE('',#2223,#2253,#767,.T.);
#2918=EDGE_CURVE('',#2250,#2222,#768,.T.);
#2919=EDGE_CURVE('',#2224,#2225,#1282,.T.);
#2920=EDGE_CURVE('',#2256,#2252,#769,.T.);
#2921=EDGE_CURVE('',#2311,#2283,#1283,.T.);
#2922=EDGE_CURVE('',#2312,#2311,#1284,.T.);
#2923=EDGE_CURVE('',#2284,#2312,#1285,.T.);
#2924=EDGE_CURVE('',#2313,#2281,#1286,.T.);
#2925=EDGE_CURVE('',#2314,#2313,#1287,.T.);
#2926=EDGE_CURVE('',#2314,#2282,#1288,.T.);
#2927=EDGE_CURVE('',#2311,#2314,#1289,.T.);
#2928=EDGE_CURVE('',#2312,#2313,#1290,.T.);
#2929=EDGE_CURVE('',#2315,#2295,#1291,.T.);
#2930=EDGE_CURVE('',#2315,#2268,#1292,.T.);
#2931=EDGE_CURVE('',#2316,#2315,#1293,.T.);
#2932=EDGE_CURVE('',#2316,#2269,#1294,.T.);
#2933=EDGE_CURVE('',#2294,#2316,#1295,.T.);
#2934=EDGE_CURVE('',#2317,#2239,#1296,.T.);
#2935=EDGE_CURVE('',#2200,#2317,#1297,.T.);
#2936=EDGE_CURVE('',#2197,#2290,#1298,.T.);
#2937=EDGE_CURVE('',#2208,#2318,#1299,.T.);
#2938=EDGE_CURVE('',#2319,#2236,#1300,.T.);
#2939=EDGE_CURVE('',#2320,#2319,#770,.T.);
#2940=EDGE_CURVE('',#2216,#2320,#1301,.T.);
#2941=EDGE_CURVE('',#2321,#2232,#1302,.T.);
#2942=EDGE_CURVE('',#2318,#2321,#771,.T.);
#2943=EDGE_CURVE('',#2242,#2240,#1303,.T.);
#2944=EDGE_CURVE('',#2241,#1978,#1304,.T.);
#2945=EDGE_CURVE('',#2005,#1986,#1305,.T.);
#2946=EDGE_CURVE('',#2243,#2322,#1306,.T.);
#2947=EDGE_CURVE('',#2323,#2322,#1307,.T.);
#2948=EDGE_CURVE('',#2323,#2049,#1308,.T.);
#2949=EDGE_CURVE('',#2032,#2323,#1309,.T.);
#2950=EDGE_CURVE('',#2322,#2033,#1310,.T.);
#2951=EDGE_CURVE('',#2034,#2324,#1311,.T.);
#2952=EDGE_CURVE('',#2325,#2324,#1312,.T.);
#2953=EDGE_CURVE('',#2325,#2035,#1313,.T.);
#2954=EDGE_CURVE('',#2179,#2325,#1314,.T.);
#2955=EDGE_CURVE('',#2319,#2275,#1315,.T.);
#2956=EDGE_CURVE('',#2320,#2274,#1316,.T.);
#2957=EDGE_CURVE('',#2324,#2184,#1317,.T.);
#2958=EDGE_CURVE('',#1984,#2326,#1318,.T.);
#2959=EDGE_CURVE('',#2327,#2326,#1319,.T.);
#2960=EDGE_CURVE('',#2327,#1985,#1320,.T.);
#2961=EDGE_CURVE('',#2318,#2262,#1321,.T.);
#2962=EDGE_CURVE('',#2326,#2190,#1322,.T.);
#2963=EDGE_CURVE('',#2187,#2327,#1323,.T.);
#2964=EDGE_CURVE('',#2321,#2263,#1324,.T.);
#2965=EDGE_CURVE('',#2181,#2328,#1325,.T.);
#2966=EDGE_CURVE('',#2328,#2309,#1326,.T.);
#2967=EDGE_CURVE('',#2184,#2179,#1327,.T.);
#2968=EDGE_CURVE('',#2329,#2317,#1328,.T.);
#2969=EDGE_CURVE('',#2330,#2329,#772,.T.);
#2970=EDGE_CURVE('',#2330,#2331,#1329,.T.);
#2971=EDGE_CURVE('',#2331,#2292,#1330,.T.);
#2972=EDGE_CURVE('',#2332,#2210,#1331,.T.);
#2973=EDGE_CURVE('',#2329,#2332,#1332,.T.);
#2974=EDGE_CURVE('',#2333,#2331,#1333,.T.);
#2975=EDGE_CURVE('',#2291,#2333,#1334,.T.);
#2976=EDGE_CURVE('',#2190,#2187,#1335,.T.);
#2977=EDGE_CURVE('',#2300,#2334,#1336,.T.);
#2978=EDGE_CURVE('',#2334,#2188,#1337,.T.);
#2979=EDGE_CURVE('',#2335,#2333,#1338,.T.);
#2980=EDGE_CURVE('',#2332,#2335,#773,.T.);
#2981=EDGE_CURVE('',#2336,#2160,#1339,.T.);
#2982=EDGE_CURVE('',#2337,#2336,#1340,.T.);
#2983=EDGE_CURVE('',#2337,#2161,#1341,.T.);
#2984=EDGE_CURVE('',#2164,#2338,#1342,.T.);
#2985=EDGE_CURVE('',#2338,#2339,#1343,.T.);
#2986=EDGE_CURVE('',#2165,#2339,#1344,.T.);
#2987=EDGE_CURVE('',#2340,#2159,#1345,.T.);
#2988=EDGE_CURVE('',#2336,#2340,#1346,.T.);
#2989=EDGE_CURVE('',#2339,#2341,#1347,.T.);
#2990=EDGE_CURVE('',#2162,#2341,#1348,.T.);
#2991=EDGE_CURVE('',#2342,#2337,#1349,.T.);
#2992=EDGE_CURVE('',#2342,#2158,#1350,.T.);
#2993=EDGE_CURVE('',#2340,#2342,#1351,.T.);
#2994=EDGE_CURVE('',#2341,#2343,#1352,.T.);
#2995=EDGE_CURVE('',#2163,#2343,#1353,.T.);
#2996=EDGE_CURVE('',#2343,#2338,#1354,.T.);
#2997=EDGE_CURVE('',#2344,#2345,#774,.T.);
#2998=EDGE_CURVE('',#2344,#2346,#1355,.T.);
#2999=EDGE_CURVE('',#2346,#2347,#1356,.T.);
#3000=EDGE_CURVE('',#2348,#2347,#1357,.T.);
#3001=EDGE_CURVE('',#2345,#2348,#775,.T.);
#3002=EDGE_CURVE('',#2348,#2349,#1358,.T.);
#3003=EDGE_CURVE('',#2347,#2350,#1359,.T.);
#3004=EDGE_CURVE('',#2349,#2350,#1360,.T.);
#3005=EDGE_CURVE('',#2351,#2344,#1361,.T.);
#3006=EDGE_CURVE('',#2351,#2352,#1362,.T.);
#3007=EDGE_CURVE('',#2352,#2346,#1363,.T.);
#3008=EDGE_CURVE('',#2349,#2353,#776,.T.);
#3009=EDGE_CURVE('',#2350,#2352,#1364,.T.);
#3010=EDGE_CURVE('',#2353,#2351,#777,.T.);
#3011=EDGE_CURVE('',#2354,#2189,#1365,.T.);
#3012=EDGE_CURVE('',#2081,#2354,#1366,.T.);
#3013=EDGE_CURVE('',#2355,#2072,#1367,.T.);
#3014=EDGE_CURVE('',#2180,#2355,#1368,.T.);
#3015=EDGE_CURVE('',#2354,#2084,#1369,.T.);
#3016=EDGE_CURVE('',#2328,#2334,#1370,.T.);
#3017=EDGE_CURVE('',#2355,#2356,#1371,.T.);
#3018=EDGE_CURVE('',#2356,#2123,#1372,.T.);
#3019=EDGE_CURVE('',#2071,#2356,#778,.T.);
#3020=EDGE_CURVE('',#2305,#2304,#1373,.T.);
#3021=EDGE_CURVE('',#2148,#2129,#1374,.T.);
#3022=EDGE_CURVE('',#2357,#2130,#1375,.T.);
#3023=EDGE_CURVE('',#2122,#2357,#779,.T.);
#3024=EDGE_CURVE('',#2104,#2357,#1376,.T.);
#3025=EDGE_CURVE('',#2358,#2358,#780,.T.);
#3026=EDGE_CURVE('',#2335,#2330,#1377,.T.);
#3027=EDGE_CURVE('',#2358,#2345,#1378,.T.);
#3028=EDGE_CURVE('',#2353,#2167,#1379,.T.);
#3029=ORIENTED_EDGE('',*,*,#2359,.F.);
#3030=ORIENTED_EDGE('',*,*,#2360,.F.);
#3031=ORIENTED_EDGE('',*,*,#2361,.F.);
#3032=ORIENTED_EDGE('',*,*,#2362,.F.);
#3033=ORIENTED_EDGE('',*,*,#2363,.F.);
#3034=ORIENTED_EDGE('',*,*,#2364,.F.);
#3035=ORIENTED_EDGE('',*,*,#2359,.T.);
#3036=ORIENTED_EDGE('',*,*,#2365,.F.);
#3037=ORIENTED_EDGE('',*,*,#2366,.F.);
#3038=ORIENTED_EDGE('',*,*,#2367,.F.);
#3039=ORIENTED_EDGE('',*,*,#2363,.T.);
#3040=ORIENTED_EDGE('',*,*,#2368,.F.);
#3041=ORIENTED_EDGE('',*,*,#2369,.F.);
#3042=ORIENTED_EDGE('',*,*,#2370,.F.);
#3043=ORIENTED_EDGE('',*,*,#2366,.T.);
#3044=ORIENTED_EDGE('',*,*,#2371,.F.);
#3045=ORIENTED_EDGE('',*,*,#2372,.F.);
#3046=ORIENTED_EDGE('',*,*,#2373,.F.);
#3047=ORIENTED_EDGE('',*,*,#2369,.T.);
#3048=ORIENTED_EDGE('',*,*,#2374,.F.);
#3049=ORIENTED_EDGE('',*,*,#2375,.F.);
#3050=ORIENTED_EDGE('',*,*,#2376,.F.);
#3051=ORIENTED_EDGE('',*,*,#2372,.T.);
#3052=ORIENTED_EDGE('',*,*,#2377,.F.);
#3053=ORIENTED_EDGE('',*,*,#2378,.F.);
#3054=ORIENTED_EDGE('',*,*,#2379,.F.);
#3055=ORIENTED_EDGE('',*,*,#2375,.T.);
#3056=ORIENTED_EDGE('',*,*,#2380,.F.);
#3057=ORIENTED_EDGE('',*,*,#2381,.F.);
#3058=ORIENTED_EDGE('',*,*,#2382,.F.);
#3059=ORIENTED_EDGE('',*,*,#2378,.T.);
#3060=ORIENTED_EDGE('',*,*,#2383,.F.);
#3061=ORIENTED_EDGE('',*,*,#2384,.F.);
#3062=ORIENTED_EDGE('',*,*,#2385,.F.);
#3063=ORIENTED_EDGE('',*,*,#2381,.T.);
#3064=ORIENTED_EDGE('',*,*,#2386,.F.);
#3065=ORIENTED_EDGE('',*,*,#2387,.F.);
#3066=ORIENTED_EDGE('',*,*,#2388,.F.);
#3067=ORIENTED_EDGE('',*,*,#2384,.T.);
#3068=ORIENTED_EDGE('',*,*,#2389,.F.);
#3069=ORIENTED_EDGE('',*,*,#2390,.F.);
#3070=ORIENTED_EDGE('',*,*,#2391,.T.);
#3071=ORIENTED_EDGE('',*,*,#2392,.F.);
#3072=ORIENTED_EDGE('',*,*,#2393,.F.);
#3073=ORIENTED_EDGE('',*,*,#2394,.F.);
#3074=ORIENTED_EDGE('',*,*,#2395,.T.);
#3075=ORIENTED_EDGE('',*,*,#2390,.T.);
#3076=ORIENTED_EDGE('',*,*,#2396,.F.);
#3077=ORIENTED_EDGE('',*,*,#2397,.F.);
#3078=ORIENTED_EDGE('',*,*,#2398,.T.);
#3079=ORIENTED_EDGE('',*,*,#2394,.T.);
#3080=ORIENTED_EDGE('',*,*,#2399,.F.);
#3081=ORIENTED_EDGE('',*,*,#2400,.F.);
#3082=ORIENTED_EDGE('',*,*,#2401,.T.);
#3083=ORIENTED_EDGE('',*,*,#2397,.T.);
#3084=ORIENTED_EDGE('',*,*,#2402,.F.);
#3085=ORIENTED_EDGE('',*,*,#2403,.F.);
#3086=ORIENTED_EDGE('',*,*,#2404,.T.);
#3087=ORIENTED_EDGE('',*,*,#2400,.T.);
#3088=ORIENTED_EDGE('',*,*,#2405,.F.);
#3089=ORIENTED_EDGE('',*,*,#2406,.F.);
#3090=ORIENTED_EDGE('',*,*,#2407,.T.);
#3091=ORIENTED_EDGE('',*,*,#2403,.T.);
#3092=ORIENTED_EDGE('',*,*,#2408,.F.);
#3093=ORIENTED_EDGE('',*,*,#2409,.F.);
#3094=ORIENTED_EDGE('',*,*,#2410,.T.);
#3095=ORIENTED_EDGE('',*,*,#2406,.T.);
#3096=ORIENTED_EDGE('',*,*,#2411,.F.);
#3097=ORIENTED_EDGE('',*,*,#2412,.F.);
#3098=ORIENTED_EDGE('',*,*,#2413,.T.);
#3099=ORIENTED_EDGE('',*,*,#2409,.T.);
#3100=ORIENTED_EDGE('',*,*,#2414,.F.);
#3101=ORIENTED_EDGE('',*,*,#2415,.F.);
#3102=ORIENTED_EDGE('',*,*,#2416,.T.);
#3103=ORIENTED_EDGE('',*,*,#2412,.T.);
#3104=ORIENTED_EDGE('',*,*,#2417,.F.);
#3105=ORIENTED_EDGE('',*,*,#2418,.F.);
#3106=ORIENTED_EDGE('',*,*,#2419,.T.);
#3107=ORIENTED_EDGE('',*,*,#2415,.T.);
#3108=ORIENTED_EDGE('',*,*,#2420,.F.);
#3109=ORIENTED_EDGE('',*,*,#2421,.F.);
#3110=ORIENTED_EDGE('',*,*,#2422,.T.);
#3111=ORIENTED_EDGE('',*,*,#2423,.T.);
#3112=ORIENTED_EDGE('',*,*,#2424,.F.);
#3113=ORIENTED_EDGE('',*,*,#2425,.F.);
#3114=ORIENTED_EDGE('',*,*,#2426,.T.);
#3115=ORIENTED_EDGE('',*,*,#2427,.T.);
#3116=ORIENTED_EDGE('',*,*,#2422,.F.);
#3117=ORIENTED_EDGE('',*,*,#2428,.F.);
#3118=ORIENTED_EDGE('',*,*,#2429,.F.);
#3119=ORIENTED_EDGE('',*,*,#2430,.T.);
#3120=ORIENTED_EDGE('',*,*,#2431,.T.);
#3121=ORIENTED_EDGE('',*,*,#2426,.F.);
#3122=ORIENTED_EDGE('',*,*,#2432,.F.);
#3123=ORIENTED_EDGE('',*,*,#2433,.F.);
#3124=ORIENTED_EDGE('',*,*,#2434,.T.);
#3125=ORIENTED_EDGE('',*,*,#2435,.T.);
#3126=ORIENTED_EDGE('',*,*,#2430,.F.);
#3127=ORIENTED_EDGE('',*,*,#2436,.F.);
#3128=ORIENTED_EDGE('',*,*,#2437,.F.);
#3129=ORIENTED_EDGE('',*,*,#2438,.T.);
#3130=ORIENTED_EDGE('',*,*,#2434,.F.);
#3131=ORIENTED_EDGE('',*,*,#2439,.F.);
#3132=ORIENTED_EDGE('',*,*,#2440,.F.);
#3133=ORIENTED_EDGE('',*,*,#2441,.F.);
#3134=ORIENTED_EDGE('',*,*,#2423,.F.);
#3135=ORIENTED_EDGE('',*,*,#2427,.F.);
#3136=ORIENTED_EDGE('',*,*,#2431,.F.);
#3137=ORIENTED_EDGE('',*,*,#2435,.F.);
#3138=ORIENTED_EDGE('',*,*,#2438,.F.);
#3139=ORIENTED_EDGE('',*,*,#2433,.T.);
#3140=ORIENTED_EDGE('',*,*,#2442,.T.);
#3141=ORIENTED_EDGE('',*,*,#2443,.F.);
#3142=ORIENTED_EDGE('',*,*,#2444,.F.);
#3143=ORIENTED_EDGE('',*,*,#2424,.T.);
#3144=ORIENTED_EDGE('',*,*,#2441,.T.);
#3145=ORIENTED_EDGE('',*,*,#2445,.F.);
#3146=ORIENTED_EDGE('',*,*,#2446,.F.);
#3147=ORIENTED_EDGE('',*,*,#2447,.T.);
#3148=ORIENTED_EDGE('',*,*,#2448,.F.);
#3149=ORIENTED_EDGE('',*,*,#2449,.T.);
#3150=ORIENTED_EDGE('',*,*,#2450,.F.);
#3151=ORIENTED_EDGE('',*,*,#2451,.T.);
#3152=ORIENTED_EDGE('',*,*,#2452,.T.);
#3153=ORIENTED_EDGE('',*,*,#2453,.T.);
#3154=ORIENTED_EDGE('',*,*,#2454,.F.);
#3155=ORIENTED_EDGE('',*,*,#2455,.T.);
#3156=ORIENTED_EDGE('',*,*,#2456,.T.);
#3157=ORIENTED_EDGE('',*,*,#2457,.T.);
#3158=ORIENTED_EDGE('',*,*,#2458,.F.);
#3159=ORIENTED_EDGE('',*,*,#2459,.F.);
#3160=ORIENTED_EDGE('',*,*,#2460,.T.);
#3161=ORIENTED_EDGE('',*,*,#2461,.T.);
#3162=ORIENTED_EDGE('',*,*,#2456,.F.);
#3163=ORIENTED_EDGE('',*,*,#2462,.F.);
#3164=ORIENTED_EDGE('',*,*,#2463,.F.);
#3165=ORIENTED_EDGE('',*,*,#2464,.T.);
#3166=ORIENTED_EDGE('',*,*,#2465,.T.);
#3167=ORIENTED_EDGE('',*,*,#2460,.F.);
#3168=ORIENTED_EDGE('',*,*,#2466,.F.);
#3169=ORIENTED_EDGE('',*,*,#2467,.F.);
#3170=ORIENTED_EDGE('',*,*,#2468,.T.);
#3171=ORIENTED_EDGE('',*,*,#2469,.T.);
#3172=ORIENTED_EDGE('',*,*,#2464,.F.);
#3173=ORIENTED_EDGE('',*,*,#2470,.T.);
#3174=ORIENTED_EDGE('',*,*,#2453,.F.);
#3175=ORIENTED_EDGE('',*,*,#2471,.T.);
#3176=ORIENTED_EDGE('',*,*,#2468,.F.);
#3177=ORIENTED_EDGE('',*,*,#2471,.F.);
#3178=ORIENTED_EDGE('',*,*,#2452,.F.);
#3179=ORIENTED_EDGE('',*,*,#2472,.F.);
#3180=ORIENTED_EDGE('',*,*,#2473,.F.);
#3181=ORIENTED_EDGE('',*,*,#2457,.F.);
#3182=ORIENTED_EDGE('',*,*,#2461,.F.);
#3183=ORIENTED_EDGE('',*,*,#2465,.F.);
#3184=ORIENTED_EDGE('',*,*,#2469,.F.);
#3185=ORIENTED_EDGE('',*,*,#2458,.T.);
#3186=ORIENTED_EDGE('',*,*,#2473,.T.);
#3187=ORIENTED_EDGE('',*,*,#2474,.F.);
#3188=ORIENTED_EDGE('',*,*,#2475,.F.);
#3189=ORIENTED_EDGE('',*,*,#2476,.T.);
#3190=ORIENTED_EDGE('',*,*,#2477,.F.);
#3191=ORIENTED_EDGE('',*,*,#2467,.T.);
#3192=ORIENTED_EDGE('',*,*,#2478,.T.);
#3193=ORIENTED_EDGE('',*,*,#2479,.F.);
#3194=ORIENTED_EDGE('',*,*,#2480,.T.);
#3195=ORIENTED_EDGE('',*,*,#2472,.T.);
#3196=ORIENTED_EDGE('',*,*,#2451,.F.);
#3197=ORIENTED_EDGE('',*,*,#2481,.F.);
#3198=ORIENTED_EDGE('',*,*,#2474,.T.);
#3199=ORIENTED_EDGE('',*,*,#2482,.F.);
#3200=ORIENTED_EDGE('',*,*,#2483,.T.);
#3201=ORIENTED_EDGE('',*,*,#2484,.T.);
#3202=ORIENTED_EDGE('',*,*,#2485,.F.);
#3203=ORIENTED_EDGE('',*,*,#2486,.F.);
#3204=ORIENTED_EDGE('',*,*,#2487,.T.);
#3205=ORIENTED_EDGE('',*,*,#2488,.T.);
#3206=ORIENTED_EDGE('',*,*,#2483,.F.);
#3207=ORIENTED_EDGE('',*,*,#2489,.F.);
#3208=ORIENTED_EDGE('',*,*,#2490,.F.);
#3209=ORIENTED_EDGE('',*,*,#2491,.T.);
#3210=ORIENTED_EDGE('',*,*,#2492,.T.);
#3211=ORIENTED_EDGE('',*,*,#2487,.F.);
#3212=ORIENTED_EDGE('',*,*,#2493,.F.);
#3213=ORIENTED_EDGE('',*,*,#2494,.F.);
#3214=ORIENTED_EDGE('',*,*,#2495,.T.);
#3215=ORIENTED_EDGE('',*,*,#2496,.T.);
#3216=ORIENTED_EDGE('',*,*,#2491,.F.);
#3217=ORIENTED_EDGE('',*,*,#2497,.F.);
#3218=ORIENTED_EDGE('',*,*,#2498,.F.);
#3219=ORIENTED_EDGE('',*,*,#2499,.T.);
#3220=ORIENTED_EDGE('',*,*,#2495,.F.);
#3221=ORIENTED_EDGE('',*,*,#2500,.F.);
#3222=ORIENTED_EDGE('',*,*,#2501,.F.);
#3223=ORIENTED_EDGE('',*,*,#2502,.F.);
#3224=ORIENTED_EDGE('',*,*,#2484,.F.);
#3225=ORIENTED_EDGE('',*,*,#2488,.F.);
#3226=ORIENTED_EDGE('',*,*,#2492,.F.);
#3227=ORIENTED_EDGE('',*,*,#2496,.F.);
#3228=ORIENTED_EDGE('',*,*,#2499,.F.);
#3229=ORIENTED_EDGE('',*,*,#2485,.T.);
#3230=ORIENTED_EDGE('',*,*,#2502,.T.);
#3231=ORIENTED_EDGE('',*,*,#2503,.F.);
#3232=ORIENTED_EDGE('',*,*,#2504,.F.);
#3233=ORIENTED_EDGE('',*,*,#2505,.T.);
#3234=ORIENTED_EDGE('',*,*,#2506,.F.);
#3235=ORIENTED_EDGE('',*,*,#2501,.T.);
#3236=ORIENTED_EDGE('',*,*,#2507,.F.);
#3237=ORIENTED_EDGE('',*,*,#2508,.F.);
#3238=ORIENTED_EDGE('',*,*,#2503,.T.);
#3239=ORIENTED_EDGE('',*,*,#2500,.T.);
#3240=ORIENTED_EDGE('',*,*,#2498,.T.);
#3241=ORIENTED_EDGE('',*,*,#2509,.F.);
#3242=ORIENTED_EDGE('',*,*,#2510,.T.);
#3243=ORIENTED_EDGE('',*,*,#2511,.T.);
#3244=ORIENTED_EDGE('',*,*,#2512,.F.);
#3245=ORIENTED_EDGE('',*,*,#2513,.F.);
#3246=ORIENTED_EDGE('',*,*,#2514,.T.);
#3247=ORIENTED_EDGE('',*,*,#2515,.F.);
#3248=ORIENTED_EDGE('',*,*,#2516,.T.);
#3249=ORIENTED_EDGE('',*,*,#2517,.F.);
#3250=ORIENTED_EDGE('',*,*,#2507,.T.);
#3251=ORIENTED_EDGE('',*,*,#2518,.T.);
#3252=ORIENTED_EDGE('',*,*,#2519,.T.);
#3253=ORIENTED_EDGE('',*,*,#2520,.T.);
#3254=ORIENTED_EDGE('',*,*,#2510,.F.);
#3255=ORIENTED_EDGE('',*,*,#2521,.F.);
#3256=ORIENTED_EDGE('',*,*,#2522,.T.);
#3257=ORIENTED_EDGE('',*,*,#2523,.T.);
#3258=ORIENTED_EDGE('',*,*,#2519,.F.);
#3259=ORIENTED_EDGE('',*,*,#2524,.F.);
#3260=ORIENTED_EDGE('',*,*,#2525,.F.);
#3261=ORIENTED_EDGE('',*,*,#2526,.T.);
#3262=ORIENTED_EDGE('',*,*,#2527,.T.);
#3263=ORIENTED_EDGE('',*,*,#2522,.F.);
#3264=ORIENTED_EDGE('',*,*,#2528,.F.);
#3265=ORIENTED_EDGE('',*,*,#2529,.F.);
#3266=ORIENTED_EDGE('',*,*,#2530,.T.);
#3267=ORIENTED_EDGE('',*,*,#2531,.T.);
#3268=ORIENTED_EDGE('',*,*,#2526,.F.);
#3269=ORIENTED_EDGE('',*,*,#2532,.T.);
#3270=ORIENTED_EDGE('',*,*,#2533,.F.);
#3271=ORIENTED_EDGE('',*,*,#2534,.T.);
#3272=ORIENTED_EDGE('',*,*,#2530,.F.);
#3273=ORIENTED_EDGE('',*,*,#2535,.F.);
#3274=ORIENTED_EDGE('',*,*,#2536,.F.);
#3275=ORIENTED_EDGE('',*,*,#2511,.F.);
#3276=ORIENTED_EDGE('',*,*,#2520,.F.);
#3277=ORIENTED_EDGE('',*,*,#2523,.F.);
#3278=ORIENTED_EDGE('',*,*,#2527,.F.);
#3279=ORIENTED_EDGE('',*,*,#2531,.F.);
#3280=ORIENTED_EDGE('',*,*,#2534,.F.);
#3281=ORIENTED_EDGE('',*,*,#2529,.T.);
#3282=ORIENTED_EDGE('',*,*,#2537,.T.);
#3283=ORIENTED_EDGE('',*,*,#2538,.T.);
#3284=ORIENTED_EDGE('',*,*,#2539,.T.);
#3285=ORIENTED_EDGE('',*,*,#2540,.F.);
#3286=ORIENTED_EDGE('',*,*,#2541,.F.);
#3287=ORIENTED_EDGE('',*,*,#2542,.F.);
#3288=ORIENTED_EDGE('',*,*,#2543,.F.);
#3289=ORIENTED_EDGE('',*,*,#2544,.F.);
#3290=ORIENTED_EDGE('',*,*,#2545,.T.);
#3291=ORIENTED_EDGE('',*,*,#2546,.F.);
#3292=ORIENTED_EDGE('',*,*,#2547,.F.);
#3293=ORIENTED_EDGE('',*,*,#2548,.T.);
#3294=ORIENTED_EDGE('',*,*,#2541,.T.);
#3295=ORIENTED_EDGE('',*,*,#2549,.F.);
#3296=ORIENTED_EDGE('',*,*,#2550,.F.);
#3297=ORIENTED_EDGE('',*,*,#2551,.F.);
#3298=ORIENTED_EDGE('',*,*,#2546,.T.);
#3299=ORIENTED_EDGE('',*,*,#2552,.T.);
#3300=ORIENTED_EDGE('',*,*,#2553,.F.);
#3301=ORIENTED_EDGE('',*,*,#2554,.F.);
#3302=ORIENTED_EDGE('',*,*,#2555,.T.);
#3303=ORIENTED_EDGE('',*,*,#2542,.T.);
#3304=ORIENTED_EDGE('',*,*,#2548,.F.);
#3305=ORIENTED_EDGE('',*,*,#2556,.F.);
#3306=ORIENTED_EDGE('',*,*,#2557,.F.);
#3307=ORIENTED_EDGE('',*,*,#2558,.F.);
#3308=ORIENTED_EDGE('',*,*,#2543,.T.);
#3309=ORIENTED_EDGE('',*,*,#2555,.F.);
#3310=ORIENTED_EDGE('',*,*,#2559,.F.);
#3311=ORIENTED_EDGE('',*,*,#2553,.T.);
#3312=ORIENTED_EDGE('',*,*,#2560,.T.);
#3313=ORIENTED_EDGE('',*,*,#2561,.F.);
#3314=ORIENTED_EDGE('',*,*,#2560,.F.);
#3315=ORIENTED_EDGE('',*,*,#2552,.F.);
#3316=ORIENTED_EDGE('',*,*,#2545,.F.);
#3317=ORIENTED_EDGE('',*,*,#2549,.T.);
#3318=ORIENTED_EDGE('',*,*,#2540,.T.);
#3319=ORIENTED_EDGE('',*,*,#2558,.T.);
#3320=ORIENTED_EDGE('',*,*,#2562,.F.);
#3321=ORIENTED_EDGE('',*,*,#2563,.F.);
#3322=ORIENTED_EDGE('',*,*,#2564,.F.);
#3323=ORIENTED_EDGE('',*,*,#2565,.T.);
#3324=ORIENTED_EDGE('',*,*,#2566,.T.);
#3325=ORIENTED_EDGE('',*,*,#2567,.F.);
#3326=ORIENTED_EDGE('',*,*,#2568,.F.);
#3327=ORIENTED_EDGE('',*,*,#2569,.T.);
#3328=ORIENTED_EDGE('',*,*,#2570,.T.);
#3329=ORIENTED_EDGE('',*,*,#2571,.F.);
#3330=ORIENTED_EDGE('',*,*,#2572,.F.);
#3331=ORIENTED_EDGE('',*,*,#2573,.F.);
#3332=ORIENTED_EDGE('',*,*,#2574,.F.);
#3333=ORIENTED_EDGE('',*,*,#2575,.F.);
#3334=ORIENTED_EDGE('',*,*,#2576,.F.);
#3335=ORIENTED_EDGE('',*,*,#2577,.F.);
#3336=ORIENTED_EDGE('',*,*,#2557,.T.);
#3337=ORIENTED_EDGE('',*,*,#2578,.F.);
#3338=ORIENTED_EDGE('',*,*,#2579,.F.);
#3339=ORIENTED_EDGE('',*,*,#2562,.T.);
#3340=ORIENTED_EDGE('',*,*,#2550,.T.);
#3341=ORIENTED_EDGE('',*,*,#2577,.T.);
#3342=ORIENTED_EDGE('',*,*,#2580,.F.);
#3343=ORIENTED_EDGE('',*,*,#2581,.F.);
#3344=ORIENTED_EDGE('',*,*,#2582,.F.);
#3345=ORIENTED_EDGE('',*,*,#2583,.F.);
#3346=ORIENTED_EDGE('',*,*,#2584,.F.);
#3347=ORIENTED_EDGE('',*,*,#2585,.T.);
#3348=ORIENTED_EDGE('',*,*,#2586,.F.);
#3349=ORIENTED_EDGE('',*,*,#2587,.F.);
#3350=ORIENTED_EDGE('',*,*,#2588,.F.);
#3351=ORIENTED_EDGE('',*,*,#2589,.T.);
#3352=ORIENTED_EDGE('',*,*,#2590,.F.);
#3353=ORIENTED_EDGE('',*,*,#2591,.F.);
#3354=ORIENTED_EDGE('',*,*,#2592,.F.);
#3355=ORIENTED_EDGE('',*,*,#2593,.F.);
#3356=ORIENTED_EDGE('',*,*,#2594,.T.);
#3357=ORIENTED_EDGE('',*,*,#2586,.T.);
#3358=ORIENTED_EDGE('',*,*,#2595,.T.);
#3359=ORIENTED_EDGE('',*,*,#2596,.T.);
#3360=ORIENTED_EDGE('',*,*,#2597,.T.);
#3361=ORIENTED_EDGE('',*,*,#2598,.T.);
#3362=ORIENTED_EDGE('',*,*,#2599,.T.);
#3363=ORIENTED_EDGE('',*,*,#2600,.T.);
#3364=ORIENTED_EDGE('',*,*,#2601,.T.);
#3365=ORIENTED_EDGE('',*,*,#2602,.F.);
#3366=ORIENTED_EDGE('',*,*,#2603,.F.);
#3367=ORIENTED_EDGE('',*,*,#2604,.T.);
#3368=ORIENTED_EDGE('',*,*,#2605,.T.);
#3369=ORIENTED_EDGE('',*,*,#2606,.T.);
#3370=ORIENTED_EDGE('',*,*,#2607,.T.);
#3371=ORIENTED_EDGE('',*,*,#2608,.T.);
#3372=ORIENTED_EDGE('',*,*,#2582,.T.);
#3373=ORIENTED_EDGE('',*,*,#2609,.T.);
#3374=ORIENTED_EDGE('',*,*,#2610,.T.);
#3375=ORIENTED_EDGE('',*,*,#2611,.T.);
#3376=ORIENTED_EDGE('',*,*,#2605,.F.);
#3377=ORIENTED_EDGE('',*,*,#2612,.F.);
#3378=ORIENTED_EDGE('',*,*,#2613,.F.);
#3379=ORIENTED_EDGE('',*,*,#2614,.T.);
#3380=ORIENTED_EDGE('',*,*,#2615,.F.);
#3381=ORIENTED_EDGE('',*,*,#2616,.F.);
#3382=ORIENTED_EDGE('',*,*,#2617,.F.);
#3383=ORIENTED_EDGE('',*,*,#2618,.F.);
#3384=ORIENTED_EDGE('',*,*,#2598,.F.);
#3385=ORIENTED_EDGE('',*,*,#2619,.F.);
#3386=ORIENTED_EDGE('',*,*,#2620,.F.);
#3387=ORIENTED_EDGE('',*,*,#2621,.T.);
#3388=ORIENTED_EDGE('',*,*,#2622,.T.);
#3389=ORIENTED_EDGE('',*,*,#2604,.F.);
#3390=ORIENTED_EDGE('',*,*,#2623,.F.);
#3391=ORIENTED_EDGE('',*,*,#2624,.T.);
#3392=ORIENTED_EDGE('',*,*,#2625,.T.);
#3393=ORIENTED_EDGE('',*,*,#2600,.F.);
#3394=ORIENTED_EDGE('',*,*,#2626,.T.);
#3395=ORIENTED_EDGE('',*,*,#2615,.T.);
#3396=ORIENTED_EDGE('',*,*,#2627,.T.);
#3397=ORIENTED_EDGE('',*,*,#2596,.F.);
#3398=ORIENTED_EDGE('',*,*,#2628,.T.);
#3399=ORIENTED_EDGE('',*,*,#2590,.T.);
#3400=ORIENTED_EDGE('',*,*,#2629,.T.);
#3401=ORIENTED_EDGE('',*,*,#2630,.F.);
#3402=ORIENTED_EDGE('',*,*,#2631,.T.);
#3403=ORIENTED_EDGE('',*,*,#2632,.F.);
#3404=ORIENTED_EDGE('',*,*,#2633,.T.);
#3405=ORIENTED_EDGE('',*,*,#2634,.T.);
#3406=ORIENTED_EDGE('',*,*,#2635,.F.);
#3407=ORIENTED_EDGE('',*,*,#2630,.T.);
#3408=ORIENTED_EDGE('',*,*,#2636,.F.);
#3409=ORIENTED_EDGE('',*,*,#2637,.T.);
#3410=ORIENTED_EDGE('',*,*,#2633,.F.);
#3411=ORIENTED_EDGE('',*,*,#2638,.T.);
#3412=ORIENTED_EDGE('',*,*,#2564,.T.);
#3413=ORIENTED_EDGE('',*,*,#2634,.F.);
#3414=ORIENTED_EDGE('',*,*,#2637,.F.);
#3415=ORIENTED_EDGE('',*,*,#2635,.T.);
#3416=ORIENTED_EDGE('',*,*,#2563,.T.);
#3417=ORIENTED_EDGE('',*,*,#2579,.T.);
#3418=ORIENTED_EDGE('',*,*,#2639,.T.);
#3419=ORIENTED_EDGE('',*,*,#2636,.T.);
#3420=ORIENTED_EDGE('',*,*,#2640,.T.);
#3421=ORIENTED_EDGE('',*,*,#2641,.T.);
#3422=ORIENTED_EDGE('',*,*,#2623,.T.);
#3423=ORIENTED_EDGE('',*,*,#2603,.T.);
#3424=ORIENTED_EDGE('',*,*,#2642,.T.);
#3425=ORIENTED_EDGE('',*,*,#2643,.T.);
#3426=ORIENTED_EDGE('',*,*,#2644,.F.);
#3427=ORIENTED_EDGE('',*,*,#2645,.T.);
#3428=ORIENTED_EDGE('',*,*,#2646,.T.);
#3429=ORIENTED_EDGE('',*,*,#2645,.F.);
#3430=ORIENTED_EDGE('',*,*,#2646,.F.);
#3431=ORIENTED_EDGE('',*,*,#2632,.T.);
#3432=ORIENTED_EDGE('',*,*,#2647,.F.);
#3433=ORIENTED_EDGE('',*,*,#2648,.T.);
#3434=ORIENTED_EDGE('',*,*,#2649,.F.);
#3435=ORIENTED_EDGE('',*,*,#2648,.F.);
#3436=ORIENTED_EDGE('',*,*,#2647,.T.);
#3437=ORIENTED_EDGE('',*,*,#2644,.T.);
#3438=ORIENTED_EDGE('',*,*,#2650,.F.);
#3439=ORIENTED_EDGE('',*,*,#2651,.T.);
#3440=ORIENTED_EDGE('',*,*,#2606,.F.);
#3441=ORIENTED_EDGE('',*,*,#2614,.F.);
#3442=ORIENTED_EDGE('',*,*,#2652,.T.);
#3443=ORIENTED_EDGE('',*,*,#2619,.T.);
#3444=ORIENTED_EDGE('',*,*,#2597,.F.);
#3445=ORIENTED_EDGE('',*,*,#2627,.F.);
#3446=ORIENTED_EDGE('',*,*,#2618,.T.);
#3447=ORIENTED_EDGE('',*,*,#2653,.F.);
#3448=ORIENTED_EDGE('',*,*,#2654,.F.);
#3449=ORIENTED_EDGE('',*,*,#2653,.T.);
#3450=ORIENTED_EDGE('',*,*,#2617,.T.);
#3451=ORIENTED_EDGE('',*,*,#2655,.F.);
#3452=ORIENTED_EDGE('',*,*,#2656,.F.);
#3453=ORIENTED_EDGE('',*,*,#2657,.T.);
#3454=ORIENTED_EDGE('',*,*,#2607,.F.);
#3455=ORIENTED_EDGE('',*,*,#2651,.F.);
#3456=ORIENTED_EDGE('',*,*,#2658,.F.);
#3457=ORIENTED_EDGE('',*,*,#2655,.T.);
#3458=ORIENTED_EDGE('',*,*,#2616,.T.);
#3459=ORIENTED_EDGE('',*,*,#2626,.F.);
#3460=ORIENTED_EDGE('',*,*,#2599,.F.);
#3461=ORIENTED_EDGE('',*,*,#2621,.F.);
#3462=ORIENTED_EDGE('',*,*,#2659,.T.);
#3463=ORIENTED_EDGE('',*,*,#2612,.T.);
#3464=ORIENTED_EDGE('',*,*,#2608,.F.);
#3465=ORIENTED_EDGE('',*,*,#2657,.F.);
#3466=ORIENTED_EDGE('',*,*,#2613,.T.);
#3467=ORIENTED_EDGE('',*,*,#2659,.F.);
#3468=ORIENTED_EDGE('',*,*,#2620,.T.);
#3469=ORIENTED_EDGE('',*,*,#2652,.F.);
#3470=ORIENTED_EDGE('',*,*,#2660,.F.);
#3471=ORIENTED_EDGE('',*,*,#2661,.T.);
#3472=ORIENTED_EDGE('',*,*,#2609,.F.);
#3473=ORIENTED_EDGE('',*,*,#2585,.F.);
#3474=ORIENTED_EDGE('',*,*,#2662,.T.);
#3475=ORIENTED_EDGE('',*,*,#2587,.T.);
#3476=ORIENTED_EDGE('',*,*,#2594,.F.);
#3477=ORIENTED_EDGE('',*,*,#2622,.F.);
#3478=ORIENTED_EDGE('',*,*,#2593,.T.);
#3479=ORIENTED_EDGE('',*,*,#2663,.F.);
#3480=ORIENTED_EDGE('',*,*,#2664,.F.);
#3481=ORIENTED_EDGE('',*,*,#2663,.T.);
#3482=ORIENTED_EDGE('',*,*,#2592,.T.);
#3483=ORIENTED_EDGE('',*,*,#2665,.F.);
#3484=ORIENTED_EDGE('',*,*,#2666,.F.);
#3485=ORIENTED_EDGE('',*,*,#2667,.T.);
#3486=ORIENTED_EDGE('',*,*,#2610,.F.);
#3487=ORIENTED_EDGE('',*,*,#2661,.F.);
#3488=ORIENTED_EDGE('',*,*,#2668,.F.);
#3489=ORIENTED_EDGE('',*,*,#2665,.T.);
#3490=ORIENTED_EDGE('',*,*,#2591,.T.);
#3491=ORIENTED_EDGE('',*,*,#2628,.F.);
#3492=ORIENTED_EDGE('',*,*,#2595,.F.);
#3493=ORIENTED_EDGE('',*,*,#2589,.F.);
#3494=ORIENTED_EDGE('',*,*,#2669,.T.);
#3495=ORIENTED_EDGE('',*,*,#2583,.T.);
#3496=ORIENTED_EDGE('',*,*,#2611,.F.);
#3497=ORIENTED_EDGE('',*,*,#2667,.F.);
#3498=ORIENTED_EDGE('',*,*,#2584,.T.);
#3499=ORIENTED_EDGE('',*,*,#2669,.F.);
#3500=ORIENTED_EDGE('',*,*,#2588,.T.);
#3501=ORIENTED_EDGE('',*,*,#2662,.F.);
#3502=ORIENTED_EDGE('',*,*,#2670,.F.);
#3503=ORIENTED_EDGE('',*,*,#2671,.F.);
#3504=ORIENTED_EDGE('',*,*,#2672,.T.);
#3505=ORIENTED_EDGE('',*,*,#2673,.F.);
#3506=ORIENTED_EDGE('',*,*,#2674,.F.);
#3507=ORIENTED_EDGE('',*,*,#2675,.T.);
#3508=ORIENTED_EDGE('',*,*,#2671,.T.);
#3509=ORIENTED_EDGE('',*,*,#2676,.F.);
#3510=ORIENTED_EDGE('',*,*,#2677,.F.);
#3511=ORIENTED_EDGE('',*,*,#2678,.T.);
#3512=ORIENTED_EDGE('',*,*,#2674,.T.);
#3513=ORIENTED_EDGE('',*,*,#2679,.F.);
#3514=ORIENTED_EDGE('',*,*,#2680,.F.);
#3515=ORIENTED_EDGE('',*,*,#2681,.F.);
#3516=ORIENTED_EDGE('',*,*,#2680,.T.);
#3517=ORIENTED_EDGE('',*,*,#2682,.F.);
#3518=ORIENTED_EDGE('',*,*,#2672,.F.);
#3519=ORIENTED_EDGE('',*,*,#2675,.F.);
#3520=ORIENTED_EDGE('',*,*,#2678,.F.);
#3521=ORIENTED_EDGE('',*,*,#2683,.F.);
#3522=ORIENTED_EDGE('',*,*,#2684,.F.);
#3523=ORIENTED_EDGE('',*,*,#2685,.F.);
#3524=ORIENTED_EDGE('',*,*,#2686,.F.);
#3525=ORIENTED_EDGE('',*,*,#2687,.F.);
#3526=ORIENTED_EDGE('',*,*,#2688,.F.);
#3527=ORIENTED_EDGE('',*,*,#2689,.T.);
#3528=ORIENTED_EDGE('',*,*,#2683,.T.);
#3529=ORIENTED_EDGE('',*,*,#2689,.F.);
#3530=ORIENTED_EDGE('',*,*,#2690,.T.);
#3531=ORIENTED_EDGE('',*,*,#2691,.T.);
#3532=ORIENTED_EDGE('',*,*,#2692,.T.);
#3533=ORIENTED_EDGE('',*,*,#2693,.T.);
#3534=ORIENTED_EDGE('',*,*,#2694,.T.);
#3535=ORIENTED_EDGE('',*,*,#2695,.T.);
#3536=ORIENTED_EDGE('',*,*,#2696,.T.);
#3537=ORIENTED_EDGE('',*,*,#2697,.T.);
#3538=ORIENTED_EDGE('',*,*,#2698,.F.);
#3539=ORIENTED_EDGE('',*,*,#2699,.T.);
#3540=ORIENTED_EDGE('',*,*,#2700,.F.);
#3541=ORIENTED_EDGE('',*,*,#2701,.T.);
#3542=ORIENTED_EDGE('',*,*,#2702,.F.);
#3543=ORIENTED_EDGE('',*,*,#2703,.T.);
#3544=ORIENTED_EDGE('',*,*,#2704,.F.);
#3545=ORIENTED_EDGE('',*,*,#2702,.T.);
#3546=ORIENTED_EDGE('',*,*,#2705,.T.);
#3547=ORIENTED_EDGE('',*,*,#2389,.T.);
#3548=ORIENTED_EDGE('',*,*,#2386,.T.);
#3549=ORIENTED_EDGE('',*,*,#2383,.T.);
#3550=ORIENTED_EDGE('',*,*,#2380,.T.);
#3551=ORIENTED_EDGE('',*,*,#2377,.T.);
#3552=ORIENTED_EDGE('',*,*,#2374,.T.);
#3553=ORIENTED_EDGE('',*,*,#2371,.T.);
#3554=ORIENTED_EDGE('',*,*,#2368,.T.);
#3555=ORIENTED_EDGE('',*,*,#2365,.T.);
#3556=ORIENTED_EDGE('',*,*,#2362,.T.);
#3557=ORIENTED_EDGE('',*,*,#2706,.T.);
#3558=ORIENTED_EDGE('',*,*,#2707,.T.);
#3559=ORIENTED_EDGE('',*,*,#2707,.F.);
#3560=ORIENTED_EDGE('',*,*,#2708,.F.);
#3561=ORIENTED_EDGE('',*,*,#2709,.T.);
#3562=ORIENTED_EDGE('',*,*,#2420,.T.);
#3563=ORIENTED_EDGE('',*,*,#2417,.T.);
#3564=ORIENTED_EDGE('',*,*,#2414,.T.);
#3565=ORIENTED_EDGE('',*,*,#2411,.T.);
#3566=ORIENTED_EDGE('',*,*,#2408,.T.);
#3567=ORIENTED_EDGE('',*,*,#2405,.T.);
#3568=ORIENTED_EDGE('',*,*,#2402,.T.);
#3569=ORIENTED_EDGE('',*,*,#2399,.T.);
#3570=ORIENTED_EDGE('',*,*,#2396,.T.);
#3571=ORIENTED_EDGE('',*,*,#2393,.T.);
#3572=ORIENTED_EDGE('',*,*,#2710,.F.);
#3573=ORIENTED_EDGE('',*,*,#2703,.F.);
#3574=ORIENTED_EDGE('',*,*,#2706,.F.);
#3575=ORIENTED_EDGE('',*,*,#2361,.T.);
#3576=ORIENTED_EDGE('',*,*,#2711,.F.);
#3577=ORIENTED_EDGE('',*,*,#2712,.T.);
#3578=ORIENTED_EDGE('',*,*,#2713,.T.);
#3579=ORIENTED_EDGE('',*,*,#2708,.T.);
#3580=ORIENTED_EDGE('',*,*,#2714,.T.);
#3581=ORIENTED_EDGE('',*,*,#2711,.T.);
#3582=ORIENTED_EDGE('',*,*,#2360,.T.);
#3583=ORIENTED_EDGE('',*,*,#2364,.T.);
#3584=ORIENTED_EDGE('',*,*,#2367,.T.);
#3585=ORIENTED_EDGE('',*,*,#2370,.T.);
#3586=ORIENTED_EDGE('',*,*,#2373,.T.);
#3587=ORIENTED_EDGE('',*,*,#2376,.T.);
#3588=ORIENTED_EDGE('',*,*,#2379,.T.);
#3589=ORIENTED_EDGE('',*,*,#2382,.T.);
#3590=ORIENTED_EDGE('',*,*,#2385,.T.);
#3591=ORIENTED_EDGE('',*,*,#2388,.T.);
#3592=ORIENTED_EDGE('',*,*,#2715,.T.);
#3593=ORIENTED_EDGE('',*,*,#2700,.T.);
#3594=ORIENTED_EDGE('',*,*,#2716,.T.);
#3595=ORIENTED_EDGE('',*,*,#2716,.F.);
#3596=ORIENTED_EDGE('',*,*,#2699,.F.);
#3597=ORIENTED_EDGE('',*,*,#2717,.F.);
#3598=ORIENTED_EDGE('',*,*,#2391,.F.);
#3599=ORIENTED_EDGE('',*,*,#2395,.F.);
#3600=ORIENTED_EDGE('',*,*,#2398,.F.);
#3601=ORIENTED_EDGE('',*,*,#2401,.F.);
#3602=ORIENTED_EDGE('',*,*,#2404,.F.);
#3603=ORIENTED_EDGE('',*,*,#2407,.F.);
#3604=ORIENTED_EDGE('',*,*,#2410,.F.);
#3605=ORIENTED_EDGE('',*,*,#2413,.F.);
#3606=ORIENTED_EDGE('',*,*,#2416,.F.);
#3607=ORIENTED_EDGE('',*,*,#2419,.F.);
#3608=ORIENTED_EDGE('',*,*,#2718,.F.);
#3609=ORIENTED_EDGE('',*,*,#2712,.F.);
#3610=ORIENTED_EDGE('',*,*,#2418,.T.);
#3611=ORIENTED_EDGE('',*,*,#2709,.F.);
#3612=ORIENTED_EDGE('',*,*,#2713,.F.);
#3613=ORIENTED_EDGE('',*,*,#2718,.T.);
#3614=ORIENTED_EDGE('',*,*,#2714,.F.);
#3615=ORIENTED_EDGE('',*,*,#2719,.T.);
#3616=ORIENTED_EDGE('',*,*,#2720,.F.);
#3617=ORIENTED_EDGE('',*,*,#2719,.F.);
#3618=ORIENTED_EDGE('',*,*,#2387,.T.);
#3619=ORIENTED_EDGE('',*,*,#2705,.F.);
#3620=ORIENTED_EDGE('',*,*,#2701,.F.);
#3621=ORIENTED_EDGE('',*,*,#2715,.F.);
#3622=ORIENTED_EDGE('',*,*,#2710,.T.);
#3623=ORIENTED_EDGE('',*,*,#2392,.T.);
#3624=ORIENTED_EDGE('',*,*,#2717,.T.);
#3625=ORIENTED_EDGE('',*,*,#2721,.F.);
#3626=ORIENTED_EDGE('',*,*,#2722,.T.);
#3627=ORIENTED_EDGE('',*,*,#2723,.T.);
#3628=ORIENTED_EDGE('',*,*,#2724,.F.);
#3629=ORIENTED_EDGE('',*,*,#2725,.F.);
#3630=ORIENTED_EDGE('',*,*,#2684,.T.);
#3631=ORIENTED_EDGE('',*,*,#2688,.T.);
#3632=ORIENTED_EDGE('',*,*,#2726,.F.);
#3633=ORIENTED_EDGE('',*,*,#2686,.T.);
#3634=ORIENTED_EDGE('',*,*,#2727,.F.);
#3635=ORIENTED_EDGE('',*,*,#2728,.F.);
#3636=ORIENTED_EDGE('',*,*,#2568,.T.);
#3637=ORIENTED_EDGE('',*,*,#2729,.T.);
#3638=ORIENTED_EDGE('',*,*,#2730,.T.);
#3639=ORIENTED_EDGE('',*,*,#2731,.F.);
#3640=ORIENTED_EDGE('',*,*,#2574,.T.);
#3641=ORIENTED_EDGE('',*,*,#2732,.F.);
#3642=ORIENTED_EDGE('',*,*,#2733,.F.);
#3643=ORIENTED_EDGE('',*,*,#2734,.T.);
#3644=ORIENTED_EDGE('',*,*,#2735,.T.);
#3645=ORIENTED_EDGE('',*,*,#2736,.T.);
#3646=ORIENTED_EDGE('',*,*,#2737,.T.);
#3647=ORIENTED_EDGE('',*,*,#2738,.F.);
#3648=ORIENTED_EDGE('',*,*,#2521,.T.);
#3649=ORIENTED_EDGE('',*,*,#2739,.F.);
#3650=ORIENTED_EDGE('',*,*,#2740,.F.);
#3651=ORIENTED_EDGE('',*,*,#2741,.F.);
#3652=ORIENTED_EDGE('',*,*,#2742,.F.);
#3653=ORIENTED_EDGE('',*,*,#2537,.F.);
#3654=ORIENTED_EDGE('',*,*,#2528,.T.);
#3655=ORIENTED_EDGE('',*,*,#2525,.T.);
#3656=ORIENTED_EDGE('',*,*,#2459,.T.);
#3657=ORIENTED_EDGE('',*,*,#2743,.F.);
#3658=ORIENTED_EDGE('',*,*,#2744,.F.);
#3659=ORIENTED_EDGE('',*,*,#2745,.F.);
#3660=ORIENTED_EDGE('',*,*,#2746,.F.);
#3661=ORIENTED_EDGE('',*,*,#2478,.F.);
#3662=ORIENTED_EDGE('',*,*,#2466,.T.);
#3663=ORIENTED_EDGE('',*,*,#2463,.T.);
#3664=ORIENTED_EDGE('',*,*,#2486,.T.);
#3665=ORIENTED_EDGE('',*,*,#2747,.F.);
#3666=ORIENTED_EDGE('',*,*,#2748,.F.);
#3667=ORIENTED_EDGE('',*,*,#2749,.F.);
#3668=ORIENTED_EDGE('',*,*,#2750,.F.);
#3669=ORIENTED_EDGE('',*,*,#2751,.F.);
#3670=ORIENTED_EDGE('',*,*,#2493,.T.);
#3671=ORIENTED_EDGE('',*,*,#2490,.T.);
#3672=ORIENTED_EDGE('',*,*,#2425,.T.);
#3673=ORIENTED_EDGE('',*,*,#2752,.F.);
#3674=ORIENTED_EDGE('',*,*,#2753,.F.);
#3675=ORIENTED_EDGE('',*,*,#2754,.F.);
#3676=ORIENTED_EDGE('',*,*,#2755,.F.);
#3677=ORIENTED_EDGE('',*,*,#2442,.F.);
#3678=ORIENTED_EDGE('',*,*,#2432,.T.);
#3679=ORIENTED_EDGE('',*,*,#2429,.T.);
#3680=ORIENTED_EDGE('',*,*,#2755,.T.);
#3681=ORIENTED_EDGE('',*,*,#2756,.T.);
#3682=ORIENTED_EDGE('',*,*,#2757,.F.);
#3683=ORIENTED_EDGE('',*,*,#2758,.F.);
#3684=ORIENTED_EDGE('',*,*,#2759,.T.);
#3685=ORIENTED_EDGE('',*,*,#2760,.T.);
#3686=ORIENTED_EDGE('',*,*,#2761,.T.);
#3687=ORIENTED_EDGE('',*,*,#2443,.T.);
#3688=ORIENTED_EDGE('',*,*,#2754,.T.);
#3689=ORIENTED_EDGE('',*,*,#2762,.F.);
#3690=ORIENTED_EDGE('',*,*,#2763,.F.);
#3691=ORIENTED_EDGE('',*,*,#2756,.F.);
#3692=ORIENTED_EDGE('',*,*,#2489,.T.);
#3693=ORIENTED_EDGE('',*,*,#2764,.F.);
#3694=ORIENTED_EDGE('',*,*,#2765,.T.);
#3695=ORIENTED_EDGE('',*,*,#2747,.T.);
#3696=ORIENTED_EDGE('',*,*,#2462,.T.);
#3697=ORIENTED_EDGE('',*,*,#2766,.T.);
#3698=ORIENTED_EDGE('',*,*,#2767,.F.);
#3699=ORIENTED_EDGE('',*,*,#2743,.T.);
#3700=ORIENTED_EDGE('',*,*,#2742,.T.);
#3701=ORIENTED_EDGE('',*,*,#2768,.F.);
#3702=ORIENTED_EDGE('',*,*,#2769,.T.);
#3703=ORIENTED_EDGE('',*,*,#2770,.T.);
#3704=ORIENTED_EDGE('',*,*,#2771,.T.);
#3705=ORIENTED_EDGE('',*,*,#2772,.F.);
#3706=ORIENTED_EDGE('',*,*,#2773,.T.);
#3707=ORIENTED_EDGE('',*,*,#2538,.F.);
#3708=ORIENTED_EDGE('',*,*,#2741,.T.);
#3709=ORIENTED_EDGE('',*,*,#2774,.F.);
#3710=ORIENTED_EDGE('',*,*,#2775,.F.);
#3711=ORIENTED_EDGE('',*,*,#2768,.T.);
#3712=ORIENTED_EDGE('',*,*,#2776,.T.);
#3713=ORIENTED_EDGE('',*,*,#2777,.T.);
#3714=ORIENTED_EDGE('',*,*,#2778,.T.);
#3715=ORIENTED_EDGE('',*,*,#2777,.F.);
#3716=ORIENTED_EDGE('',*,*,#2779,.T.);
#3717=ORIENTED_EDGE('',*,*,#2780,.T.);
#3718=ORIENTED_EDGE('',*,*,#2781,.T.);
#3719=ORIENTED_EDGE('',*,*,#2782,.T.);
#3720=ORIENTED_EDGE('',*,*,#2783,.T.);
#3721=ORIENTED_EDGE('',*,*,#2784,.T.);
#3722=ORIENTED_EDGE('',*,*,#2785,.T.);
#3723=ORIENTED_EDGE('',*,*,#2786,.T.);
#3724=ORIENTED_EDGE('',*,*,#2785,.F.);
#3725=ORIENTED_EDGE('',*,*,#2787,.T.);
#3726=ORIENTED_EDGE('',*,*,#2788,.T.);
#3727=ORIENTED_EDGE('',*,*,#2789,.T.);
#3728=ORIENTED_EDGE('',*,*,#2788,.F.);
#3729=ORIENTED_EDGE('',*,*,#2477,.T.);
#3730=ORIENTED_EDGE('',*,*,#2790,.T.);
#3731=ORIENTED_EDGE('',*,*,#2791,.F.);
#3732=ORIENTED_EDGE('',*,*,#2766,.F.);
#3733=ORIENTED_EDGE('',*,*,#2455,.F.);
#3734=ORIENTED_EDGE('',*,*,#2506,.T.);
#3735=ORIENTED_EDGE('',*,*,#2792,.T.);
#3736=ORIENTED_EDGE('',*,*,#2793,.F.);
#3737=ORIENTED_EDGE('',*,*,#2764,.T.);
#3738=ORIENTED_EDGE('',*,*,#2482,.T.);
#3739=ORIENTED_EDGE('',*,*,#2744,.T.);
#3740=ORIENTED_EDGE('',*,*,#2767,.T.);
#3741=ORIENTED_EDGE('',*,*,#2791,.T.);
#3742=ORIENTED_EDGE('',*,*,#2794,.T.);
#3743=ORIENTED_EDGE('',*,*,#2795,.T.);
#3744=ORIENTED_EDGE('',*,*,#2796,.F.);
#3745=ORIENTED_EDGE('',*,*,#2797,.F.);
#3746=ORIENTED_EDGE('',*,*,#2798,.T.);
#3747=ORIENTED_EDGE('',*,*,#2748,.T.);
#3748=ORIENTED_EDGE('',*,*,#2765,.F.);
#3749=ORIENTED_EDGE('',*,*,#2793,.T.);
#3750=ORIENTED_EDGE('',*,*,#2799,.F.);
#3751=ORIENTED_EDGE('',*,*,#2800,.T.);
#3752=ORIENTED_EDGE('',*,*,#2801,.T.);
#3753=ORIENTED_EDGE('',*,*,#2802,.F.);
#3754=ORIENTED_EDGE('',*,*,#2803,.F.);
#3755=ORIENTED_EDGE('',*,*,#2804,.F.);
#3756=ORIENTED_EDGE('',*,*,#2446,.T.);
#3757=ORIENTED_EDGE('',*,*,#2805,.T.);
#3758=ORIENTED_EDGE('',*,*,#2806,.T.);
#3759=ORIENTED_EDGE('',*,*,#2517,.T.);
#3760=ORIENTED_EDGE('',*,*,#2807,.T.);
#3761=ORIENTED_EDGE('',*,*,#2504,.T.);
#3762=ORIENTED_EDGE('',*,*,#2508,.T.);
#3763=ORIENTED_EDGE('',*,*,#2761,.F.);
#3764=ORIENTED_EDGE('',*,*,#2808,.T.);
#3765=ORIENTED_EDGE('',*,*,#2809,.T.);
#3766=ORIENTED_EDGE('',*,*,#2436,.T.);
#3767=ORIENTED_EDGE('',*,*,#2444,.T.);
#3768=ORIENTED_EDGE('',*,*,#2773,.F.);
#3769=ORIENTED_EDGE('',*,*,#2810,.T.);
#3770=ORIENTED_EDGE('',*,*,#2811,.T.);
#3771=ORIENTED_EDGE('',*,*,#2532,.F.);
#3772=ORIENTED_EDGE('',*,*,#2539,.F.);
#3773=ORIENTED_EDGE('',*,*,#2812,.F.);
#3774=ORIENTED_EDGE('',*,*,#2758,.T.);
#3775=ORIENTED_EDGE('',*,*,#2813,.F.);
#3776=ORIENTED_EDGE('',*,*,#2801,.F.);
#3777=ORIENTED_EDGE('',*,*,#2814,.F.);
#3778=ORIENTED_EDGE('',*,*,#2815,.T.);
#3779=ORIENTED_EDGE('',*,*,#2816,.T.);
#3780=ORIENTED_EDGE('',*,*,#2817,.F.);
#3781=ORIENTED_EDGE('',*,*,#2818,.F.);
#3782=ORIENTED_EDGE('',*,*,#2819,.T.);
#3783=ORIENTED_EDGE('',*,*,#2820,.T.);
#3784=ORIENTED_EDGE('',*,*,#2821,.F.);
#3785=ORIENTED_EDGE('',*,*,#2822,.F.);
#3786=ORIENTED_EDGE('',*,*,#2823,.T.);
#3787=ORIENTED_EDGE('',*,*,#2824,.T.);
#3788=ORIENTED_EDGE('',*,*,#2825,.F.);
#3789=ORIENTED_EDGE('',*,*,#2826,.F.);
#3790=ORIENTED_EDGE('',*,*,#2827,.T.);
#3791=ORIENTED_EDGE('',*,*,#2828,.T.);
#3792=ORIENTED_EDGE('',*,*,#2829,.F.);
#3793=ORIENTED_EDGE('',*,*,#2830,.F.);
#3794=ORIENTED_EDGE('',*,*,#2770,.F.);
#3795=ORIENTED_EDGE('',*,*,#2831,.F.);
#3796=ORIENTED_EDGE('',*,*,#2796,.T.);
#3797=ORIENTED_EDGE('',*,*,#2428,.T.);
#3798=ORIENTED_EDGE('',*,*,#2832,.F.);
#3799=ORIENTED_EDGE('',*,*,#2833,.F.);
#3800=ORIENTED_EDGE('',*,*,#2752,.T.);
#3801=ORIENTED_EDGE('',*,*,#2494,.T.);
#3802=ORIENTED_EDGE('',*,*,#2751,.T.);
#3803=ORIENTED_EDGE('',*,*,#2834,.F.);
#3804=ORIENTED_EDGE('',*,*,#2726,.T.);
#3805=ORIENTED_EDGE('',*,*,#2835,.F.);
#3806=ORIENTED_EDGE('',*,*,#2836,.F.);
#3807=ORIENTED_EDGE('',*,*,#2524,.T.);
#3808=ORIENTED_EDGE('',*,*,#2837,.T.);
#3809=ORIENTED_EDGE('',*,*,#2727,.T.);
#3810=ORIENTED_EDGE('',*,*,#2838,.F.);
#3811=ORIENTED_EDGE('',*,*,#2739,.T.);
#3812=ORIENTED_EDGE('',*,*,#2832,.T.);
#3813=ORIENTED_EDGE('',*,*,#2421,.T.);
#3814=ORIENTED_EDGE('',*,*,#2454,.T.);
#3815=ORIENTED_EDGE('',*,*,#2470,.F.);
#3816=ORIENTED_EDGE('',*,*,#2480,.F.);
#3817=ORIENTED_EDGE('',*,*,#2839,.F.);
#3818=ORIENTED_EDGE('',*,*,#2518,.F.);
#3819=ORIENTED_EDGE('',*,*,#2509,.T.);
#3820=ORIENTED_EDGE('',*,*,#2497,.T.);
#3821=ORIENTED_EDGE('',*,*,#2836,.T.);
#3822=ORIENTED_EDGE('',*,*,#2840,.F.);
#3823=ORIENTED_EDGE('',*,*,#2728,.T.);
#3824=ORIENTED_EDGE('',*,*,#2837,.F.);
#3825=ORIENTED_EDGE('',*,*,#2841,.F.);
#3826=ORIENTED_EDGE('',*,*,#2842,.F.);
#3827=ORIENTED_EDGE('',*,*,#2843,.F.);
#3828=ORIENTED_EDGE('',*,*,#2732,.T.);
#3829=ORIENTED_EDGE('',*,*,#2573,.T.);
#3830=ORIENTED_EDGE('',*,*,#2844,.T.);
#3831=ORIENTED_EDGE('',*,*,#2845,.T.);
#3832=ORIENTED_EDGE('',*,*,#2846,.T.);
#3833=ORIENTED_EDGE('',*,*,#2847,.T.);
#3834=ORIENTED_EDGE('',*,*,#2848,.F.);
#3835=ORIENTED_EDGE('',*,*,#2849,.F.);
#3836=ORIENTED_EDGE('',*,*,#2850,.F.);
#3837=ORIENTED_EDGE('',*,*,#2851,.T.);
#3838=ORIENTED_EDGE('',*,*,#2852,.F.);
#3839=ORIENTED_EDGE('',*,*,#2853,.F.);
#3840=ORIENTED_EDGE('',*,*,#2854,.F.);
#3841=ORIENTED_EDGE('',*,*,#2569,.F.);
#3842=ORIENTED_EDGE('',*,*,#2731,.T.);
#3843=ORIENTED_EDGE('',*,*,#2855,.F.);
#3844=ORIENTED_EDGE('',*,*,#2856,.F.);
#3845=ORIENTED_EDGE('',*,*,#2857,.F.);
#3846=ORIENTED_EDGE('',*,*,#2724,.T.);
#3847=ORIENTED_EDGE('',*,*,#2858,.F.);
#3848=ORIENTED_EDGE('',*,*,#2859,.T.);
#3849=ORIENTED_EDGE('',*,*,#2860,.T.);
#3850=ORIENTED_EDGE('',*,*,#2861,.T.);
#3851=ORIENTED_EDGE('',*,*,#2862,.T.);
#3852=ORIENTED_EDGE('',*,*,#2863,.F.);
#3853=ORIENTED_EDGE('',*,*,#2864,.F.);
#3854=ORIENTED_EDGE('',*,*,#2865,.F.);
#3855=ORIENTED_EDGE('',*,*,#2866,.F.);
#3856=ORIENTED_EDGE('',*,*,#2867,.F.);
#3857=ORIENTED_EDGE('',*,*,#2868,.F.);
#3858=ORIENTED_EDGE('',*,*,#2869,.F.);
#3859=ORIENTED_EDGE('',*,*,#2870,.F.);
#3860=ORIENTED_EDGE('',*,*,#2871,.F.);
#3861=ORIENTED_EDGE('',*,*,#2872,.F.);
#3862=ORIENTED_EDGE('',*,*,#2738,.T.);
#3863=ORIENTED_EDGE('',*,*,#2829,.T.);
#3864=ORIENTED_EDGE('',*,*,#2873,.T.);
#3865=ORIENTED_EDGE('',*,*,#2816,.F.);
#3866=ORIENTED_EDGE('',*,*,#2874,.F.);
#3867=ORIENTED_EDGE('',*,*,#2821,.T.);
#3868=ORIENTED_EDGE('',*,*,#2875,.T.);
#3869=ORIENTED_EDGE('',*,*,#2824,.F.);
#3870=ORIENTED_EDGE('',*,*,#2876,.F.);
#3871=ORIENTED_EDGE('',*,*,#2786,.F.);
#3872=ORIENTED_EDGE('',*,*,#2789,.F.);
#3873=ORIENTED_EDGE('',*,*,#2877,.F.);
#3874=ORIENTED_EDGE('',*,*,#2878,.T.);
#3875=ORIENTED_EDGE('',*,*,#2797,.T.);
#3876=ORIENTED_EDGE('',*,*,#2831,.T.);
#3877=ORIENTED_EDGE('',*,*,#2769,.F.);
#3878=ORIENTED_EDGE('',*,*,#2775,.T.);
#3879=ORIENTED_EDGE('',*,*,#2879,.F.);
#3880=ORIENTED_EDGE('',*,*,#2880,.F.);
#3881=ORIENTED_EDGE('',*,*,#2881,.F.);
#3882=ORIENTED_EDGE('',*,*,#2851,.F.);
#3883=ORIENTED_EDGE('',*,*,#2882,.F.);
#3884=ORIENTED_EDGE('',*,*,#2883,.F.);
#3885=ORIENTED_EDGE('',*,*,#2884,.T.);
#3886=ORIENTED_EDGE('',*,*,#2847,.F.);
#3887=ORIENTED_EDGE('',*,*,#2885,.T.);
#3888=ORIENTED_EDGE('',*,*,#2886,.F.);
#3889=ORIENTED_EDGE('',*,*,#2887,.F.);
#3890=ORIENTED_EDGE('',*,*,#2888,.F.);
#3891=ORIENTED_EDGE('',*,*,#2852,.T.);
#3892=ORIENTED_EDGE('',*,*,#2881,.T.);
#3893=ORIENTED_EDGE('',*,*,#2889,.F.);
#3894=ORIENTED_EDGE('',*,*,#2885,.F.);
#3895=ORIENTED_EDGE('',*,*,#2846,.F.);
#3896=ORIENTED_EDGE('',*,*,#2890,.T.);
#3897=ORIENTED_EDGE('',*,*,#2891,.F.);
#3898=ORIENTED_EDGE('',*,*,#2890,.F.);
#3899=ORIENTED_EDGE('',*,*,#2845,.F.);
#3900=ORIENTED_EDGE('',*,*,#2892,.T.);
#3901=ORIENTED_EDGE('',*,*,#2893,.F.);
#3902=ORIENTED_EDGE('',*,*,#2892,.F.);
#3903=ORIENTED_EDGE('',*,*,#2844,.F.);
#3904=ORIENTED_EDGE('',*,*,#2572,.T.);
#3905=ORIENTED_EDGE('',*,*,#2894,.F.);
#3906=ORIENTED_EDGE('',*,*,#2895,.F.);
#3907=ORIENTED_EDGE('',*,*,#2871,.T.);
#3908=ORIENTED_EDGE('',*,*,#2896,.T.);
#3909=ORIENTED_EDGE('',*,*,#2897,.F.);
#3910=ORIENTED_EDGE('',*,*,#2896,.F.);
#3911=ORIENTED_EDGE('',*,*,#2870,.T.);
#3912=ORIENTED_EDGE('',*,*,#2898,.T.);
#3913=ORIENTED_EDGE('',*,*,#2899,.F.);
#3914=ORIENTED_EDGE('',*,*,#2898,.F.);
#3915=ORIENTED_EDGE('',*,*,#2869,.T.);
#3916=ORIENTED_EDGE('',*,*,#2900,.T.);
#3917=ORIENTED_EDGE('',*,*,#2901,.F.);
#3918=ORIENTED_EDGE('',*,*,#2900,.F.);
#3919=ORIENTED_EDGE('',*,*,#2868,.T.);
#3920=ORIENTED_EDGE('',*,*,#2902,.F.);
#3921=ORIENTED_EDGE('',*,*,#2903,.F.);
#3922=ORIENTED_EDGE('',*,*,#2904,.F.);
#3923=ORIENTED_EDGE('',*,*,#2862,.F.);
#3924=ORIENTED_EDGE('',*,*,#2905,.T.);
#3925=ORIENTED_EDGE('',*,*,#2906,.F.);
#3926=ORIENTED_EDGE('',*,*,#2905,.F.);
#3927=ORIENTED_EDGE('',*,*,#2861,.F.);
#3928=ORIENTED_EDGE('',*,*,#2907,.T.);
#3929=ORIENTED_EDGE('',*,*,#2908,.F.);
#3930=ORIENTED_EDGE('',*,*,#2907,.F.);
#3931=ORIENTED_EDGE('',*,*,#2860,.F.);
#3932=ORIENTED_EDGE('',*,*,#2909,.T.);
#3933=ORIENTED_EDGE('',*,*,#2910,.F.);
#3934=ORIENTED_EDGE('',*,*,#2909,.F.);
#3935=ORIENTED_EDGE('',*,*,#2859,.F.);
#3936=ORIENTED_EDGE('',*,*,#2911,.F.);
#3937=ORIENTED_EDGE('',*,*,#2912,.F.);
#3938=ORIENTED_EDGE('',*,*,#2570,.F.);
#3939=ORIENTED_EDGE('',*,*,#2854,.T.);
#3940=ORIENTED_EDGE('',*,*,#2913,.T.);
#3941=ORIENTED_EDGE('',*,*,#2914,.F.);
#3942=ORIENTED_EDGE('',*,*,#2913,.F.);
#3943=ORIENTED_EDGE('',*,*,#2853,.T.);
#3944=ORIENTED_EDGE('',*,*,#2888,.T.);
#3945=ORIENTED_EDGE('',*,*,#2828,.F.);
#3946=ORIENTED_EDGE('',*,*,#2915,.T.);
#3947=ORIENTED_EDGE('',*,*,#2817,.T.);
#3948=ORIENTED_EDGE('',*,*,#2873,.F.);
#3949=ORIENTED_EDGE('',*,*,#2916,.F.);
#3950=ORIENTED_EDGE('',*,*,#2818,.T.);
#3951=ORIENTED_EDGE('',*,*,#2874,.T.);
#3952=ORIENTED_EDGE('',*,*,#2815,.F.);
#3953=ORIENTED_EDGE('',*,*,#2781,.F.);
#3954=ORIENTED_EDGE('',*,*,#2917,.T.);
#3955=ORIENTED_EDGE('',*,*,#2825,.T.);
#3956=ORIENTED_EDGE('',*,*,#2875,.F.);
#3957=ORIENTED_EDGE('',*,*,#2820,.F.);
#3958=ORIENTED_EDGE('',*,*,#2918,.T.);
#3959=ORIENTED_EDGE('',*,*,#2783,.F.);
#3960=ORIENTED_EDGE('',*,*,#2919,.F.);
#3961=ORIENTED_EDGE('',*,*,#2920,.F.);
#3962=ORIENTED_EDGE('',*,*,#2826,.T.);
#3963=ORIENTED_EDGE('',*,*,#2876,.T.);
#3964=ORIENTED_EDGE('',*,*,#2823,.F.);
#3965=ORIENTED_EDGE('',*,*,#2866,.T.);
#3966=ORIENTED_EDGE('',*,*,#2921,.F.);
#3967=ORIENTED_EDGE('',*,*,#2922,.F.);
#3968=ORIENTED_EDGE('',*,*,#2923,.F.);
#3969=ORIENTED_EDGE('',*,*,#2864,.T.);
#3970=ORIENTED_EDGE('',*,*,#2924,.F.);
#3971=ORIENTED_EDGE('',*,*,#2925,.F.);
#3972=ORIENTED_EDGE('',*,*,#2926,.T.);
#3973=ORIENTED_EDGE('',*,*,#2865,.T.);
#3974=ORIENTED_EDGE('',*,*,#2926,.F.);
#3975=ORIENTED_EDGE('',*,*,#2927,.F.);
#3976=ORIENTED_EDGE('',*,*,#2921,.T.);
#3977=ORIENTED_EDGE('',*,*,#2922,.T.);
#3978=ORIENTED_EDGE('',*,*,#2927,.T.);
#3979=ORIENTED_EDGE('',*,*,#2925,.T.);
#3980=ORIENTED_EDGE('',*,*,#2928,.F.);
#3981=ORIENTED_EDGE('',*,*,#2848,.T.);
#3982=ORIENTED_EDGE('',*,*,#2884,.F.);
#3983=ORIENTED_EDGE('',*,*,#2929,.F.);
#3984=ORIENTED_EDGE('',*,*,#2930,.T.);
#3985=ORIENTED_EDGE('',*,*,#2849,.T.);
#3986=ORIENTED_EDGE('',*,*,#2930,.F.);
#3987=ORIENTED_EDGE('',*,*,#2931,.F.);
#3988=ORIENTED_EDGE('',*,*,#2932,.T.);
#3989=ORIENTED_EDGE('',*,*,#2850,.T.);
#3990=ORIENTED_EDGE('',*,*,#2932,.F.);
#3991=ORIENTED_EDGE('',*,*,#2933,.F.);
#3992=ORIENTED_EDGE('',*,*,#2882,.T.);
#3993=ORIENTED_EDGE('',*,*,#2883,.T.);
#3994=ORIENTED_EDGE('',*,*,#2933,.T.);
#3995=ORIENTED_EDGE('',*,*,#2931,.T.);
#3996=ORIENTED_EDGE('',*,*,#2929,.T.);
#3997=ORIENTED_EDGE('',*,*,#2749,.T.);
#3998=ORIENTED_EDGE('',*,*,#2803,.T.);
#3999=ORIENTED_EDGE('',*,*,#2934,.F.);
#4000=ORIENTED_EDGE('',*,*,#2935,.F.);
#4001=ORIENTED_EDGE('',*,*,#2745,.T.);
#4002=ORIENTED_EDGE('',*,*,#2798,.F.);
#4003=ORIENTED_EDGE('',*,*,#2878,.F.);
#4004=ORIENTED_EDGE('',*,*,#2936,.F.);
#4005=ORIENTED_EDGE('',*,*,#2937,.F.);
#4006=ORIENTED_EDGE('',*,*,#2759,.F.);
#4007=ORIENTED_EDGE('',*,*,#2812,.T.);
#4008=ORIENTED_EDGE('',*,*,#2800,.F.);
#4009=ORIENTED_EDGE('',*,*,#2938,.F.);
#4010=ORIENTED_EDGE('',*,*,#2939,.F.);
#4011=ORIENTED_EDGE('',*,*,#2940,.F.);
#4012=ORIENTED_EDGE('',*,*,#2771,.F.);
#4013=ORIENTED_EDGE('',*,*,#2830,.T.);
#4014=ORIENTED_EDGE('',*,*,#2795,.F.);
#4015=ORIENTED_EDGE('',*,*,#2941,.F.);
#4016=ORIENTED_EDGE('',*,*,#2942,.F.);
#4017=ORIENTED_EDGE('',*,*,#2780,.F.);
#4018=ORIENTED_EDGE('',*,*,#2918,.F.);
#4019=ORIENTED_EDGE('',*,*,#2819,.F.);
#4020=ORIENTED_EDGE('',*,*,#2916,.T.);
#4021=ORIENTED_EDGE('',*,*,#2814,.T.);
#4022=ORIENTED_EDGE('',*,*,#2915,.F.);
#4023=ORIENTED_EDGE('',*,*,#2827,.F.);
#4024=ORIENTED_EDGE('',*,*,#2920,.T.);
#4025=ORIENTED_EDGE('',*,*,#2822,.T.);
#4026=ORIENTED_EDGE('',*,*,#2917,.F.);
#4027=ORIENTED_EDGE('',*,*,#2776,.F.);
#4028=ORIENTED_EDGE('',*,*,#2779,.F.);
#4029=ORIENTED_EDGE('',*,*,#2437,.T.);
#4030=ORIENTED_EDGE('',*,*,#2809,.F.);
#4031=ORIENTED_EDGE('',*,*,#2943,.T.);
#4032=ORIENTED_EDGE('',*,*,#2806,.F.);
#4033=ORIENTED_EDGE('',*,*,#2944,.T.);
#4034=ORIENTED_EDGE('',*,*,#2439,.T.);
#4035=ORIENTED_EDGE('',*,*,#2440,.T.);
#4036=ORIENTED_EDGE('',*,*,#2944,.F.);
#4037=ORIENTED_EDGE('',*,*,#2805,.F.);
#4038=ORIENTED_EDGE('',*,*,#2445,.T.);
#4039=ORIENTED_EDGE('',*,*,#2945,.F.);
#4040=ORIENTED_EDGE('',*,*,#2475,.T.);
#4041=ORIENTED_EDGE('',*,*,#2481,.T.);
#4042=ORIENTED_EDGE('',*,*,#2450,.T.);
#4043=ORIENTED_EDGE('',*,*,#2533,.T.);
#4044=ORIENTED_EDGE('',*,*,#2811,.F.);
#4045=ORIENTED_EDGE('',*,*,#2946,.T.);
#4046=ORIENTED_EDGE('',*,*,#2947,.F.);
#4047=ORIENTED_EDGE('',*,*,#2948,.T.);
#4048=ORIENTED_EDGE('',*,*,#2535,.T.);
#4049=ORIENTED_EDGE('',*,*,#2536,.T.);
#4050=ORIENTED_EDGE('',*,*,#2948,.F.);
#4051=ORIENTED_EDGE('',*,*,#2949,.F.);
#4052=ORIENTED_EDGE('',*,*,#2512,.T.);
#4053=ORIENTED_EDGE('',*,*,#2947,.T.);
#4054=ORIENTED_EDGE('',*,*,#2950,.T.);
#4055=ORIENTED_EDGE('',*,*,#2513,.T.);
#4056=ORIENTED_EDGE('',*,*,#2949,.T.);
#4057=ORIENTED_EDGE('',*,*,#2515,.T.);
#4058=ORIENTED_EDGE('',*,*,#2951,.T.);
#4059=ORIENTED_EDGE('',*,*,#2952,.F.);
#4060=ORIENTED_EDGE('',*,*,#2953,.T.);
#4061=ORIENTED_EDGE('',*,*,#2799,.T.);
#4062=ORIENTED_EDGE('',*,*,#2792,.F.);
#4063=ORIENTED_EDGE('',*,*,#2505,.F.);
#4064=ORIENTED_EDGE('',*,*,#2807,.F.);
#4065=ORIENTED_EDGE('',*,*,#2516,.F.);
#4066=ORIENTED_EDGE('',*,*,#2953,.F.);
#4067=ORIENTED_EDGE('',*,*,#2954,.F.);
#4068=ORIENTED_EDGE('',*,*,#2725,.T.);
#4069=ORIENTED_EDGE('',*,*,#2857,.T.);
#4070=ORIENTED_EDGE('',*,*,#2955,.F.);
#4071=ORIENTED_EDGE('',*,*,#2938,.T.);
#4072=ORIENTED_EDGE('',*,*,#2772,.T.);
#4073=ORIENTED_EDGE('',*,*,#2940,.T.);
#4074=ORIENTED_EDGE('',*,*,#2956,.T.);
#4075=ORIENTED_EDGE('',*,*,#2855,.T.);
#4076=ORIENTED_EDGE('',*,*,#2730,.F.);
#4077=ORIENTED_EDGE('',*,*,#2957,.F.);
#4078=ORIENTED_EDGE('',*,*,#2951,.F.);
#4079=ORIENTED_EDGE('',*,*,#2514,.F.);
#4080=ORIENTED_EDGE('',*,*,#2950,.F.);
#4081=ORIENTED_EDGE('',*,*,#2946,.F.);
#4082=ORIENTED_EDGE('',*,*,#2810,.F.);
#4083=ORIENTED_EDGE('',*,*,#2939,.T.);
#4084=ORIENTED_EDGE('',*,*,#2955,.T.);
#4085=ORIENTED_EDGE('',*,*,#2856,.T.);
#4086=ORIENTED_EDGE('',*,*,#2956,.F.);
#4087=ORIENTED_EDGE('',*,*,#2448,.T.);
#4088=ORIENTED_EDGE('',*,*,#2958,.T.);
#4089=ORIENTED_EDGE('',*,*,#2959,.F.);
#4090=ORIENTED_EDGE('',*,*,#2960,.T.);
#4091=ORIENTED_EDGE('',*,*,#2937,.T.);
#4092=ORIENTED_EDGE('',*,*,#2961,.T.);
#4093=ORIENTED_EDGE('',*,*,#2841,.T.);
#4094=ORIENTED_EDGE('',*,*,#2737,.F.);
#4095=ORIENTED_EDGE('',*,*,#2962,.F.);
#4096=ORIENTED_EDGE('',*,*,#2958,.F.);
#4097=ORIENTED_EDGE('',*,*,#2447,.F.);
#4098=ORIENTED_EDGE('',*,*,#2804,.T.);
#4099=ORIENTED_EDGE('',*,*,#2943,.F.);
#4100=ORIENTED_EDGE('',*,*,#2808,.F.);
#4101=ORIENTED_EDGE('',*,*,#2760,.F.);
#4102=ORIENTED_EDGE('',*,*,#2794,.F.);
#4103=ORIENTED_EDGE('',*,*,#2790,.F.);
#4104=ORIENTED_EDGE('',*,*,#2476,.F.);
#4105=ORIENTED_EDGE('',*,*,#2945,.T.);
#4106=ORIENTED_EDGE('',*,*,#2449,.F.);
#4107=ORIENTED_EDGE('',*,*,#2960,.F.);
#4108=ORIENTED_EDGE('',*,*,#2963,.F.);
#4109=ORIENTED_EDGE('',*,*,#2733,.T.);
#4110=ORIENTED_EDGE('',*,*,#2843,.T.);
#4111=ORIENTED_EDGE('',*,*,#2964,.F.);
#4112=ORIENTED_EDGE('',*,*,#2941,.T.);
#4113=ORIENTED_EDGE('',*,*,#2942,.T.);
#4114=ORIENTED_EDGE('',*,*,#2964,.T.);
#4115=ORIENTED_EDGE('',*,*,#2842,.T.);
#4116=ORIENTED_EDGE('',*,*,#2961,.F.);
#4117=ORIENTED_EDGE('',*,*,#2919,.T.);
#4118=ORIENTED_EDGE('',*,*,#2782,.F.);
#4119=ORIENTED_EDGE('',*,*,#2784,.F.);
#4120=ORIENTED_EDGE('',*,*,#2778,.F.);
#4121=ORIENTED_EDGE('',*,*,#2787,.F.);
#4122=ORIENTED_EDGE('',*,*,#2840,.T.);
#4123=ORIENTED_EDGE('',*,*,#2835,.T.);
#4124=ORIENTED_EDGE('',*,*,#2687,.T.);
#4125=ORIENTED_EDGE('',*,*,#2858,.T.);
#4126=ORIENTED_EDGE('',*,*,#2965,.T.);
#4127=ORIENTED_EDGE('',*,*,#2966,.T.);
#4128=ORIENTED_EDGE('',*,*,#2911,.T.);
#4129=ORIENTED_EDGE('',*,*,#2957,.T.);
#4130=ORIENTED_EDGE('',*,*,#2967,.T.);
#4131=ORIENTED_EDGE('',*,*,#2954,.T.);
#4132=ORIENTED_EDGE('',*,*,#2952,.T.);
#4133=ORIENTED_EDGE('',*,*,#2879,.T.);
#4134=ORIENTED_EDGE('',*,*,#2774,.T.);
#4135=ORIENTED_EDGE('',*,*,#2740,.T.);
#4136=ORIENTED_EDGE('',*,*,#2838,.T.);
#4137=ORIENTED_EDGE('',*,*,#2685,.T.);
#4138=ORIENTED_EDGE('',*,*,#2834,.T.);
#4139=ORIENTED_EDGE('',*,*,#2750,.T.);
#4140=ORIENTED_EDGE('',*,*,#2935,.T.);
#4141=ORIENTED_EDGE('',*,*,#2968,.F.);
#4142=ORIENTED_EDGE('',*,*,#2969,.F.);
#4143=ORIENTED_EDGE('',*,*,#2970,.T.);
#4144=ORIENTED_EDGE('',*,*,#2971,.T.);
#4145=ORIENTED_EDGE('',*,*,#2934,.T.);
#4146=ORIENTED_EDGE('',*,*,#2802,.T.);
#4147=ORIENTED_EDGE('',*,*,#2813,.T.);
#4148=ORIENTED_EDGE('',*,*,#2757,.T.);
#4149=ORIENTED_EDGE('',*,*,#2763,.T.);
#4150=ORIENTED_EDGE('',*,*,#2972,.F.);
#4151=ORIENTED_EDGE('',*,*,#2973,.F.);
#4152=ORIENTED_EDGE('',*,*,#2968,.T.);
#4153=ORIENTED_EDGE('',*,*,#2912,.T.);
#4154=ORIENTED_EDGE('',*,*,#2914,.T.);
#4155=ORIENTED_EDGE('',*,*,#2887,.T.);
#4156=ORIENTED_EDGE('',*,*,#2880,.T.);
#4157=ORIENTED_EDGE('',*,*,#2971,.F.);
#4158=ORIENTED_EDGE('',*,*,#2974,.F.);
#4159=ORIENTED_EDGE('',*,*,#2975,.F.);
#4160=ORIENTED_EDGE('',*,*,#2886,.T.);
#4161=ORIENTED_EDGE('',*,*,#2889,.T.);
#4162=ORIENTED_EDGE('',*,*,#2891,.T.);
#4163=ORIENTED_EDGE('',*,*,#2893,.T.);
#4164=ORIENTED_EDGE('',*,*,#2571,.T.);
#4165=ORIENTED_EDGE('',*,*,#2962,.T.);
#4166=ORIENTED_EDGE('',*,*,#2976,.T.);
#4167=ORIENTED_EDGE('',*,*,#2963,.T.);
#4168=ORIENTED_EDGE('',*,*,#2959,.T.);
#4169=ORIENTED_EDGE('',*,*,#2895,.T.);
#4170=ORIENTED_EDGE('',*,*,#2977,.T.);
#4171=ORIENTED_EDGE('',*,*,#2978,.T.);
#4172=ORIENTED_EDGE('',*,*,#2872,.T.);
#4173=ORIENTED_EDGE('',*,*,#2762,.T.);
#4174=ORIENTED_EDGE('',*,*,#2753,.T.);
#4175=ORIENTED_EDGE('',*,*,#2833,.T.);
#4176=ORIENTED_EDGE('',*,*,#2839,.T.);
#4177=ORIENTED_EDGE('',*,*,#2479,.T.);
#4178=ORIENTED_EDGE('',*,*,#2746,.T.);
#4179=ORIENTED_EDGE('',*,*,#2936,.T.);
#4180=ORIENTED_EDGE('',*,*,#2877,.T.);
#4181=ORIENTED_EDGE('',*,*,#2975,.T.);
#4182=ORIENTED_EDGE('',*,*,#2979,.F.);
#4183=ORIENTED_EDGE('',*,*,#2980,.F.);
#4184=ORIENTED_EDGE('',*,*,#2972,.T.);
#4185=ORIENTED_EDGE('',*,*,#2692,.F.);
#4186=ORIENTED_EDGE('',*,*,#2981,.F.);
#4187=ORIENTED_EDGE('',*,*,#2982,.F.);
#4188=ORIENTED_EDGE('',*,*,#2983,.T.);
#4189=ORIENTED_EDGE('',*,*,#2696,.F.);
#4190=ORIENTED_EDGE('',*,*,#2984,.T.);
#4191=ORIENTED_EDGE('',*,*,#2985,.T.);
#4192=ORIENTED_EDGE('',*,*,#2986,.F.);
#4193=ORIENTED_EDGE('',*,*,#2691,.F.);
#4194=ORIENTED_EDGE('',*,*,#2987,.F.);
#4195=ORIENTED_EDGE('',*,*,#2988,.F.);
#4196=ORIENTED_EDGE('',*,*,#2981,.T.);
#4197=ORIENTED_EDGE('',*,*,#2697,.F.);
#4198=ORIENTED_EDGE('',*,*,#2986,.T.);
#4199=ORIENTED_EDGE('',*,*,#2989,.T.);
#4200=ORIENTED_EDGE('',*,*,#2990,.F.);
#4201=ORIENTED_EDGE('',*,*,#2693,.F.);
#4202=ORIENTED_EDGE('',*,*,#2983,.F.);
#4203=ORIENTED_EDGE('',*,*,#2991,.F.);
#4204=ORIENTED_EDGE('',*,*,#2992,.T.);
#4205=ORIENTED_EDGE('',*,*,#2690,.F.);
#4206=ORIENTED_EDGE('',*,*,#2992,.F.);
#4207=ORIENTED_EDGE('',*,*,#2993,.F.);
#4208=ORIENTED_EDGE('',*,*,#2987,.T.);
#4209=ORIENTED_EDGE('',*,*,#2694,.F.);
#4210=ORIENTED_EDGE('',*,*,#2990,.T.);
#4211=ORIENTED_EDGE('',*,*,#2994,.T.);
#4212=ORIENTED_EDGE('',*,*,#2995,.F.);
#4213=ORIENTED_EDGE('',*,*,#2695,.F.);
#4214=ORIENTED_EDGE('',*,*,#2995,.T.);
#4215=ORIENTED_EDGE('',*,*,#2996,.T.);
#4216=ORIENTED_EDGE('',*,*,#2984,.F.);
#4217=ORIENTED_EDGE('',*,*,#2996,.F.);
#4218=ORIENTED_EDGE('',*,*,#2994,.F.);
#4219=ORIENTED_EDGE('',*,*,#2989,.F.);
#4220=ORIENTED_EDGE('',*,*,#2985,.F.);
#4221=ORIENTED_EDGE('',*,*,#2997,.F.);
#4222=ORIENTED_EDGE('',*,*,#2998,.T.);
#4223=ORIENTED_EDGE('',*,*,#2999,.T.);
#4224=ORIENTED_EDGE('',*,*,#3000,.F.);
#4225=ORIENTED_EDGE('',*,*,#3001,.F.);
#4226=ORIENTED_EDGE('',*,*,#3002,.F.);
#4227=ORIENTED_EDGE('',*,*,#3000,.T.);
#4228=ORIENTED_EDGE('',*,*,#3003,.T.);
#4229=ORIENTED_EDGE('',*,*,#3004,.F.);
#4230=ORIENTED_EDGE('',*,*,#3005,.F.);
#4231=ORIENTED_EDGE('',*,*,#3006,.T.);
#4232=ORIENTED_EDGE('',*,*,#3007,.T.);
#4233=ORIENTED_EDGE('',*,*,#2998,.F.);
#4234=ORIENTED_EDGE('',*,*,#3008,.F.);
#4235=ORIENTED_EDGE('',*,*,#3004,.T.);
#4236=ORIENTED_EDGE('',*,*,#3009,.T.);
#4237=ORIENTED_EDGE('',*,*,#3006,.F.);
#4238=ORIENTED_EDGE('',*,*,#3010,.F.);
#4239=ORIENTED_EDGE('',*,*,#3003,.F.);
#4240=ORIENTED_EDGE('',*,*,#2999,.F.);
#4241=ORIENTED_EDGE('',*,*,#3007,.F.);
#4242=ORIENTED_EDGE('',*,*,#3009,.F.);
#4243=ORIENTED_EDGE('',*,*,#2993,.T.);
#4244=ORIENTED_EDGE('',*,*,#2991,.T.);
#4245=ORIENTED_EDGE('',*,*,#2982,.T.);
#4246=ORIENTED_EDGE('',*,*,#2988,.T.);
#4247=ORIENTED_EDGE('',*,*,#2736,.F.);
#4248=ORIENTED_EDGE('',*,*,#3011,.F.);
#4249=ORIENTED_EDGE('',*,*,#3012,.F.);
#4250=ORIENTED_EDGE('',*,*,#2575,.T.);
#4251=ORIENTED_EDGE('',*,*,#2734,.F.);
#4252=ORIENTED_EDGE('',*,*,#2976,.F.);
#4253=ORIENTED_EDGE('',*,*,#3013,.F.);
#4254=ORIENTED_EDGE('',*,*,#3014,.F.);
#4255=ORIENTED_EDGE('',*,*,#2722,.F.);
#4256=ORIENTED_EDGE('',*,*,#2967,.F.);
#4257=ORIENTED_EDGE('',*,*,#2729,.F.);
#4258=ORIENTED_EDGE('',*,*,#2567,.T.);
#4259=ORIENTED_EDGE('',*,*,#2544,.T.);
#4260=ORIENTED_EDGE('',*,*,#2581,.T.);
#4261=ORIENTED_EDGE('',*,*,#3015,.F.);
#4262=ORIENTED_EDGE('',*,*,#3011,.T.);
#4263=ORIENTED_EDGE('',*,*,#2735,.F.);
#4264=ORIENTED_EDGE('',*,*,#2978,.F.);
#4265=ORIENTED_EDGE('',*,*,#3016,.F.);
#4266=ORIENTED_EDGE('',*,*,#2965,.F.);
#4267=ORIENTED_EDGE('',*,*,#2723,.F.);
#4268=ORIENTED_EDGE('',*,*,#3014,.T.);
#4269=ORIENTED_EDGE('',*,*,#3017,.T.);
#4270=ORIENTED_EDGE('',*,*,#3018,.T.);
#4271=ORIENTED_EDGE('',*,*,#2631,.F.);
#4272=ORIENTED_EDGE('',*,*,#2639,.F.);
#4273=ORIENTED_EDGE('',*,*,#2578,.T.);
#4274=ORIENTED_EDGE('',*,*,#2556,.T.);
#4275=ORIENTED_EDGE('',*,*,#2561,.T.);
#4276=ORIENTED_EDGE('',*,*,#3013,.T.);
#4277=ORIENTED_EDGE('',*,*,#2566,.F.);
#4278=ORIENTED_EDGE('',*,*,#3019,.T.);
#4279=ORIENTED_EDGE('',*,*,#3017,.F.);
#4280=ORIENTED_EDGE('',*,*,#2910,.T.);
#4281=ORIENTED_EDGE('',*,*,#2966,.F.);
#4282=ORIENTED_EDGE('',*,*,#3016,.T.);
#4283=ORIENTED_EDGE('',*,*,#2977,.F.);
#4284=ORIENTED_EDGE('',*,*,#2894,.T.);
#4285=ORIENTED_EDGE('',*,*,#2897,.T.);
#4286=ORIENTED_EDGE('',*,*,#2899,.T.);
#4287=ORIENTED_EDGE('',*,*,#2901,.T.);
#4288=ORIENTED_EDGE('',*,*,#3020,.F.);
#4289=ORIENTED_EDGE('',*,*,#2903,.T.);
#4290=ORIENTED_EDGE('',*,*,#2906,.T.);
#4291=ORIENTED_EDGE('',*,*,#2908,.T.);
#4292=ORIENTED_EDGE('',*,*,#2676,.T.);
#4293=ORIENTED_EDGE('',*,*,#3021,.T.);
#4294=ORIENTED_EDGE('',*,*,#2640,.F.);
#4295=ORIENTED_EDGE('',*,*,#2629,.F.);
#4296=ORIENTED_EDGE('',*,*,#3018,.F.);
#4297=ORIENTED_EDGE('',*,*,#3019,.F.);
#4298=ORIENTED_EDGE('',*,*,#2565,.F.);
#4299=ORIENTED_EDGE('',*,*,#2638,.F.);
#4300=ORIENTED_EDGE('',*,*,#2643,.F.);
#4301=ORIENTED_EDGE('',*,*,#3022,.F.);
#4302=ORIENTED_EDGE('',*,*,#3023,.F.);
#4303=ORIENTED_EDGE('',*,*,#2624,.F.);
#4304=ORIENTED_EDGE('',*,*,#2641,.F.);
#4305=ORIENTED_EDGE('',*,*,#3021,.F.);
#4306=ORIENTED_EDGE('',*,*,#3022,.T.);
#4307=ORIENTED_EDGE('',*,*,#2642,.F.);
#4308=ORIENTED_EDGE('',*,*,#2602,.T.);
#4309=ORIENTED_EDGE('',*,*,#3024,.T.);
#4310=ORIENTED_EDGE('',*,*,#3025,.T.);
#4311=ORIENTED_EDGE('',*,*,#2649,.T.);
#4312=ORIENTED_EDGE('',*,*,#3023,.T.);
#4313=ORIENTED_EDGE('',*,*,#3024,.F.);
#4314=ORIENTED_EDGE('',*,*,#2601,.F.);
#4315=ORIENTED_EDGE('',*,*,#2625,.F.);
#4316=ORIENTED_EDGE('',*,*,#3026,.F.);
#4317=ORIENTED_EDGE('',*,*,#2979,.T.);
#4318=ORIENTED_EDGE('',*,*,#2974,.T.);
#4319=ORIENTED_EDGE('',*,*,#2970,.F.);
#4320=ORIENTED_EDGE('',*,*,#2904,.T.);
#4321=ORIENTED_EDGE('',*,*,#3020,.T.);
#4322=ORIENTED_EDGE('',*,*,#2902,.T.);
#4323=ORIENTED_EDGE('',*,*,#2867,.T.);
#4324=ORIENTED_EDGE('',*,*,#2923,.T.);
#4325=ORIENTED_EDGE('',*,*,#2928,.T.);
#4326=ORIENTED_EDGE('',*,*,#2924,.T.);
#4327=ORIENTED_EDGE('',*,*,#2863,.T.);
#4328=ORIENTED_EDGE('',*,*,#3025,.F.);
#4329=ORIENTED_EDGE('',*,*,#3027,.T.);
#4330=ORIENTED_EDGE('',*,*,#3001,.T.);
#4331=ORIENTED_EDGE('',*,*,#3002,.T.);
#4332=ORIENTED_EDGE('',*,*,#3008,.T.);
#4333=ORIENTED_EDGE('',*,*,#3028,.T.);
#4334=ORIENTED_EDGE('',*,*,#2704,.T.);
#4335=ORIENTED_EDGE('',*,*,#2721,.T.);
#4336=ORIENTED_EDGE('',*,*,#2698,.T.);
#4337=ORIENTED_EDGE('',*,*,#3028,.F.);
#4338=ORIENTED_EDGE('',*,*,#3010,.T.);
#4339=ORIENTED_EDGE('',*,*,#3005,.T.);
#4340=ORIENTED_EDGE('',*,*,#2997,.T.);
#4341=ORIENTED_EDGE('',*,*,#3027,.F.);
#4342=ORIENTED_EDGE('',*,*,#2559,.T.);
#4343=ORIENTED_EDGE('',*,*,#2554,.T.);
#4344=ORIENTED_EDGE('',*,*,#2547,.T.);
#4345=ORIENTED_EDGE('',*,*,#2551,.T.);
#4346=ORIENTED_EDGE('',*,*,#2658,.T.);
#4347=ORIENTED_EDGE('',*,*,#2656,.T.);
#4348=ORIENTED_EDGE('',*,*,#2650,.T.);
#4349=ORIENTED_EDGE('',*,*,#2654,.T.);
#4350=ORIENTED_EDGE('',*,*,#2668,.T.);
#4351=ORIENTED_EDGE('',*,*,#2666,.T.);
#4352=ORIENTED_EDGE('',*,*,#2660,.T.);
#4353=ORIENTED_EDGE('',*,*,#2664,.T.);
#4354=ORIENTED_EDGE('',*,*,#2679,.T.);
#4355=ORIENTED_EDGE('',*,*,#2681,.T.);
#4356=ORIENTED_EDGE('',*,*,#2677,.T.);
#4357=ORIENTED_EDGE('',*,*,#2673,.T.);
#4358=ORIENTED_EDGE('',*,*,#2670,.T.);
#4359=ORIENTED_EDGE('',*,*,#2682,.T.);
#4360=ORIENTED_EDGE('',*,*,#2969,.T.);
#4361=ORIENTED_EDGE('',*,*,#2973,.T.);
#4362=ORIENTED_EDGE('',*,*,#2980,.T.);
#4363=ORIENTED_EDGE('',*,*,#3026,.T.);
#4364=ORIENTED_EDGE('',*,*,#2720,.T.);
#4365=ORIENTED_EDGE('',*,*,#2576,.T.);
#4366=ORIENTED_EDGE('',*,*,#3012,.T.);
#4367=ORIENTED_EDGE('',*,*,#3015,.T.);
#4368=ORIENTED_EDGE('',*,*,#2580,.T.);
#4369=CYLINDRICAL_SURFACE('',#4632,14.611);
#4370=CYLINDRICAL_SURFACE('',#4634,14.611);
#4371=CYLINDRICAL_SURFACE('',#4635,14.611);
#4372=CYLINDRICAL_SURFACE('',#4636,14.611);
#4373=CYLINDRICAL_SURFACE('',#4637,14.611);
#4374=CYLINDRICAL_SURFACE('',#4638,14.611);
#4375=CYLINDRICAL_SURFACE('',#4639,14.611);
#4376=CYLINDRICAL_SURFACE('',#4640,14.611);
#4377=CYLINDRICAL_SURFACE('',#4641,14.611);
#4378=CYLINDRICAL_SURFACE('',#4642,14.611);
#4379=CYLINDRICAL_SURFACE('',#4643,13.7645);
#4380=CYLINDRICAL_SURFACE('',#4645,13.7645);
#4381=CYLINDRICAL_SURFACE('',#4646,13.7645);
#4382=CYLINDRICAL_SURFACE('',#4647,13.7645);
#4383=CYLINDRICAL_SURFACE('',#4648,13.7645);
#4384=CYLINDRICAL_SURFACE('',#4649,13.7645);
#4385=CYLINDRICAL_SURFACE('',#4650,13.7645);
#4386=CYLINDRICAL_SURFACE('',#4651,13.7645);
#4387=CYLINDRICAL_SURFACE('',#4652,13.7645);
#4388=CYLINDRICAL_SURFACE('',#4653,13.7645);
#4389=CYLINDRICAL_SURFACE('',#4709,6.);
#4390=CYLINDRICAL_SURFACE('',#4722,8.);
#4391=CYLINDRICAL_SURFACE('',#4726,11.5);
#4392=CYLINDRICAL_SURFACE('',#4755,6.);
#4393=CYLINDRICAL_SURFACE('',#4772,13.7645);
#4394=CYLINDRICAL_SURFACE('',#4773,11.75);
#4395=CYLINDRICAL_SURFACE('',#4775,14.611);
#4396=CYLINDRICAL_SURFACE('',#4796,2.75);
#4397=CYLINDRICAL_SURFACE('',#4798,2.75);
#4398=CYLINDRICAL_SURFACE('',#4800,1.5);
#4399=CYLINDRICAL_SURFACE('',#4803,1.5);
#4400=CYLINDRICAL_SURFACE('',#4862,9.5);
#4401=CYLINDRICAL_SURFACE('',#4916,6.);
#4402=CYLINDRICAL_SURFACE('',#4924,14.);
#4403=ADVANCED_FACE('',(#238),#4369,.T.);
#4404=ADVANCED_FACE('',(#239),#4370,.T.);
#4405=ADVANCED_FACE('',(#240),#4371,.T.);
#4406=ADVANCED_FACE('',(#241),#4372,.T.);
#4407=ADVANCED_FACE('',(#242),#4373,.T.);
#4408=ADVANCED_FACE('',(#243),#4374,.T.);
#4409=ADVANCED_FACE('',(#244),#4375,.T.);
#4410=ADVANCED_FACE('',(#245),#4376,.T.);
#4411=ADVANCED_FACE('',(#246),#4377,.T.);
#4412=ADVANCED_FACE('',(#247),#4378,.T.);
#4413=ADVANCED_FACE('',(#248),#4379,.T.);
#4414=ADVANCED_FACE('',(#249),#4380,.T.);
#4415=ADVANCED_FACE('',(#250),#4381,.T.);
#4416=ADVANCED_FACE('',(#251),#4382,.T.);
#4417=ADVANCED_FACE('',(#252),#4383,.T.);
#4418=ADVANCED_FACE('',(#253),#4384,.T.);
#4419=ADVANCED_FACE('',(#254),#4385,.T.);
#4420=ADVANCED_FACE('',(#255),#4386,.T.);
#4421=ADVANCED_FACE('',(#256),#4387,.T.);
#4422=ADVANCED_FACE('',(#257),#4388,.T.);
#4423=ADVANCED_FACE('',(#258),#49,.F.);
#4424=ADVANCED_FACE('',(#259),#50,.F.);
#4425=ADVANCED_FACE('',(#260),#51,.F.);
#4426=ADVANCED_FACE('',(#261),#52,.F.);
#4427=ADVANCED_FACE('',(#262),#53,.F.);
#4428=ADVANCED_FACE('',(#263),#54,.F.);
#4429=ADVANCED_FACE('',(#264),#55,.F.);
#4430=ADVANCED_FACE('',(#265),#56,.F.);
#4431=ADVANCED_FACE('',(#266),#57,.F.);
#4432=ADVANCED_FACE('',(#267),#58,.F.);
#4433=ADVANCED_FACE('',(#268),#59,.F.);
#4434=ADVANCED_FACE('',(#269),#60,.F.);
#4435=ADVANCED_FACE('',(#270),#61,.F.);
#4436=ADVANCED_FACE('',(#271),#62,.F.);
#4437=ADVANCED_FACE('',(#272),#63,.F.);
#4438=ADVANCED_FACE('',(#273),#64,.F.);
#4439=ADVANCED_FACE('',(#274),#65,.F.);
#4440=ADVANCED_FACE('',(#275),#66,.F.);
#4441=ADVANCED_FACE('',(#276),#67,.F.);
#4442=ADVANCED_FACE('',(#277),#68,.F.);
#4443=ADVANCED_FACE('',(#278),#69,.F.);
#4444=ADVANCED_FACE('',(#279),#70,.F.);
#4445=ADVANCED_FACE('',(#280),#71,.F.);
#4446=ADVANCED_FACE('',(#281),#72,.F.);
#4447=ADVANCED_FACE('',(#282),#73,.F.);
#4448=ADVANCED_FACE('',(#283),#74,.F.);
#4449=ADVANCED_FACE('',(#284),#75,.F.);
#4450=ADVANCED_FACE('',(#285),#76,.F.);
#4451=ADVANCED_FACE('',(#286),#77,.F.);
#4452=ADVANCED_FACE('',(#287),#78,.F.);
#4453=ADVANCED_FACE('',(#288),#79,.F.);
#4454=ADVANCED_FACE('',(#289),#80,.F.);
#4455=ADVANCED_FACE('',(#290),#81,.F.);
#4456=ADVANCED_FACE('',(#291),#82,.F.);
#4457=ADVANCED_FACE('',(#292),#83,.F.);
#4458=ADVANCED_FACE('',(#293),#84,.F.);
#4459=ADVANCED_FACE('',(#294),#85,.F.);
#4460=ADVANCED_FACE('',(#295),#86,.F.);
#4461=ADVANCED_FACE('',(#296),#87,.F.);
#4462=ADVANCED_FACE('',(#297),#88,.F.);
#4463=ADVANCED_FACE('',(#298),#89,.F.);
#4464=ADVANCED_FACE('',(#299),#90,.F.);
#4465=ADVANCED_FACE('',(#300),#91,.F.);
#4466=ADVANCED_FACE('',(#301),#92,.F.);
#4467=ADVANCED_FACE('',(#302),#93,.F.);
#4468=ADVANCED_FACE('',(#303,#25,#26),#94,.F.);
#4469=ADVANCED_FACE('',(#304),#95,.F.);
#4470=ADVANCED_FACE('',(#305),#96,.F.);
#4471=ADVANCED_FACE('',(#306),#97,.F.);
#4472=ADVANCED_FACE('',(#307),#98,.F.);
#4473=ADVANCED_FACE('',(#308),#99,.T.);
#4474=ADVANCED_FACE('',(#309),#4389,.F.);
#4475=ADVANCED_FACE('',(#310),#100,.T.);
#4476=ADVANCED_FACE('',(#311),#101,.F.);
#4477=ADVANCED_FACE('',(#312),#102,.F.);
#4478=ADVANCED_FACE('',(#313),#4390,.F.);
#4479=ADVANCED_FACE('',(#314,#27),#103,.T.);
#4480=ADVANCED_FACE('',(#315),#4391,.T.);
#4481=ADVANCED_FACE('',(#316,#28),#104,.T.);
#4482=ADVANCED_FACE('',(#317),#105,.F.);
#4483=ADVANCED_FACE('',(#318),#106,.F.);
#4484=ADVANCED_FACE('',(#319),#107,.F.);
#4485=ADVANCED_FACE('',(#320),#108,.F.);
#4486=ADVANCED_FACE('',(#321),#109,.F.);
#4487=ADVANCED_FACE('',(#322),#110,.F.);
#4488=ADVANCED_FACE('',(#323),#111,.F.);
#4489=ADVANCED_FACE('',(#324),#112,.F.);
#4490=ADVANCED_FACE('',(#325),#113,.F.);
#4491=ADVANCED_FACE('',(#326),#114,.F.);
#4492=ADVANCED_FACE('',(#327),#115,.F.);
#4493=ADVANCED_FACE('',(#328,#29),#116,.F.);
#4494=ADVANCED_FACE('',(#329),#117,.F.);
#4495=ADVANCED_FACE('',(#330),#118,.F.);
#4496=ADVANCED_FACE('',(#331,#30),#119,.T.);
#4497=ADVANCED_FACE('',(#332,#31,#32),#4392,.F.);
#4498=ADVANCED_FACE('',(#333),#120,.T.);
#4499=ADVANCED_FACE('',(#334),#15,.F.);
#4500=ADVANCED_FACE('',(#335),#16,.F.);
#4501=ADVANCED_FACE('',(#336,#33),#121,.T.);
#4502=ADVANCED_FACE('',(#337),#17,.F.);
#4503=ADVANCED_FACE('',(#338),#18,.F.);
#4504=ADVANCED_FACE('',(#339),#4393,.T.);
#4505=ADVANCED_FACE('',(#340),#4394,.F.);
#4506=ADVANCED_FACE('',(#341),#4395,.T.);
#4507=ADVANCED_FACE('',(#342),#122,.F.);
#4508=ADVANCED_FACE('',(#343),#123,.F.);
#4509=ADVANCED_FACE('',(#344),#124,.F.);
#4510=ADVANCED_FACE('',(#345),#125,.F.);
#4511=ADVANCED_FACE('',(#346),#126,.F.);
#4512=ADVANCED_FACE('',(#347),#127,.F.);
#4513=ADVANCED_FACE('',(#348),#128,.F.);
#4514=ADVANCED_FACE('',(#349),#129,.T.);
#4515=ADVANCED_FACE('',(#350),#130,.T.);
#4516=ADVANCED_FACE('',(#351),#131,.T.);
#4517=ADVANCED_FACE('',(#352),#132,.T.);
#4518=ADVANCED_FACE('',(#353),#133,.F.);
#4519=ADVANCED_FACE('',(#354),#134,.F.);
#4520=ADVANCED_FACE('',(#355),#135,.F.);
#4521=ADVANCED_FACE('',(#356),#136,.F.);
#4522=ADVANCED_FACE('',(#357),#137,.T.);
#4523=ADVANCED_FACE('',(#358),#138,.F.);
#4524=ADVANCED_FACE('',(#359),#4396,.F.);
#4525=ADVANCED_FACE('',(#360),#4397,.F.);
#4526=ADVANCED_FACE('',(#361),#4398,.F.);
#4527=ADVANCED_FACE('',(#362),#4399,.F.);
#4528=ADVANCED_FACE('',(#363),#139,.F.);
#4529=ADVANCED_FACE('',(#364),#140,.F.);
#4530=ADVANCED_FACE('',(#365),#141,.F.);
#4531=ADVANCED_FACE('',(#366),#142,.T.);
#4532=ADVANCED_FACE('',(#367),#143,.T.);
#4533=ADVANCED_FACE('',(#368),#144,.F.);
#4534=ADVANCED_FACE('',(#369),#145,.F.);
#4535=ADVANCED_FACE('',(#370),#146,.F.);
#4536=ADVANCED_FACE('',(#371),#147,.F.);
#4537=ADVANCED_FACE('',(#372),#148,.F.);
#4538=ADVANCED_FACE('',(#373),#149,.T.);
#4539=ADVANCED_FACE('',(#374),#150,.F.);
#4540=ADVANCED_FACE('',(#375),#151,.T.);
#4541=ADVANCED_FACE('',(#376),#152,.F.);
#4542=ADVANCED_FACE('',(#377),#153,.F.);
#4543=ADVANCED_FACE('',(#378),#154,.F.);
#4544=ADVANCED_FACE('',(#379),#155,.F.);
#4545=ADVANCED_FACE('',(#380),#156,.F.);
#4546=ADVANCED_FACE('',(#381),#157,.F.);
#4547=ADVANCED_FACE('',(#382,#34,#35,#36),#158,.T.);
#4548=ADVANCED_FACE('',(#383),#159,.F.);
#4549=ADVANCED_FACE('',(#384),#160,.T.);
#4550=ADVANCED_FACE('',(#385),#161,.F.);
#4551=ADVANCED_FACE('',(#386),#162,.F.);
#4552=ADVANCED_FACE('',(#387),#163,.F.);
#4553=ADVANCED_FACE('',(#388),#164,.T.);
#4554=ADVANCED_FACE('',(#389),#165,.T.);
#4555=ADVANCED_FACE('',(#390),#166,.T.);
#4556=ADVANCED_FACE('',(#391),#167,.T.);
#4557=ADVANCED_FACE('',(#392),#168,.F.);
#4558=ADVANCED_FACE('',(#393),#169,.F.);
#4559=ADVANCED_FACE('',(#394),#170,.F.);
#4560=ADVANCED_FACE('',(#395),#171,.F.);
#4561=ADVANCED_FACE('',(#396),#172,.T.);
#4562=ADVANCED_FACE('',(#397),#173,.T.);
#4563=ADVANCED_FACE('',(#398),#174,.T.);
#4564=ADVANCED_FACE('',(#399),#175,.F.);
#4565=ADVANCED_FACE('',(#400),#176,.T.);
#4566=ADVANCED_FACE('',(#401),#177,.F.);
#4567=ADVANCED_FACE('',(#402),#178,.F.);
#4568=ADVANCED_FACE('',(#403),#179,.F.);
#4569=ADVANCED_FACE('',(#404),#180,.F.);
#4570=ADVANCED_FACE('',(#405),#181,.T.);
#4571=ADVANCED_FACE('',(#406),#182,.F.);
#4572=ADVANCED_FACE('',(#407),#183,.F.);
#4573=ADVANCED_FACE('',(#408),#184,.F.);
#4574=ADVANCED_FACE('',(#409),#185,.T.);
#4575=ADVANCED_FACE('',(#410),#186,.F.);
#4576=ADVANCED_FACE('',(#411),#187,.F.);
#4577=ADVANCED_FACE('',(#412,#37,#38),#4400,.F.);
#4578=ADVANCED_FACE('',(#413),#188,.F.);
#4579=ADVANCED_FACE('',(#414),#189,.F.);
#4580=ADVANCED_FACE('',(#415),#190,.T.);
#4581=ADVANCED_FACE('',(#416),#191,.F.);
#4582=ADVANCED_FACE('',(#417),#192,.F.);
#4583=ADVANCED_FACE('',(#418),#193,.F.);
#4584=ADVANCED_FACE('',(#419),#194,.T.);
#4585=ADVANCED_FACE('',(#420),#195,.F.);
#4586=ADVANCED_FACE('',(#421),#196,.F.);
#4587=ADVANCED_FACE('',(#422),#197,.F.);
#4588=ADVANCED_FACE('',(#423),#198,.T.);
#4589=ADVANCED_FACE('',(#424),#199,.F.);
#4590=ADVANCED_FACE('',(#425),#200,.F.);
#4591=ADVANCED_FACE('',(#426),#201,.F.);
#4592=ADVANCED_FACE('',(#427,#39),#202,.F.);
#4593=ADVANCED_FACE('',(#428,#40),#203,.F.);
#4594=ADVANCED_FACE('',(#429),#204,.F.);
#4595=ADVANCED_FACE('',(#430),#205,.F.);
#4596=ADVANCED_FACE('',(#431),#206,.F.);
#4597=ADVANCED_FACE('',(#432),#207,.F.);
#4598=ADVANCED_FACE('',(#433),#208,.F.);
#4599=ADVANCED_FACE('',(#434),#209,.F.);
#4600=ADVANCED_FACE('',(#435),#210,.F.);
#4601=ADVANCED_FACE('',(#436),#211,.F.);
#4602=ADVANCED_FACE('',(#437),#212,.F.);
#4603=ADVANCED_FACE('',(#438),#213,.F.);
#4604=ADVANCED_FACE('',(#439),#214,.F.);
#4605=ADVANCED_FACE('',(#440),#215,.F.);
#4606=ADVANCED_FACE('',(#441),#216,.F.);
#4607=ADVANCED_FACE('',(#442),#217,.F.);
#4608=ADVANCED_FACE('',(#443),#218,.F.);
#4609=ADVANCED_FACE('',(#444),#219,.F.);
#4610=ADVANCED_FACE('',(#445),#220,.F.);
#4611=ADVANCED_FACE('',(#446),#221,.F.);
#4612=ADVANCED_FACE('',(#447),#222,.F.);
#4613=ADVANCED_FACE('',(#448),#223,.F.);
#4614=ADVANCED_FACE('',(#449),#224,.F.);
#4615=ADVANCED_FACE('',(#450),#225,.F.);
#4616=ADVANCED_FACE('',(#451,#41),#226,.F.);
#4617=ADVANCED_FACE('',(#452),#227,.F.);
#4618=ADVANCED_FACE('',(#453),#228,.F.);
#4619=ADVANCED_FACE('',(#454),#229,.F.);
#4620=ADVANCED_FACE('',(#455),#230,.F.);
#4621=ADVANCED_FACE('',(#456),#231,.F.);
#4622=ADVANCED_FACE('',(#457),#4401,.F.);
#4623=ADVANCED_FACE('',(#458),#232,.F.);
#4624=ADVANCED_FACE('',(#459,#42),#233,.T.);
#4625=ADVANCED_FACE('',(#460),#234,.F.);
#4626=ADVANCED_FACE('',(#461),#235,.F.);
#4627=ADVANCED_FACE('',(#462),#236,.F.);
#4628=ADVANCED_FACE('',(#463,#43,#44,#45,#46,#47),#4402,.T.);
#4629=ADVANCED_FACE('',(#464,#48),#237,.F.);
#4630=CLOSED_SHELL('',(#4403,#4404,#4405,#4406,#4407,#4408,#4409,#4410,
#4411,#4412,#4413,#4414,#4415,#4416,#4417,#4418,#4419,#4420,#4421,#4422,
#4423,#4424,#4425,#4426,#4427,#4428,#4429,#4430,#4431,#4432,#4433,#4434,
#4435,#4436,#4437,#4438,#4439,#4440,#4441,#4442,#4443,#4444,#4445,#4446,
#4447,#4448,#4449,#4450,#4451,#4452,#4453,#4454,#4455,#4456,#4457,#4458,
#4459,#4460,#4461,#4462,#4463,#4464,#4465,#4466,#4467,#4468,#4469,#4470,
#4471,#4472,#4473,#4474,#4475,#4476,#4477,#4478,#4479,#4480,#4481,#4482,
#4483,#4484,#4485,#4486,#4487,#4488,#4489,#4490,#4491,#4492,#4493,#4494,
#4495,#4496,#4497,#4498,#4499,#4500,#4501,#4502,#4503,#4504,#4505,#4506,
#4507,#4508,#4509,#4510,#4511,#4512,#4513,#4514,#4515,#4516,#4517,#4518,
#4519,#4520,#4521,#4522,#4523,#4524,#4525,#4526,#4527,#4528,#4529,#4530,
#4531,#4532,#4533,#4534,#4535,#4536,#4537,#4538,#4539,#4540,#4541,#4542,
#4543,#4544,#4545,#4546,#4547,#4548,#4549,#4550,#4551,#4552,#4553,#4554,
#4555,#4556,#4557,#4558,#4559,#4560,#4561,#4562,#4563,#4564,#4565,#4566,
#4567,#4568,#4569,#4570,#4571,#4572,#4573,#4574,#4575,#4576,#4577,#4578,
#4579,#4580,#4581,#4582,#4583,#4584,#4585,#4586,#4587,#4588,#4589,#4590,
#4591,#4592,#4593,#4594,#4595,#4596,#4597,#4598,#4599,#4600,#4601,#4602,
#4603,#4604,#4605,#4606,#4607,#4608,#4609,#4610,#4611,#4612,#4613,#4614,
#4615,#4616,#4617,#4618,#4619,#4620,#4621,#4622,#4623,#4624,#4625,#4626,
#4627,#4628,#4629));
#4631=AXIS2_PLACEMENT_3D('',#6056,#4926,#4927);
#4632=AXIS2_PLACEMENT_3D('',#6057,#4928,#4929);
#4633=AXIS2_PLACEMENT_3D('',#6069,#4931,#4932);
#4634=AXIS2_PLACEMENT_3D('',#6075,#4933,#4934);
#4635=AXIS2_PLACEMENT_3D('',#6109,#4936,#4937);
#4636=AXIS2_PLACEMENT_3D('',#6144,#4939,#4940);
#4637=AXIS2_PLACEMENT_3D('',#6179,#4942,#4943);
#4638=AXIS2_PLACEMENT_3D('',#6213,#4945,#4946);
#4639=AXIS2_PLACEMENT_3D('',#6247,#4948,#4949);
#4640=AXIS2_PLACEMENT_3D('',#6280,#4951,#4952);
#4641=AXIS2_PLACEMENT_3D('',#6310,#4954,#4955);
#4642=AXIS2_PLACEMENT_3D('',#6344,#4957,#4958);
#4643=AXIS2_PLACEMENT_3D('',#6380,#4960,#4961);
#4644=AXIS2_PLACEMENT_3D('',#6408,#4963,#4964);
#4645=AXIS2_PLACEMENT_3D('',#6414,#4965,#4966);
#4646=AXIS2_PLACEMENT_3D('',#6472,#4968,#4969);
#4647=AXIS2_PLACEMENT_3D('',#6533,#4971,#4972);
#4648=AXIS2_PLACEMENT_3D('',#6591,#4974,#4975);
#4649=AXIS2_PLACEMENT_3D('',#6645,#4977,#4978);
#4650=AXIS2_PLACEMENT_3D('',#6706,#4980,#4981);
#4651=AXIS2_PLACEMENT_3D('',#6764,#4983,#4984);
#4652=AXIS2_PLACEMENT_3D('',#6824,#4986,#4987);
#4653=AXIS2_PLACEMENT_3D('',#6882,#4989,#4990);
#4654=AXIS2_PLACEMENT_3D('',#6940,#4992,#4993);
#4655=AXIS2_PLACEMENT_3D('',#6949,#4998,#4999);
#4656=AXIS2_PLACEMENT_3D('',#6957,#5004,#5005);
#4657=AXIS2_PLACEMENT_3D('',#6963,#5009,#5010);
#4658=AXIS2_PLACEMENT_3D('',#6971,#5015,#5016);
#4659=AXIS2_PLACEMENT_3D('',#6977,#5020,#5021);
#4660=AXIS2_PLACEMENT_3D('',#6983,#5025,#5026);
#4661=AXIS2_PLACEMENT_3D('',#6989,#5030,#5031);
#4662=AXIS2_PLACEMENT_3D('',#7009,#5042,#5043);
#4663=AXIS2_PLACEMENT_3D('',#7018,#5048,#5049);
#4664=AXIS2_PLACEMENT_3D('',#7026,#5054,#5055);
#4665=AXIS2_PLACEMENT_3D('',#7032,#5059,#5060);
#4666=AXIS2_PLACEMENT_3D('',#7040,#5065,#5066);
#4667=AXIS2_PLACEMENT_3D('',#7043,#5069,#5070);
#4668=AXIS2_PLACEMENT_3D('',#7047,#5073,#5074);
#4669=AXIS2_PLACEMENT_3D('',#7055,#5079,#5080);
#4670=AXIS2_PLACEMENT_3D('',#7061,#5084,#5085);
#4671=AXIS2_PLACEMENT_3D('',#7063,#5087,#5088);
#4672=AXIS2_PLACEMENT_3D('',#7072,#5093,#5094);
#4673=AXIS2_PLACEMENT_3D('',#7080,#5099,#5100);
#4674=AXIS2_PLACEMENT_3D('',#7086,#5104,#5105);
#4675=AXIS2_PLACEMENT_3D('',#7094,#5110,#5111);
#4676=AXIS2_PLACEMENT_3D('',#7100,#5115,#5116);
#4677=AXIS2_PLACEMENT_3D('',#7106,#5120,#5121);
#4678=AXIS2_PLACEMENT_3D('',#7114,#5126,#5127);
#4679=AXIS2_PLACEMENT_3D('',#7118,#5130,#5131);
#4680=AXIS2_PLACEMENT_3D('',#7136,#5141,#5142);
#4681=AXIS2_PLACEMENT_3D('',#7142,#5146,#5147);
#4682=AXIS2_PLACEMENT_3D('',#7150,#5152,#5153);
#4683=AXIS2_PLACEMENT_3D('',#7156,#5157,#5158);
#4684=AXIS2_PLACEMENT_3D('',#7164,#5163,#5164);
#4685=AXIS2_PLACEMENT_3D('',#7170,#5168,#5169);
#4686=AXIS2_PLACEMENT_3D('',#7174,#5172,#5173);
#4687=AXIS2_PLACEMENT_3D('',#7180,#5177,#5178);
#4688=AXIS2_PLACEMENT_3D('',#7189,#5183,#5184);
#4689=AXIS2_PLACEMENT_3D('',#7198,#5188,#5189);
#4690=AXIS2_PLACEMENT_3D('',#7203,#5193,#5194);
#4691=AXIS2_PLACEMENT_3D('',#7209,#5198,#5199);
#4692=AXIS2_PLACEMENT_3D('',#7213,#5202,#5203);
#4693=AXIS2_PLACEMENT_3D('',#7220,#5207,#5208);
#4694=AXIS2_PLACEMENT_3D('',#7222,#5210,#5211);
#4695=AXIS2_PLACEMENT_3D('',#7224,#5213,#5214);
#4696=AXIS2_PLACEMENT_3D('',#7256,#5231,#5232);
#4697=AXIS2_PLACEMENT_3D('',#7260,#5235,#5236);
#4698=AXIS2_PLACEMENT_3D('',#7264,#5239,#5240);
#4699=AXIS2_PLACEMENT_3D('',#7273,#5245,#5246);
#4700=AXIS2_PLACEMENT_3D('',#7282,#5251,#5252);
#4701=AXIS2_PLACEMENT_3D('',#7291,#5257,#5258);
#4702=AXIS2_PLACEMENT_3D('',#7326,#5277,#5278);
#4703=AXIS2_PLACEMENT_3D('',#7332,#5282,#5283);
#4704=AXIS2_PLACEMENT_3D('',#7341,#5288,#5289);
#4705=AXIS2_PLACEMENT_3D('',#7347,#5293,#5294);
#4706=AXIS2_PLACEMENT_3D('',#7357,#5302,#5303);
#4707=AXIS2_PLACEMENT_3D('',#7360,#5304,#5305);
#4708=AXIS2_PLACEMENT_3D('',#7362,#5306,#5307);
#4709=AXIS2_PLACEMENT_3D('',#7364,#5309,#5310);
#4710=AXIS2_PLACEMENT_3D('',#7366,#5311,#5312);
#4711=AXIS2_PLACEMENT_3D('',#7369,#5314,#5315);
#4712=AXIS2_PLACEMENT_3D('',#7370,#5316,#5317);
#4713=AXIS2_PLACEMENT_3D('',#7372,#5318,#5319);
#4714=AXIS2_PLACEMENT_3D('',#7373,#5320,#5321);
#4715=AXIS2_PLACEMENT_3D('',#7374,#5322,#5323);
#4716=AXIS2_PLACEMENT_3D('',#7375,#5324,#5325);
#4717=AXIS2_PLACEMENT_3D('',#7376,#5326,#5327);
#4718=AXIS2_PLACEMENT_3D('',#7378,#5329,#5330);
#4719=AXIS2_PLACEMENT_3D('',#7380,#5331,#5332);
#4720=AXIS2_PLACEMENT_3D('',#7381,#5333,#5334);
#4721=AXIS2_PLACEMENT_3D('',#7384,#5336,#5337);
#4722=AXIS2_PLACEMENT_3D('',#7385,#5338,#5339);
#4723=AXIS2_PLACEMENT_3D('',#7387,#5340,#5341);
#4724=AXIS2_PLACEMENT_3D('',#7390,#5343,#5344);
#4725=AXIS2_PLACEMENT_3D('',#7391,#5345,#5346);
#4726=AXIS2_PLACEMENT_3D('',#7392,#5347,#5348);
#4727=AXIS2_PLACEMENT_3D('',#7394,#5349,#5350);
#4728=AXIS2_PLACEMENT_3D('',#7397,#5352,#5353);
#4729=AXIS2_PLACEMENT_3D('',#7398,#5354,#5355);
#4730=AXIS2_PLACEMENT_3D('',#7399,#5356,#5357);
#4731=AXIS2_PLACEMENT_3D('',#7402,#5358,#5359);
#4732=AXIS2_PLACEMENT_3D('',#7406,#5363,#5364);
#4733=AXIS2_PLACEMENT_3D('',#7410,#5367,#5368);
#4734=AXIS2_PLACEMENT_3D('',#7414,#5371,#5372);
#4735=AXIS2_PLACEMENT_3D('',#7415,#5373,#5374);
#4736=AXIS2_PLACEMENT_3D('',#7417,#5376,#5377);
#4737=AXIS2_PLACEMENT_3D('',#7418,#5378,#5379);
#4738=AXIS2_PLACEMENT_3D('',#7421,#5380,#5381);
#4739=AXIS2_PLACEMENT_3D('',#7425,#5385,#5386);
#4740=AXIS2_PLACEMENT_3D('',#7429,#5389,#5390);
#4741=AXIS2_PLACEMENT_3D('',#7433,#5393,#5394);
#4742=AXIS2_PLACEMENT_3D('',#7434,#5395,#5396);
#4743=AXIS2_PLACEMENT_3D('',#7436,#5398,#5399);
#4744=AXIS2_PLACEMENT_3D('',#7437,#5400,#5401);
#4745=AXIS2_PLACEMENT_3D('',#7444,#5405,#5406);
#4746=AXIS2_PLACEMENT_3D('',#7446,#5407,#5408);
#4747=AXIS2_PLACEMENT_3D('',#7451,#5411,#5412);
#4748=AXIS2_PLACEMENT_3D('',#7452,#5413,#5414);
#4749=AXIS2_PLACEMENT_3D('',#7456,#5417,#5418);
#4750=AXIS2_PLACEMENT_3D('',#7459,#5419,#5420);
#4751=AXIS2_PLACEMENT_3D('',#7461,#5422,#5423);
#4752=AXIS2_PLACEMENT_3D('',#7462,#5424,#5425);
#4753=AXIS2_PLACEMENT_3D('',#7463,#5426,#5427);
#4754=AXIS2_PLACEMENT_3D('',#7465,#5428,#5429);
#4755=AXIS2_PLACEMENT_3D('',#7466,#5430,#5431);
#4756=AXIS2_PLACEMENT_3D('',#7469,#5432,#5433);
#4757=AXIS2_PLACEMENT_3D('',#7471,#5434,#5435);
#4758=AXIS2_PLACEMENT_3D('',#7473,#5436,#5437);
#4759=AXIS2_PLACEMENT_3D('',#7475,#5438,#5439);
#4760=AXIS2_PLACEMENT_3D('',#7476,#5440,#5441);
#4761=AXIS2_PLACEMENT_3D('',#7482,#5444,#5445);
#4762=AXIS2_PLACEMENT_3D('',#7485,#5447,#5448);
#4763=AXIS2_PLACEMENT_3D('',#7490,#5450,#5451);
#4764=AXIS2_PLACEMENT_3D('',#7493,#5453,#5454);
#4765=AXIS2_PLACEMENT_3D('',#7494,#5455,#5456);
#4766=AXIS2_PLACEMENT_3D('',#7497,#5457,#5458);
#4767=AXIS2_PLACEMENT_3D('',#7578,#5459,#5460);
#4768=AXIS2_PLACEMENT_3D('',#7673,#5461,#5462);
#4769=AXIS2_PLACEMENT_3D('',#9026,#5463,#5464);
#4770=AXIS2_PLACEMENT_3D('',#9130,#5465,#5466);
#4771=AXIS2_PLACEMENT_3D('',#9132,#5467,#5468);
#4772=AXIS2_PLACEMENT_3D('',#10369,#5469,#5470);
#4773=AXIS2_PLACEMENT_3D('',#10370,#5471,#5472);
#4774=AXIS2_PLACEMENT_3D('',#10373,#5474,#5475);
#4775=AXIS2_PLACEMENT_3D('',#10374,#5476,#5477);
#4776=AXIS2_PLACEMENT_3D('',#10375,#5478,#5479);
#4777=AXIS2_PLACEMENT_3D('',#10376,#5480,#5481);
#4778=AXIS2_PLACEMENT_3D('',#10377,#5482,#5483);
#4779=AXIS2_PLACEMENT_3D('',#10386,#5488,#5489);
#4780=AXIS2_PLACEMENT_3D('',#10388,#5491,#5492);
#4781=AXIS2_PLACEMENT_3D('',#10392,#5495,#5496);
#4782=AXIS2_PLACEMENT_3D('',#10398,#5500,#5501);
#4783=AXIS2_PLACEMENT_3D('',#10404,#5505,#5506);
#4784=AXIS2_PLACEMENT_3D('',#10413,#5511,#5512);
#4785=AXIS2_PLACEMENT_3D('',#10421,#5517,#5518);
#4786=AXIS2_PLACEMENT_3D('',#10429,#5523,#5524);
#4787=AXIS2_PLACEMENT_3D('',#10439,#5530,#5531);
#4788=AXIS2_PLACEMENT_3D('',#10447,#5536,#5537);
#4789=AXIS2_PLACEMENT_3D('',#10455,#5541,#5542);
#4790=AXIS2_PLACEMENT_3D('',#10459,#5545,#5546);
#4791=AXIS2_PLACEMENT_3D('',#10463,#5549,#5550);
#4792=AXIS2_PLACEMENT_3D('',#10467,#5553,#5554);
#4793=AXIS2_PLACEMENT_3D('',#10471,#5557,#5558);
#4794=AXIS2_PLACEMENT_3D('',#10479,#5562,#5563);
#4795=AXIS2_PLACEMENT_3D('',#10483,#5566,#5567);
#4796=AXIS2_PLACEMENT_3D('',#10487,#5570,#5571);
#4797=AXIS2_PLACEMENT_3D('',#10510,#5573,#5574);
#4798=AXIS2_PLACEMENT_3D('',#10529,#5575,#5576);
#4799=AXIS2_PLACEMENT_3D('',#10566,#5578,#5579);
#4800=AXIS2_PLACEMENT_3D('',#10568,#5581,#5582);
#4801=AXIS2_PLACEMENT_3D('',#10570,#5583,#5584);
#4802=AXIS2_PLACEMENT_3D('',#10573,#5586,#5587);
#4803=AXIS2_PLACEMENT_3D('',#10574,#5588,#5589);
#4804=AXIS2_PLACEMENT_3D('',#10576,#5590,#5591);
#4805=AXIS2_PLACEMENT_3D('',#10579,#5593,#5594);
#4806=AXIS2_PLACEMENT_3D('',#10580,#5595,#5596);
#4807=AXIS2_PLACEMENT_3D('',#10584,#5599,#5600);
#4808=AXIS2_PLACEMENT_3D('',#10588,#5603,#5604);
#4809=AXIS2_PLACEMENT_3D('',#10592,#5606,#5607);
#4810=AXIS2_PLACEMENT_3D('',#10598,#5611,#5612);
#4811=AXIS2_PLACEMENT_3D('',#10602,#5614,#5615);
#4812=AXIS2_PLACEMENT_3D('',#10608,#5619,#5620);
#4813=AXIS2_PLACEMENT_3D('',#10614,#5624,#5625);
#4814=AXIS2_PLACEMENT_3D('',#10616,#5627,#5628);
#4815=AXIS2_PLACEMENT_3D('',#10620,#5631,#5632);
#4816=AXIS2_PLACEMENT_3D('',#10624,#5635,#5636);
#4817=AXIS2_PLACEMENT_3D('',#10627,#5639,#5640);
#4818=AXIS2_PLACEMENT_3D('',#10636,#5645,#5646);
#4819=AXIS2_PLACEMENT_3D('',#10645,#5651,#5652);
#4820=AXIS2_PLACEMENT_3D('',#10654,#5657,#5658);
#4821=AXIS2_PLACEMENT_3D('',#10663,#5663,#5664);
#4822=AXIS2_PLACEMENT_3D('',#10666,#5667,#5668);
#4823=AXIS2_PLACEMENT_3D('',#10670,#5671,#5672);
#4824=AXIS2_PLACEMENT_3D('',#10675,#5676,#5677);
#4825=AXIS2_PLACEMENT_3D('',#10678,#5680,#5681);
#4826=AXIS2_PLACEMENT_3D('',#10680,#5683,#5684);
#4827=AXIS2_PLACEMENT_3D('',#10682,#5686,#5687);
#4828=AXIS2_PLACEMENT_3D('',#10747,#5724,#5725);
#4829=AXIS2_PLACEMENT_3D('',#10765,#5736,#5737);
#4830=AXIS2_PLACEMENT_3D('',#10769,#5740,#5741);
#4831=AXIS2_PLACEMENT_3D('',#10773,#5744,#5745);
#4832=AXIS2_PLACEMENT_3D('',#10777,#5748,#5749);
#4833=AXIS2_PLACEMENT_3D('',#10779,#5751,#5752);
#4834=AXIS2_PLACEMENT_3D('',#10785,#5756,#5757);
#4835=AXIS2_PLACEMENT_3D('',#10789,#5760,#5761);
#4836=AXIS2_PLACEMENT_3D('',#10793,#5764,#5765);
#4837=AXIS2_PLACEMENT_3D('',#10797,#5768,#5769);
#4838=AXIS2_PLACEMENT_3D('',#10803,#5773,#5774);
#4839=AXIS2_PLACEMENT_3D('',#10807,#5777,#5778);
#4840=AXIS2_PLACEMENT_3D('',#10811,#5781,#5782);
#4841=AXIS2_PLACEMENT_3D('',#10815,#5785,#5786);
#4842=AXIS2_PLACEMENT_3D('',#10819,#5789,#5790);
#4843=AXIS2_PLACEMENT_3D('',#10821,#5792,#5793);
#4844=AXIS2_PLACEMENT_3D('',#10822,#5794,#5795);
#4845=AXIS2_PLACEMENT_3D('',#10823,#5796,#5797);
#4846=AXIS2_PLACEMENT_3D('',#10824,#5798,#5799);
#4847=AXIS2_PLACEMENT_3D('',#10825,#5800,#5801);
#4848=AXIS2_PLACEMENT_3D('',#10826,#5802,#5803);
#4849=AXIS2_PLACEMENT_3D('',#10827,#5804,#5805);
#4850=AXIS2_PLACEMENT_3D('',#10829,#5807,#5808);
#4851=AXIS2_PLACEMENT_3D('',#10830,#5809,#5810);
#4852=AXIS2_PLACEMENT_3D('',#10831,#5811,#5812);
#4853=AXIS2_PLACEMENT_3D('',#10837,#5816,#5817);
#4854=AXIS2_PLACEMENT_3D('',#10843,#5821,#5822);
#4855=AXIS2_PLACEMENT_3D('',#10845,#5824,#5825);
#4856=AXIS2_PLACEMENT_3D('',#10847,#5827,#5828);
#4857=AXIS2_PLACEMENT_3D('',#10851,#5831,#5832);
#4858=AXIS2_PLACEMENT_3D('',#10855,#5835,#5836);
#4859=AXIS2_PLACEMENT_3D('',#10857,#5838,#5839);
#4860=AXIS2_PLACEMENT_3D('',#10858,#5840,#5841);
#4861=AXIS2_PLACEMENT_3D('',#10862,#5844,#5845);
#4862=AXIS2_PLACEMENT_3D('',#10864,#5847,#5848);
#4863=AXIS2_PLACEMENT_3D('',#10870,#5851,#5852);
#4864=AXIS2_PLACEMENT_3D('',#10874,#5855,#5856);
#4865=AXIS2_PLACEMENT_3D('',#10875,#5857,#5858);
#4866=AXIS2_PLACEMENT_3D('',#10878,#5861,#5862);
#4867=AXIS2_PLACEMENT_3D('',#10879,#5863,#5864);
#4868=AXIS2_PLACEMENT_3D('',#10881,#5866,#5867);
#4869=AXIS2_PLACEMENT_3D('',#10887,#5871,#5872);
#4870=AXIS2_PLACEMENT_3D('',#10889,#5874,#5875);
#4871=AXIS2_PLACEMENT_3D('',#10891,#5877,#5878);
#4872=AXIS2_PLACEMENT_3D('',#10897,#5882,#5883);
#4873=AXIS2_PLACEMENT_3D('',#10900,#5886,#5887);
#4874=AXIS2_PLACEMENT_3D('',#10903,#5890,#5891);
#4875=AXIS2_PLACEMENT_3D('',#10904,#5892,#5893);
#4876=AXIS2_PLACEMENT_3D('',#10910,#5897,#5898);
#4877=AXIS2_PLACEMENT_3D('',#10913,#5901,#5902);
#4878=AXIS2_PLACEMENT_3D('',#10916,#5905,#5906);
#4879=AXIS2_PLACEMENT_3D('',#10917,#5907,#5908);
#4880=AXIS2_PLACEMENT_3D('',#10918,#5909,#5910);
#4881=AXIS2_PLACEMENT_3D('',#10919,#5911,#5912);
#4882=AXIS2_PLACEMENT_3D('',#10920,#5913,#5914);
#4883=AXIS2_PLACEMENT_3D('',#10924,#5917,#5918);
#4884=AXIS2_PLACEMENT_3D('',#10926,#5920,#5921);
#4885=AXIS2_PLACEMENT_3D('',#10930,#5923,#5924);
#4886=AXIS2_PLACEMENT_3D('',#10934,#5927,#5928);
#4887=AXIS2_PLACEMENT_3D('',#10938,#5931,#5932);
#4888=AXIS2_PLACEMENT_3D('',#10942,#5935,#5936);
#4889=AXIS2_PLACEMENT_3D('',#10944,#5938,#5939);
#4890=AXIS2_PLACEMENT_3D('',#10948,#5942,#5943);
#4891=AXIS2_PLACEMENT_3D('',#10951,#5945,#5946);
#4892=AXIS2_PLACEMENT_3D('',#10952,#5947,#5948);
#4893=AXIS2_PLACEMENT_3D('',#10958,#5952,#5953);
#4894=AXIS2_PLACEMENT_3D('',#10964,#5957,#5958);
#4895=AXIS2_PLACEMENT_3D('',#10968,#5961,#5962);
#4896=AXIS2_PLACEMENT_3D('',#10972,#5965,#5966);
#4897=AXIS2_PLACEMENT_3D('',#10976,#5969,#5970);
#4898=AXIS2_PLACEMENT_3D('',#10978,#5972,#5973);
#4899=AXIS2_PLACEMENT_3D('',#10982,#5976,#5977);
#4900=AXIS2_PLACEMENT_3D('',#10984,#5979,#5980);
#4901=AXIS2_PLACEMENT_3D('',#10985,#5981,#5982);
#4902=AXIS2_PLACEMENT_3D('',#10988,#5983,#5984);
#4903=AXIS2_PLACEMENT_3D('',#10995,#5988,#5989);
#4904=AXIS2_PLACEMENT_3D('',#10996,#5990,#5991);
#4905=AXIS2_PLACEMENT_3D('',#11002,#5995,#5996);
#4906=AXIS2_PLACEMENT_3D('',#11008,#6000,#6001);
#4907=AXIS2_PLACEMENT_3D('',#11010,#6002,#6003);
#4908=AXIS2_PLACEMENT_3D('',#11012,#6005,#6006);
#4909=AXIS2_PLACEMENT_3D('',#11013,#6007,#6008);
#4910=AXIS2_PLACEMENT_3D('',#11014,#6009,#6010);
#4911=AXIS2_PLACEMENT_3D('',#11018,#6013,#6014);
#4912=AXIS2_PLACEMENT_3D('',#11022,#6017,#6018);
#4913=AXIS2_PLACEMENT_3D('',#11028,#6023,#6024);
#4914=AXIS2_PLACEMENT_3D('',#11029,#6025,#6026);
#4915=AXIS2_PLACEMENT_3D('',#11030,#6027,#6028);
#4916=AXIS2_PLACEMENT_3D('',#11032,#6030,#6031);
#4917=AXIS2_PLACEMENT_3D('',#11036,#6034,#6035);
#4918=AXIS2_PLACEMENT_3D('',#11037,#6036,#6037);
#4919=AXIS2_PLACEMENT_3D('',#11039,#6039,#6040);
#4920=AXIS2_PLACEMENT_3D('',#11041,#6041,#6042);
#4921=AXIS2_PLACEMENT_3D('',#11042,#6043,#6044);
#4922=AXIS2_PLACEMENT_3D('',#11043,#6045,#6046);
#4923=AXIS2_PLACEMENT_3D('',#11045,#6048,#6049);
#4924=AXIS2_PLACEMENT_3D('',#11046,#6050,#6051);
#4925=AXIS2_PLACEMENT_3D('',#11049,#6054,#6055);
#4926=DIRECTION('axis',(0.,0.,1.));
#4927=DIRECTION('refdir',(1.,0.,0.));
#4928=DIRECTION('center_axis',(0.,0.,1.));
#4929=DIRECTION('ref_axis',(1.,0.,0.));
#4930=DIRECTION('',(0.,0.,-1.));
#4931=DIRECTION('center_axis',(0.,0.,1.));
#4932=DIRECTION('ref_axis',(1.,0.,0.));
#4933=DIRECTION('center_axis',(0.,0.,1.));
#4934=DIRECTION('ref_axis',(1.,0.,0.));
#4935=DIRECTION('',(0.,0.,-1.));
#4936=DIRECTION('center_axis',(0.,0.,1.));
#4937=DIRECTION('ref_axis',(1.,0.,0.));
#4938=DIRECTION('',(0.,0.,-1.));
#4939=DIRECTION('center_axis',(0.,0.,1.));
#4940=DIRECTION('ref_axis',(1.,0.,0.));
#4941=DIRECTION('',(0.,0.,-1.));
#4942=DIRECTION('center_axis',(0.,0.,1.));
#4943=DIRECTION('ref_axis',(1.,0.,0.));
#4944=DIRECTION('',(0.,0.,-1.));
#4945=DIRECTION('center_axis',(0.,0.,1.));
#4946=DIRECTION('ref_axis',(1.,0.,0.));
#4947=DIRECTION('',(0.,0.,-1.));
#4948=DIRECTION('center_axis',(0.,0.,1.));
#4949=DIRECTION('ref_axis',(1.,0.,0.));
#4950=DIRECTION('',(0.,0.,-1.));
#4951=DIRECTION('center_axis',(0.,0.,1.));
#4952=DIRECTION('ref_axis',(1.,0.,0.));
#4953=DIRECTION('',(0.,0.,-1.));
#4954=DIRECTION('center_axis',(0.,0.,1.));
#4955=DIRECTION('ref_axis',(1.,0.,0.));
#4956=DIRECTION('',(0.,0.,-1.));
#4957=DIRECTION('center_axis',(0.,0.,1.));
#4958=DIRECTION('ref_axis',(1.,0.,0.));
#4959=DIRECTION('',(0.,0.,-1.));
#4960=DIRECTION('center_axis',(0.,0.,1.));
#4961=DIRECTION('ref_axis',(1.,5.41461973183724E-14,0.));
#4962=DIRECTION('',(0.,0.,1.));
#4963=DIRECTION('center_axis',(0.,0.,1.));
#4964=DIRECTION('ref_axis',(1.,5.41461973183724E-14,0.));
#4965=DIRECTION('center_axis',(0.,0.,1.));
#4966=DIRECTION('ref_axis',(1.,5.41461973183724E-14,0.));
#4967=DIRECTION('',(0.,0.,1.));
#4968=DIRECTION('center_axis',(0.,0.,1.));
#4969=DIRECTION('ref_axis',(1.,5.41461973183724E-14,0.));
#4970=DIRECTION('',(0.,0.,1.));
#4971=DIRECTION('center_axis',(0.,0.,1.));
#4972=DIRECTION('ref_axis',(1.,5.41461973183724E-14,0.));
#4973=DIRECTION('',(0.,0.,1.));
#4974=DIRECTION('center_axis',(0.,0.,1.));
#4975=DIRECTION('ref_axis',(1.,5.41461973183724E-14,0.));
#4976=DIRECTION('',(0.,0.,1.));
#4977=DIRECTION('center_axis',(0.,0.,1.));
#4978=DIRECTION('ref_axis',(1.,5.41461973183724E-14,0.));
#4979=DIRECTION('',(0.,0.,1.));
#4980=DIRECTION('center_axis',(0.,0.,1.));
#4981=DIRECTION('ref_axis',(1.,5.41461973183724E-14,0.));
#4982=DIRECTION('',(0.,0.,1.));
#4983=DIRECTION('center_axis',(0.,0.,1.));
#4984=DIRECTION('ref_axis',(1.,5.41461973183724E-14,0.));
#4985=DIRECTION('',(0.,0.,1.));
#4986=DIRECTION('center_axis',(0.,0.,1.));
#4987=DIRECTION('ref_axis',(1.,5.41461973183724E-14,0.));
#4988=DIRECTION('',(0.,0.,1.));
#4989=DIRECTION('center_axis',(0.,0.,1.));
#4990=DIRECTION('ref_axis',(1.,5.41461973183724E-14,0.));
#4991=DIRECTION('',(0.,0.,1.));
#4992=DIRECTION('center_axis',(1.,0.,0.));
#4993=DIRECTION('ref_axis',(0.,6.37327951349407E-86,1.));
#4994=DIRECTION('',(-6.12323399573677E-17,-8.78799576674576E-35,1.));
#4995=DIRECTION('',(0.,-1.,0.));
#4996=DIRECTION('',(0.,6.37327951349407E-86,1.));
#4997=DIRECTION('',(0.,-1.,-8.78799576674576E-35));
#4998=DIRECTION('center_axis',(0.,0.,-1.));
#4999=DIRECTION('ref_axis',(1.,0.,0.));
#5000=DIRECTION('',(1.,3.16620915683657E-18,0.));
#5001=DIRECTION('',(0.,-1.,0.));
#5002=DIRECTION('',(1.,0.,0.));
#5003=DIRECTION('',(3.16620915683657E-18,-1.,0.));
#5004=DIRECTION('center_axis',(-1.,0.,0.));
#5005=DIRECTION('ref_axis',(0.,0.,-1.));
#5006=DIRECTION('',(0.,-1.0599443780009E-34,-1.));
#5007=DIRECTION('',(0.,-1.,0.));
#5008=DIRECTION('',(0.,0.,-1.));
#5009=DIRECTION('center_axis',(0.,0.,1.));
#5010=DIRECTION('ref_axis',(-1.,-4.24885300899605E-86,0.));
#5011=DIRECTION('',(-1.,-3.16620915683657E-18,0.));
#5012=DIRECTION('',(-3.16620915683657E-18,1.,0.));
#5013=DIRECTION('',(0.,-1.,0.));
#5014=DIRECTION('',(-1.,-4.24885300899605E-86,0.));
#5015=DIRECTION('center_axis',(1.,0.,0.));
#5016=DIRECTION('ref_axis',(0.,6.37327951349407E-86,1.));
#5017=DIRECTION('',(-6.12323399573677E-17,-8.78799576674576E-35,1.));
#5018=DIRECTION('',(0.,1.,8.78799576674576E-35));
#5019=DIRECTION('',(0.,6.37327951349407E-86,1.));
#5020=DIRECTION('center_axis',(0.,-1.,0.));
#5021=DIRECTION('ref_axis',(0.,0.,-1.));
#5022=DIRECTION('',(1.,0.,6.12323399573677E-17));
#5023=DIRECTION('',(-6.12323399573677E-17,0.,1.));
#5024=DIRECTION('',(-1.,0.,-6.12323399573677E-17));
#5025=DIRECTION('center_axis',(-1.,-3.16620915683657E-18,-6.12323399573677E-17));
#5026=DIRECTION('ref_axis',(-6.12323399573677E-17,-8.78799576674576E-35,
1.));
#5027=DIRECTION('',(-6.12323399573677E-17,-8.78799576674576E-35,1.));
#5028=DIRECTION('',(-3.16620915683657E-18,1.,-1.0599443780009E-34));
#5029=DIRECTION('',(-6.12323399573677E-17,-8.78799576674576E-35,1.));
#5030=DIRECTION('center_axis',(6.12323399573677E-17,8.78799576674576E-35,
-1.));
#5031=DIRECTION('ref_axis',(-1.,-3.16620915683657E-18,-6.12323399573677E-17));
#5032=DIRECTION('',(-3.16620915683657E-18,1.,-1.0599443780009E-34));
#5033=DIRECTION('',(-1.,-3.16620915683657E-18,-6.12323399573677E-17));
#5034=DIRECTION('',(-3.16620915683657E-18,1.,-1.0599443780009E-34));
#5035=DIRECTION('',(-1.,-3.16620915683657E-18,-6.12323399573677E-17));
#5036=DIRECTION('',(3.16620915683657E-18,-1.,1.0599443780009E-34));
#5037=DIRECTION('',(-1.,-3.16620915683657E-18,-6.12323399573677E-17));
#5038=DIRECTION('',(-3.16620915683657E-18,1.,-1.0599443780009E-34));
#5039=DIRECTION('',(-1.,0.,-6.12323399573677E-17));
#5040=DIRECTION('',(0.,1.,8.78799576674576E-35));
#5041=DIRECTION('',(1.,1.68377968773675E-16,6.12323399573677E-17));
#5042=DIRECTION('center_axis',(-1.,0.,0.));
#5043=DIRECTION('ref_axis',(0.,0.,-1.));
#5044=DIRECTION('',(-6.12323399573677E-17,-8.78799576674576E-35,1.));
#5045=DIRECTION('',(0.,-1.,0.));
#5046=DIRECTION('',(0.,0.,-1.));
#5047=DIRECTION('',(0.,-1.,-8.78799576674576E-35));
#5048=DIRECTION('center_axis',(0.,0.,1.));
#5049=DIRECTION('ref_axis',(-1.,0.,0.));
#5050=DIRECTION('',(-1.,-3.16620915683657E-18,0.));
#5051=DIRECTION('',(0.,-1.,0.));
#5052=DIRECTION('',(-1.,0.,0.));
#5053=DIRECTION('',(-2.85954370172631E-16,-1.,0.));
#5054=DIRECTION('center_axis',(1.,0.,0.));
#5055=DIRECTION('ref_axis',(0.,0.,1.));
#5056=DIRECTION('',(0.,1.0599443780009E-34,1.));
#5057=DIRECTION('',(0.,-1.,0.));
#5058=DIRECTION('',(0.,0.,1.));
#5059=DIRECTION('center_axis',(0.,0.,-1.));
#5060=DIRECTION('ref_axis',(1.,0.,0.));
#5061=DIRECTION('',(1.,3.16620915683657E-18,0.));
#5062=DIRECTION('',(2.85954370172631E-16,1.,0.));
#5063=DIRECTION('',(0.,-1.,0.));
#5064=DIRECTION('',(1.,0.,0.));
#5065=DIRECTION('center_axis',(-1.,0.,0.));
#5066=DIRECTION('ref_axis',(0.,0.,-1.));
#5067=DIRECTION('',(-6.12323399573677E-17,-8.78799576674576E-35,1.));
#5068=DIRECTION('',(0.,0.,-1.));
#5069=DIRECTION('center_axis',(0.,-1.,0.));
#5070=DIRECTION('ref_axis',(0.,0.,-1.));
#5071=DIRECTION('',(6.12323399573677E-17,0.,-1.));
#5072=DIRECTION('',(1.,0.,6.12323399573677E-17));
#5073=DIRECTION('center_axis',(-6.12323399573677E-17,-8.78799576674576E-35,
1.));
#5074=DIRECTION('ref_axis',(1.,3.16620915683657E-18,6.12323399573677E-17));
#5075=DIRECTION('',(-3.16620915683657E-18,1.,-1.0599443780009E-34));
#5076=DIRECTION('',(1.,3.16620915683657E-18,6.12323399573677E-17));
#5077=DIRECTION('',(-3.16620915683657E-18,1.,-1.0599443780009E-34));
#5078=DIRECTION('',(-1.,-1.68377968773675E-16,-6.12323399573677E-17));
#5079=DIRECTION('center_axis',(1.,-2.85954370172631E-16,6.12323399573677E-17));
#5080=DIRECTION('ref_axis',(2.85954370172631E-16,1.,1.7597535164373E-32));
#5081=DIRECTION('',(6.12323399573677E-17,8.78799576674576E-35,-1.));
#5082=DIRECTION('',(2.85954370172631E-16,1.,0.));
#5083=DIRECTION('',(-6.12323399573677E-17,-8.78799576674576E-35,1.));
#5084=DIRECTION('center_axis',(1.,3.16620915683657E-18,6.12323399573677E-17));
#5085=DIRECTION('ref_axis',(6.12323399573677E-17,8.78799576674576E-35,-1.));
#5086=DIRECTION('',(6.12323399573677E-17,8.78799576674576E-35,-1.));
#5087=DIRECTION('center_axis',(1.,0.,0.));
#5088=DIRECTION('ref_axis',(0.,0.,1.));
#5089=DIRECTION('',(-6.12323399573677E-17,-8.78799576674576E-35,1.));
#5090=DIRECTION('',(0.,-1.,0.));
#5091=DIRECTION('',(0.,0.,1.));
#5092=DIRECTION('',(0.,-1.,-8.78799576674576E-35));
#5093=DIRECTION('center_axis',(0.,0.,-1.));
#5094=DIRECTION('ref_axis',(1.,0.,0.));
#5095=DIRECTION('',(1.,3.16620915683657E-18,0.));
#5096=DIRECTION('',(0.,-1.,0.));
#5097=DIRECTION('',(1.,0.,0.));
#5098=DIRECTION('',(3.16620915683657E-18,-1.,0.));
#5099=DIRECTION('center_axis',(-1.,0.,0.));
#5100=DIRECTION('ref_axis',(0.,0.,-1.));
#5101=DIRECTION('',(0.,-1.0599443780009E-34,-1.));
#5102=DIRECTION('',(0.,-1.,0.));
#5103=DIRECTION('',(0.,0.,-1.));
#5104=DIRECTION('center_axis',(0.,0.,1.));
#5105=DIRECTION('ref_axis',(-1.,0.,0.));
#5106=DIRECTION('',(-1.,-3.16620915683657E-18,0.));
#5107=DIRECTION('',(-3.16620915683657E-18,1.,0.));
#5108=DIRECTION('',(0.,-1.,0.));
#5109=DIRECTION('',(-1.,0.,0.));
#5110=DIRECTION('center_axis',(1.,0.,0.));
#5111=DIRECTION('ref_axis',(0.,0.,1.));
#5112=DIRECTION('',(-6.12323399573677E-17,-8.78799576674576E-35,1.));
#5113=DIRECTION('',(0.,1.,8.78799576674576E-35));
#5114=DIRECTION('',(0.,0.,1.));
#5115=DIRECTION('center_axis',(0.,-1.,0.));
#5116=DIRECTION('ref_axis',(0.,0.,-1.));
#5117=DIRECTION('',(1.,0.,6.12323399573677E-17));
#5118=DIRECTION('',(-6.12323399573677E-17,0.,1.));
#5119=DIRECTION('',(-1.,0.,-6.12323399573677E-17));
#5120=DIRECTION('center_axis',(6.12323399573677E-17,8.78799576674576E-35,
-1.));
#5121=DIRECTION('ref_axis',(-1.,-3.16620915683657E-18,-6.12323399573677E-17));
#5122=DIRECTION('',(-3.16620915683657E-18,1.,-1.0599443780009E-34));
#5123=DIRECTION('',(-1.,-3.16620915683657E-18,-6.12323399573677E-17));
#5124=DIRECTION('',(-3.16620915683657E-18,1.,-1.0599443780009E-34));
#5125=DIRECTION('',(1.,1.68377968773675E-16,6.12323399573677E-17));
#5126=DIRECTION('center_axis',(-1.,-3.16620915683657E-18,-6.12323399573677E-17));
#5127=DIRECTION('ref_axis',(-6.12323399573677E-17,-8.78799576674576E-35,
1.));
#5128=DIRECTION('',(-3.16620915683657E-18,1.,-1.0599443780009E-34));
#5129=DIRECTION('',(-6.12323399573677E-17,-8.78799576674576E-35,1.));
#5130=DIRECTION('center_axis',(-6.12323399573677E-17,-8.78799576674576E-35,
1.));
#5131=DIRECTION('ref_axis',(1.,3.16620915683657E-18,6.12323399573677E-17));
#5132=DIRECTION('',(-1.,-1.68377968773675E-16,-6.12323399573677E-17));
#5133=DIRECTION('',(2.43915881013737E-50,-1.,-8.78799576674576E-35));
#5134=DIRECTION('',(1.,0.,6.12323399573677E-17));
#5135=DIRECTION('',(-3.16620915683657E-18,1.,-1.0599443780009E-34));
#5136=DIRECTION('',(1.,3.16620915683657E-18,6.12323399573677E-17));
#5137=DIRECTION('',(-3.16620915683657E-18,1.,-1.0599443780009E-34));
#5138=DIRECTION('',(1.,3.16620915683657E-18,6.12323399573677E-17));
#5139=DIRECTION('',(3.16620915683657E-18,-1.,1.0599443780009E-34));
#5140=DIRECTION('',(1.,3.16620915683657E-18,6.12323399573677E-17));
#5141=DIRECTION('center_axis',(-1.,0.,-2.77555756156288E-16));
#5142=DIRECTION('ref_axis',(2.77555756156288E-16,0.,-1.));
#5143=DIRECTION('',(-6.12323399573677E-17,-8.78799576674576E-35,1.));
#5144=DIRECTION('',(0.,-1.,0.));
#5145=DIRECTION('',(2.77555756156288E-16,0.,-1.));
#5146=DIRECTION('center_axis',(0.,0.,1.));
#5147=DIRECTION('ref_axis',(-1.,2.00457353256915E-50,0.));
#5148=DIRECTION('',(-1.,-3.16620915683657E-18,0.));
#5149=DIRECTION('',(0.,-1.,0.));
#5150=DIRECTION('',(-1.,2.00457353256915E-50,0.));
#5151=DIRECTION('',(-2.85954370172631E-16,-1.,0.));
#5152=DIRECTION('center_axis',(1.,0.,0.));
#5153=DIRECTION('ref_axis',(0.,-3.0068602988537E-50,1.));
#5154=DIRECTION('',(0.,1.0599443780009E-34,1.));
#5155=DIRECTION('',(0.,-1.,0.));
#5156=DIRECTION('',(0.,-3.0068602988537E-50,1.));
#5157=DIRECTION('center_axis',(0.,0.,-1.));
#5158=DIRECTION('ref_axis',(1.,0.,0.));
#5159=DIRECTION('',(1.,3.16620915683657E-18,0.));
#5160=DIRECTION('',(2.85954370172631E-16,1.,0.));
#5161=DIRECTION('',(0.,-1.,0.));
#5162=DIRECTION('',(1.,0.,0.));
#5163=DIRECTION('center_axis',(-1.,0.,-2.77555756156288E-16));
#5164=DIRECTION('ref_axis',(2.77555756156288E-16,0.,-1.));
#5165=DIRECTION('',(-6.12323399573677E-17,-8.78799576674576E-35,1.));
#5166=DIRECTION('',(-2.43915881013737E-50,1.,8.78799576674576E-35));
#5167=DIRECTION('',(2.77555756156288E-16,0.,-1.));
#5168=DIRECTION('center_axis',(0.,-1.,0.));
#5169=DIRECTION('ref_axis',(0.,0.,-1.));
#5170=DIRECTION('',(-1.,0.,-6.12323399573677E-17));
#5171=DIRECTION('',(6.12323399573677E-17,0.,-1.));
#5172=DIRECTION('center_axis',(1.,-2.85954370172631E-16,6.12323399573677E-17));
#5173=DIRECTION('ref_axis',(2.85954370172631E-16,1.,1.7597535164373E-32));
#5174=DIRECTION('',(6.12323399573677E-17,8.78799576674576E-35,-1.));
#5175=DIRECTION('',(-2.85954370172631E-16,-1.,-1.7597535164373E-32));
#5176=DIRECTION('',(-6.12323399573677E-17,-8.78799576674576E-35,1.));
#5177=DIRECTION('center_axis',(0.,1.,0.));
#5178=DIRECTION('ref_axis',(0.,0.,1.));
#5179=DIRECTION('',(0.,0.,1.));
#5180=DIRECTION('',(-1.,0.,0.));
#5181=DIRECTION('',(0.,0.,-1.));
#5182=DIRECTION('',(1.,0.,0.));
#5183=DIRECTION('center_axis',(0.,0.,-1.));
#5184=DIRECTION('ref_axis',(-1.,0.,0.));
#5185=DIRECTION('',(0.,-1.,0.));
#5186=DIRECTION('',(-1.,0.,0.));
#5187=DIRECTION('',(0.,1.,0.));
#5188=DIRECTION('center_axis',(0.,0.,-1.));
#5189=DIRECTION('ref_axis',(1.,0.,0.));
#5190=DIRECTION('',(0.,1.,0.));
#5191=DIRECTION('',(0.,1.,0.));
#5192=DIRECTION('',(1.,0.,0.));
#5193=DIRECTION('center_axis',(-1.,0.,0.));
#5194=DIRECTION('ref_axis',(0.,0.,1.));
#5195=DIRECTION('',(0.,0.,1.));
#5196=DIRECTION('',(0.,0.,1.));
#5197=DIRECTION('',(0.,1.,0.));
#5198=DIRECTION('center_axis',(1.,0.,0.));
#5199=DIRECTION('ref_axis',(0.,0.,-1.));
#5200=DIRECTION('',(0.,0.,-1.));
#5201=DIRECTION('',(0.,1.,0.));
#5202=DIRECTION('center_axis',(0.,0.,1.));
#5203=DIRECTION('ref_axis',(1.,0.,0.));
#5204=DIRECTION('',(0.,1.,0.));
#5205=DIRECTION('',(-1.,0.,0.));
#5206=DIRECTION('',(0.,-1.,0.));
#5207=DIRECTION('center_axis',(0.,0.,1.));
#5208=DIRECTION('ref_axis',(1.,0.,0.));
#5209=DIRECTION('',(1.,0.,0.));
#5210=DIRECTION('center_axis',(0.,1.,0.));
#5211=DIRECTION('ref_axis',(0.,0.,1.));
#5212=DIRECTION('',(0.,0.,-1.));
#5213=DIRECTION('center_axis',(1.,0.,0.));
#5214=DIRECTION('ref_axis',(0.,-1.,0.));
#5215=DIRECTION('',(0.,0.,-1.));
#5216=DIRECTION('',(0.,-1.,0.));
#5217=DIRECTION('',(0.,-1.,0.));
#5218=DIRECTION('',(0.,0.,-1.));
#5219=DIRECTION('',(0.,-1.,0.));
#5220=DIRECTION('',(0.,0.,1.));
#5221=DIRECTION('',(0.,1.,0.));
#5222=DIRECTION('',(6.12323399573677E-17,8.78799576674576E-35,-1.));
#5223=DIRECTION('',(3.16620915683657E-18,-1.,1.0599443780009E-34));
#5224=DIRECTION('',(0.,0.,1.));
#5225=DIRECTION('',(3.16620915683657E-18,-1.,1.0599443780009E-34));
#5226=DIRECTION('',(-6.12323399573677E-17,-8.78799576674576E-35,1.));
#5227=DIRECTION('',(0.,-1.,0.));
#5228=DIRECTION('',(0.,0.,1.));
#5229=DIRECTION('',(0.,1.,0.));
#5230=DIRECTION('',(0.,0.,-1.));
#5231=DIRECTION('center_axis',(0.,-1.,0.));
#5232=DIRECTION('ref_axis',(-1.,0.,0.));
#5233=DIRECTION('',(0.,0.,-1.));
#5234=DIRECTION('',(-1.,0.,0.));
#5235=DIRECTION('center_axis',(0.,-1.,0.));
#5236=DIRECTION('ref_axis',(-1.,0.,0.));
#5237=DIRECTION('',(1.,0.,0.));
#5238=DIRECTION('',(0.,0.,-1.));
#5239=DIRECTION('center_axis',(-1.,0.,0.));
#5240=DIRECTION('ref_axis',(0.,0.,-1.));
#5241=DIRECTION('',(0.,0.,1.));
#5242=DIRECTION('',(0.,-1.,0.));
#5243=DIRECTION('',(0.,0.,-1.));
#5244=DIRECTION('',(0.,-1.,0.));
#5245=DIRECTION('center_axis',(1.,0.,0.));
#5246=DIRECTION('ref_axis',(0.,0.,1.));
#5247=DIRECTION('',(0.,0.,-1.));
#5248=DIRECTION('',(0.,-1.,0.));
#5249=DIRECTION('',(0.,0.,1.));
#5250=DIRECTION('',(0.,-1.,0.));
#5251=DIRECTION('center_axis',(0.,-1.,0.));
#5252=DIRECTION('ref_axis',(0.,0.,-1.));
#5253=DIRECTION('',(0.,0.,1.));
#5254=DIRECTION('',(1.,0.,0.));
#5255=DIRECTION('',(0.,0.,-1.));
#5256=DIRECTION('',(-1.,0.,0.));
#5257=DIRECTION('center_axis',(0.,1.,0.));
#5258=DIRECTION('ref_axis',(1.,0.,0.));
#5259=DIRECTION('',(1.,0.,0.));
#5260=DIRECTION('',(-1.,0.,0.));
#5261=DIRECTION('',(0.,0.,-1.));
#5262=DIRECTION('',(1.,0.,0.));
#5263=DIRECTION('',(0.,0.,-1.));
#5264=DIRECTION('',(-1.,0.,0.));
#5265=DIRECTION('',(0.,0.,-1.));
#5266=DIRECTION('',(1.,0.,0.));
#5267=DIRECTION('',(0.,0.,-1.));
#5268=DIRECTION('',(1.,0.,0.));
#5269=DIRECTION('',(0.,0.,-1.));
#5270=DIRECTION('',(0.,0.,1.));
#5271=DIRECTION('',(1.,0.,0.));
#5272=DIRECTION('',(0.,0.,-1.));
#5273=DIRECTION('',(-1.,0.,0.));
#5274=DIRECTION('',(1.,0.,0.));
#5275=DIRECTION('',(0.,0.,-1.));
#5276=DIRECTION('',(-1.,0.,0.));
#5277=DIRECTION('center_axis',(-1.,0.,0.));
#5278=DIRECTION('ref_axis',(0.,0.,-1.));
#5279=DIRECTION('',(0.,-1.,0.));
#5280=DIRECTION('',(0.,0.,-1.));
#5281=DIRECTION('',(0.,-1.,0.));
#5282=DIRECTION('center_axis',(0.,-1.,0.));
#5283=DIRECTION('ref_axis',(0.,0.,-1.));
#5284=DIRECTION('',(0.,0.,1.));
#5285=DIRECTION('',(1.,0.,0.));
#5286=DIRECTION('',(0.,0.,-1.));
#5287=DIRECTION('',(-1.,0.,0.));
#5288=DIRECTION('center_axis',(1.,0.,0.));
#5289=DIRECTION('ref_axis',(0.,0.,1.));
#5290=DIRECTION('',(0.,-1.,0.));
#5291=DIRECTION('',(0.,0.,1.));
#5292=DIRECTION('',(0.,-1.,0.));
#5293=DIRECTION('center_axis',(-1.,0.,0.));
#5294=DIRECTION('ref_axis',(0.,1.,0.));
#5295=DIRECTION('',(0.,1.,0.));
#5296=DIRECTION('',(0.,1.,0.));
#5297=DIRECTION('',(0.,0.,-1.));
#5298=DIRECTION('',(0.,1.,0.));
#5299=DIRECTION('',(0.,-1.,0.));
#5300=DIRECTION('',(0.,1.,0.));
#5301=DIRECTION('',(0.,-1.,0.));
#5302=DIRECTION('center_axis',(0.,0.,1.));
#5303=DIRECTION('ref_axis',(1.,0.,0.));
#5304=DIRECTION('center_axis',(0.,0.,-1.));
#5305=DIRECTION('ref_axis',(1.,0.,0.));
#5306=DIRECTION('center_axis',(0.,0.,-1.));
#5307=DIRECTION('ref_axis',(-1.,0.,0.));
#5308=DIRECTION('',(0.,1.,0.));
#5309=DIRECTION('center_axis',(0.,0.,-1.));
#5310=DIRECTION('ref_axis',(-1.,0.,0.));
#5311=DIRECTION('center_axis',(0.,0.,-1.));
#5312=DIRECTION('ref_axis',(-1.,0.,0.));
#5313=DIRECTION('',(0.,0.,-1.));
#5314=DIRECTION('center_axis',(0.,0.,-1.));
#5315=DIRECTION('ref_axis',(-1.,0.,0.));
#5316=DIRECTION('center_axis',(0.,0.,1.));
#5317=DIRECTION('ref_axis',(-1.,0.,0.));
#5318=DIRECTION('center_axis',(0.,0.,1.));
#5319=DIRECTION('ref_axis',(-1.,0.,0.));
#5320=DIRECTION('center_axis',(0.,0.,-1.));
#5321=DIRECTION('ref_axis',(-1.,0.,0.));
#5322=DIRECTION('center_axis',(0.,0.,1.));
#5323=DIRECTION('ref_axis',(1.,0.,0.));
#5324=DIRECTION('center_axis',(0.,0.,-1.));
#5325=DIRECTION('ref_axis',(1.,0.,0.));
#5326=DIRECTION('center_axis',(0.,0.,1.));
#5327=DIRECTION('ref_axis',(-1.,0.,0.));
#5328=DIRECTION('',(0.,1.,0.));
#5329=DIRECTION('center_axis',(0.,0.,1.));
#5330=DIRECTION('ref_axis',(-1.,0.,0.));
#5331=DIRECTION('center_axis',(0.,0.,-1.));
#5332=DIRECTION('ref_axis',(1.,0.,0.));
#5333=DIRECTION('center_axis',(0.,0.,-1.));
#5334=DIRECTION('ref_axis',(1.,0.,0.));
#5335=DIRECTION('',(0.,-1.,0.));
#5336=DIRECTION('center_axis',(0.,0.,-1.));
#5337=DIRECTION('ref_axis',(1.,0.,0.));
#5338=DIRECTION('center_axis',(0.,0.,-1.));
#5339=DIRECTION('ref_axis',(-1.,0.,0.));
#5340=DIRECTION('center_axis',(0.,0.,-1.));
#5341=DIRECTION('ref_axis',(-1.,0.,0.));
#5342=DIRECTION('',(0.,0.,-1.));
#5343=DIRECTION('center_axis',(0.,0.,-1.));
#5344=DIRECTION('ref_axis',(-1.,0.,0.));
#5345=DIRECTION('center_axis',(0.,0.,1.));
#5346=DIRECTION('ref_axis',(-1.,0.,0.));
#5347=DIRECTION('center_axis',(0.,0.,1.));
#5348=DIRECTION('ref_axis',(-1.,0.,0.));
#5349=DIRECTION('center_axis',(0.,0.,1.));
#5350=DIRECTION('ref_axis',(-1.,0.,0.));
#5351=DIRECTION('',(0.,0.,-1.));
#5352=DIRECTION('center_axis',(0.,0.,-1.));
#5353=DIRECTION('ref_axis',(-1.,0.,0.));
#5354=DIRECTION('center_axis',(0.,0.,1.));
#5355=DIRECTION('ref_axis',(-1.,0.,0.));
#5356=DIRECTION('center_axis',(0.,0.,1.));
#5357=DIRECTION('ref_axis',(-1.,0.,0.));
#5358=DIRECTION('center_axis',(0.,0.,1.));
#5359=DIRECTION('ref_axis',(1.,0.,0.));
#5360=DIRECTION('',(0.,-1.,0.));
#5361=DIRECTION('',(-1.,0.,0.));
#5362=DIRECTION('',(0.,-1.,0.));
#5363=DIRECTION('center_axis',(-1.,0.,0.));
#5364=DIRECTION('ref_axis',(0.,0.,-1.));
#5365=DIRECTION('',(0.,0.,-1.));
#5366=DIRECTION('',(0.,-1.,0.));
#5367=DIRECTION('center_axis',(1.,0.,0.));
#5368=DIRECTION('ref_axis',(0.,0.,1.));
#5369=DIRECTION('',(0.,0.,1.));
#5370=DIRECTION('',(0.,-1.,0.));
#5371=DIRECTION('center_axis',(0.,0.,-1.));
#5372=DIRECTION('ref_axis',(1.,0.,0.));
#5373=DIRECTION('center_axis',(0.,0.,-1.));
#5374=DIRECTION('ref_axis',(1.,0.,0.));
#5375=DIRECTION('',(1.,0.,0.));
#5376=DIRECTION('center_axis',(0.,-1.,0.));
#5377=DIRECTION('ref_axis',(0.,0.,-1.));
#5378=DIRECTION('center_axis',(0.,0.,1.));
#5379=DIRECTION('ref_axis',(-1.,0.,0.));
#5380=DIRECTION('center_axis',(0.,0.,1.));
#5381=DIRECTION('ref_axis',(1.,0.,0.));
#5382=DIRECTION('',(0.,-1.,0.));
#5383=DIRECTION('',(-1.,0.,0.));
#5384=DIRECTION('',(0.,-1.,0.));
#5385=DIRECTION('center_axis',(-1.,0.,0.));
#5386=DIRECTION('ref_axis',(0.,0.,-1.));
#5387=DIRECTION('',(0.,0.,-1.));
#5388=DIRECTION('',(0.,-1.,0.));
#5389=DIRECTION('center_axis',(1.,0.,0.));
#5390=DIRECTION('ref_axis',(0.,0.,1.));
#5391=DIRECTION('',(0.,0.,1.));
#5392=DIRECTION('',(0.,-1.,0.));
#5393=DIRECTION('center_axis',(0.,0.,-1.));
#5394=DIRECTION('ref_axis',(1.,0.,0.));
#5395=DIRECTION('center_axis',(0.,0.,-1.));
#5396=DIRECTION('ref_axis',(1.,0.,0.));
#5397=DIRECTION('',(1.,0.,0.));
#5398=DIRECTION('center_axis',(0.,-1.,0.));
#5399=DIRECTION('ref_axis',(0.,0.,-1.));
#5400=DIRECTION('center_axis',(-1.,0.,0.));
#5401=DIRECTION('ref_axis',(0.,-0.342020143325668,0.939692620785909));
#5402=DIRECTION('',(0.,0.,-1.));
#5403=DIRECTION('',(0.,0.939692620785909,0.342020143325669));
#5404=DIRECTION('',(0.,0.342020143325668,-0.939692620785909));
#5405=DIRECTION('center_axis',(0.,-0.342020143325669,0.939692620785909));
#5406=DIRECTION('ref_axis',(1.,0.,0.));
#5407=DIRECTION('center_axis',(0.,-0.342020143325669,0.939692620785909));
#5408=DIRECTION('ref_axis',(0.,0.939692620785908,0.342020143325669));
#5409=DIRECTION('',(0.,0.939692620785909,0.342020143325669));
#5410=DIRECTION('',(-1.,0.,0.));
#5411=DIRECTION('center_axis',(0.,0.342020143325669,-0.939692620785909));
#5412=DIRECTION('ref_axis',(0.,0.939692620785908,0.342020143325668));
#5413=DIRECTION('center_axis',(1.,3.03774910404603E-17,-8.34614706933497E-17));
#5414=DIRECTION('ref_axis',(-8.88178419700125E-17,0.342020143325668,-0.939692620785909));
#5415=DIRECTION('',(0.,0.,1.));
#5416=DIRECTION('',(8.88178419700125E-17,-0.342020143325668,0.939692620785909));
#5417=DIRECTION('center_axis',(0.,0.342020143325669,-0.939692620785909));
#5418=DIRECTION('ref_axis',(-1.,0.,0.));
#5419=DIRECTION('center_axis',(0.,0.342020143325669,-0.939692620785909));
#5420=DIRECTION('ref_axis',(0.,0.939692620785908,0.342020143325669));
#5421=DIRECTION('',(-1.,0.,0.));
#5422=DIRECTION('center_axis',(0.,0.939692620785909,0.342020143325668));
#5423=DIRECTION('ref_axis',(1.,0.,0.));
#5424=DIRECTION('center_axis',(0.,-0.939692620785909,-0.342020143325668));
#5425=DIRECTION('ref_axis',(0.,0.342020143325668,-0.939692620785909));
#5426=DIRECTION('center_axis',(0.,-0.939692620785909,-0.342020143325668));
#5427=DIRECTION('ref_axis',(0.,0.342020143325668,-0.939692620785909));
#5428=DIRECTION('center_axis',(0.,0.939692620785909,0.342020143325668));
#5429=DIRECTION('ref_axis',(0.,0.342020143325668,-0.939692620785908));
#5430=DIRECTION('center_axis',(0.,0.,1.));
#5431=DIRECTION('ref_axis',(1.,0.,0.));
#5432=DIRECTION('center_axis',(0.,0.,1.));
#5433=DIRECTION('ref_axis',(1.,0.,0.));
#5434=DIRECTION('center_axis',(0.,0.,1.));
#5435=DIRECTION('ref_axis',(1.,0.,0.));
#5436=DIRECTION('center_axis',(0.,0.,1.));
#5437=DIRECTION('ref_axis',(1.,0.,0.));
#5438=DIRECTION('center_axis',(0.,0.,1.));
#5439=DIRECTION('ref_axis',(1.,0.,0.));
#5440=DIRECTION('center_axis',(0.,0.,1.));
#5441=DIRECTION('ref_axis',(1.,0.,0.));
#5442=DIRECTION('',(0.,0.,1.));
#5443=DIRECTION('',(0.,0.,-1.));
#5444=DIRECTION('center_axis',(0.,0.,1.));
#5445=DIRECTION('ref_axis',(1.,0.,0.));
#5446=DIRECTION('',(0.,0.,1.));
#5447=DIRECTION('center_axis',(0.,0.,-1.));
#5448=DIRECTION('ref_axis',(1.,0.,0.));
#5449=DIRECTION('',(0.,0.,1.));
#5450=DIRECTION('center_axis',(0.,0.,-1.));
#5451=DIRECTION('ref_axis',(1.,0.,0.));
#5452=DIRECTION('',(0.,0.,-1.));
#5453=DIRECTION('center_axis',(0.,0.,1.));
#5454=DIRECTION('ref_axis',(1.,0.,0.));
#5455=DIRECTION('center_axis',(0.,0.,1.));
#5456=DIRECTION('ref_axis',(1.,0.,0.));
#5457=DIRECTION('center_axis',(0.,0.,1.));
#5458=DIRECTION('ref_axis',(1.,0.,0.));
#5459=DIRECTION('center_axis',(0.,0.,-1.));
#5460=DIRECTION('ref_axis',(1.,0.,0.));
#5461=DIRECTION('center_axis',(0.,0.,1.));
#5462=DIRECTION('ref_axis',(1.,0.,0.));
#5463=DIRECTION('center_axis',(0.,0.,-1.));
#5464=DIRECTION('ref_axis',(1.,0.,0.));
#5465=DIRECTION('center_axis',(0.,0.,-1.));
#5466=DIRECTION('ref_axis',(1.,5.41461973183724E-14,0.));
#5467=DIRECTION('center_axis',(0.,0.,1.));
#5468=DIRECTION('ref_axis',(1.,0.,0.));
#5469=DIRECTION('center_axis',(0.,0.,1.));
#5470=DIRECTION('ref_axis',(0.888981238586912,0.457943618189489,0.));
#5471=DIRECTION('center_axis',(0.,0.,-1.));
#5472=DIRECTION('ref_axis',(1.,0.,0.));
#5473=DIRECTION('',(0.,0.,1.));
#5474=DIRECTION('center_axis',(0.,0.,-1.));
#5475=DIRECTION('ref_axis',(1.,0.,0.));
#5476=DIRECTION('center_axis',(0.,0.,1.));
#5477=DIRECTION('ref_axis',(1.,0.,0.));
#5478=DIRECTION('center_axis',(0.,0.,1.));
#5479=DIRECTION('ref_axis',(1.,0.,0.));
#5480=DIRECTION('center_axis',(0.,0.,1.));
#5481=DIRECTION('ref_axis',(1.,0.,0.));
#5482=DIRECTION('center_axis',(6.12323399573677E-17,8.78799576674576E-35,
-1.));
#5483=DIRECTION('ref_axis',(-1.,-3.16620915683657E-18,-6.12323399573677E-17));
#5484=DIRECTION('',(-1.,0.,0.));
#5485=DIRECTION('',(0.,-1.,0.));
#5486=DIRECTION('',(-1.,-3.16620915683657E-18,-6.12323399573677E-17));
#5487=DIRECTION('',(3.16620915683657E-18,-1.,1.0599443780009E-34));
#5488=DIRECTION('center_axis',(6.12323399573677E-17,8.78799576674576E-35,
-1.));
#5489=DIRECTION('ref_axis',(-1.,-3.16620915683657E-18,-6.12323399573677E-17));
#5490=DIRECTION('',(3.16620915683657E-18,-1.,1.0599443780009E-34));
#5491=DIRECTION('center_axis',(6.12323399573677E-17,8.78799576674576E-35,
-1.));
#5492=DIRECTION('ref_axis',(-1.,-3.16620915683657E-18,-6.12323399573677E-17));
#5493=DIRECTION('',(2.85954370172631E-16,1.,1.7597535164373E-32));
#5494=DIRECTION('',(1.,1.68377968773675E-16,6.12323399573677E-17));
#5495=DIRECTION('center_axis',(6.12323399573677E-17,8.78799576674576E-35,
-1.));
#5496=DIRECTION('ref_axis',(-1.,-3.16620915683657E-18,-6.12323399573677E-17));
#5497=DIRECTION('',(-1.,0.,0.));
#5498=DIRECTION('',(3.16620915683657E-18,-1.,1.0599443780009E-34));
#5499=DIRECTION('',(-1.,-3.16620915683657E-18,-6.12323399573677E-17));
#5500=DIRECTION('center_axis',(-6.12323399573677E-17,-8.78799576674576E-35,
1.));
#5501=DIRECTION('ref_axis',(1.,3.16620915683657E-18,6.12323399573677E-17));
#5502=DIRECTION('',(1.,3.16620915683657E-18,6.12323399573677E-17));
#5503=DIRECTION('',(3.16620915683657E-18,-1.,1.0599443780009E-34));
#5504=DIRECTION('',(1.,0.,0.));
#5505=DIRECTION('center_axis',(-6.12323399573677E-17,-8.78799576674576E-35,
1.));
#5506=DIRECTION('ref_axis',(1.,3.16620915683657E-18,6.12323399573677E-17));
#5507=DIRECTION('',(0.,1.,0.));
#5508=DIRECTION('',(1.,0.,0.));
#5509=DIRECTION('',(3.16620915683657E-18,-1.,1.0599443780009E-34));
#5510=DIRECTION('',(1.,3.16620915683657E-18,6.12323399573677E-17));
#5511=DIRECTION('center_axis',(-3.16620915683657E-18,1.,-1.0599443780009E-34));
#5512=DIRECTION('ref_axis',(-6.12323399573677E-17,-8.78799576674576E-35,
1.));
#5513=DIRECTION('',(6.12323399573677E-17,8.78799576674576E-35,-1.));
#5514=DIRECTION('',(-1.,-3.16620915683657E-18,0.));
#5515=DIRECTION('',(-6.12323399573677E-17,-8.78799576674576E-35,1.));
#5516=DIRECTION('',(1.,3.16620915683657E-18,6.12323399573677E-17));
#5517=DIRECTION('center_axis',(-3.16620915683657E-18,1.,-1.0599443780009E-34));
#5518=DIRECTION('ref_axis',(-6.12323399573677E-17,-8.78799576674576E-35,
1.));
#5519=DIRECTION('',(6.12323399573677E-17,8.78799576674576E-35,-1.));
#5520=DIRECTION('',(-1.,-3.16620915683657E-18,-6.12323399573677E-17));
#5521=DIRECTION('',(-6.12323399573677E-17,-8.78799576674576E-35,1.));
#5522=DIRECTION('',(1.,3.16620915683657E-18,0.));
#5523=DIRECTION('center_axis',(-3.16620915683657E-18,1.,-1.0599443780009E-34));
#5524=DIRECTION('ref_axis',(-6.12323399573677E-17,-8.78799576674576E-35,
1.));
#5525=DIRECTION('',(-6.12323399573677E-17,-8.78799576674576E-35,1.));
#5526=DIRECTION('',(1.,3.16620915683657E-18,6.12323399573677E-17));
#5527=DIRECTION('',(6.12323399573677E-17,8.78799576674576E-35,-1.));
#5528=DIRECTION('',(-1.,-3.16620915683657E-18,0.));
#5529=DIRECTION('',(-6.12323399573677E-17,-8.78799576674576E-35,1.));
#5530=DIRECTION('center_axis',(-3.16620915683657E-18,1.,-1.0599443780009E-34));
#5531=DIRECTION('ref_axis',(-6.12323399573677E-17,-8.78799576674576E-35,
1.));
#5532=DIRECTION('',(-6.12323399573677E-17,-8.78799576674576E-35,1.));
#5533=DIRECTION('',(1.,3.16620915683657E-18,0.));
#5534=DIRECTION('',(6.12323399573677E-17,8.78799576674576E-35,-1.));
#5535=DIRECTION('',(-1.,-3.16620915683657E-18,-6.12323399573677E-17));
#5536=DIRECTION('center_axis',(6.12323399573677E-17,8.78799576674576E-35,
-1.));
#5537=DIRECTION('ref_axis',(-1.,-3.16620915683657E-18,-6.12323399573677E-17));
#5538=DIRECTION('',(-0.316227766016838,-0.948683298050514,-1.93633660727019E-17));
#5539=DIRECTION('',(0.,1.,8.78799576674576E-35));
#5540=DIRECTION('',(-1.,-3.16620915683657E-18,-6.12323399573677E-17));
#5541=DIRECTION('center_axis',(-6.12323399573677E-17,-8.78799576674576E-35,
1.));
#5542=DIRECTION('ref_axis',(1.,3.16620915683657E-18,6.12323399573677E-17));
#5543=DIRECTION('',(-3.16620915683657E-18,1.,-1.0599443780009E-34));
#5544=DIRECTION('',(-1.,-1.68377968773675E-16,-6.12323399573677E-17));
#5545=DIRECTION('center_axis',(0.948683298050514,-0.316227766016838,5.80900982181058E-17));
#5546=DIRECTION('ref_axis',(0.316227766016838,0.948683298050514,1.93633660727019E-17));
#5547=DIRECTION('',(0.316227766016838,0.948683298050514,0.));
#5548=DIRECTION('',(0.,-1.83697019872103E-16,-1.));
#5549=DIRECTION('center_axis',(-1.,-3.16620915683657E-18,-6.12323399573677E-17));
#5550=DIRECTION('ref_axis',(-6.12323399573677E-17,-8.78799576674576E-35,
1.));
#5551=DIRECTION('',(-6.12323399573677E-17,-8.78799576674576E-35,1.));
#5552=DIRECTION('',(-3.16620915683657E-18,1.,-1.0599443780009E-34));
#5553=DIRECTION('center_axis',(1.,-2.85954370172631E-16,6.12323399573677E-17));
#5554=DIRECTION('ref_axis',(2.85954370172631E-16,1.,1.7597535164373E-32));
#5555=DIRECTION('',(-6.12323399573677E-17,-8.78799576674576E-35,1.));
#5556=DIRECTION('',(-2.85954370172631E-16,-1.,-1.7597535164373E-32));
#5557=DIRECTION('center_axis',(6.12323399573677E-17,8.78799576674576E-35,
-1.));
#5558=DIRECTION('ref_axis',(-1.,-3.16620915683657E-18,-6.12323399573677E-17));
#5559=DIRECTION('',(-0.316227766016838,0.948683298050514,-1.93633660727019E-17));
#5560=DIRECTION('',(3.16620915683657E-18,-1.,1.0599443780009E-34));
#5561=DIRECTION('',(-1.,-3.16620915683657E-18,-6.12323399573677E-17));
#5562=DIRECTION('center_axis',(6.12323399573677E-17,8.78799576674576E-35,
-1.));
#5563=DIRECTION('ref_axis',(-1.,-3.16620915683657E-18,-6.12323399573677E-17));
#5564=DIRECTION('',(3.16620915683657E-18,-1.,1.0599443780009E-34));
#5565=DIRECTION('',(1.,1.68377968773675E-16,6.12323399573677E-17));
#5566=DIRECTION('center_axis',(-0.948683298050514,-0.316227766016838,-5.80900982181058E-17));
#5567=DIRECTION('ref_axis',(0.316227766016838,-0.948683298050514,1.93633660727019E-17));
#5568=DIRECTION('',(-0.316227766016838,0.948683298050514,0.));
#5569=DIRECTION('',(-6.12323399573677E-17,-8.78799576674576E-35,1.));
#5570=DIRECTION('center_axis',(3.16620915683657E-18,-1.,1.0599443780009E-34));
#5571=DIRECTION('ref_axis',(1.,3.16620915683657E-18,6.12323399573677E-17));
#5572=DIRECTION('',(3.16620915683657E-18,-1.,1.0599443780009E-34));
#5573=DIRECTION('center_axis',(3.16620915683657E-18,-1.,1.0599443780009E-34));
#5574=DIRECTION('ref_axis',(1.,3.16620915683657E-18,6.12323399573677E-17));
#5575=DIRECTION('center_axis',(3.16620915683657E-18,-1.,1.0599443780009E-34));
#5576=DIRECTION('ref_axis',(1.22464679914735E-16,1.93874395467548E-34,-1.));
#5577=DIRECTION('',(3.16620915683657E-18,-1.,1.0599443780009E-34));
#5578=DIRECTION('center_axis',(3.16620915683657E-18,-1.,1.0599443780009E-34));
#5579=DIRECTION('ref_axis',(1.,3.16620915683657E-18,6.12323399573677E-17));
#5580=DIRECTION('',(-3.16620915683657E-18,1.,-1.0599443780009E-34));
#5581=DIRECTION('center_axis',(3.16620915683657E-18,-1.,1.0599443780009E-34));
#5582=DIRECTION('ref_axis',(1.,3.16620915683657E-18,6.12323399573677E-17));
#5583=DIRECTION('center_axis',(-3.16620915683657E-18,1.,-1.0599443780009E-34));
#5584=DIRECTION('ref_axis',(1.,3.16620915683657E-18,6.12323399573677E-17));
#5585=DIRECTION('',(3.16620915683657E-18,-1.,1.0599443780009E-34));
#5586=DIRECTION('center_axis',(3.16620915683657E-18,-1.,1.0599443780009E-34));
#5587=DIRECTION('ref_axis',(1.,3.16620915683657E-18,6.12323399573677E-17));
#5588=DIRECTION('center_axis',(3.16620915683657E-18,-1.,1.0599443780009E-34));
#5589=DIRECTION('ref_axis',(1.,3.16620915683657E-18,6.12323399573677E-17));
#5590=DIRECTION('center_axis',(-3.16620915683657E-18,1.,-1.0599443780009E-34));
#5591=DIRECTION('ref_axis',(1.,3.16620915683657E-18,6.12323399573677E-17));
#5592=DIRECTION('',(3.16620915683657E-18,-1.,1.0599443780009E-34));
#5593=DIRECTION('center_axis',(3.16620915683657E-18,-1.,1.0599443780009E-34));
#5594=DIRECTION('ref_axis',(1.,3.16620915683657E-18,6.12323399573677E-17));
#5595=DIRECTION('center_axis',(1.68377968773675E-16,-1.,1.02222970676133E-32));
#5596=DIRECTION('ref_axis',(1.,1.68377968773675E-16,6.12323399573677E-17));
#5597=DIRECTION('',(1.55608094539733E-16,3.64232719509556E-32,1.));
#5598=DIRECTION('',(-1.,-1.68377968773675E-16,-6.12323399573677E-17));
#5599=DIRECTION('center_axis',(1.68377968773675E-16,-1.,1.02222970676133E-32));
#5600=DIRECTION('ref_axis',(1.,1.68377968773675E-16,6.12323399573677E-17));
#5601=DIRECTION('',(6.12323399573677E-17,8.78799576674576E-35,-1.));
#5602=DIRECTION('',(1.,1.68377968773675E-16,6.12323399573677E-17));
#5603=DIRECTION('center_axis',(6.12323399573677E-17,8.78799576674576E-35,
-1.));
#5604=DIRECTION('ref_axis',(-1.,-3.16620915683657E-18,-6.12323399573677E-17));
#5605=DIRECTION('',(3.16620915683657E-18,-1.,1.0599443780009E-34));
#5606=DIRECTION('center_axis',(-6.12323399573677E-17,-8.78799576674576E-35,
1.));
#5607=DIRECTION('ref_axis',(1.,3.16620915683657E-18,6.12323399573677E-17));
#5608=DIRECTION('',(-1.,-3.16620915683657E-18,-6.12323399573677E-17));
#5609=DIRECTION('',(3.16620915683657E-18,-1.,1.0599443780009E-34));
#5610=DIRECTION('',(-0.316227766016838,0.948683298050514,-1.93633660727019E-17));
#5611=DIRECTION('center_axis',(6.12323399573677E-17,8.78799576674576E-35,
-1.));
#5612=DIRECTION('ref_axis',(-1.,-3.16620915683657E-18,-6.12323399573677E-17));
#5613=DIRECTION('',(-3.16620915683657E-18,1.,-1.0599443780009E-34));
#5614=DIRECTION('center_axis',(6.12323399573677E-17,8.78799576674576E-35,
-1.));
#5615=DIRECTION('ref_axis',(-1.,-3.16620915683657E-18,-6.12323399573677E-17));
#5616=DIRECTION('',(-1.,-3.16620915683657E-18,-6.12323399573677E-17));
#5617=DIRECTION('',(0.,-1.,-8.78799576674576E-35));
#5618=DIRECTION('',(-0.316227766016838,-0.948683298050514,-1.93633660727019E-17));
#5619=DIRECTION('center_axis',(-3.16620915683657E-18,1.,-1.0599443780009E-34));
#5620=DIRECTION('ref_axis',(-1.,-3.16620915683657E-18,-6.12323399573677E-17));
#5621=DIRECTION('',(-6.12323399573677E-17,-8.78799576674576E-35,1.));
#5622=DIRECTION('',(-6.12323399573677E-17,-8.78799576674576E-35,1.));
#5623=DIRECTION('',(1.,3.16620915683657E-18,6.12323399573677E-17));
#5624=DIRECTION('center_axis',(3.16620915683657E-18,-1.,1.0599443780009E-34));
#5625=DIRECTION('ref_axis',(1.,3.16620915683657E-18,6.12323399573677E-17));
#5626=DIRECTION('',(6.12323399573677E-17,8.78799576674576E-35,-1.));
#5627=DIRECTION('center_axis',(1.68377968773675E-16,-1.,1.02222970676133E-32));
#5628=DIRECTION('ref_axis',(1.,1.68377968773675E-16,6.12323399573677E-17));
#5629=DIRECTION('',(6.12323399573677E-17,8.78799576674576E-35,-1.));
#5630=DIRECTION('',(-1.,-1.68377968773675E-16,-6.12323399573677E-17));
#5631=DIRECTION('center_axis',(1.68377968773675E-16,-1.,1.02222970676133E-32));
#5632=DIRECTION('ref_axis',(1.,1.68377968773675E-16,6.12323399573677E-17));
#5633=DIRECTION('',(-2.78072774454468E-16,-3.65990318662905E-32,1.));
#5634=DIRECTION('',(1.,1.68377968773675E-16,6.12323399573677E-17));
#5635=DIRECTION('center_axis',(3.16620915683657E-18,-1.,1.0599443780009E-34));
#5636=DIRECTION('ref_axis',(1.,3.16620915683657E-18,6.12323399573677E-17));
#5637=DIRECTION('',(-6.12323399573677E-17,-8.78799576674576E-35,1.));
#5638=DIRECTION('',(0.,-1.0599443780009E-34,-1.));
#5639=DIRECTION('center_axis',(1.,3.16620915683657E-18,6.12323399573677E-17));
#5640=DIRECTION('ref_axis',(6.12323399573677E-17,8.78799576674576E-35,-1.));
#5641=DIRECTION('',(-6.12323399573677E-17,-8.78799576674576E-35,1.));
#5642=DIRECTION('',(3.16620915683657E-18,-1.,1.0599443780009E-34));
#5643=DIRECTION('',(-6.12323399573677E-17,-8.78799576674576E-35,1.));
#5644=DIRECTION('',(3.16620915683657E-18,-1.,1.0599443780009E-34));
#5645=DIRECTION('center_axis',(-1.,-3.16620915683657E-18,-6.12323399573677E-17));
#5646=DIRECTION('ref_axis',(-6.12323399573677E-17,-8.78799576674576E-35,
1.));
#5647=DIRECTION('',(3.16620915683657E-18,-1.,1.0599443780009E-34));
#5648=DIRECTION('',(6.12323399573677E-17,8.78799576674576E-35,-1.));
#5649=DIRECTION('',(3.16620915683657E-18,-1.,1.0599443780009E-34));
#5650=DIRECTION('',(6.12323399573677E-17,8.78799576674576E-35,-1.));
#5651=DIRECTION('center_axis',(-1.,-3.16620915683657E-18,-6.12323399573677E-17));
#5652=DIRECTION('ref_axis',(-6.12323399573677E-17,-8.78799576674576E-35,
1.));
#5653=DIRECTION('',(6.12323399573677E-17,8.78799576674576E-35,-1.));
#5654=DIRECTION('',(3.16620915683657E-18,-1.,1.0599443780009E-34));
#5655=DIRECTION('',(6.12323399573677E-17,8.78799576674576E-35,-1.));
#5656=DIRECTION('',(3.16620915683657E-18,-1.,1.0599443780009E-34));
#5657=DIRECTION('center_axis',(1.,3.16620915683657E-18,6.12323399573677E-17));
#5658=DIRECTION('ref_axis',(6.12323399573677E-17,8.78799576674576E-35,-1.));
#5659=DIRECTION('',(3.16620915683657E-18,-1.,1.0599443780009E-34));
#5660=DIRECTION('',(-6.12323399573677E-17,-8.78799576674576E-35,1.));
#5661=DIRECTION('',(3.16620915683657E-18,-1.,1.0599443780009E-34));
#5662=DIRECTION('',(-6.12323399573677E-17,-8.78799576674576E-35,1.));
#5663=DIRECTION('center_axis',(3.16620915683657E-18,-1.,1.0599443780009E-34));
#5664=DIRECTION('ref_axis',(1.,3.16620915683657E-18,6.12323399573677E-17));
#5665=DIRECTION('',(6.12323399573677E-17,8.78799576674576E-35,-1.));
#5666=DIRECTION('',(-6.12323399573677E-17,-8.78799576674576E-35,1.));
#5667=DIRECTION('center_axis',(-1.,-3.16620915683657E-18,-6.12323399573677E-17));
#5668=DIRECTION('ref_axis',(-6.12323399573677E-17,-8.78799576674576E-35,
1.));
#5669=DIRECTION('',(-6.12323399573677E-17,-8.78799576674576E-35,1.));
#5670=DIRECTION('',(3.16620915683657E-18,-1.,0.));
#5671=DIRECTION('center_axis',(-1.,-3.16620915683657E-18,-6.12323399573677E-17));
#5672=DIRECTION('ref_axis',(-6.12323399573677E-17,-8.78799576674576E-35,
1.));
#5673=DIRECTION('',(-3.16620915683657E-18,1.,0.));
#5674=DIRECTION('',(-3.16620915683657E-18,1.,0.));
#5675=DIRECTION('',(-6.12323399573677E-17,-8.78799576674576E-35,1.));
#5676=DIRECTION('center_axis',(1.,-2.85954370172631E-16,6.12323399573677E-17));
#5677=DIRECTION('ref_axis',(2.85954370172631E-16,1.,1.7597535164373E-32));
#5678=DIRECTION('',(-6.12323399573677E-17,-8.78799576674576E-35,1.));
#5679=DIRECTION('',(-2.85954370172631E-16,-1.,0.));
#5680=DIRECTION('center_axis',(1.68377968773675E-16,-1.,1.02222970676133E-32));
#5681=DIRECTION('ref_axis',(1.,1.68377968773675E-16,6.12323399573677E-17));
#5682=DIRECTION('',(1.,1.68377968773675E-16,0.));
#5683=DIRECTION('center_axis',(1.68377968773675E-16,-1.,1.02222970676133E-32));
#5684=DIRECTION('ref_axis',(1.,1.68377968773675E-16,6.12323399573677E-17));
#5685=DIRECTION('',(-1.,-1.68377968773675E-16,0.));
#5686=DIRECTION('center_axis',(3.16620915683657E-18,-1.,1.0599443780009E-34));
#5687=DIRECTION('ref_axis',(1.,3.16620915683657E-18,6.12323399573677E-17));
#5688=DIRECTION('',(6.12323399573677E-17,8.78799576674576E-35,-1.));
#5689=DIRECTION('',(-1.,-3.16620915683657E-18,-6.12323399573677E-17));
#5690=DIRECTION('',(6.26764797552613E-17,3.04441281919481E-34,1.));
#5691=DIRECTION('',(1.,3.16620915683657E-18,6.12323399573677E-17));
#5692=DIRECTION('',(-5.56867618807884E-16,-1.65716491601521E-33,1.));
#5693=DIRECTION('',(1.,3.16620915683657E-18,6.12323399573677E-17));
#5694=DIRECTION('',(-6.12323399573677E-17,-8.78799576674576E-35,1.));
#5695=DIRECTION('',(1.,3.16620915683657E-18,6.12323399573677E-17));
#5696=DIRECTION('',(7.55121730348091E-16,2.28487889935431E-33,-1.));
#5697=DIRECTION('',(-1.,-3.16620915683657E-18,2.85712355237994E-16));
#5698=DIRECTION('',(-6.12323399573677E-17,-8.78799576674576E-35,1.));
#5699=DIRECTION('',(1.,3.16620915683657E-18,6.12323399573677E-17));
#5700=DIRECTION('',(-4.34402938893148E-16,-1.4814050006803E-33,-1.));
#5701=DIRECTION('',(1.,3.16620915683657E-18,6.12323399573677E-17));
#5702=DIRECTION('',(-1.85141159669997E-16,-4.80201197254396E-34,1.));
#5703=DIRECTION('',(1.,3.16620915683657E-18,6.12323399573677E-17));
#5704=DIRECTION('',(6.12323399573677E-17,8.78799576674576E-35,-1.));
#5705=DIRECTION('',(1.,3.16620915683657E-18,0.));
#5706=DIRECTION('',(6.12323399573677E-17,8.78799576674576E-35,-1.));
#5707=DIRECTION('',(-1.,-3.16620915683657E-18,-6.12323399573677E-17));
#5708=DIRECTION('',(6.12323399573677E-17,8.78799576674576E-35,-1.));
#5709=DIRECTION('',(-1.,-3.16620915683657E-18,-6.12323399573677E-17));
#5710=DIRECTION('',(0.,1.0599443780009E-34,1.));
#5711=DIRECTION('',(-1.,-3.16620915683657E-18,-4.08177035152729E-16));
#5712=DIRECTION('',(-6.12323399573677E-17,-8.78799576674576E-35,1.));
#5713=DIRECTION('',(1.,3.16620915683657E-18,6.12323399573677E-17));
#5714=DIRECTION('',(0.,1.0599443780009E-34,1.));
#5715=DIRECTION('',(-1.,-3.16620915683657E-18,-6.12323399573677E-17));
#5716=DIRECTION('',(4.34402938893148E-16,1.4814050006803E-33,1.));
#5717=DIRECTION('',(-1.,-3.16620915683657E-18,-6.12323399573677E-17));
#5718=DIRECTION('',(-6.12323399573677E-17,-8.78799576674576E-35,1.));
#5719=DIRECTION('',(-1.,-3.16620915683657E-18,0.));
#5720=DIRECTION('',(1.,3.16620915683657E-18,6.12323399573677E-17));
#5721=DIRECTION('',(1.,3.16620915683657E-18,6.12323399573677E-17));
#5722=DIRECTION('',(-1.,-3.16620915683657E-18,-6.12323399573677E-17));
#5723=DIRECTION('',(1.,3.16620915683657E-18,6.12323399573677E-17));
#5724=DIRECTION('center_axis',(-1.,-3.16620915683657E-18,-6.12323399573677E-17));
#5725=DIRECTION('ref_axis',(-6.12323399573677E-17,-8.78799576674576E-35,
1.));
#5726=DIRECTION('',(3.16620915683657E-18,-1.,0.));
#5727=DIRECTION('',(-6.12323399573677E-17,-8.78799576674576E-35,1.));
#5728=DIRECTION('',(-3.16620915683657E-18,1.,0.));
#5729=DIRECTION('',(-6.12323399573677E-17,0.,1.));
#5730=DIRECTION('',(3.16620915683657E-18,-1.,1.0599443780009E-34));
#5731=DIRECTION('',(3.16620915683657E-18,-1.,1.0599443780009E-34));
#5732=DIRECTION('',(-7.55121730348091E-16,-2.28487889935431E-33,1.));
#5733=DIRECTION('',(3.16620915683657E-18,-1.,1.0599443780009E-34));
#5734=DIRECTION('',(3.16620915683657E-18,-1.,1.0599443780009E-34));
#5735=DIRECTION('',(-6.12323399573677E-17,0.,1.));
#5736=DIRECTION('center_axis',(6.12323399573677E-17,8.78799576674576E-35,
-1.));
#5737=DIRECTION('ref_axis',(-1.,-3.16620915683657E-18,-6.12323399573677E-17));
#5738=DIRECTION('',(1.,0.,6.12323399573677E-17));
#5739=DIRECTION('',(3.16620915683657E-18,-1.,1.0599443780009E-34));
#5740=DIRECTION('center_axis',(6.12323399573677E-17,8.78799576674576E-35,
-1.));
#5741=DIRECTION('ref_axis',(-1.,-3.16620915683657E-18,-6.12323399573677E-17));
#5742=DIRECTION('',(-1.,0.,-6.12323399573677E-17));
#5743=DIRECTION('',(3.16620915683657E-18,-1.,1.0599443780009E-34));
#5744=DIRECTION('center_axis',(1.,3.16620915683657E-18,5.56867618807884E-16));
#5745=DIRECTION('ref_axis',(5.56867618807884E-16,1.65716491601521E-33,-1.));
#5746=DIRECTION('',(5.56867618807884E-16,0.,-1.));
#5747=DIRECTION('',(3.16620915683657E-18,-1.,1.0599443780009E-34));
#5748=DIRECTION('center_axis',(6.12323399573677E-17,8.78799576674576E-35,
-1.));
#5749=DIRECTION('ref_axis',(-1.,-3.16620915683657E-18,-6.12323399573677E-17));
#5750=DIRECTION('',(-1.,0.,-6.12323399573677E-17));
#5751=DIRECTION('center_axis',(1.,3.16620915683657E-18,6.12323399573677E-17));
#5752=DIRECTION('ref_axis',(6.12323399573677E-17,8.78799576674576E-35,-1.));
#5753=DIRECTION('',(-6.12323399573677E-17,0.,1.));
#5754=DIRECTION('',(3.16620915683657E-18,-1.,0.));
#5755=DIRECTION('',(3.16620915683657E-18,-1.,1.0599443780009E-34));
#5756=DIRECTION('center_axis',(-6.12323399573677E-17,-8.78799576674576E-35,
1.));
#5757=DIRECTION('ref_axis',(1.,3.16620915683657E-18,6.12323399573677E-17));
#5758=DIRECTION('',(-1.,0.,-6.12323399573677E-17));
#5759=DIRECTION('',(3.16620915683657E-18,-1.,1.0599443780009E-34));
#5760=DIRECTION('center_axis',(1.,3.16620915683657E-18,-4.34402938893148E-16));
#5761=DIRECTION('ref_axis',(-4.34402938893148E-16,-1.4814050006803E-33,
-1.));
#5762=DIRECTION('',(4.34402938893148E-16,0.,1.));
#5763=DIRECTION('',(3.16620915683657E-18,-1.,1.0599443780009E-34));
#5764=DIRECTION('center_axis',(-6.12323399573677E-17,-8.78799576674576E-35,
1.));
#5765=DIRECTION('ref_axis',(1.,3.16620915683657E-18,6.12323399573677E-17));
#5766=DIRECTION('',(-1.,0.,-6.12323399573677E-17));
#5767=DIRECTION('',(0.,1.,8.78799576674576E-35));
#5768=DIRECTION('center_axis',(-6.12323399573677E-17,-8.78799576674576E-35,
1.));
#5769=DIRECTION('ref_axis',(1.,3.16620915683657E-18,6.12323399573677E-17));
#5770=DIRECTION('',(1.,0.,6.12323399573677E-17));
#5771=DIRECTION('',(0.,-1.,-8.78799576674576E-35));
#5772=DIRECTION('',(3.16620915683657E-18,-1.,1.0599443780009E-34));
#5773=DIRECTION('center_axis',(-1.,-3.16620915683657E-18,-6.12323399573677E-17));
#5774=DIRECTION('ref_axis',(-6.12323399573677E-17,-8.78799576674576E-35,
1.));
#5775=DIRECTION('',(-6.12323399573677E-17,0.,1.));
#5776=DIRECTION('',(3.16620915683657E-18,-1.,1.0599443780009E-34));
#5777=DIRECTION('center_axis',(-6.12323399573677E-17,-8.78799576674576E-35,
1.));
#5778=DIRECTION('ref_axis',(1.,3.16620915683657E-18,6.12323399573677E-17));
#5779=DIRECTION('',(1.,0.,6.12323399573677E-17));
#5780=DIRECTION('',(3.16620915683657E-18,-1.,1.0599443780009E-34));
#5781=DIRECTION('center_axis',(-1.,-3.16620915683657E-18,-6.12323399573677E-17));
#5782=DIRECTION('ref_axis',(-6.12323399573677E-17,-8.78799576674576E-35,
1.));
#5783=DIRECTION('',(-6.12323399573677E-17,0.,1.));
#5784=DIRECTION('',(-3.16620915683657E-18,1.,0.));
#5785=DIRECTION('center_axis',(6.12323399573677E-17,8.78799576674576E-35,
-1.));
#5786=DIRECTION('ref_axis',(-1.,-3.16620915683657E-18,-6.12323399573677E-17));
#5787=DIRECTION('',(1.,0.,6.12323399573677E-17));
#5788=DIRECTION('',(3.16620915683657E-18,-1.,1.0599443780009E-34));
#5789=DIRECTION('center_axis',(-1.,-3.16620915683657E-18,4.34402938893148E-16));
#5790=DIRECTION('ref_axis',(4.34402938893148E-16,1.4814050006803E-33,1.));
#5791=DIRECTION('',(-4.34402938893148E-16,0.,-1.));
#5792=DIRECTION('center_axis',(6.12323399573677E-17,8.78799576674576E-35,
-1.));
#5793=DIRECTION('ref_axis',(-1.,-3.16620915683657E-18,-6.12323399573677E-17));
#5794=DIRECTION('center_axis',(-6.12323399573677E-17,-8.78799576674576E-35,
1.));
#5795=DIRECTION('ref_axis',(-1.,-3.16620915683657E-18,-6.12323399573677E-17));
#5796=DIRECTION('center_axis',(6.12323399573677E-17,8.78799576674576E-35,
-1.));
#5797=DIRECTION('ref_axis',(-1.,-3.16620915683657E-18,-6.12323399573677E-17));
#5798=DIRECTION('center_axis',(-6.12323399573677E-17,-8.78799576674576E-35,
1.));
#5799=DIRECTION('ref_axis',(-1.,-9.16178564934103E-16,-6.12323399573677E-17));
#5800=DIRECTION('center_axis',(-6.12323399573677E-17,-8.78799576674576E-35,
1.));
#5801=DIRECTION('ref_axis',(1.,3.16620915683657E-18,6.12323399573677E-17));
#5802=DIRECTION('center_axis',(6.12323399573677E-17,8.78799576674576E-35,
-1.));
#5803=DIRECTION('ref_axis',(1.,3.16620915683657E-18,6.12323399573677E-17));
#5804=DIRECTION('center_axis',(6.12323399573677E-17,8.78799576674576E-35,
-1.));
#5805=DIRECTION('ref_axis',(1.,3.16620915683657E-18,6.12323399573677E-17));
#5806=DIRECTION('',(1.,3.16620915683657E-18,6.12323399573677E-17));
#5807=DIRECTION('center_axis',(6.12323399573677E-17,8.78799576674576E-35,
-1.));
#5808=DIRECTION('ref_axis',(-1.,-3.16620915683657E-18,-6.12323399573677E-17));
#5809=DIRECTION('center_axis',(-6.12323399573677E-17,-8.78799576674576E-35,
1.));
#5810=DIRECTION('ref_axis',(-1.,-3.16620915683657E-18,-6.12323399573677E-17));
#5811=DIRECTION('center_axis',(6.12323399573677E-17,8.78799576674576E-35,
-1.));
#5812=DIRECTION('ref_axis',(-1.,-3.16620915683657E-18,-6.12323399573677E-17));
#5813=DIRECTION('',(3.16620915683657E-18,-1.,1.0599443780009E-34));
#5814=DIRECTION('',(1.,3.16620915683657E-18,6.12323399573677E-17));
#5815=DIRECTION('',(0.,1.,8.78799576674576E-35));
#5816=DIRECTION('center_axis',(-4.08177035152729E-16,-1.18637942851089E-33,
1.));
#5817=DIRECTION('ref_axis',(1.,3.16620915683657E-18,4.08177035152729E-16));
#5818=DIRECTION('',(0.,-1.,-1.18637942851089E-33));
#5819=DIRECTION('',(-1.,-3.16620915683657E-18,-4.08177035152729E-16));
#5820=DIRECTION('',(3.16620915683657E-18,-1.,1.0599443780009E-34));
#5821=DIRECTION('center_axis',(1.,3.16620915683657E-18,6.12323399573677E-17));
#5822=DIRECTION('ref_axis',(6.12323399573677E-17,8.78799576674576E-35,-1.));
#5823=DIRECTION('',(-6.12323399573677E-17,-8.78799576674576E-35,1.));
#5824=DIRECTION('center_axis',(3.16620915683657E-18,-1.,1.0599443780009E-34));
#5825=DIRECTION('ref_axis',(1.,3.16620915683657E-18,6.12323399573677E-17));
#5826=DIRECTION('',(0.,1.0599443780009E-34,1.));
#5827=DIRECTION('center_axis',(6.12323399573677E-17,8.78799576674576E-35,
-1.));
#5828=DIRECTION('ref_axis',(-1.,-3.16620915683657E-18,-6.12323399573677E-17));
#5829=DIRECTION('',(1.,3.16620915683657E-18,6.12323399573677E-17));
#5830=DIRECTION('',(3.16620915683657E-18,-1.,1.0599443780009E-34));
#5831=DIRECTION('center_axis',(-1.,-3.16620915683657E-18,-7.55121730348091E-16));
#5832=DIRECTION('ref_axis',(-7.55121730348091E-16,-2.28487889935431E-33,
1.));
#5833=DIRECTION('',(7.55121730348091E-16,2.28487889935431E-33,-1.));
#5834=DIRECTION('',(3.16620915683657E-18,-1.,1.0599443780009E-34));
#5835=DIRECTION('center_axis',(2.85712355237994E-16,1.01061951317597E-33,
1.));
#5836=DIRECTION('ref_axis',(1.,3.16620915683657E-18,-2.85712355237994E-16));
#5837=DIRECTION('',(-1.,-3.16620915683657E-18,2.85712355237994E-16));
#5838=DIRECTION('center_axis',(3.16620915683657E-18,-1.,1.0599443780009E-34));
#5839=DIRECTION('ref_axis',(1.,3.16620915683657E-18,6.12323399573677E-17));
#5840=DIRECTION('center_axis',(0.948683298050514,-0.316227766016838,5.80900982181058E-17));
#5841=DIRECTION('ref_axis',(0.316227766016838,0.948683298050514,1.93633660727019E-17));
#5842=DIRECTION('',(0.,-1.83697019872103E-16,-1.));
#5843=DIRECTION('',(-0.316227766016838,-0.948683298050514,0.));
#5844=DIRECTION('center_axis',(-0.948683298050514,-0.316227766016838,-5.80900982181058E-17));
#5845=DIRECTION('ref_axis',(0.316227766016838,-0.948683298050514,1.93633660727019E-17));
#5846=DIRECTION('',(0.316227766016838,-0.948683298050514,0.));
#5847=DIRECTION('center_axis',(6.12323399573677E-17,8.78799576674576E-35,
-1.));
#5848=DIRECTION('ref_axis',(-1.,-3.16620915683657E-18,-6.12323399573677E-17));
#5849=DIRECTION('',(-6.12323399573677E-17,-8.78799576674576E-35,1.));
#5850=DIRECTION('',(-6.12323399573677E-17,-8.78799576674576E-35,1.));
#5851=DIRECTION('center_axis',(6.12323399573677E-17,8.78799576674576E-35,
-1.));
#5852=DIRECTION('ref_axis',(-1.,-3.16620915683657E-18,-6.12323399573677E-17));
#5853=DIRECTION('',(6.12323399573677E-17,8.78799576674576E-35,-1.));
#5854=DIRECTION('',(6.12323399573677E-17,8.78799576674576E-35,-1.));
#5855=DIRECTION('center_axis',(-6.12323399573677E-17,-8.78799576674576E-35,
1.));
#5856=DIRECTION('ref_axis',(1.,3.16620915683657E-18,6.12323399573677E-17));
#5857=DIRECTION('center_axis',(-6.12323399573677E-17,-8.78799576674576E-35,
1.));
#5858=DIRECTION('ref_axis',(1.,3.16620915683657E-18,6.12323399573677E-17));
#5859=DIRECTION('',(3.16620915683657E-18,-1.,1.0599443780009E-34));
#5860=DIRECTION('',(-3.16620915683657E-18,1.,-1.0599443780009E-34));
#5861=DIRECTION('center_axis',(-1.,-3.16620915683657E-18,-6.12323399573677E-17));
#5862=DIRECTION('ref_axis',(-6.12323399573677E-17,-8.78799576674576E-35,
1.));
#5863=DIRECTION('center_axis',(-3.16620915683657E-18,1.,-1.0599443780009E-34));
#5864=DIRECTION('ref_axis',(-1.,-3.16620915683657E-18,-6.12323399573677E-17));
#5865=DIRECTION('',(-6.26764797552613E-17,-3.04441281919481E-34,-1.));
#5866=DIRECTION('center_axis',(6.12323399573677E-17,8.78799576674576E-35,
-1.));
#5867=DIRECTION('ref_axis',(-1.,-3.16620915683657E-18,-6.12323399573677E-17));
#5868=DIRECTION('',(3.16620915683657E-18,-1.,1.0599443780009E-34));
#5869=DIRECTION('',(-1.,-3.16620915683657E-18,-6.12323399573677E-17));
#5870=DIRECTION('',(-3.16620915683657E-18,1.,-1.0599443780009E-34));
#5871=DIRECTION('center_axis',(1.,3.16620915683657E-18,6.12323399573677E-17));
#5872=DIRECTION('ref_axis',(6.12323399573677E-17,8.78799576674576E-35,-1.));
#5873=DIRECTION('',(6.12323399573677E-17,8.78799576674576E-35,-1.));
#5874=DIRECTION('center_axis',(3.16620915683657E-18,-1.,1.0599443780009E-34));
#5875=DIRECTION('ref_axis',(1.,3.16620915683657E-18,6.12323399573677E-17));
#5876=DIRECTION('',(-1.85141159669997E-16,-4.80201197254396E-34,1.));
#5877=DIRECTION('center_axis',(3.16620915683657E-18,-1.,1.0599443780009E-34));
#5878=DIRECTION('ref_axis',(1.,3.16620915683657E-18,6.12323399573677E-17));
#5879=DIRECTION('',(-1.85141159669997E-16,-4.80201197254396E-34,1.));
#5880=DIRECTION('',(1.,3.16620915683657E-18,0.));
#5881=DIRECTION('',(6.12323399573677E-17,8.78799576674576E-35,-1.));
#5882=DIRECTION('center_axis',(-1.,-3.16620915683657E-18,-6.12323399573677E-17));
#5883=DIRECTION('ref_axis',(-6.12323399573677E-17,-8.78799576674576E-35,
1.));
#5884=DIRECTION('',(-3.16620915683657E-18,1.,0.));
#5885=DIRECTION('',(3.16620915683657E-18,-1.,1.0599443780009E-34));
#5886=DIRECTION('center_axis',(1.,3.16620915683657E-18,1.85141159669997E-16));
#5887=DIRECTION('ref_axis',(1.85141159669997E-16,4.80201197254396E-34,-1.));
#5888=DIRECTION('',(3.16620915683657E-18,-1.,1.0599443780009E-34));
#5889=DIRECTION('',(3.16620915683657E-18,-1.,0.));
#5890=DIRECTION('center_axis',(6.12323399573677E-17,8.78799576674576E-35,
-1.));
#5891=DIRECTION('ref_axis',(-1.,-3.16620915683657E-18,-6.12323399573677E-17));
#5892=DIRECTION('center_axis',(3.16620915683657E-18,-1.,1.0599443780009E-34));
#5893=DIRECTION('ref_axis',(1.,3.16620915683657E-18,6.12323399573677E-17));
#5894=DIRECTION('',(6.12323399573677E-17,8.78799576674576E-35,-1.));
#5895=DIRECTION('',(-1.,-3.16620915683657E-18,0.));
#5896=DIRECTION('',(6.26764797552613E-17,3.04441281919481E-34,1.));
#5897=DIRECTION('center_axis',(-1.,-3.16620915683657E-18,-6.12323399573677E-17));
#5898=DIRECTION('ref_axis',(-6.12323399573677E-17,-8.78799576674576E-35,
1.));
#5899=DIRECTION('',(3.16620915683657E-18,-1.,1.0599443780009E-34));
#5900=DIRECTION('',(3.16620915683657E-18,-1.,0.));
#5901=DIRECTION('center_axis',(1.,3.16620915683657E-18,-6.26764797552613E-17));
#5902=DIRECTION('ref_axis',(-6.26764797552613E-17,-3.04441281919481E-34,
-1.));
#5903=DIRECTION('',(-3.16620915683657E-18,1.,0.));
#5904=DIRECTION('',(3.16620915683657E-18,-1.,1.0599443780009E-34));
#5905=DIRECTION('center_axis',(-6.12323399573677E-17,-8.78799576674576E-35,
1.));
#5906=DIRECTION('ref_axis',(1.,3.16620915683657E-18,6.12323399573677E-17));
#5907=DIRECTION('center_axis',(3.16620915683657E-18,-1.,1.0599443780009E-34));
#5908=DIRECTION('ref_axis',(1.,3.16620915683657E-18,6.12323399573677E-17));
#5909=DIRECTION('center_axis',(3.16620915683657E-18,-1.,1.0599443780009E-34));
#5910=DIRECTION('ref_axis',(1.,3.16620915683657E-18,6.12323399573677E-17));
#5911=DIRECTION('center_axis',(0.,0.,1.));
#5912=DIRECTION('ref_axis',(-1.,0.,0.));
#5913=DIRECTION('center_axis',(0.,0.,1.));
#5914=DIRECTION('ref_axis',(-1.,0.,0.));
#5915=DIRECTION('',(0.,-1.,0.));
#5916=DIRECTION('',(-1.,0.,0.));
#5917=DIRECTION('center_axis',(0.,0.,1.));
#5918=DIRECTION('ref_axis',(-1.,0.,0.));
#5919=DIRECTION('',(-1.,0.,0.));
#5920=DIRECTION('center_axis',(0.,0.,1.));
#5921=DIRECTION('ref_axis',(-1.,0.,0.));
#5922=DIRECTION('',(0.,-1.,0.));
#5923=DIRECTION('center_axis',(0.,0.,1.));
#5924=DIRECTION('ref_axis',(1.,0.,0.));
#5925=DIRECTION('',(0.,-1.,0.));
#5926=DIRECTION('',(-1.,0.,0.));
#5927=DIRECTION('center_axis',(-1.,0.,0.));
#5928=DIRECTION('ref_axis',(0.,0.,-1.));
#5929=DIRECTION('',(0.,-1.,0.));
#5930=DIRECTION('',(0.,0.,-1.));
#5931=DIRECTION('center_axis',(0.,-1.,0.));
#5932=DIRECTION('ref_axis',(0.,0.,-1.));
#5933=DIRECTION('',(0.,0.,1.));
#5934=DIRECTION('',(1.,0.,0.));
#5935=DIRECTION('center_axis',(0.,0.,-1.));
#5936=DIRECTION('ref_axis',(1.,0.,0.));
#5937=DIRECTION('',(1.,0.,0.));
#5938=DIRECTION('center_axis',(0.,0.,-1.));
#5939=DIRECTION('ref_axis',(1.,0.,0.));
#5940=DIRECTION('',(1.,0.,0.));
#5941=DIRECTION('',(0.,1.,0.));
#5942=DIRECTION('center_axis',(0.,0.,-1.));
#5943=DIRECTION('ref_axis',(1.,0.,0.));
#5944=DIRECTION('',(0.,-1.,0.));
#5945=DIRECTION('center_axis',(0.,0.,-1.));
#5946=DIRECTION('ref_axis',(1.,0.,0.));
#5947=DIRECTION('center_axis',(0.,-1.,0.));
#5948=DIRECTION('ref_axis',(0.,0.,-1.));
#5949=DIRECTION('',(1.,0.,0.));
#5950=DIRECTION('',(0.,0.,-1.));
#5951=DIRECTION('',(1.,0.,0.));
#5952=DIRECTION('center_axis',(0.,-1.,0.));
#5953=DIRECTION('ref_axis',(0.,0.,-1.));
#5954=DIRECTION('',(1.,0.,0.));
#5955=DIRECTION('',(0.,0.,-1.));
#5956=DIRECTION('',(1.,0.,0.));
#5957=DIRECTION('center_axis',(0.,0.,-1.));
#5958=DIRECTION('ref_axis',(0.,1.,0.));
#5959=DIRECTION('',(1.,0.,0.));
#5960=DIRECTION('',(0.,1.,0.));
#5961=DIRECTION('center_axis',(0.,0.,-1.));
#5962=DIRECTION('ref_axis',(0.,1.,0.));
#5963=DIRECTION('',(0.,1.,0.));
#5964=DIRECTION('',(1.,0.,0.));
#5965=DIRECTION('center_axis',(0.,0.,1.));
#5966=DIRECTION('ref_axis',(0.,-1.,0.));
#5967=DIRECTION('',(0.,-1.,0.));
#5968=DIRECTION('',(1.,0.,0.));
#5969=DIRECTION('center_axis',(0.,1.,0.));
#5970=DIRECTION('ref_axis',(0.,0.,1.));
#5971=DIRECTION('',(0.,0.,1.));
#5972=DIRECTION('center_axis',(0.,1.,0.));
#5973=DIRECTION('ref_axis',(0.,0.,1.));
#5974=DIRECTION('',(0.,0.,1.));
#5975=DIRECTION('',(1.,0.,0.));
#5976=DIRECTION('center_axis',(0.,0.,1.));
#5977=DIRECTION('ref_axis',(0.,-1.,0.));
#5978=DIRECTION('',(0.,-1.,0.));
#5979=DIRECTION('center_axis',(1.,0.,0.));
#5980=DIRECTION('ref_axis',(0.,0.,-1.));
#5981=DIRECTION('center_axis',(0.,0.,1.));
#5982=DIRECTION('ref_axis',(0.,-1.,0.));
#5983=DIRECTION('center_axis',(0.,0.,1.));
#5984=DIRECTION('ref_axis',(1.,0.,0.));
#5985=DIRECTION('',(1.,0.,0.));
#5986=DIRECTION('',(0.,-1.,0.));
#5987=DIRECTION('',(1.,0.,0.));
#5988=DIRECTION('center_axis',(0.,0.,1.));
#5989=DIRECTION('ref_axis',(1.,0.,0.));
#5990=DIRECTION('center_axis',(0.,-1.,0.));
#5991=DIRECTION('ref_axis',(0.,0.,-1.));
#5992=DIRECTION('',(0.,0.,-1.));
#5993=DIRECTION('',(0.,0.,-1.));
#5994=DIRECTION('',(1.,0.,0.));
#5995=DIRECTION('center_axis',(0.,1.,0.));
#5996=DIRECTION('ref_axis',(0.,0.,1.));
#5997=DIRECTION('',(0.,0.,1.));
#5998=DIRECTION('',(1.,0.,0.));
#5999=DIRECTION('',(0.,0.,1.));
#6000=DIRECTION('center_axis',(0.,0.,-1.));
#6001=DIRECTION('ref_axis',(0.,1.,0.));
#6002=DIRECTION('center_axis',(0.,0.,-1.));
#6003=DIRECTION('ref_axis',(1.,0.,0.));
#6004=DIRECTION('',(0.,1.,0.));
#6005=DIRECTION('center_axis',(0.,0.,-1.));
#6006=DIRECTION('ref_axis',(1.,0.,0.));
#6007=DIRECTION('center_axis',(1.,0.,0.));
#6008=DIRECTION('ref_axis',(0.,0.,-1.));
#6009=DIRECTION('center_axis',(0.,1.,0.));
#6010=DIRECTION('ref_axis',(-1.,0.,0.));
#6011=DIRECTION('',(0.,0.,1.));
#6012=DIRECTION('',(-1.,0.,0.));
#6013=DIRECTION('center_axis',(0.,1.,0.));
#6014=DIRECTION('ref_axis',(-1.,0.,0.));
#6015=DIRECTION('',(1.,0.,0.));
#6016=DIRECTION('',(0.,0.,1.));
#6017=DIRECTION('center_axis',(-1.,0.,0.));
#6018=DIRECTION('ref_axis',(0.,1.,0.));
#6019=DIRECTION('',(0.,-1.,0.));
#6020=DIRECTION('',(0.,0.,-1.));
#6021=DIRECTION('',(0.,1.,0.));
#6022=DIRECTION('',(0.,0.,1.));
#6023=DIRECTION('center_axis',(0.,0.,-1.));
#6024=DIRECTION('ref_axis',(-1.,0.,0.));
#6025=DIRECTION('center_axis',(0.,0.,-1.));
#6026=DIRECTION('ref_axis',(1.,0.,0.));
#6027=DIRECTION('center_axis',(0.,-1.,0.));
#6028=DIRECTION('ref_axis',(0.,0.,-1.));
#6029=DIRECTION('',(0.,0.,-1.));
#6030=DIRECTION('center_axis',(0.,0.,1.));
#6031=DIRECTION('ref_axis',(1.,0.,0.));
#6032=DIRECTION('',(0.,0.,1.));
#6033=DIRECTION('',(0.,0.,1.));
#6034=DIRECTION('center_axis',(0.,0.,-1.));
#6035=DIRECTION('ref_axis',(1.,0.,0.));
#6036=DIRECTION('center_axis',(1.,0.,0.));
#6037=DIRECTION('ref_axis',(0.,-1.,0.));
#6038=DIRECTION('',(0.,-1.,0.));
#6039=DIRECTION('center_axis',(0.,0.,1.));
#6040=DIRECTION('ref_axis',(1.,0.,0.));
#6041=DIRECTION('center_axis',(0.,0.,1.));
#6042=DIRECTION('ref_axis',(1.,0.,0.));
#6043=DIRECTION('center_axis',(0.,0.,-1.));
#6044=DIRECTION('ref_axis',(-1.,0.,0.));
#6045=DIRECTION('center_axis',(1.,0.,0.));
#6046=DIRECTION('ref_axis',(0.,0.,1.));
#6047=DIRECTION('',(0.,0.,1.));
#6048=DIRECTION('center_axis',(-1.,0.,0.));
#6049=DIRECTION('ref_axis',(0.,0.,-1.));
#6050=DIRECTION('center_axis',(0.,0.,1.));
#6051=DIRECTION('ref_axis',(1.,0.,0.));
#6052=DIRECTION('',(0.,0.,-1.));
#6053=DIRECTION('',(0.,0.,-1.));
#6054=DIRECTION('center_axis',(0.,0.,1.));
#6055=DIRECTION('ref_axis',(1.,0.,0.));
#6056=CARTESIAN_POINT('',(0.,0.,0.));
#6057=CARTESIAN_POINT('Origin',(0.,0.,0.));
#6058=CARTESIAN_POINT('',(-14.6109815186831,-3.86910568861421E-7,-19.5901494326188));
#6059=CARTESIAN_POINT('',(-14.6096501214948,1.93720754076976E-6,-19.756316569931));
#6060=CARTESIAN_POINT('',(-14.611,-1.7893314382342E-15,0.));
#6061=CARTESIAN_POINT('',(-4.0822531218993,14.0291314930306,-20.));
#6062=CARTESIAN_POINT('Ctrl Pts',(-4.08139998119902,14.0261957310266,-20.0000157088101));
#6063=CARTESIAN_POINT('Ctrl Pts',(-5.44466014393915,13.6298623437793,-19.9690918048067));
#6064=CARTESIAN_POINT('Ctrl Pts',(-9.27564175658185,11.8928761444893,-19.8783872110788));
#6065=CARTESIAN_POINT('Ctrl Pts',(-13.552728858441,6.96160848326222,-19.7417634285319));
#6066=CARTESIAN_POINT('Ctrl Pts',(-14.6078216056268,2.10745777048442,-19.6360658461489));
#6067=CARTESIAN_POINT('Ctrl Pts',(-14.6109815186831,-3.86910569083465E-7,
-19.5901494326188));
#6068=CARTESIAN_POINT('',(-10.5351728143027,10.1238063381703,-20.));
#6069=CARTESIAN_POINT('Origin',(0.,0.,-20.));
#6070=CARTESIAN_POINT('Ctrl Pts',(-14.6096501214948,1.93720754082527E-6,
-19.756316569931));
#6071=CARTESIAN_POINT('Ctrl Pts',(-14.6107300404065,0.984782091836209,-19.7777641172418));
#6072=CARTESIAN_POINT('Ctrl Pts',(-14.2417991508374,4.71340896355783,-19.8589926742117));
#6073=CARTESIAN_POINT('Ctrl Pts',(-12.4365931703606,8.14512446945694,-19.9402160731935));
#6074=CARTESIAN_POINT('Ctrl Pts',(-10.5351728143027,10.1238063381703,-20.));
#6075=CARTESIAN_POINT('Origin',(0.,0.,0.));
#6076=CARTESIAN_POINT('',(-14.6126027970442,1.49681761998921E-6,-17.5901380552139));
#6077=CARTESIAN_POINT('',(-14.6091533536862,-1.07295769907756E-7,-17.7563302375868));
#6078=CARTESIAN_POINT('',(-14.611,-1.7893314382342E-15,0.));
#6079=CARTESIAN_POINT('Ctrl Pts',(-14.6109815186831,-3.86910569083465E-7,
-19.5901494326188));
#6080=CARTESIAN_POINT('Ctrl Pts',(-14.611935685478,-0.636368084261011,-19.576284520404));
#6081=CARTESIAN_POINT('Ctrl Pts',(-14.3965488061459,-4.01595849879367,-19.5026382494352));
#6082=CARTESIAN_POINT('Ctrl Pts',(-11.8427931534425,-9.85536129238404,-19.3692097713424));
#6083=CARTESIAN_POINT('Ctrl Pts',(-4.74853865035388,-14.6567180695141,-19.1898653319608));
#6084=CARTESIAN_POINT('Ctrl Pts',(3.81336664600638,-14.9275790102535,-19.0105211119735));
#6085=CARTESIAN_POINT('Ctrl Pts',(11.1965706775339,-10.5834027333905,-18.8311758344094));
#6086=CARTESIAN_POINT('Ctrl Pts',(15.1183870149885,-2.96766745664104,-18.6518322485169));
#6087=CARTESIAN_POINT('Ctrl Pts',(14.3664773049446,5.5656261704732,-18.4724865696704));
#6088=CARTESIAN_POINT('Ctrl Pts',(9.17338869566123,12.378308215097,-18.2931431555023));
#6089=CARTESIAN_POINT('Ctrl Pts',(1.14424946162298,15.3642723893524,-18.113797518327));
#6090=CARTESIAN_POINT('Ctrl Pts',(-7.23831847901314,13.6007891036683,-17.9344538610602));
#6091=CARTESIAN_POINT('Ctrl Pts',(-13.2195622826005,7.79155363679827,-17.7598998937565));
#6092=CARTESIAN_POINT('Ctrl Pts',(-14.6101124285958,2.52329780708562,-17.6451283031427));
#6093=CARTESIAN_POINT('Ctrl Pts',(-14.6126027970442,1.49681761998921E-6,
-17.5901380552139));
#6094=CARTESIAN_POINT('Ctrl Pts',(-14.6091533536862,-1.07295769824489E-7,
-17.7563302375868));
#6095=CARTESIAN_POINT('Ctrl Pts',(-14.6089523930914,1.40089003204567,-17.7868427612504));
#6096=CARTESIAN_POINT('Ctrl Pts',(-14.0203489547831,5.54630348114303,-17.8771367443333));
#6097=CARTESIAN_POINT('Ctrl Pts',(-10.1572106352023,11.5853488324542,-18.027213005643));
#6098=CARTESIAN_POINT('Ctrl Pts',(-2.39954476254362,15.2186118112615,-18.2065566350395));
#6099=CARTESIAN_POINT('Ctrl Pts',(6.09940335851845,14.1482420187329,-18.3859021888625));
#6100=CARTESIAN_POINT('Ctrl Pts',(12.7129983091354,8.70352205207452,-18.565245764213));
#6101=CARTESIAN_POINT('Ctrl Pts',(15.3963986052505,0.568478726848329,-18.7445912255333));
#6102=CARTESIAN_POINT('Ctrl Pts',(13.3201718758053,-7.7425056560275,-18.9239350186279));
#6103=CARTESIAN_POINT('Ctrl Pts',(7.12610521891252,-13.6597226075842,-19.1032802023678));
#6104=CARTESIAN_POINT('Ctrl Pts',(-1.27087394148219,-15.3545921335808,-19.2826241683574));
#6105=CARTESIAN_POINT('Ctrl Pts',(-9.27510708825436,-12.3018609082497,-19.4619696049124));
#6106=CARTESIAN_POINT('Ctrl Pts',(-13.7974601856658,-6.26752248751391,-19.6198650666604));
#6107=CARTESIAN_POINT('Ctrl Pts',(-14.6077199344471,-1.76013938333229,-19.7179824157866));
#6108=CARTESIAN_POINT('Ctrl Pts',(-14.6096501214948,1.93720754038118E-6,
-19.756316569931));
#6109=CARTESIAN_POINT('Origin',(0.,0.,0.));
#6110=CARTESIAN_POINT('',(-14.6113856111688,2.53462589944187E-7,-15.5901058413079));
#6111=CARTESIAN_POINT('',(-14.6106693548283,-2.16028788399547E-7,-15.7563354524183));
#6112=CARTESIAN_POINT('',(-14.611,-1.7893314382342E-15,0.));
#6113=CARTESIAN_POINT('Ctrl Pts',(-14.6126027970442,1.49681761998921E-6,
-17.5901380552139));
#6114=CARTESIAN_POINT('Ctrl Pts',(-14.6128197795779,-0.219849998265522,
-17.5853468270998));
#6115=CARTESIAN_POINT('Ctrl Pts',(-14.5478338349344,-3.18276048807972,-17.5207741164055));
#6116=CARTESIAN_POINT('Ctrl Pts',(-12.6415565315331,-8.80929207338903,-17.3964197052832));
#6117=CARTESIAN_POINT('Ctrl Pts',(-6.22790786972815,-13.9958434838791,-17.2237177858529));
#6118=CARTESIAN_POINT('Ctrl Pts',(1.55079496660475,-15.1561401648827,-17.0576576451337));
#6119=CARTESIAN_POINT('Ctrl Pts',(8.64147105649294,-12.5499630143193,-16.8982407123472));
#6120=CARTESIAN_POINT('Ctrl Pts',(13.5991201963398,-6.86239516184015,-16.7388230205933));
#6121=CARTESIAN_POINT('Ctrl Pts',(15.4190199480655,1.33664674634744,-16.5616928249772));
#6122=CARTESIAN_POINT('Ctrl Pts',(12.6451506355655,8.55157196774154,-16.4022751577649));
#6123=CARTESIAN_POINT('Ctrl Pts',(7.58971716407234,12.7935006110781,-16.2605708653908));
#6124=CARTESIAN_POINT('Ctrl Pts',(1.44372740162552,15.1967411714342,-16.1188666840639));
#6125=CARTESIAN_POINT('Ctrl Pts',(-6.21806955736933,14.173116919896,-15.9594488171397));
#6126=CARTESIAN_POINT('Ctrl Pts',(-12.5413148530804,8.64498965847867,-15.7823192450016));
#6127=CARTESIAN_POINT('Ctrl Pts',(-14.4633452745923,3.44165260340791,-15.6651086226962));
#6128=CARTESIAN_POINT('Ctrl Pts',(-14.6119073073716,0.50171809079217,-15.6010376480994));
#6129=CARTESIAN_POINT('Ctrl Pts',(-14.6113856111688,2.53462590138476E-7,
-15.5901058413079));
#6130=CARTESIAN_POINT('Ctrl Pts',(-14.6106693548283,-2.16028788413425E-7,
-15.7563354524183));
#6131=CARTESIAN_POINT('Ctrl Pts',(-14.6096943706911,1.51296049948933,-15.789273915399));
#6132=CARTESIAN_POINT('Ctrl Pts',(-13.998447082349,5.46759655305046,-15.8753517919957));
#6133=CARTESIAN_POINT('Ctrl Pts',(-10.4905319631957,11.0397623906477,-16.014568352314));
#6134=CARTESIAN_POINT('Ctrl Pts',(-2.80110001635559,15.3628270483692,-16.2005549572847));
#6135=CARTESIAN_POINT('Ctrl Pts',(7.58772928992952,14.1549841459476,-16.4131119257785));
#6136=CARTESIAN_POINT('Ctrl Pts',(15.2101983526509,5.15827086688384,-16.6522386015354));
#6137=CARTESIAN_POINT('Ctrl Pts',(14.634522134946,-6.61391225014448,-16.891364523477));
#6138=CARTESIAN_POINT('Ctrl Pts',(6.88870059305709,-14.1249552940686,-17.1105628191102));
#6139=CARTESIAN_POINT('Ctrl Pts',(-2.58120588856772,-15.1830992003069,-17.3098341996782));
#6140=CARTESIAN_POINT('Ctrl Pts',(-10.2894549601091,-11.4689903208467,-17.48917886383));
#6141=CARTESIAN_POINT('Ctrl Pts',(-14.0536583467708,-5.4324206710224,-17.6380110364292));
#6142=CARTESIAN_POINT('Ctrl Pts',(-14.6093461235861,-1.3437931632264,-17.7270613347181));
#6143=CARTESIAN_POINT('Ctrl Pts',(-14.6091533536862,-1.07295769824489E-7,
-17.7563302375868));
#6144=CARTESIAN_POINT('Origin',(0.,0.,0.));
#6145=CARTESIAN_POINT('',(-14.6092996297512,-2.00426709257018E-8,-13.5900827694768));
#6146=CARTESIAN_POINT('',(-14.6100524213216,-8.31998534928102E-7,-13.7563143593003));
#6147=CARTESIAN_POINT('',(-14.611,-1.7893314382342E-15,0.));
#6148=CARTESIAN_POINT('Ctrl Pts',(-14.6113856111688,2.53462590138476E-7,
-15.5901058413079));
#6149=CARTESIAN_POINT('Ctrl Pts',(-14.6093713601346,-1.93711500071385,-15.5478985125745));
#6150=CARTESIAN_POINT('Ctrl Pts',(-13.7336671004157,-6.31660506015542,-15.4525522337883));
#6151=CARTESIAN_POINT('Ctrl Pts',(-9.8644217476512,-11.4225596239241,-15.31735135176));
#6152=CARTESIAN_POINT('Ctrl Pts',(-4.37086784817181,-14.2984055820452,-15.1845032811967));
#6153=CARTESIAN_POINT('Ctrl Pts',(3.03763743149261,-15.1349021376494,-15.0250868135058));
#6154=CARTESIAN_POINT('Ctrl Pts',(11.8511316894845,-10.8423771276025,-14.8258153462208));
#6155=CARTESIAN_POINT('Ctrl Pts',(16.0611734009217,0.183008263884518,-14.5866886781731));
#6156=CARTESIAN_POINT('Ctrl Pts',(12.3532485018315,9.25739860580482,-14.3874169648978));
#6157=CARTESIAN_POINT('Ctrl Pts',(6.27187616777688,13.5723501054712,-14.2279991001712));
#6158=CARTESIAN_POINT('Ctrl Pts',(0.862795898146783,14.9380157420667,-14.1084360902468));
#6159=CARTESIAN_POINT('Ctrl Pts',(-4.68016522070345,14.2048945208817,-13.9888732767677));
#6160=CARTESIAN_POINT('Ctrl Pts',(-10.1080740624975,11.2062432257215,-13.8560248002145));
#6161=CARTESIAN_POINT('Ctrl Pts',(-13.8062232992787,6.10120010164102,-13.7230951838847));
#6162=CARTESIAN_POINT('Ctrl Pts',(-14.6080888845209,1.83285212460143,-13.6300194064369));
#6163=CARTESIAN_POINT('Ctrl Pts',(-14.6092996297512,-2.00426711338686E-8,
-13.5900827694768));
#6164=CARTESIAN_POINT('Ctrl Pts',(-14.6100524213216,-8.31998534900347E-7,
-13.7563143593003));
#6165=CARTESIAN_POINT('Ctrl Pts',(-14.6069589399328,2.23315315864499,-13.8049721291931));
#6166=CARTESIAN_POINT('Ctrl Pts',(-13.4593604417404,7.2091457731926,-13.9134116868073));
#6167=CARTESIAN_POINT('Ctrl Pts',(-8.03664970429528,13.1454147450495,-14.0816322262945));
#6168=CARTESIAN_POINT('Ctrl Pts',(0.223904903341579,15.4045212287413,-14.2609766901535));
#6169=CARTESIAN_POINT('Ctrl Pts',(8.4179027099875,12.904515061329,-14.4403216862661));
#6170=CARTESIAN_POINT('Ctrl Pts',(14.0082882628968,6.41358433267872,-14.6196655285498));
#6171=CARTESIAN_POINT('Ctrl Pts',(15.2686298141643,-2.05911718128738,-14.7990109975574));
#6172=CARTESIAN_POINT('Ctrl Pts',(11.8088925999326,-9.89598681573173,-14.9783545352054));
#6173=CARTESIAN_POINT('Ctrl Pts',(4.69787014798029,-14.67270232336,-15.1577001642894));
#6174=CARTESIAN_POINT('Ctrl Pts',(-3.86392885020859,-14.9150021695175,-15.33704364364));
#6175=CARTESIAN_POINT('Ctrl Pts',(-11.2342716425436,-10.5435968105919,-15.5163892913129));
#6176=CARTESIAN_POINT('Ctrl Pts',(-14.2667599792721,-4.60124284553139,-15.6561521815734));
#6177=CARTESIAN_POINT('Ctrl Pts',(-14.6112673026505,-0.927883584070425,
-15.7361346291879));
#6178=CARTESIAN_POINT('Ctrl Pts',(-14.6106693548283,-2.16028788413425E-7,
-15.7563354524183));
#6179=CARTESIAN_POINT('Origin',(0.,0.,0.));
#6180=CARTESIAN_POINT('',(-14.6094255201243,1.72864568284692E-6,-11.5901236770558));
#6181=CARTESIAN_POINT('',(-14.6129496063998,8.67311603890142E-7,-11.7563414739027));
#6182=CARTESIAN_POINT('',(-14.611,-1.7893314382342E-15,0.));
#6183=CARTESIAN_POINT('Ctrl Pts',(-14.6092996297512,-2.00426711338686E-8,
-13.5900827694768));
#6184=CARTESIAN_POINT('Ctrl Pts',(-14.6096998858037,-0.605916232564055,
-13.5768802556361));
#6185=CARTESIAN_POINT('Ctrl Pts',(-14.4234306218174,-3.65137191472296,-13.5105385885644));
#6186=CARTESIAN_POINT('Ctrl Pts',(-11.9029167660242,-10.1107028783373,-13.3644882911737));
#6187=CARTESIAN_POINT('Ctrl Pts',(-4.7609169699269,-14.6901480742244,-13.1917865960878));
#6188=CARTESIAN_POINT('Ctrl Pts',(2.70385264294553,-14.7029781171877,-13.0323684817218));
#6189=CARTESIAN_POINT('Ctrl Pts',(8.77749194492844,-12.3709855304546,-12.8928791223037));
#6190=CARTESIAN_POINT('Ctrl Pts',(13.8737876364504,-6.70433982618969,-12.7334608313764));
#6191=CARTESIAN_POINT('Ctrl Pts',(15.3070963679152,1.73913600221645,-12.5541169056689));
#6192=CARTESIAN_POINT('Ctrl Pts',(12.0136826605522,9.6469594711267,-12.3747716779966));
#6193=CARTESIAN_POINT('Ctrl Pts',(5.00367226363595,14.571517148551,-12.1954279564631));
#6194=CARTESIAN_POINT('Ctrl Pts',(-3.55184677292221,14.9918989776473,-12.0160823749656));
#6195=CARTESIAN_POINT('Ctrl Pts',(-11.0099895215895,10.7774692240089,-11.8367389510116));
#6196=CARTESIAN_POINT('Ctrl Pts',(-14.2196875009714,4.80322073136921,-11.6947516398602));
#6197=CARTESIAN_POINT('Ctrl Pts',(-14.6104063466074,1.02955045279638,-11.6125469562685));
#6198=CARTESIAN_POINT('Ctrl Pts',(-14.6094255201243,1.72864568304121E-6,
-11.5901236770558));
#6199=CARTESIAN_POINT('Ctrl Pts',(-14.6129496063998,8.67311603480747E-7,
-11.7563414739027));
#6200=CARTESIAN_POINT('Ctrl Pts',(-14.6117132451627,2.64829255032123,-11.8140601225734));
#6201=CARTESIAN_POINT('Ctrl Pts',(-13.1108672763558,8.0410189393293,-11.9315608451161));
#6202=CARTESIAN_POINT('Ctrl Pts',(-6.88545629583827,13.7818912660452,-12.1088418221459));
#6203=CARTESIAN_POINT('Ctrl Pts',(1.53727406874993,15.3305117841098,-12.2881868111275));
#6204=CARTESIAN_POINT('Ctrl Pts',(9.49192570929673,12.1370498432565,-12.4675313146598));
#6205=CARTESIAN_POINT('Ctrl Pts',(14.498433396541,5.19685492502283,-12.6468754996752));
#6206=CARTESIAN_POINT('Ctrl Pts',(15.110393100607,-4.31123906047687,-12.8461480607101));
#6207=CARTESIAN_POINT('Ctrl Pts',(9.07498553103401,-13.2531827366826,-13.0653468079908));
#6208=CARTESIAN_POINT('Ctrl Pts',(-2.42909410631803,-15.8777230128093,-13.3044726100163));
#6209=CARTESIAN_POINT('Ctrl Pts',(-11.7430503673656,-10.4410519043564,-13.5236719492901));
#6210=CARTESIAN_POINT('Ctrl Pts',(-14.4447513690494,-3.76486280473379,-13.6742852736686));
#6211=CARTESIAN_POINT('Ctrl Pts',(-14.6107596304183,-0.510528169322213,
-13.7451905757155));
#6212=CARTESIAN_POINT('Ctrl Pts',(-14.6100524213216,-8.31998534900347E-7,
-13.7563143593003));
#6213=CARTESIAN_POINT('Origin',(0.,0.,0.));
#6214=CARTESIAN_POINT('',(-14.6168508143278,5.42433690869204E-6,-9.5901610828919));
#6215=CARTESIAN_POINT('',(-14.6150246707298,1.61423159728003E-5,-9.75636646178406));
#6216=CARTESIAN_POINT('',(-14.611,-1.7893314382342E-15,0.));
#6217=CARTESIAN_POINT('Ctrl Pts',(-14.6094255201243,1.72864568304121E-6,
-11.5901236770558));
#6218=CARTESIAN_POINT('Ctrl Pts',(-14.6077914244643,-1.71526710941344,-11.5527656082452));
#6219=CARTESIAN_POINT('Ctrl Pts',(-13.8272463646849,-6.17672375592387,-11.4556263023596));
#6220=CARTESIAN_POINT('Ctrl Pts',(-9.38824157625127,-12.21612995161,-11.2987042643464));
#6221=CARTESIAN_POINT('Ctrl Pts',(-1.41256693255515,-15.3420030531281,-11.1193603640169));
#6222=CARTESIAN_POINT('Ctrl Pts',(6.9995945269335,-13.7249966253154,-10.9400155074764));
#6223=CARTESIAN_POINT('Ctrl Pts',(13.2483316767013,-7.86519980268029,-10.7606708285417));
#6224=CARTESIAN_POINT('Ctrl Pts',(15.4005620751518,0.426476590140145,-10.5813267765635));
#6225=CARTESIAN_POINT('Ctrl Pts',(12.7936525686895,8.58540233470998,-10.4019813868961));
#6226=CARTESIAN_POINT('Ctrl Pts',(6.2281215305089,14.0920829634638,-10.2226378663169));
#6227=CARTESIAN_POINT('Ctrl Pts',(-1.9413591945653,15.1960446370125,-10.0499345995492));
#6228=CARTESIAN_POINT('Ctrl Pts',(-9.20066557002946,12.1458233380342,-9.88387595105963));
#6229=CARTESIAN_POINT('Ctrl Pts',(-13.6446018747527,6.55254501765906,-9.73283147231469));
#6230=CARTESIAN_POINT('Ctrl Pts',(-14.6147387381779,2.05414279164467,-9.6349266017045));
#6231=CARTESIAN_POINT('Ctrl Pts',(-14.6168508465162,5.42436675049496E-6,
-9.59016108303992));
#6232=CARTESIAN_POINT('Ctrl Pts',(-14.6150246707298,1.61423159728558E-5,
-9.75636646178406));
#6233=CARTESIAN_POINT('Ctrl Pts',(-14.6022651084911,3.06127321456072,-9.82314712241754));
#6234=CARTESIAN_POINT('Ctrl Pts',(-12.7298393363493,8.87047507455659,-9.94970898640589));
#6235=CARTESIAN_POINT('Ctrl Pts',(-5.67881341450757,14.3173400012431,-10.1360514004449));
#6236=CARTESIAN_POINT('Ctrl Pts',(2.8392885818739,15.1437936005286,-10.3153969815078));
#6237=CARTESIAN_POINT('Ctrl Pts',(10.4917896545793,11.2832024923507,-10.4947407908102));
#6238=CARTESIAN_POINT('Ctrl Pts',(14.8946175221682,3.93736321067538,-10.6740857680991));
#6239=CARTESIAN_POINT('Ctrl Pts',(14.6960738754055,-4.62714415151355,-10.8534302785115));
#6240=CARTESIAN_POINT('Ctrl Pts',(9.95280453658659,-11.7604764164112,-11.032774524042));
#6241=CARTESIAN_POINT('Ctrl Pts',(2.13342691661466,-15.2584975987343,-11.2121196996196));
#6242=CARTESIAN_POINT('Ctrl Pts',(-6.34570679735152,-14.0393936772229,-11.3914634301894));
#6243=CARTESIAN_POINT('Ctrl Pts',(-12.8632316302651,-8.48006390459436,-11.5708089298455));
#6244=CARTESIAN_POINT('Ctrl Pts',(-14.5861329644641,-2.93221460936618,-11.6924341976726));
#6245=CARTESIAN_POINT('Ctrl Pts',(-14.6129937942668,-0.0946497552581704,
-11.7542785946264));
#6246=CARTESIAN_POINT('Ctrl Pts',(-14.6129496063998,8.67311603480747E-7,
-11.7563414739027));
#6247=CARTESIAN_POINT('Origin',(0.,0.,0.));
#6248=CARTESIAN_POINT('',(-14.6104279359272,3.62044084725732E-6,-7.59005288563926));
#6249=CARTESIAN_POINT('',(-14.6114792662247,4.10119840865697E-9,-7.75624885585018));
#6250=CARTESIAN_POINT('',(-14.611,-1.7893314382342E-15,0.));
#6251=CARTESIAN_POINT('Ctrl Pts',(-14.6168508465162,5.42436675049496E-6,
-9.59016108303992));
#6252=CARTESIAN_POINT('Ctrl Pts',(-14.6172459279582,-0.384232229747603,
-9.58178744739564));
#6253=CARTESIAN_POINT('Ctrl Pts',(-14.4589157091862,-4.42504122050759,-9.49370511354818));
#6254=CARTESIAN_POINT('Ctrl Pts',(-10.8433561232333,-11.8471762462309,-9.32591480468071));
#6255=CARTESIAN_POINT('Ctrl Pts',(0.169974244386269,-16.0605075368718,-9.08678833850405));
#6256=CARTESIAN_POINT('Ctrl Pts',(11.0873726318165,-11.6176552621084,-8.84766316106388));
#6257=CARTESIAN_POINT('Ctrl Pts',(15.4718182850346,-2.12033488841292,-8.63510625096063));
#6258=CARTESIAN_POINT('Ctrl Pts',(13.7557098965766,6.53372219196605,-8.44911875884017));
#6259=CARTESIAN_POINT('Ctrl Pts',(8.94475659191799,12.3354642119608,-8.28970133629617));
#6260=CARTESIAN_POINT('Ctrl Pts',(1.91198207621776,15.119199554324,-8.1302839270411));
#6261=CARTESIAN_POINT('Ctrl Pts',(-4.73745152123407,14.274541476849,-7.98857949392384));
#6262=CARTESIAN_POINT('Ctrl Pts',(-11.1071966460913,10.4610275153001,-7.82916263005429));
#6263=CARTESIAN_POINT('Ctrl Pts',(-14.221491297922,5.14523616857029,-7.7022247117962));
#6264=CARTESIAN_POINT('Ctrl Pts',(-14.6135171626209,0.948113916105094,-7.61071261344804));
#6265=CARTESIAN_POINT('Ctrl Pts',(-14.6104279359272,3.62044084756263E-6,
-7.59005288563925));
#6266=CARTESIAN_POINT('Ctrl Pts',(-14.6114792662247,4.1011987139683E-9,
-7.75624885585018));
#6267=CARTESIAN_POINT('Ctrl Pts',(-14.6144054160054,0.739222200056775,-7.77235678975994));
#6268=CARTESIAN_POINT('Ctrl Pts',(-14.2976052930045,5.13396377605502,-7.8681734364506));
#6269=CARTESIAN_POINT('Ctrl Pts',(-9.95093163465762,12.6051436161243,-8.04369791645466));
#6270=CARTESIAN_POINT('Ctrl Pts',(1.34079334188004,16.0064462660623,-8.2828239121195));
#6271=CARTESIAN_POINT('Ctrl Pts',(11.0070530974588,11.213584922424,-8.50202319314741));
#6272=CARTESIAN_POINT('Ctrl Pts',(15.1727743864666,2.64729946986384,-8.70129592409943));
#6273=CARTESIAN_POINT('Ctrl Pts',(14.2489951587101,-5.86588882857531,-8.8806397864349));
#6274=CARTESIAN_POINT('Ctrl Pts',(8.91207797493694,-12.561087834887,-9.05998472101354));
#6275=CARTESIAN_POINT('Ctrl Pts',(-0.077392964379234,-15.7138770203714,
-9.25925639022696));
#6276=CARTESIAN_POINT('Ctrl Pts',(-10.3145648295351,-12.3124163115211,-9.47845499226383));
#6277=CARTESIAN_POINT('Ctrl Pts',(-14.3733020995105,-4.83806509403729,-9.65080144049363));
#6278=CARTESIAN_POINT('Ctrl Pts',(-14.6174948010113,-0.592614204431598,
-9.74343835900365));
#6279=CARTESIAN_POINT('Ctrl Pts',(-14.6150246707298,1.61423159728558E-5,
-9.75636646178406));
#6280=CARTESIAN_POINT('Origin',(0.,0.,0.));
#6281=CARTESIAN_POINT('',(-14.6053162957398,-1.38112705806714E-5,-5.59018032251062));
#6282=CARTESIAN_POINT('',(-14.6047271254579,-9.2256283656944E-6,-5.75636534077287));
#6283=CARTESIAN_POINT('',(-14.611,-1.7893314382342E-15,0.));
#6284=CARTESIAN_POINT('Ctrl Pts',(-14.6104279359272,3.62044084756263E-6,
-7.59005288563925));
#6285=CARTESIAN_POINT('Ctrl Pts',(-14.6029226868248,-2.30342201027029,-7.53986025849882));
#6286=CARTESIAN_POINT('Ctrl Pts',(-13.6679283031434,-6.23835267442146,-7.45424148932067));
#6287=CARTESIAN_POINT('Ctrl Pts',(-9.79636018124188,-11.4123339374706,-7.31548471532928));
#6288=CARTESIAN_POINT('Ctrl Pts',(-3.96449495133967,-14.7156958062168,-7.17377916422333));
#6289=CARTESIAN_POINT('Ctrl Pts',(3.59921091392189,-14.805646618373,-7.01436253157654));
#6290=CARTESIAN_POINT('Ctrl Pts',(10.2515373062971,-11.2619283724787,-6.85494513183169));
#6291=CARTESIAN_POINT('Ctrl Pts',(15.1190964811321,-3.90452126768599,-6.66895750300569));
#6292=CARTESIAN_POINT('Ctrl Pts',(14.6673964600367,6.54571351366515,-6.45640053739371));
#6293=CARTESIAN_POINT('Ctrl Pts',(6.2421881126846,14.7969380499451,-6.21727504851835));
#6294=CARTESIAN_POINT('Ctrl Pts',(-5.53198211394434,15.073838127842,-5.978149132947));
#6295=CARTESIAN_POINT('Ctrl Pts',(-13.2274743229098,8.22712901120249,-5.76911765972101));
#6296=CARTESIAN_POINT('Ctrl Pts',(-14.6001824723579,2.27954401006493,-5.63979471115877));
#6297=CARTESIAN_POINT('Ctrl Pts',(-14.6053162957398,-1.38112705811988E-5,
-5.59018032251062));
#6298=CARTESIAN_POINT('Ctrl Pts',(-14.6047271254579,-9.2256283656944E-6,
-5.75636534077287));
#6299=CARTESIAN_POINT('Ctrl Pts',(-14.6018688059634,2.0709327652039,-5.80143165236189));
#6300=CARTESIAN_POINT('Ctrl Pts',(-13.4059493244762,7.80760981475151,-5.92620676557669));
#6301=CARTESIAN_POINT('Ctrl Pts',(-6.17570623904878,14.8239014317849,-6.13069085223128));
#6302=CARTESIAN_POINT('Ctrl Pts',(5.60454145819391,15.0486399241451,-6.36981682379539));
#6303=CARTESIAN_POINT('Ctrl Pts',(14.3678207450171,7.17386303293392,-6.60894354340755));
#6304=CARTESIAN_POINT('Ctrl Pts',(15.3957855525603,-4.56539649548134,-6.84806841984984));
#6305=CARTESIAN_POINT('Ctrl Pts',(8.13770835947659,-13.8449677494732,-7.08719481700717));
#6306=CARTESIAN_POINT('Ctrl Pts',(-3.5021340871737,-15.6712194876509,-7.32632095084304));
#6307=CARTESIAN_POINT('Ctrl Pts',(-12.6002366805922,-9.51001909642531,-7.54933814633014));
#6308=CARTESIAN_POINT('Ctrl Pts',(-14.5999256088508,-2.91875693424716,-7.69264802768404));
#6309=CARTESIAN_POINT('Ctrl Pts',(-14.6114792662247,4.1011987139683E-9,
-7.75624885585018));
#6310=CARTESIAN_POINT('Origin',(0.,0.,0.));
#6311=CARTESIAN_POINT('',(-14.6097793062574,3.75899804339053E-9,-3.59013690261778));
#6312=CARTESIAN_POINT('',(-14.6118628483108,5.72165593619445E-7,-3.75634241568752));
#6313=CARTESIAN_POINT('',(-14.611,-1.7893314382342E-15,0.));
#6314=CARTESIAN_POINT('Ctrl Pts',(-14.6053162957398,-1.38112705811988E-5,
-5.59018032251062));
#6315=CARTESIAN_POINT('Ctrl Pts',(-14.6084302777745,-1.38270689878282,-5.56008612109012));
#6316=CARTESIAN_POINT('Ctrl Pts',(-13.9197298286227,-6.42467607702364,-5.45028331407116));
#6317=CARTESIAN_POINT('Ctrl Pts',(-8.20573371621445,-13.8048374940454,-5.26077177045613));
#6318=CARTESIAN_POINT('Ctrl Pts',(3.43524711758729,-15.6904840733954,-5.02164605038121));
#6319=CARTESIAN_POINT('Ctrl Pts',(12.1147238882049,-9.85148352418283,-4.80908904658398));
#6320=CARTESIAN_POINT('Ctrl Pts',(15.1480306986107,-1.56964497136451,-4.62310126655344));
#6321=CARTESIAN_POINT('Ctrl Pts',(14.0529536442031,5.89159372405086,-4.46368434483543));
#6322=CARTESIAN_POINT('Ctrl Pts',(9.49206845800921,11.9185673362549,-4.30426623684014));
#6323=CARTESIAN_POINT('Ctrl Pts',(3.75458994990004,14.4937514927562,-4.17141898466437));
#6324=CARTESIAN_POINT('Ctrl Pts',(-1.15811708312057,14.7168840148447,-4.06514071946577));
#6325=CARTESIAN_POINT('Ctrl Pts',(-5.97420181388601,13.728283170761,-3.95886275960114));
#6326=CARTESIAN_POINT('Ctrl Pts',(-11.2409717857377,10.2862771262811,-3.82601425412578));
#6327=CARTESIAN_POINT('Ctrl Pts',(-14.181265416762,4.7797903207828,-3.6942498005669));
#6328=CARTESIAN_POINT('Ctrl Pts',(-14.6098595620464,1.17009141596852,-3.61562373275235));
#6329=CARTESIAN_POINT('Ctrl Pts',(-14.6097793062574,3.75899789073486E-9,
-3.59013690261778));
#6330=CARTESIAN_POINT('Ctrl Pts',(-14.6118628483108,5.72165593931695E-7,
-3.75634241568752));
#6331=CARTESIAN_POINT('Ctrl Pts',(-14.6101425189924,2.17995078645427,-3.80384381059622));
#6332=CARTESIAN_POINT('Ctrl Pts',(-13.5630040982269,6.80010811971206,-3.90448397367303));
#6333=CARTESIAN_POINT('Ctrl Pts',(-8.87994361589835,12.3806891836569,-4.05826421273371));
#6334=CARTESIAN_POINT('Ctrl Pts',(-1.84760565150617,15.1233729752338,-4.21768113926899));
#6335=CARTESIAN_POINT('Ctrl Pts',(5.64675795165829,14.1530507533189,-4.37709896718605));
#6336=CARTESIAN_POINT('Ctrl Pts',(11.7368262302703,9.70449815965308,-4.53651647197261));
#6337=CARTESIAN_POINT('Ctrl Pts',(15.5177501860536,1.73643786745799,-4.72250273044259));
#6338=CARTESIAN_POINT('Ctrl Pts',(13.599300502064,-8.5468992206621,-4.93505872231014));
#6339=CARTESIAN_POINT('Ctrl Pts',(4.09566188118377,-15.5284879052583,-5.17418518045846));
#6340=CARTESIAN_POINT('Ctrl Pts',(-7.60063599711153,-14.1444499845784,-5.41331132926928));
#6341=CARTESIAN_POINT('Ctrl Pts',(-13.7772478221025,-6.84473877970194,-5.60737155359568));
#6342=CARTESIAN_POINT('Ctrl Pts',(-14.6069243167821,-1.591943151811,-5.72172284925739));
#6343=CARTESIAN_POINT('Ctrl Pts',(-14.6047271254579,-9.2256283656944E-6,
-5.75636534077287));
#6344=CARTESIAN_POINT('Origin',(0.,0.,0.));
#6345=CARTESIAN_POINT('',(-14.612198489852,-1.32227453250588E-6,-1.59012237194111));
#6346=CARTESIAN_POINT('',(-14.610432300328,-1.15309167943167E-6,-1.75635238791784));
#6347=CARTESIAN_POINT('',(-14.611,-1.7893314382342E-15,0.));
#6348=CARTESIAN_POINT('Ctrl Pts',(-14.6097793062574,3.75899789073486E-9,
-3.59013690261778));
#6349=CARTESIAN_POINT('Ctrl Pts',(-14.6096922312015,-1.26951309219615,-3.56248447795027));
#6350=CARTESIAN_POINT('Ctrl Pts',(-14.1313425854244,-4.97862736910574,-3.48169277939207));
#6351=CARTESIAN_POINT('Ctrl Pts',(-11.0283838920308,-10.5122017216136,-3.34776259239621));
#6352=CARTESIAN_POINT('Ctrl Pts',(-4.62650129854921,-14.5170476524655,-3.18834525331627));
#6353=CARTESIAN_POINT('Ctrl Pts',(2.91091512510513,-14.9543218949242,-3.02892746939341));
#6354=CARTESIAN_POINT('Ctrl Pts',(10.0209060641235,-11.5874332597448,-2.86286810385765));
#6355=CARTESIAN_POINT('Ctrl Pts',(14.6529419146261,-4.76341786868634,-2.6901655889859));
#6356=CARTESIAN_POINT('Ctrl Pts',(14.9308044976199,3.7998257377074,-2.5108213271395));
#6357=CARTESIAN_POINT('Ctrl Pts',(10.5941502743925,11.1862947177506,-2.33147628379676));
#6358=CARTESIAN_POINT('Ctrl Pts',(2.98183675161651,15.115728647451,-2.1521324604318));
#6359=CARTESIAN_POINT('Ctrl Pts',(-5.55203397503939,14.3716515062345,-1.97278693077122));
#6360=CARTESIAN_POINT('Ctrl Pts',(-12.3696371750016,9.18508158169285,-1.79344348994015));
#6361=CARTESIAN_POINT('Ctrl Pts',(-14.4987821531611,3.47654292698518,-1.66588768027045));
#6362=CARTESIAN_POINT('Ctrl Pts',(-14.6126962469308,0.366744365680267,-1.59811428707146));
#6363=CARTESIAN_POINT('Ctrl Pts',(-14.612198489852,-1.32227453236711E-6,
-1.59012237194111));
#6364=CARTESIAN_POINT('Ctrl Pts',(-14.610432300328,-1.15309167947331E-6,
-1.75635238791784));
#6365=CARTESIAN_POINT('Ctrl Pts',(-14.6075366967742,1.9869324808361,-1.79963572523557));
#6366=CARTESIAN_POINT('Ctrl Pts',(-13.6408673244628,6.72074073574402,-1.90270088885164));
#6367=CARTESIAN_POINT('Ctrl Pts',(-8.69173389314296,12.7211981228982,-2.06554647600294));
#6368=CARTESIAN_POINT('Ctrl Pts',(-0.553597285018317,15.3968968734342,-2.244891596882));
#6369=CARTESIAN_POINT('Ctrl Pts',(7.75445299466925,13.3129487044783,-2.42423583014703));
#6370=CARTESIAN_POINT('Ctrl Pts',(13.6676617329354,7.11299213803398,-2.60358054994807));
#6371=CARTESIAN_POINT('Ctrl Pts',(15.288528695765,-0.97383404234193,-2.77628251540303));
#6372=CARTESIAN_POINT('Ctrl Pts',(12.7067071773464,-8.4049501347909,-2.94234255849564));
#6373=CARTESIAN_POINT('Ctrl Pts',(7.11207890028025,-13.4748096007926,-3.10175967639755));
#6374=CARTESIAN_POINT('Ctrl Pts',(-0.231671404430826,-15.2340353444764,
-3.26117701397554));
#6375=CARTESIAN_POINT('Ctrl Pts',(-7.51801979855993,-13.2522056389542,-3.4205949819383));
#6376=CARTESIAN_POINT('Ctrl Pts',(-12.9574643247581,-8.01492687043595,-3.58001168476457));
#6377=CARTESIAN_POINT('Ctrl Pts',(-14.5418662225976,-2.9560202434206,-3.6919280097866));
#6378=CARTESIAN_POINT('Ctrl Pts',(-14.6120670241679,-0.258725009353864,
-3.75070475206558));
#6379=CARTESIAN_POINT('Ctrl Pts',(-14.6118628483108,5.72165593931695E-7,
-3.75634241568752));
#6380=CARTESIAN_POINT('Origin',(0.,0.,-23.69717978381));
#6381=CARTESIAN_POINT('',(-13.7645033450175,-0.000730911181552506,-1.04365866055653));
#6382=CARTESIAN_POINT('',(-13.7654618158379,0.000233981727907756,-0.302820216189947));
#6383=CARTESIAN_POINT('',(-13.7645,-7.46980998075423E-13,-23.69717978381));
#6384=CARTESIAN_POINT('',(13.6352322894895,1.88199379958148,1.43982048506075E-15));
#6385=CARTESIAN_POINT('Ctrl Pts',(-13.7645033450175,-0.000730911181552509,
-1.04365866055653));
#6386=CARTESIAN_POINT('Ctrl Pts',(-13.7654643569678,-0.607561123214717,
-1.02962492488637));
#6387=CARTESIAN_POINT('Ctrl Pts',(-13.7263628577803,-1.21426822439733,-1.0155911892162));
#6388=CARTESIAN_POINT('Ctrl Pts',(-13.6463697923307,-1.81553494771486,-1.00155745354604));
#6389=CARTESIAN_POINT('Ctrl Pts',(-13.2992795109194,-4.42443404448762,-0.940665009486891));
#6390=CARTESIAN_POINT('Ctrl Pts',(-12.1823252986796,-6.93090735835852,-0.879772565427742));
#6391=CARTESIAN_POINT('Ctrl Pts',(-10.4744365679669,-8.93340968890552,-0.818880121368594));
#6392=CARTESIAN_POINT('Ctrl Pts',(-8.76654783725427,-10.9359120194525,-0.757987677309446));
#6393=CARTESIAN_POINT('Ctrl Pts',(-6.46772458806879,-12.4344433666755,-0.697095233250298));
#6394=CARTESIAN_POINT('Ctrl Pts',(-3.94629253355302,-13.1888829145425,-0.63620278919115));
#6395=CARTESIAN_POINT('Ctrl Pts',(-1.42486047903729,-13.9433224624094,-0.575310345132004));
#6396=CARTESIAN_POINT('Ctrl Pts',(1.31918038080881,-13.9536702109202,-0.514417901072855));
#6397=CARTESIAN_POINT('Ctrl Pts',(3.84627775470789,-13.2183599457239,-0.453525457013708));
#6398=CARTESIAN_POINT('Ctrl Pts',(6.37337512860703,-12.4830496805275,-0.392633012954561));
#6399=CARTESIAN_POINT('Ctrl Pts',(8.68352901655923,-11.002081401624,-0.331740568895413));
#6400=CARTESIAN_POINT('Ctrl Pts',(10.406501736737,-9.01253720624482,-0.270848124836266));
#6401=CARTESIAN_POINT('Ctrl Pts',(12.1294744569147,-7.02299301086568,-0.209955680777119));
#6402=CARTESIAN_POINT('Ctrl Pts',(13.2652660093179,-4.52487289901101,-0.149063236717974));
#6403=CARTESIAN_POINT('Ctrl Pts',(13.6321673936662,-1.91875502848514,-0.0881707926588277));
#6404=CARTESIAN_POINT('Ctrl Pts',(13.8092555167519,-0.660889722113188,-0.0587805284392207));
#6405=CARTESIAN_POINT('Ctrl Pts',(13.8072234764482,0.622134673271223,-0.0293902642196127));
#6406=CARTESIAN_POINT('Ctrl Pts',(13.6332558744251,1.88150727196159,-5.62050406216485E-15));
#6407=CARTESIAN_POINT('',(-7.99159174607707,-11.2069586246239,0.));
#6408=CARTESIAN_POINT('Origin',(0.,0.,0.));
#6409=CARTESIAN_POINT('Ctrl Pts',(-13.7654618158379,0.000233981727907825,
-0.302820216189947));
#6410=CARTESIAN_POINT('Ctrl Pts',(-13.7641786470673,-2.09578842141532,-0.254341308860805));
#6411=CARTESIAN_POINT('Ctrl Pts',(-12.7523919922507,-6.46163705294498,-0.153401236797489));
#6412=CARTESIAN_POINT('Ctrl Pts',(-9.83862863715246,-9.88985152466681,-0.0524611647341741));
#6413=CARTESIAN_POINT('Ctrl Pts',(-7.99159174607707,-11.2069586246239,0.));
#6414=CARTESIAN_POINT('Origin',(0.,0.,-23.69717978381));
#6415=CARTESIAN_POINT('',(-13.7633624366634,0.000263967266505007,-3.04365866045114));
#6416=CARTESIAN_POINT('',(-13.7636724722038,0.000243059895255193,-2.30282021618995));
#6417=CARTESIAN_POINT('',(-13.7645,-7.46980998075423E-13,-23.69717978381));
#6418=CARTESIAN_POINT('Ctrl Pts',(-13.7633624366634,0.000263967266505007,
-3.04365866045114));
#6419=CARTESIAN_POINT('Ctrl Pts',(-13.762721918258,-1.34839091677951,-3.01247766144701));
#6420=CARTESIAN_POINT('Ctrl Pts',(-13.5660010385623,-2.69724122109168,-2.98129666244288));
#6421=CARTESIAN_POINT('Ctrl Pts',(-13.1755426722707,-3.98747497654862,-2.95011566343875));
#6422=CARTESIAN_POINT('Ctrl Pts',(-12.497751995293,-6.2271719226701,-2.89598904649729));
#6423=CARTESIAN_POINT('Ctrl Pts',(-11.2361730312414,-8.29023988876491,-2.84186242955583));
#6424=CARTESIAN_POINT('Ctrl Pts',(-9.55121359210757,-9.91352964287934,-2.78773581261436));
#6425=CARTESIAN_POINT('Ctrl Pts',(-7.86625415297368,-11.5368193969938,-2.7336091956729));
#6426=CARTESIAN_POINT('Ctrl Pts',(-5.75791423875754,-12.7203309391278,-2.67948257873144));
#6427=CARTESIAN_POINT('Ctrl Pts',(-3.49450761362208,-13.314581887748,-2.62535596178997));
#6428=CARTESIAN_POINT('Ctrl Pts',(-1.23110098848663,-13.9088328363682,-2.57122934484851));
#6429=CARTESIAN_POINT('Ctrl Pts',(1.18737234756813,-13.9138231914744,-2.51710272790704));
#6430=CARTESIAN_POINT('Ctrl Pts',(3.4520765049764,-13.3263905568722,-2.46297611096557));
#6431=CARTESIAN_POINT('Ctrl Pts',(5.99986868206069,-12.6655288429447,-2.40208366690643));
#6432=CARTESIAN_POINT('Ctrl Pts',(8.35304674242066,-11.2548817826676,-2.34119122284728));
#6433=CARTESIAN_POINT('Ctrl Pts',(10.1343817719245,-9.31770831773682,-2.28029877878813));
#6434=CARTESIAN_POINT('Ctrl Pts',(11.9157168014283,-7.38053485280608,-2.21940633472898));
#6435=CARTESIAN_POINT('Ctrl Pts',(13.1252088000759,-4.91683498322189,-2.15851389066984));
#6436=CARTESIAN_POINT('Ctrl Pts',(13.5692388594768,-2.32253215668903,-2.09762144661069));
#6437=CARTESIAN_POINT('Ctrl Pts',(14.0132689188777,0.271770669843832,-2.03672900255155));
#6438=CARTESIAN_POINT('Ctrl Pts',(13.6918370390318,2.99667645332528,-1.9758365584924));
#6439=CARTESIAN_POINT('Ctrl Pts',(12.656359046157,5.41623813631396,-1.91494411443325));
#6440=CARTESIAN_POINT('Ctrl Pts',(11.6208810532823,7.83579981930265,-1.8540516703741));
#6441=CARTESIAN_POINT('Ctrl Pts',(9.8713569473786,9.95001740179865,-1.79315922631496));
#6442=CARTESIAN_POINT('Ctrl Pts',(7.68811704376095,11.4198643279284,-1.73226678225581));
#6443=CARTESIAN_POINT('Ctrl Pts',(5.5048771401433,12.8897112540581,-1.67137433819666));
#6444=CARTESIAN_POINT('Ctrl Pts',(2.88792143881159,13.7151875238215,-1.61048189413751));
#6445=CARTESIAN_POINT('Ctrl Pts',(0.256488853191283,13.7642032464273,-1.54958945007837));
#6446=CARTESIAN_POINT('Ctrl Pts',(-2.37494373242907,13.8132189690331,-1.48869700601922));
#6447=CARTESIAN_POINT('Ctrl Pts',(-5.02085320233798,13.0857741444813,-1.42780456196007));
#6448=CARTESIAN_POINT('Ctrl Pts',(-7.25733295440268,11.6983324969516,-1.36691211790092));
#6449=CARTESIAN_POINT('Ctrl Pts',(-9.49381270646734,10.3108908494219,-1.30601967384178));
#6450=CARTESIAN_POINT('Ctrl Pts',(-11.3208627406877,8.26345237891432,-1.24512722978263));
#6451=CARTESIAN_POINT('Ctrl Pts',(-12.4457745825064,5.88407070382327,-1.18423478572348));
#6452=CARTESIAN_POINT('Ctrl Pts',(-13.3114306876858,4.05305942185075,-1.1373760773345));
#6453=CARTESIAN_POINT('Ctrl Pts',(-13.7612945216655,2.02547797685809,-1.09051736894552));
#6454=CARTESIAN_POINT('Ctrl Pts',(-13.7645033450175,-0.000730911181552506,
-1.04365866055653));
#6455=CARTESIAN_POINT('Ctrl Pts',(-13.7636724722038,0.000243059895254638,
-2.30282021618995));
#6456=CARTESIAN_POINT('Ctrl Pts',(-13.7627490819542,-1.4334826559936,-2.26966978373839));
#6457=CARTESIAN_POINT('Ctrl Pts',(-13.1867922710073,-5.13683039424484,-2.18405818655266));
#6458=CARTESIAN_POINT('Ctrl Pts',(-9.91850106506111,-10.3538589874084,-2.04598542463276));
#6459=CARTESIAN_POINT('Ctrl Pts',(-3.81737149890445,-13.820517858877,-1.88860193043024));
#6460=CARTESIAN_POINT('Ctrl Pts',(3.19811733545781,-13.9768067431515,-1.73121843622773));
#6461=CARTESIAN_POINT('Ctrl Pts',(9.44757444098714,-10.7852839854468,-1.5738349420252));
#6462=CARTESIAN_POINT('Ctrl Pts',(13.434092167935,-5.01041449310821,-1.41645144782268));
#6463=CARTESIAN_POINT('Ctrl Pts',(14.2027976358709,1.9645952078715,-1.25906795362016));
#6464=CARTESIAN_POINT('Ctrl Pts',(11.5695631998583,8.46900207449277,-1.10168445941765));
#6465=CARTESIAN_POINT('Ctrl Pts',(6.16512213236035,12.9449246149692,-0.944300965215119));
#6466=CARTESIAN_POINT('Ctrl Pts',(-0.716032386121166,14.3200831416477,-0.786917471012601));
#6467=CARTESIAN_POINT('Ctrl Pts',(-7.42566505081563,12.2654428502798,-0.629533976810081));
#6468=CARTESIAN_POINT('Ctrl Pts',(-12.3566850818889,7.27245808515937,-0.472150482607556));
#6469=CARTESIAN_POINT('Ctrl Pts',(-13.7207093719815,2.61270938677001,-0.363245895734179));
#6470=CARTESIAN_POINT('Ctrl Pts',(-13.7655672206133,0.172409907215586,-0.306802473594977));
#6471=CARTESIAN_POINT('Ctrl Pts',(-13.7654618158379,0.000233981727907825,
-0.302820216189947));
#6472=CARTESIAN_POINT('Origin',(0.,0.,-23.69717978381));
#6473=CARTESIAN_POINT('',(-13.7585669879253,0.00103026735581101,-5.04365866029937));
#6474=CARTESIAN_POINT('',(-13.7638114495241,-0.000280591526399809,-4.30282021618995));
#6475=CARTESIAN_POINT('',(-13.7645,-7.46980998075423E-13,-23.69717978381));
#6476=CARTESIAN_POINT('Ctrl Pts',(-13.7585669879253,0.00103026735581101,
-5.04365866029937));
#6477=CARTESIAN_POINT('Ctrl Pts',(-13.7544903127026,-2.09199229086354,-4.99533039797673));
#6478=CARTESIAN_POINT('Ctrl Pts',(-13.2853007276847,-4.18655247788589,-4.94700213565409));
#6479=CARTESIAN_POINT('Ctrl Pts',(-12.3674301031848,-6.05946584133703,-4.89867387333146));
#6480=CARTESIAN_POINT('Ctrl Pts',(-10.8254369927418,-9.20590001823646,-4.81748394791926));
#6481=CARTESIAN_POINT('Ctrl Pts',(-8.0171350322417,-11.726782166908,-4.73629402250707));
#6482=CARTESIAN_POINT('Ctrl Pts',(-4.72305200634006,-12.9343366283426,-4.65510409709488));
#6483=CARTESIAN_POINT('Ctrl Pts',(-3.07601049338924,-13.5381138590599,-4.61450913438878));
#6484=CARTESIAN_POINT('Ctrl Pts',(-1.307523714088,-13.813559167968,-4.57391417168268));
#6485=CARTESIAN_POINT('Ctrl Pts',(0.447859688412672,-13.7551817255076,-4.53331920897658));
#6486=CARTESIAN_POINT('Ctrl Pts',(2.20324309091344,-13.6968042830472,-4.49272424627048));
#6487=CARTESIAN_POINT('Ctrl Pts',(3.94552311661359,-13.3046040892184,-4.45212928356438));
#6488=CARTESIAN_POINT('Ctrl Pts',(5.55071291210281,-12.5973798325071,-4.41153432085828));
#6489=CARTESIAN_POINT('Ctrl Pts',(7.69096597275499,-11.6544141568922,-4.35740770391682));
#6490=CARTESIAN_POINT('Ctrl Pts',(9.58750306858771,-10.1514057028195,-4.30328108697535));
#6491=CARTESIAN_POINT('Ctrl Pts',(10.995709615149,-8.28214047075913,-4.24915447003389));
#6492=CARTESIAN_POINT('Ctrl Pts',(12.4039161617103,-6.41287523869878,-4.19502785309242));
#6493=CARTESIAN_POINT('Ctrl Pts',(13.3237921590003,-4.17735322865072,-4.14090123615096));
#6494=CARTESIAN_POINT('Ctrl Pts',(13.6395452602309,-1.85905966931273,-4.0867746192095));
#6495=CARTESIAN_POINT('Ctrl Pts',(13.9552983614615,0.459233890025258,-4.03264800226803));
#6496=CARTESIAN_POINT('Ctrl Pts',(13.6669285666327,2.86029899865315,-3.97852138532657));
#6497=CARTESIAN_POINT('Ctrl Pts',(12.8107289567207,5.03799791215892,-3.92439476838511));
#6498=CARTESIAN_POINT('Ctrl Pts',(11.9545293468088,7.21569682566473,-3.87026815144365));
#6499=CARTESIAN_POINT('Ctrl Pts',(10.5304999218136,9.17002954404848,-3.81614153450218));
#6500=CARTESIAN_POINT('Ctrl Pts',(8.71992786164169,10.6521235021919,-3.76201491756071));
#6501=CARTESIAN_POINT('Ctrl Pts',(6.90935580146977,12.1342174603352,-3.70788830061925));
#6502=CARTESIAN_POINT('Ctrl Pts',(4.71224110612116,13.1440726582383,-3.65376168367779));
#6503=CARTESIAN_POINT('Ctrl Pts',(2.40840765674541,13.5533956847065,-3.59963506673632));
#6504=CARTESIAN_POINT('Ctrl Pts',(0.104574207369708,13.9627187111747,-3.54550844979486));
#6505=CARTESIAN_POINT('Ctrl Pts',(-2.30597799603305,13.771509566208,-3.49138183285339));
#6506=CARTESIAN_POINT('Ctrl Pts',(-4.51634670795765,13.0038294472111,-3.43725521591193));
#6507=CARTESIAN_POINT('Ctrl Pts',(-6.72671541988235,12.2361493282142,-3.38312859897046));
#6508=CARTESIAN_POINT('Ctrl Pts',(-8.73690064032886,10.8919982351869,-3.329001982029));
#6509=CARTESIAN_POINT('Ctrl Pts',(-10.2910352952657,9.14276046862487,-3.27487536508753));
#6510=CARTESIAN_POINT('Ctrl Pts',(-11.8451699502024,7.39352270206286,-3.22074874814607));
#6511=CARTESIAN_POINT('Ctrl Pts',(-12.9432540396295,5.23919826196602,-3.16662213120461));
#6512=CARTESIAN_POINT('Ctrl Pts',(-13.445294889391,2.95387307884353,-3.11249551426314));
#6513=CARTESIAN_POINT('Ctrl Pts',(-13.6581224810363,1.98506694467835,-3.08954989632581));
#6514=CARTESIAN_POINT('Ctrl Pts',(-13.7638337843137,0.992718368568497,-3.06660427838847));
#6515=CARTESIAN_POINT('Ctrl Pts',(-13.7633624366634,0.000263967266505004,
-3.04365866045114));
#6516=CARTESIAN_POINT('Ctrl Pts',(-13.7638114495241,-0.000280591526398907,
-4.30282021618995));
#6517=CARTESIAN_POINT('Ctrl Pts',(-13.7643928236006,-0.77104155985963,-4.28499825861598));
#6518=CARTESIAN_POINT('Ctrl Pts',(-13.5132725862306,-3.81025916566251,-4.21471513630784));
#6519=CARTESIAN_POINT('Ctrl Pts',(-11.3057753014236,-8.81807792877716,-4.09197084926553));
#6520=CARTESIAN_POINT('Ctrl Pts',(-5.76728229078499,-13.1269763657097,-3.93458735506301));
#6521=CARTESIAN_POINT('Ctrl Pts',(1.15262427830216,-14.2916237983407,-3.77720386086049));
#6522=CARTESIAN_POINT('Ctrl Pts',(7.79644746430145,-12.0330569877017,-3.61982036665797));
#6523=CARTESIAN_POINT('Ctrl Pts',(12.5728194503687,-6.89226120990104,-3.46243687245545));
#6524=CARTESIAN_POINT('Ctrl Pts',(14.3376753736501,-0.100590273296217,-3.30505337825293));
#6525=CARTESIAN_POINT('Ctrl Pts',(12.6682865076094,6.71517464577214,-3.14766988405041));
#6526=CARTESIAN_POINT('Ctrl Pts',(7.96451474425008,11.922481213825,-2.99028638984789));
#6527=CARTESIAN_POINT('Ctrl Pts',(1.35303531332595,14.274044599775,-2.83290289564537));
#6528=CARTESIAN_POINT('Ctrl Pts',(-5.58253113917599,13.206604375557,-2.67551940144285));
#6529=CARTESIAN_POINT('Ctrl Pts',(-11.1809367170747,8.97584025310291,-2.51813590724033));
#6530=CARTESIAN_POINT('Ctrl Pts',(-13.4861054683319,3.93912900808198,-2.39390284548936));
#6531=CARTESIAN_POINT('Ctrl Pts',(-13.7642103638869,0.835414471511009,-2.32213094847257));
#6532=CARTESIAN_POINT('Ctrl Pts',(-13.7636724722038,0.000243059895254638,
-2.30282021618995));
#6533=CARTESIAN_POINT('Origin',(0.,0.,-23.69717978381));
#6534=CARTESIAN_POINT('',(-13.7676866747609,0.00120331812273208,-7.04365866021938));
#6535=CARTESIAN_POINT('',(-13.7655665798989,-0.000108272153152011,-6.30282021618995));
#6536=CARTESIAN_POINT('',(-13.7645,-7.46980998075423E-13,-23.69717978381));
#6537=CARTESIAN_POINT('Ctrl Pts',(-13.7676866747609,0.00120331812273208,
-7.04365866021938));
#6538=CARTESIAN_POINT('Ctrl Pts',(-13.7654782359492,-1.0749427668953,-7.01877809726041));
#6539=CARTESIAN_POINT('Ctrl Pts',(-13.6364559930778,-2.15171030307046,-6.99389753430144));
#6540=CARTESIAN_POINT('Ctrl Pts',(-13.3855949116243,-3.19854301036494,-6.96901697134247));
#6541=CARTESIAN_POINT('Ctrl Pts',(-12.9762916228358,-4.90654836306621,-6.92842200863637));
#6542=CARTESIAN_POINT('Ctrl Pts',(-12.2426415182862,-6.53486429537581,-6.88782704593027));
#6543=CARTESIAN_POINT('Ctrl Pts',(-11.227701351346,-7.96553953451414,-6.84723208322418));
#6544=CARTESIAN_POINT('Ctrl Pts',(-9.87444779542566,-9.87310652003199,-6.79310546628271));
#6545=CARTESIAN_POINT('Ctrl Pts',(-8.02112301747758,-11.4293122732454,-6.73897884934124));
#6546=CARTESIAN_POINT('Ctrl Pts',(-5.90749714200067,-12.4338104355307,-6.68485223239978));
#6547=CARTESIAN_POINT('Ctrl Pts',(-3.79387126652383,-13.4383085978159,-6.63072561545832));
#6548=CARTESIAN_POINT('Ctrl Pts',(-1.41994429351814,-13.891099169173,-6.57659899851685));
#6549=CARTESIAN_POINT('Ctrl Pts',(0.915068340676647,-13.7351959008173,-6.52247238157539));
#6550=CARTESIAN_POINT('Ctrl Pts',(3.25008097487146,-13.5792926324617,-6.46834576463393));
#6551=CARTESIAN_POINT('Ctrl Pts',(5.54617927025536,-12.8146955243933,-6.41421914769247));
#6552=CARTESIAN_POINT('Ctrl Pts',(7.50664271219669,-11.5393776185333,-6.360092530751));
#6553=CARTESIAN_POINT('Ctrl Pts',(8.9769902936527,-10.5828891891382,-6.3194975680449));
#6554=CARTESIAN_POINT('Ctrl Pts',(10.2585432700472,-9.33912031098544,-6.2789026053388));
#6555=CARTESIAN_POINT('Ctrl Pts',(11.2679344893624,-7.90178472828815,-6.2383076426327));
#6556=CARTESIAN_POINT('Ctrl Pts',(12.2773257086775,-6.46444914559083,-6.1977126799266));
#6557=CARTESIAN_POINT('Ctrl Pts',(13.0145551709133,-4.83354685834903,-6.15711771722051));
#6558=CARTESIAN_POINT('Ctrl Pts',(13.4104933073366,-3.12460752780533,-6.11652275451441));
#6559=CARTESIAN_POINT('Ctrl Pts',(14.2023695801831,0.293271133282014,-6.03533282910222));
#6560=CARTESIAN_POINT('Ctrl Pts',(13.6290805497796,4.02329796757694,-5.95414290369001));
#6561=CARTESIAN_POINT('Ctrl Pts',(11.8393054598595,7.03570862513851,-5.87295297827781));
#6562=CARTESIAN_POINT('Ctrl Pts',(10.0495303699394,10.0481192827001,-5.79176305286562));
#6563=CARTESIAN_POINT('Ctrl Pts',(7.04326922050279,12.3429137635283,-5.71057312745343));
#6564=CARTESIAN_POINT('Ctrl Pts',(3.66354813607354,13.2758638246465,-5.62938320204124));
#6565=CARTESIAN_POINT('Ctrl Pts',(0.283827051644226,14.2088138857648,-5.54819327662904));
#6566=CARTESIAN_POINT('Ctrl Pts',(-3.46935396777769,13.779919527173,-5.46700335121683));
#6567=CARTESIAN_POINT('Ctrl Pts',(-6.55232060202203,12.1121249440831,-5.38581342580464));
#6568=CARTESIAN_POINT('Ctrl Pts',(-9.63528723626633,10.4443303609932,-5.30462350039244));
#6569=CARTESIAN_POINT('Ctrl Pts',(-12.0480394853331,7.53763555340523,-5.22343357498025));
#6570=CARTESIAN_POINT('Ctrl Pts',(-13.1165734796735,4.19829504704755,-5.14224364956805));
#6571=CARTESIAN_POINT('Ctrl Pts',(-13.5490631505715,2.8466952998606,-5.10938198647849));
#6572=CARTESIAN_POINT('Ctrl Pts',(-13.7613389958821,1.42421824973939,-5.07652032338893));
#6573=CARTESIAN_POINT('Ctrl Pts',(-13.7585669879253,0.00103026735581101,
-5.04365866029937));
#6574=CARTESIAN_POINT('Ctrl Pts',(-13.7655665798989,-0.000108272153151751,
-6.30282021618995));
#6575=CARTESIAN_POINT('Ctrl Pts',(-13.7656123274614,-0.107906324485969,
-6.30032673349357));
#6576=CARTESIAN_POINT('Ctrl Pts',(-13.7382767800506,-2.48367815942771,-6.24537208606302));
#6577=CARTESIAN_POINT('Ctrl Pts',(-12.4574985139173,-7.09857621645861,-6.13795627389829));
#6578=CARTESIAN_POINT('Ctrl Pts',(-7.59703416911668,-12.1599393649145,-5.98057277969578));
#6579=CARTESIAN_POINT('Ctrl Pts',(-0.916883275970911,-14.3086819303306,
-5.82318928549325));
#6580=CARTESIAN_POINT('Ctrl Pts',(5.9828849213156,-13.0301243871046,-5.66580579129074));
#6581=CARTESIAN_POINT('Ctrl Pts',(11.44959714317,-8.63051439858827,-5.50842229708821));
#6582=CARTESIAN_POINT('Ctrl Pts',(14.1738341514611,-2.16367256580097,-5.3510388028857));
#6583=CARTESIAN_POINT('Ctrl Pts',(13.5030705885112,4.82142491456651,-5.19365530868317));
#6584=CARTESIAN_POINT('Ctrl Pts',(9.59797170939895,10.6516661884759,-5.03627181448065));
#6585=CARTESIAN_POINT('Ctrl Pts',(3.39390988998679,13.9305573895566,-4.87888832027813));
#6586=CARTESIAN_POINT('Ctrl Pts',(-3.62308129575725,13.8727191080028,-4.72150482607562));
#6587=CARTESIAN_POINT('Ctrl Pts',(-9.77225062488178,10.4920051110119,-4.56412133187309));
#6588=CARTESIAN_POINT('Ctrl Pts',(-13.1494460652947,5.26559471703178,-4.42455979524454));
#6589=CARTESIAN_POINT('Ctrl Pts',(-13.7626814761759,1.49778990618918,-4.33745942335016));
#6590=CARTESIAN_POINT('Ctrl Pts',(-13.7638114495241,-0.000280591526398907,
-4.30282021618995));
#6591=CARTESIAN_POINT('Origin',(0.,0.,-23.69717978381));
#6592=CARTESIAN_POINT('',(-13.7637836259489,0.00152161399423265,-9.04365866027426));
#6593=CARTESIAN_POINT('',(-13.7644027488435,0.000341937498875011,-8.30282021618995));
#6594=CARTESIAN_POINT('',(-13.7645,-7.46980998075423E-13,-23.69717978381));
#6595=CARTESIAN_POINT('Ctrl Pts',(-13.7637836259489,0.00152161399423265,
-9.04365866027426));
#6596=CARTESIAN_POINT('Ctrl Pts',(-13.7634368361202,-1.23139217055889,-9.01516248816327));
#6597=CARTESIAN_POINT('Ctrl Pts',(-13.5992838391981,-2.46477684444354,-8.98666631605228));
#6598=CARTESIAN_POINT('Ctrl Pts',(-13.2721788554769,-3.65303470795399,-8.95817014394128));
#6599=CARTESIAN_POINT('Ctrl Pts',(-12.6508643124372,-5.91005287711013,-8.90404352699982));
#6600=CARTESIAN_POINT('Ctrl Pts',(-11.4416431143659,-8.00426019221996,-8.84991691005836));
#6601=CARTESIAN_POINT('Ctrl Pts',(-9.79889608135693,-9.66872713360776,-8.79579029311689));
#6602=CARTESIAN_POINT('Ctrl Pts',(-8.56683580660019,-10.9170773396486,-8.7551953304108));
#6603=CARTESIAN_POINT('Ctrl Pts',(-7.09091724969101,-11.9236985854708,-8.7146003677047));
#6604=CARTESIAN_POINT('Ctrl Pts',(-5.48020451700083,-12.6243927379188,-8.6740054049986));
#6605=CARTESIAN_POINT('Ctrl Pts',(-3.86949178431063,-13.3250868903667,-8.6334104422925));
#6606=CARTESIAN_POINT('Ctrl Pts',(-2.12398487583945,-13.7198539494404,-8.5928154795864));
#6607=CARTESIAN_POINT('Ctrl Pts',(-0.370421106753188,-13.7647142169273,
-8.5522205168803));
#6608=CARTESIAN_POINT('Ctrl Pts',(3.13670643141931,-13.854434751901,-8.47103059146811));
#6609=CARTESIAN_POINT('Ctrl Pts',(6.67606141205207,-12.5445281205275,-8.38984066605591));
#6610=CARTESIAN_POINT('Ctrl Pts',(9.26813530217833,-10.1868754707241,-8.30865074064371));
#6611=CARTESIAN_POINT('Ctrl Pts',(11.8602091923046,-7.82922282092065,-8.22746081523151));
#6612=CARTESIAN_POINT('Ctrl Pts',(13.5050019919243,-4.4238241526873,-8.14627088981932));
#6613=CARTESIAN_POINT('Ctrl Pts',(13.7408687216519,-0.925498941584167,-8.06508096440713));
#6614=CARTESIAN_POINT('Ctrl Pts',(13.9767354513796,2.57282626951899,-7.98389103899493));
#6615=CARTESIAN_POINT('Ctrl Pts',(12.8036761112152,6.16407802349193,-7.90270111358273));
#6616=CARTESIAN_POINT('Ctrl Pts',(10.5514606386743,8.849646781556,-7.82151118817053));
#6617=CARTESIAN_POINT('Ctrl Pts',(8.29924516613335,11.53521553962,-7.74032126275833));
#6618=CARTESIAN_POINT('Ctrl Pts',(4.96787356121595,13.3151013017752,-7.65913133734614));
#6619=CARTESIAN_POINT('Ctrl Pts',(1.48190088429188,13.6918066896008,-7.57794141193394));
#6620=CARTESIAN_POINT('Ctrl Pts',(-2.00407179263222,14.0685120774264,-7.49675148652175));
#6621=CARTESIAN_POINT('Ctrl Pts',(-5.64464554156299,13.0420370909225,-7.41556156110955));
#6622=CARTESIAN_POINT('Ctrl Pts',(-8.41784208182861,10.9001965091099,-7.33437163569735));
#6623=CARTESIAN_POINT('Ctrl Pts',(-11.1910386220942,8.75835592729727,-7.25318171028516));
#6624=CARTESIAN_POINT('Ctrl Pts',(-13.0968579536947,5.50114975017603,-7.17199178487297));
#6625=CARTESIAN_POINT('Ctrl Pts',(-13.6188557668583,2.03182132701162,-7.09080185946077));
#6626=CARTESIAN_POINT('Ctrl Pts',(-13.7198890202027,1.36032897843643,-7.07508745971364));
#6627=CARTESIAN_POINT('Ctrl Pts',(-13.7690815101736,0.680890099895624,-7.05937305996651));
#6628=CARTESIAN_POINT('Ctrl Pts',(-13.7676866747609,0.00120331812273208,
-7.04365866021938));
#6629=CARTESIAN_POINT('Ctrl Pts',(-13.7644027488435,0.000341937498875289,
-8.30282021618995));
#6630=CARTESIAN_POINT('Ctrl Pts',(-13.7627109894384,-1.71319247707467,-8.26319404363699));
#6631=CARTESIAN_POINT('Ctrl Pts',(-13.0168460626773,-5.69671013523628,-8.17110670634985));
#6632=CARTESIAN_POINT('Ctrl Pts',(-9.26850505863972,-10.9395551784839,-8.02655820432854));
#6633=CARTESIAN_POINT('Ctrl Pts',(-2.96728795557045,-14.0276247352804,-7.86917471012601));
#6634=CARTESIAN_POINT('Ctrl Pts',(4.04467150532157,-13.7557146647917,-7.7117912159235));
#6635=CARTESIAN_POINT('Ctrl Pts',(10.087827329575,-10.188954475009,-7.55440772172098));
#6636=CARTESIAN_POINT('Ctrl Pts',(13.7146870986812,-4.18167565820132,-7.39702422751846));
#6637=CARTESIAN_POINT('Ctrl Pts',(14.0565239137398,2.82722284010048,-7.23964073331593));
#6638=CARTESIAN_POINT('Ctrl Pts',(11.0314589993967,9.15892820529529,-7.08225723911342));
#6639=CARTESIAN_POINT('Ctrl Pts',(5.36407379229706,13.2968329265249,-6.92487374491089));
#6640=CARTESIAN_POINT('Ctrl Pts',(-1.58814608934612,14.2498015959528,-6.76749025070838));
#6641=CARTESIAN_POINT('Ctrl Pts',(-8.15996382835609,11.7895735226108,-6.61010675650586));
#6642=CARTESIAN_POINT('Ctrl Pts',(-12.7041053314781,6.58915553662485,-6.45521674499971));
#6643=CARTESIAN_POINT('Ctrl Pts',(-13.7646498301401,2.16009071823256,-6.35278789822775));
#6644=CARTESIAN_POINT('Ctrl Pts',(-13.7655665798989,-0.000108272153151751,
-6.30282021618995));
#6645=CARTESIAN_POINT('Origin',(0.,0.,-23.69717978381));
#6646=CARTESIAN_POINT('',(-13.7651407318361,-0.0023080298431134,-11.0436586603846));
#6647=CARTESIAN_POINT('',(-13.7633888863781,-7.46504969012518E-5,-10.30282021619));
#6648=CARTESIAN_POINT('',(-13.7645,-7.46980998075423E-13,-23.69717978381));
#6649=CARTESIAN_POINT('Ctrl Pts',(-13.7651407318361,-0.0023080298431134,
-11.0436586603846));
#6650=CARTESIAN_POINT('Ctrl Pts',(-13.768380097574,-0.80561462427762,-11.0250785333385));
#6651=CARTESIAN_POINT('Ctrl Pts',(-13.7014169058202,-1.60847446037335,-11.0064984062923));
#6652=CARTESIAN_POINT('Ctrl Pts',(-13.561606998248,-2.39857418523092,-10.9879182792462));
#6653=CARTESIAN_POINT('Ctrl Pts',(-12.9506770546857,-5.85108759216816,-10.906728353834));
#6654=CARTESIAN_POINT('Ctrl Pts',(-10.9487798655051,-9.05995382046063,-10.8255384284218));
#6655=CARTESIAN_POINT('Ctrl Pts',(-8.11809128280886,-11.1250823890799,-10.7443485030096));
#6656=CARTESIAN_POINT('Ctrl Pts',(-5.28740270011265,-13.1902109576991,-10.6631585775974));
#6657=CARTESIAN_POINT('Ctrl Pts',(-1.62792272390087,-14.111601866645,-10.5819686521852));
#6658=CARTESIAN_POINT('Ctrl Pts',(1.84936758680951,-13.6449075725436,-10.500778726773));
#6659=CARTESIAN_POINT('Ctrl Pts',(3.58801274216475,-13.4115604254929,-10.4601837640669));
#6660=CARTESIAN_POINT('Ctrl Pts',(5.28111048114464,-12.8311919776803,-10.4195888013608));
#6661=CARTESIAN_POINT('Ctrl Pts',(6.80695683226898,-11.9613356126236,-10.3789938386547));
#6662=CARTESIAN_POINT('Ctrl Pts',(8.33280318339326,-11.091479247567,-10.3383988759486));
#6663=CARTESIAN_POINT('Ctrl Pts',(9.69139814666205,-9.93213496526622,-10.2978039132425));
#6664=CARTESIAN_POINT('Ctrl Pts',(10.7820262386464,-8.55841380457901,-10.2572089505364));
#6665=CARTESIAN_POINT('Ctrl Pts',(12.2361970279589,-6.72678559032936,-10.203082333595));
#6666=CARTESIAN_POINT('Ctrl Pts',(13.2139822683212,-4.51404292561492,-10.1489557166535));
#6667=CARTESIAN_POINT('Ctrl Pts',(13.5885987691146,-2.20351838533249,-10.094829099712));
#6668=CARTESIAN_POINT('Ctrl Pts',(13.963215269908,0.107006154949937,-10.0407024827706));
#6669=CARTESIAN_POINT('Ctrl Pts',(13.7346630311323,2.51531257080034,-9.9865758658291));
#6670=CARTESIAN_POINT('Ctrl Pts',(12.9338043826661,4.71286713130869,-9.93244924888764));
#6671=CARTESIAN_POINT('Ctrl Pts',(12.1329457341998,6.91042169181705,-9.87832263194617));
#6672=CARTESIAN_POINT('Ctrl Pts',(10.7597806760431,8.89722439698344,-9.82419601500472));
#6673=CARTESIAN_POINT('Ctrl Pts',(8.98689622813403,10.4262460483285,-9.77006939806325));
#6674=CARTESIAN_POINT('Ctrl Pts',(7.21401178022496,11.9552676996735,-9.71594278112179));
#6675=CARTESIAN_POINT('Ctrl Pts',(5.04140794256359,13.0265082971973,-9.66181616418032));
#6676=CARTESIAN_POINT('Ctrl Pts',(2.74946045514561,13.4916305642345,-9.60768954723885));
#6677=CARTESIAN_POINT('Ctrl Pts',(-0.306469528078286,14.1117935869507,-9.53552072465023));
#6678=CARTESIAN_POINT('Ctrl Pts',(-3.57456599975828,13.6544129110242,-9.46335190206162));
#6679=CARTESIAN_POINT('Ctrl Pts',(-6.34513440833761,12.2197555724016,-9.391183079473));
#6680=CARTESIAN_POINT('Ctrl Pts',(-7.73041861262728,11.5024269030903,-9.35509866817869));
#6681=CARTESIAN_POINT('Ctrl Pts',(-8.99132080114178,10.540779068105,-9.31901425688438));
#6682=CARTESIAN_POINT('Ctrl Pts',(-10.0556256233124,9.39832378631182,-9.28292984559007));
#6683=CARTESIAN_POINT('Ctrl Pts',(-11.6520828565683,7.68464086362202,-9.22880322864861));
#6684=CARTESIAN_POINT('Ctrl Pts',(-12.8061960155506,5.56414118561455,-9.17467661170715));
#6685=CARTESIAN_POINT('Ctrl Pts',(-13.3665486510376,3.29397683500955,-9.12054999476568));
#6686=CARTESIAN_POINT('Ctrl Pts',(-13.6318910670433,2.21899145014418,-9.09491954993521));
#6687=CARTESIAN_POINT('Ctrl Pts',(-13.7640955407401,1.11044700273174,-9.06928910510474));
#6688=CARTESIAN_POINT('Ctrl Pts',(-13.7637836259489,0.00152161399423266,
-9.04365866027427));
#6689=CARTESIAN_POINT('Ctrl Pts',(-13.7633888863781,-7.46504969005579E-5,
-10.30282021619));
#6690=CARTESIAN_POINT('Ctrl Pts',(-13.7635912040632,-1.05098977425976,-10.2785225185146));
#6691=CARTESIAN_POINT('Ctrl Pts',(-13.3880684104108,-4.37079369347128,-10.201763656105));
#6692=CARTESIAN_POINT('Ctrl Pts',(-10.7468705714001,-9.49124999389955,-10.0725436289613));
#6693=CARTESIAN_POINT('Ctrl Pts',(-4.95587044755735,-13.4543079209654,-9.91516013475878));
#6694=CARTESIAN_POINT('Ctrl Pts',(2.02218907183501,-14.1947104543515,-9.75777664055628));
#6695=CARTESIAN_POINT('Ctrl Pts',(8.51588190676678,-11.5351120009789,-9.60039314635373));
#6696=CARTESIAN_POINT('Ctrl Pts',(12.9698003497347,-6.11255530961853,-9.44300965215124));
#6697=CARTESIAN_POINT('Ctrl Pts',(14.317115517562,0.774116775370664,-9.28562615794869));
#6698=CARTESIAN_POINT('Ctrl Pts',(12.2351105140625,7.47536783267556,-9.12824266374619));
#6699=CARTESIAN_POINT('Ctrl Pts',(7.22247948936367,12.3860745819992,-8.97085916954366));
#6700=CARTESIAN_POINT('Ctrl Pts',(0.479877468098737,14.3299955038631,-8.81347567534114));
#6701=CARTESIAN_POINT('Ctrl Pts',(-6.37766764202355,12.8415111639172,-8.65609218113862));
#6702=CARTESIAN_POINT('Ctrl Pts',(-11.7075960849491,8.27715213324057,-8.4987086869361));
#6703=CARTESIAN_POINT('Ctrl Pts',(-13.5973397559215,3.37859862046026,-8.38095136528655));
#6704=CARTESIAN_POINT('Ctrl Pts',(-13.7649507129122,0.5553589728658,-8.31565520837116));
#6705=CARTESIAN_POINT('Ctrl Pts',(-13.7644027488435,0.000341937498875289,
-8.30282021618995));
#6706=CARTESIAN_POINT('Origin',(0.,0.,-23.69717978381));
#6707=CARTESIAN_POINT('',(-13.7644355821177,-0.000630435239258552,-13.0436586604556));
#6708=CARTESIAN_POINT('',(-13.7649146540091,-0.000309647550859049,-12.30282021619));
#6709=CARTESIAN_POINT('',(-13.7645,-7.46980998075423E-13,-23.69717978381));
#6710=CARTESIAN_POINT('Ctrl Pts',(-13.7644355821177,-0.000630435239258551,
-13.0436586604556));
#6711=CARTESIAN_POINT('Ctrl Pts',(-13.7638408993557,-1.54578945500449,-13.0079312700167));
#6712=CARTESIAN_POINT('Ctrl Pts',(-13.502479727631,-3.09014808167019,-12.9722038795778));
#6713=CARTESIAN_POINT('Ctrl Pts',(-12.9921120769941,-4.54775729080727,-12.9364764891389));
#6714=CARTESIAN_POINT('Ctrl Pts',(-12.4122109006282,-6.203954140285,-12.8958815264328));
#6715=CARTESIAN_POINT('Ctrl Pts',(-11.5108309168908,-7.74815350516278,-12.8552865637267));
#6716=CARTESIAN_POINT('Ctrl Pts',(-10.3544279267051,-9.06907790272567,-12.8146916010206));
#6717=CARTESIAN_POINT('Ctrl Pts',(-9.19802493651943,-10.3900023002885,-12.7740966383145));
#6718=CARTESIAN_POINT('Ctrl Pts',(-7.7865989398855,-11.4876517305366,-12.7335016756084));
#6719=CARTESIAN_POINT('Ctrl Pts',(-6.22063024666503,-12.2800448681635,-12.6929067129023));
#6720=CARTESIAN_POINT('Ctrl Pts',(-4.1326719890377,-13.3365690516662,-12.6387800959609));
#6721=CARTESIAN_POINT('Ctrl Pts',(-1.76997115970101,-13.8504153816203,-12.5846534790194));
#6722=CARTESIAN_POINT('Ctrl Pts',(0.567640364897726,-13.7542685408066,-12.5305268620779));
#6723=CARTESIAN_POINT('Ctrl Pts',(2.90525188949641,-13.6581216999928,-12.4764002451365));
#6724=CARTESIAN_POINT('Ctrl Pts',(5.21777410935709,-12.9519816884112,-12.422273628195));
#6725=CARTESIAN_POINT('Ctrl Pts',(7.21128422513418,-11.7257181533845,-12.3681470112535));
#6726=CARTESIAN_POINT('Ctrl Pts',(9.20479434091128,-10.4994546183578,-12.3140203943121));
#6727=CARTESIAN_POINT('Ctrl Pts',(10.8792923526048,-8.75306755988596,-12.2598937773706));
#6728=CARTESIAN_POINT('Ctrl Pts',(12.0193609797522,-6.71106808305258,-12.2057671604291));
#6729=CARTESIAN_POINT('Ctrl Pts',(12.8744124501127,-5.17956847542757,-12.165172197723));
#6730=CARTESIAN_POINT('Ctrl Pts',(13.428847391666,-3.48178688247418,-12.124577235017));
#6731=CARTESIAN_POINT('Ctrl Pts',(13.6521026211457,-1.73964141998737,-12.0839822723109));
#6732=CARTESIAN_POINT('Ctrl Pts',(13.8753578506254,0.00250404249947295,
-12.0433873096048));
#6733=CARTESIAN_POINT('Ctrl Pts',(13.7674333680315,1.78901337451976,-12.0027923468987));
#6734=CARTESIAN_POINT('Ctrl Pts',(13.3212313258768,3.485520194826,-11.9621973841926));
#6735=CARTESIAN_POINT('Ctrl Pts',(12.4288272415673,6.87853383543845,-11.8810074587804));
#6736=CARTESIAN_POINT('Ctrl Pts',(10.1833129190146,9.91153742919484,-11.7998175333682));
#6737=CARTESIAN_POINT('Ctrl Pts',(7.19587665888792,11.7426599904601,-11.718627607956));
#6738=CARTESIAN_POINT('Ctrl Pts',(4.20844039876125,13.5737825517254,-11.6374376825438));
#6739=CARTESIAN_POINT('Ctrl Pts',(0.47908220106064,14.2030240804996,-11.5562477571316));
#6740=CARTESIAN_POINT('Ctrl Pts',(-2.94596128796607,13.4533106421528,-11.4750578317194));
#6741=CARTESIAN_POINT('Ctrl Pts',(-6.37100477699279,12.7035972038059,-11.3938679063072));
#6742=CARTESIAN_POINT('Ctrl Pts',(-9.49173355734558,10.5749287983381,-11.312677980895));
#6743=CARTESIAN_POINT('Ctrl Pts',(-11.44211659855,7.66251430281318,-11.2314880554828));
#6744=CARTESIAN_POINT('Ctrl Pts',(-12.9461589822131,5.41659914280477,-11.1688782571167));
#6745=CARTESIAN_POINT('Ctrl Pts',(-13.7542249810889,2.70460908535114,-11.1062684587507));
#6746=CARTESIAN_POINT('Ctrl Pts',(-13.7651407318361,-0.0023080298431134,
-11.0436586603846));
#6747=CARTESIAN_POINT('Ctrl Pts',(-13.7649146540091,-0.000309647550858147,
-12.30282021619));
#6748=CARTESIAN_POINT('Ctrl Pts',(-13.7652919323126,-0.388119606951272,
-12.2938509933922));
#6749=CARTESIAN_POINT('Ctrl Pts',(-13.6552464828402,-3.04402438585793,-12.2324206058602));
#6750=CARTESIAN_POINT('Ctrl Pts',(-12.0013295881743,-7.84519863618106,-12.1185290535941));
#6751=CARTESIAN_POINT('Ctrl Pts',(-6.84119947807356,-12.6006763003551,-11.9611455593916));
#6752=CARTESIAN_POINT('Ctrl Pts',(-0.0424248143649728,-14.3379654644671,
-11.803762065189));
#6753=CARTESIAN_POINT('Ctrl Pts',(6.76651169175441,-12.640940354676,-11.6463785709865));
#6754=CARTESIAN_POINT('Ctrl Pts',(11.9546933045024,-7.91608246043515,-11.488995076784));
#6755=CARTESIAN_POINT('Ctrl Pts',(14.2794160842987,-1.29511768445857,-11.3316115825815));
#6756=CARTESIAN_POINT('Ctrl Pts',(13.1838486839546,5.63606133782398,-11.1742280883789));
#6757=CARTESIAN_POINT('Ctrl Pts',(8.93040788570811,11.2172576202924,-11.0168445941765));
#6758=CARTESIAN_POINT('Ctrl Pts',(2.53790298177165,14.1116300256292,-10.8594610999739));
#6759=CARTESIAN_POINT('Ctrl Pts',(-4.46249545194625,13.6259013597811,-10.7020776057714));
#6760=CARTESIAN_POINT('Ctrl Pts',(-10.3940105865777,9.87641622509071,-10.5446941115689));
#6761=CARTESIAN_POINT('Ctrl Pts',(-13.3045151323937,4.70536161010363,-10.4116083150417));
#6762=CARTESIAN_POINT('Ctrl Pts',(-13.7631543799021,1.21804131526724,-10.3309836832488));
#6763=CARTESIAN_POINT('Ctrl Pts',(-13.7633888863781,-7.46504969005579E-5,
-10.30282021619));
#6764=CARTESIAN_POINT('Origin',(0.,0.,-23.69717978381));
#6765=CARTESIAN_POINT('',(-13.7656100793518,0.000588614725770498,-15.0436586605558));
#6766=CARTESIAN_POINT('',(-13.7652314468213,0.000247929059468271,-14.30282021619));
#6767=CARTESIAN_POINT('',(-13.7645,-7.46980998075423E-13,-23.69717978381));
#6768=CARTESIAN_POINT('Ctrl Pts',(-13.7656100793518,0.000588614725770498,
-15.0436586605558));
#6769=CARTESIAN_POINT('Ctrl Pts',(-13.7624063865813,-2.28513823826608,-14.9907840067144));
#6770=CARTESIAN_POINT('Ctrl Pts',(-13.1846238351157,-4.57242601818732,-14.937909352873));
#6771=CARTESIAN_POINT('Ctrl Pts',(-12.0923750861292,-6.57987822015779,-14.8850346990316));
#6772=CARTESIAN_POINT('Ctrl Pts',(-10.8345002630459,-8.89173583111407,-14.8241422549725));
#6773=CARTESIAN_POINT('Ctrl Pts',(-8.89430468415848,-10.832456088502,-14.7632498109133));
#6774=CARTESIAN_POINT('Ctrl Pts',(-6.5827416319739,-12.0908584255791,-14.7023573668542));
#6775=CARTESIAN_POINT('Ctrl Pts',(-4.27117857978934,-13.3492607626561,-14.641464922795));
#6776=CARTESIAN_POINT('Ctrl Pts',(-1.58824805430761,-13.9253451794223,-14.5805724787359));
#6777=CARTESIAN_POINT('Ctrl Pts',(1.03611279745298,-13.7274218597068,-14.5196800346767));
#6778=CARTESIAN_POINT('Ctrl Pts',(3.66047364921356,-13.5294985399914,-14.4587875906176));
#6779=CARTESIAN_POINT('Ctrl Pts',(6.22626482725302,-12.5575674837943,-14.3978951465584));
#6780=CARTESIAN_POINT('Ctrl Pts',(8.32282184118126,-10.9660667767814,-14.3370027024993));
#6781=CARTESIAN_POINT('Ctrl Pts',(10.4193788551095,-9.37456606976846,-14.2761102584401));
#6782=CARTESIAN_POINT('Ctrl Pts',(12.0467017049265,-7.16349571193969,-14.215217814381));
#6783=CARTESIAN_POINT('Ctrl Pts',(12.9431814633124,-4.68988959137347,-14.1543253703219));
#6784=CARTESIAN_POINT('Ctrl Pts',(13.5408346355697,-3.04081884432932,-14.1137304076158));
#6785=CARTESIAN_POINT('Ctrl Pts',(13.8136686560798,-1.27506553606852,-14.0731354449097));
#6786=CARTESIAN_POINT('Ctrl Pts',(13.7536427099366,0.480197083942196,-14.0325404822036));
#6787=CARTESIAN_POINT('Ctrl Pts',(13.6936167637935,2.23545970395288,-13.9919455194975));
#6788=CARTESIAN_POINT('Ctrl Pts',(13.3007308509972,3.98023163571348,-13.9513505567914));
#6789=CARTESIAN_POINT('Ctrl Pts',(12.5875444367783,5.58269091888829,-13.9107555940853));
#6790=CARTESIAN_POINT('Ctrl Pts',(11.1611716083405,8.78760948523794,-13.8295656686731));
#6791=CARTESIAN_POINT('Ctrl Pts',(8.45359677421234,11.4232774572444,-13.7483757432609));
#6792=CARTESIAN_POINT('Ctrl Pts',(5.21145992431584,12.7493260395414,-13.6671858178487));
#6793=CARTESIAN_POINT('Ctrl Pts',(1.96932307441932,14.0753746218385,-13.5859958924365));
#6794=CARTESIAN_POINT('Ctrl Pts',(-1.80737579124548,14.0918038144261,-13.5048059670243));
#6795=CARTESIAN_POINT('Ctrl Pts',(-5.07124987640499,12.8030072105203,-13.4236160416121));
#6796=CARTESIAN_POINT('Ctrl Pts',(-6.70318691898475,12.1586089085674,-13.383021078906));
#6797=CARTESIAN_POINT('Ctrl Pts',(-8.20691776643818,11.1879041574911,-13.3424261161999));
#6798=CARTESIAN_POINT('Ctrl Pts',(-9.47896589306984,9.97716911672329,-13.3018311534938));
#6799=CARTESIAN_POINT('Ctrl Pts',(-10.7510140197015,8.76643407595547,-13.2612361907877));
#6800=CARTESIAN_POINT('Ctrl Pts',(-11.7913794255113,7.31566874549605,-13.2206412280816));
#6801=CARTESIAN_POINT('Ctrl Pts',(-12.5210809884208,5.72027354889789,-13.1800462653755));
#6802=CARTESIAN_POINT('Ctrl Pts',(-13.2507825513303,4.12487835229976,-13.1394513026694));
#6803=CARTESIAN_POINT('Ctrl Pts',(-13.6698202713394,2.38485328956287,-13.0988563399633));
#6804=CARTESIAN_POINT('Ctrl Pts',(-13.7501279468468,0.630743591155609,-13.0582613772572));
#6805=CARTESIAN_POINT('Ctrl Pts',(-13.7597573044834,0.420415630433258,-13.05339380499));
#6806=CARTESIAN_POINT('Ctrl Pts',(-13.7645166029056,0.209885169192173,-13.0485262327228));
#6807=CARTESIAN_POINT('Ctrl Pts',(-13.7644355821177,-0.000630435239258554,
-13.0436586604556));
#6808=CARTESIAN_POINT('Ctrl Pts',(-13.7652314468213,0.00024792905946841,
-14.30282021619));
#6809=CARTESIAN_POINT('Ctrl Pts',(-13.7635579122905,-1.99296724987723,-14.2567183035356));
#6810=CARTESIAN_POINT('Ctrl Pts',(-12.8270803064284,-6.25586137609496,-14.158155226147));
#6811=CARTESIAN_POINT('Ctrl Pts',(-8.58399501539272,-11.484514926667,-14.0071309840243));
#6812=CARTESIAN_POINT('Ctrl Pts',(-2.10615479752879,-14.1824950376854,-13.8497474898218));
#6813=CARTESIAN_POINT('Ctrl Pts',(4.8761640719352,-13.4834000707794,-13.6923639956193));
#6814=CARTESIAN_POINT('Ctrl Pts',(10.6905152882728,-9.55468138643718,-13.5349805014168));
#6815=CARTESIAN_POINT('Ctrl Pts',(13.9442110656724,-3.33736891594328,-13.3775970072142));
#6816=CARTESIAN_POINT('Ctrl Pts',(13.857906951188,3.67932989243162,-13.2202135130117));
#6817=CARTESIAN_POINT('Ctrl Pts',(10.45227501667,9.81473384769146,-13.0628300188092));
#6818=CARTESIAN_POINT('Ctrl Pts',(4.54305236187378,13.5992547134907,-12.9054465246067));
#6819=CARTESIAN_POINT('Ctrl Pts',(-2.45434905943843,14.1264016727388,-12.7480630304041));
#6820=CARTESIAN_POINT('Ctrl Pts',(-8.86387028053262,11.269909368536,-12.5906795362016));
#6821=CARTESIAN_POINT('Ctrl Pts',(-12.9059849517733,6.03061183761833,-12.4422652647969));
#6822=CARTESIAN_POINT('Ctrl Pts',(-13.7630852239193,1.88018865390212,-12.3463121581263));
#6823=CARTESIAN_POINT('Ctrl Pts',(-13.7649146540091,-0.000309647550858147,
-12.30282021619));
#6824=CARTESIAN_POINT('Origin',(0.,0.,-23.69717978381));
#6825=CARTESIAN_POINT('',(-13.7650711689491,0.00190434424331284,-17.0436586605331));
#6826=CARTESIAN_POINT('',(-13.7634997500672,0.000169291800674598,-16.30282021619));
#6827=CARTESIAN_POINT('',(-13.7645,-7.46980998075423E-13,-23.69717978381));
#6828=CARTESIAN_POINT('Ctrl Pts',(-13.7650711689491,0.00190434424331284,
-17.0436586605331));
#6829=CARTESIAN_POINT('Ctrl Pts',(-13.7533185375836,-3.02507294888597,-16.9736367433302));
#6830=CARTESIAN_POINT('Ctrl Pts',(-12.7345732172174,-6.05644845366297,-16.9036148261273));
#6831=CARTESIAN_POINT('Ctrl Pts',(-10.8818990182107,-8.44342922821019,-16.8335929089243));
#6832=CARTESIAN_POINT('Ctrl Pts',(-8.73373618521493,-11.2111168150006,-16.7524029835121));
#6833=CARTESIAN_POINT('Ctrl Pts',(-5.46441926831846,-13.1124645951892,-16.6712130580999));
#6834=CARTESIAN_POINT('Ctrl Pts',(-1.99698496952304,-13.6244896219912,-16.5900231326877));
#6835=CARTESIAN_POINT('Ctrl Pts',(-0.263267820125316,-13.8805021353922,
-16.5494281699816));
#6836=CARTESIAN_POINT('Ctrl Pts',(1.51997867474713,-13.7891839604466,-16.5088332072756));
#6837=CARTESIAN_POINT('Ctrl Pts',(3.22861827720436,-13.3764604261962,-16.4682382445695));
#6838=CARTESIAN_POINT('Ctrl Pts',(4.93725787966156,-12.9637368919458,-16.4276432818634));
#6839=CARTESIAN_POINT('Ctrl Pts',(6.57129058970353,-12.2296079983906,-16.3870483191573));
#6840=CARTESIAN_POINT('Ctrl Pts',(7.99831147567821,-11.2105677735031,-16.3464533564512));
#6841=CARTESIAN_POINT('Ctrl Pts',(10.8523532476276,-9.17248732372813,-16.265263431039));
#6842=CARTESIAN_POINT('Ctrl Pts',(12.8783477233078,-5.99476154862383,-16.1840735056268));
#6843=CARTESIAN_POINT('Ctrl Pts',(13.5321972401815,-2.54858482061408,-16.1028835802146));
#6844=CARTESIAN_POINT('Ctrl Pts',(13.9680969180972,-0.2511336686076,-16.0487569632731));
#6845=CARTESIAN_POINT('Ctrl Pts',(13.794154392099,2.16562901802352,-15.9946303463317));
#6846=CARTESIAN_POINT('Ctrl Pts',(13.0473440304923,4.3845799395606,-15.9405037293902));
#6847=CARTESIAN_POINT('Ctrl Pts',(12.3005336688856,6.60353086109772,-15.8863771124487));
#6848=CARTESIAN_POINT('Ctrl Pts',(10.9808554716704,8.62467001754082,-15.8322504955072));
#6849=CARTESIAN_POINT('Ctrl Pts',(9.24849106009114,10.1963151937063,-15.7781238785658));
#6850=CARTESIAN_POINT('Ctrl Pts',(7.51612664851191,11.7679603698717,-15.7239972616243));
#6851=CARTESIAN_POINT('Ctrl Pts',(5.37107602256864,12.8901115657595,-15.6698706446829));
#6852=CARTESIAN_POINT('Ctrl Pts',(3.09040505551181,13.4150101495566,-15.6157440277414));
#6853=CARTESIAN_POINT('Ctrl Pts',(0.524650217572853,14.0055210563283,-15.5548515836823));
#6854=CARTESIAN_POINT('Ctrl Pts',(-2.21274911458795,13.8401341259227,-15.4939591396231));
#6855=CARTESIAN_POINT('Ctrl Pts',(-4.68695834117987,12.9441459557708,-15.4330666955639));
#6856=CARTESIAN_POINT('Ctrl Pts',(-7.16116756777178,12.0481577856189,-15.3721742515048));
#6857=CARTESIAN_POINT('Ctrl Pts',(-9.37218668879483,10.4215683757207,-15.3112818074457));
#6858=CARTESIAN_POINT('Ctrl Pts',(-10.9640549549652,8.32543872977579,-15.2503893633865));
#6859=CARTESIAN_POINT('Ctrl Pts',(-12.5559232211356,6.22930908383087,-15.1894969193274));
#6860=CARTESIAN_POINT('Ctrl Pts',(-13.5286406324533,3.66363920183924,-15.1286044752682));
#6861=CARTESIAN_POINT('Ctrl Pts',(-13.7272223044725,1.03930677858115,-15.0677120312091));
#6862=CARTESIAN_POINT('Ctrl Pts',(-13.7533698209985,0.693757389712814,-15.0596942409913));
#6863=CARTESIAN_POINT('Ctrl Pts',(-13.7660958799139,0.347190948186962,-15.0516764507736));
#6864=CARTESIAN_POINT('Ctrl Pts',(-13.7656100793518,0.000588614725770499,
-15.0436586605558));
#6865=CARTESIAN_POINT('Ctrl Pts',(-13.7634997500672,0.000169291800675223,
-16.30282021619));
#6866=CARTESIAN_POINT('Ctrl Pts',(-13.7629126462787,-1.33080147105972,-16.2720467784132));
#6867=CARTESIAN_POINT('Ctrl Pts',(-13.2443129834783,-4.93119887441434,-16.1888121759022));
#6868=CARTESIAN_POINT('Ctrl Pts',(-10.1479466527362,-10.1290785493269,-16.0531164086571));
#6869=CARTESIAN_POINT('Ctrl Pts',(-4.12600393765521,-13.7315383344859,-15.8957329144546));
#6870=CARTESIAN_POINT('Ctrl Pts',(2.88422363921948,-14.0449388579722,-15.738349420252));
#6871=CARTESIAN_POINT('Ctrl Pts',(9.20360491450818,-10.9942125731095,-15.5809659260495));
#6872=CARTESIAN_POINT('Ctrl Pts',(13.318484316254,-5.3100874797728,-15.423582431847));
#6873=CARTESIAN_POINT('Ctrl Pts',(14.2432415972955,1.64594116729311,-15.2661989376445));
#6874=CARTESIAN_POINT('Ctrl Pts',(11.7563734252381,8.20772425288999,-15.108815443442));
#6875=CARTESIAN_POINT('Ctrl Pts',(6.45354917045088,12.8035446900341,-14.9514319492394));
#6876=CARTESIAN_POINT('Ctrl Pts',(-0.395067343938154,14.3325843907816,-14.7940484550369));
#6877=CARTESIAN_POINT('Ctrl Pts',(-7.14905499192351,12.4285987242158,-14.6366649608344));
#6878=CARTESIAN_POINT('Ctrl Pts',(-12.1906587131566,7.547641596185,-14.4792814666319));
#6879=CARTESIAN_POINT('Ctrl Pts',(-13.6908019977511,2.81816421860562,-14.3679998850837));
#6880=CARTESIAN_POINT('Ctrl Pts',(-13.7654622925137,0.275190052766358,-14.3091794682698));
#6881=CARTESIAN_POINT('Ctrl Pts',(-13.7652314468213,0.00024792905946841,
-14.30282021619));
#6882=CARTESIAN_POINT('Origin',(0.,0.,-23.69717978381));
#6883=CARTESIAN_POINT('',(-13.7644145418874,0.000712042111047967,-19.0436586603993));
#6884=CARTESIAN_POINT('',(-13.7640738020246,-0.000323294013602204,-18.30282021619));
#6885=CARTESIAN_POINT('',(-13.7645,-7.46980998075423E-13,-23.69717978381));
#6886=CARTESIAN_POINT('Ctrl Pts',(-13.7644145418874,0.000712042111047966,
-19.0436586603993));
#6887=CARTESIAN_POINT('Ctrl Pts',(-13.7612427819708,-2.01322138947521,-18.997084442578));
#6888=CARTESIAN_POINT('Ctrl Pts',(-13.3170368195018,-4.0284898589039,-18.9505102247567));
#6889=CARTESIAN_POINT('Ctrl Pts',(-12.4615237822672,-5.85067572085489,-18.9039360069354));
#6890=CARTESIAN_POINT('Ctrl Pts',(-11.3430019433917,-8.23305283537635,-18.8430435628762));
#6891=CARTESIAN_POINT('Ctrl Pts',(-9.52140478740933,-10.2853806417074,-18.782151118817));
#6892=CARTESIAN_POINT('Ctrl Pts',(-7.28865678599019,-11.6788265422786,-18.7212586747579));
#6893=CARTESIAN_POINT('Ctrl Pts',(-5.05590878457107,-13.0722724428497,-18.6603662306987));
#6894=CARTESIAN_POINT('Ctrl Pts',(-2.41200993771518,-13.806836437661,-18.5994737866396));
#6895=CARTESIAN_POINT('Ctrl Pts',(0.219559723340147,-13.764857555642,-18.5385813425805));
#6896=CARTESIAN_POINT('Ctrl Pts',(2.85112938439549,-13.722878673623,-18.4776888985213));
#6897=CARTESIAN_POINT('Ctrl Pts',(5.47036985965026,-12.9043569147738,-18.4167964544622));
#6898=CARTESIAN_POINT('Ctrl Pts',(7.65750950353742,-11.4404028065934,-18.355904010403));
#6899=CARTESIAN_POINT('Ctrl Pts',(9.84464914742458,-9.97644869841292,-18.2950115663439));
#6900=CARTESIAN_POINT('Ctrl Pts',(11.5996879599441,-7.86706224090123,-18.2341191222847));
#6901=CARTESIAN_POINT('Ctrl Pts',(12.6417166367519,-5.45022151909015,-18.1732266782256));
#6902=CARTESIAN_POINT('Ctrl Pts',(13.6837453135597,-3.03338079727906,-18.1123342341664));
#6903=CARTESIAN_POINT('Ctrl Pts',(14.0127638546558,-0.309085811168566,-18.0514417901073));
#6904=CARTESIAN_POINT('Ctrl Pts',(13.5755608705447,2.28627163582541,-17.9905493460481));
#6905=CARTESIAN_POINT('Ctrl Pts',(13.1383578864336,4.88162908281937,-17.929656901989));
#6906=CARTESIAN_POINT('Ctrl Pts',(11.9349333771154,7.34804899069682,-17.8687644579298));
#6907=CARTESIAN_POINT('Ctrl Pts',(10.1590493354101,9.29026782371806,-17.8078720138707));
#6908=CARTESIAN_POINT('Ctrl Pts',(8.38316529370492,11.2324866567393,-17.7469795698116));
#6909=CARTESIAN_POINT('Ctrl Pts',(6.03482171961275,12.6505044149043,-17.6860871257524));
#6910=CARTESIAN_POINT('Ctrl Pts',(3.48838148554965,13.3173748051168,-17.6251946816933));
#6911=CARTESIAN_POINT('Ctrl Pts',(0.941941251486543,13.9842451953293,-17.5643022376341));
#6912=CARTESIAN_POINT('Ctrl Pts',(-1.80259564254749,13.8999682175893,-17.503409793575));
#6913=CARTESIAN_POINT('Ctrl Pts',(-4.30192697481049,13.0776083143136,-17.4425173495158));
#6914=CARTESIAN_POINT('Ctrl Pts',(-6.80125830707349,12.2552484110378,-17.3816249054567));
#6915=CARTESIAN_POINT('Ctrl Pts',(-9.05538407756548,10.6948055822263,-17.3207324613975));
#6916=CARTESIAN_POINT('Ctrl Pts',(-10.7101195599213,8.64700069936089,-17.2598400173384));
#6917=CARTESIAN_POINT('Ctrl Pts',(-12.3648550422771,6.59919581649545,-17.1989475732792));
#6918=CARTESIAN_POINT('Ctrl Pts',(-13.4202002364967,4.06402887957603,-17.1380551292201));
#6919=CARTESIAN_POINT('Ctrl Pts',(-13.6931446781273,1.44728182488883,-17.0771626851609));
#6920=CARTESIAN_POINT('Ctrl Pts',(-13.743204185705,0.967356063329388,-17.0659946769517));
#6921=CARTESIAN_POINT('Ctrl Pts',(-13.7669456318146,0.484686144703524,-17.0548266687424));
#6922=CARTESIAN_POINT('Ctrl Pts',(-13.7650711689491,0.00190434424331284,
-17.0436586605331));
#6923=CARTESIAN_POINT('Ctrl Pts',(-13.7640738020246,-0.000323294013601719,
-18.30282021619));
#6924=CARTESIAN_POINT('Ctrl Pts',(-13.7646715769225,-0.668247875387587,
-18.2873752532908));
#6925=CARTESIAN_POINT('Ctrl Pts',(-13.5546684335219,-3.60450717632995,-18.2194691256574));
#6926=CARTESIAN_POINT('Ctrl Pts',(-11.5004701546943,-8.56260705036462,-18.0991018332898));
#6927=CARTESIAN_POINT('Ctrl Pts',(-6.05988951582903,-12.9944908779219,-17.9417183390873));
#6928=CARTESIAN_POINT('Ctrl Pts',(0.83219161966026,-14.3138572774957,-17.7843348448848));
#6929=CARTESIAN_POINT('Ctrl Pts',(7.52494133565001,-12.2046840061715,-17.6269513506823));
#6930=CARTESIAN_POINT('Ctrl Pts',(12.4152725854192,-7.17217261609943,-17.4695678564798));
#6931=CARTESIAN_POINT('Ctrl Pts',(14.3318243393802,-0.42174004700787,-17.3121843622772));
#6932=CARTESIAN_POINT('Ctrl Pts',(12.8155327728557,6.42971020117678,-17.1548008680747));
#6933=CARTESIAN_POINT('Ctrl Pts',(8.22958901610497,11.7410782359662,-16.9974173738722));
#6934=CARTESIAN_POINT('Ctrl Pts',(1.67244543215688,14.2401537846102,-16.8400338796697));
#6935=CARTESIAN_POINT('Ctrl Pts',(-5.28529217080871,13.3283434900747,-16.6826503854672));
#6936=CARTESIAN_POINT('Ctrl Pts',(-10.9770653394346,9.22404954785513,-16.5252668912646));
#6937=CARTESIAN_POINT('Ctrl Pts',(-13.4407351539611,4.14488282699654,-16.3986568348389));
#6938=CARTESIAN_POINT('Ctrl Pts',(-13.7639135142606,0.938177281111463,-16.3245079431474));
#6939=CARTESIAN_POINT('Ctrl Pts',(-13.7634997500672,0.000169291800675223,
-16.30282021619));
#6940=CARTESIAN_POINT('Origin',(-5.74999999999998,9.,13.3548332189717));
#6941=CARTESIAN_POINT('',(-5.74999999999998,1.,13.3548332189717));
#6942=CARTESIAN_POINT('',(-5.74999999999998,1.,13.8548332189717));
#6943=CARTESIAN_POINT('',(-5.74999999999998,1.,12.8548332189717));
#6944=CARTESIAN_POINT('',(-5.74999999999998,-0.999999999999996,13.3548332189717));
#6945=CARTESIAN_POINT('',(-5.74999999999998,9.,13.3548332189717));
#6946=CARTESIAN_POINT('',(-5.74999999999998,-0.999999999999996,13.8548332189717));
#6947=CARTESIAN_POINT('',(-5.74999999999998,-0.999999999999996,13.3548332189717));
#6948=CARTESIAN_POINT('',(-5.74999999999998,1.5,13.8548332189717));
#6949=CARTESIAN_POINT('Origin',(-8.74999999999998,9.,13.3548332189717));
#6950=CARTESIAN_POINT('',(-8.74999999999998,9.,13.3548332189717));
#6951=CARTESIAN_POINT('',(-5.74999999999998,9.,13.3548332189717));
#6952=CARTESIAN_POINT('',(-5.37761203001502,9.,13.3548332189717));
#6953=CARTESIAN_POINT('',(-8.74999999999998,-0.999999999999996,13.3548332189717));
#6954=CARTESIAN_POINT('',(-8.74999999999998,9.,13.3548332189717));
#6955=CARTESIAN_POINT('',(-8.74999999999998,-0.999999999999996,13.3548332189717));
#6956=CARTESIAN_POINT('',(-5.74999999999998,11.,13.3548332189717));
#6957=CARTESIAN_POINT('Origin',(-8.74999999999998,9.,15.3548332189717));
#6958=CARTESIAN_POINT('',(-8.74999999999998,9.,15.3548332189717));
#6959=CARTESIAN_POINT('',(-8.74999999999998,9.,33.7305851555989));
#6960=CARTESIAN_POINT('',(-8.74999999999998,-0.999999999999996,15.3548332189717));
#6961=CARTESIAN_POINT('',(-8.74999999999998,9.,15.3548332189717));
#6962=CARTESIAN_POINT('',(-8.74999999999998,-0.999999999999996,15.3548332189717));
#6963=CARTESIAN_POINT('Origin',(-5.74999999999998,9.,15.3548332189717));
#6964=CARTESIAN_POINT('',(-5.74999999999998,9.,15.3548332189717));
#6965=CARTESIAN_POINT('',(-3.87761203001502,9.,15.3548332189717));
#6966=CARTESIAN_POINT('',(-5.74999999999998,1.,15.3548332189717));
#6967=CARTESIAN_POINT('',(-5.74999999999998,11.,15.3548332189717));
#6968=CARTESIAN_POINT('',(-5.74999999999998,-0.999999999999996,15.3548332189717));
#6969=CARTESIAN_POINT('',(-5.74999999999998,9.,15.3548332189717));
#6970=CARTESIAN_POINT('',(-5.74999999999998,-0.999999999999996,15.3548332189717));
#6971=CARTESIAN_POINT('Origin',(-5.74999999999998,9.,14.8548332189717));
#6972=CARTESIAN_POINT('',(-5.74999999999998,1.,14.8548332189717));
#6973=CARTESIAN_POINT('',(-5.74999999999998,1.,12.8548332189717));
#6974=CARTESIAN_POINT('',(-5.74999999999998,-0.999999999999996,14.8548332189717));
#6975=CARTESIAN_POINT('',(-5.74999999999998,1.5,14.8548332189717));
#6976=CARTESIAN_POINT('',(-5.74999999999998,-0.999999999999996,13.3548332189717));
#6977=CARTESIAN_POINT('Origin',(-7.24999999999998,-0.999999999999996,14.3548332189717));
#6978=CARTESIAN_POINT('',(-7.24999999999998,-0.999999999999996,14.8548332189717));
#6979=CARTESIAN_POINT('',(-7.24999999999998,-0.999999999999996,14.8548332189717));
#6980=CARTESIAN_POINT('',(-7.24999999999998,-0.999999999999996,13.8548332189717));
#6981=CARTESIAN_POINT('',(-7.24999999999998,-0.999999999999996,14.6048332189717));
#6982=CARTESIAN_POINT('',(-7.24999999999998,-0.999999999999996,13.8548332189717));
#6983=CARTESIAN_POINT('Origin',(-5.74999999999998,13.,12.8548332189717));
#6984=CARTESIAN_POINT('',(-5.74999999999998,9.,15.8548332189717));
#6985=CARTESIAN_POINT('',(-5.74999999999998,9.,32.4805851555989));
#6986=CARTESIAN_POINT('',(-5.74999999999998,1.,15.8548332189717));
#6987=CARTESIAN_POINT('',(-5.74999999999998,-8.,15.8548332189717));
#6988=CARTESIAN_POINT('',(-5.74999999999998,1.,12.8548332189717));
#6989=CARTESIAN_POINT('Origin',(-7.24999999999998,-6.,13.8548332189717));
#6990=CARTESIAN_POINT('',(-7.24999999999998,-6.,13.8548332189717));
#6991=CARTESIAN_POINT('',(-7.24999999999998,-6.,13.8548332189717));
#6992=CARTESIAN_POINT('',(-2.24999999999998,-6.,13.8548332189717));
#6993=CARTESIAN_POINT('',(-7.24999999999998,-6.,13.8548332189717));
#6994=CARTESIAN_POINT('',(-2.24999999999998,-4.5,13.8548332189717));
#6995=CARTESIAN_POINT('',(-2.24999999999998,-6.,13.8548332189717));
#6996=CARTESIAN_POINT('',(1.25000000000002,-4.5,13.8548332189717));
#6997=CARTESIAN_POINT('',(-7.24999999999998,-4.5,13.8548332189717));
#6998=CARTESIAN_POINT('',(1.25000000000002,-6.,13.8548332189717));
#6999=CARTESIAN_POINT('',(1.25000000000002,-6.,13.8548332189717));
#7000=CARTESIAN_POINT('',(6.25000000000002,-6.,13.8548332189717));
#7001=CARTESIAN_POINT('',(-7.24999999999998,-6.,13.8548332189717));
#7002=CARTESIAN_POINT('',(6.25000000000002,-0.999999999999996,13.8548332189717));
#7003=CARTESIAN_POINT('',(6.25000000000002,-6.,13.8548332189717));
#7004=CARTESIAN_POINT('',(4.75000000000002,-0.999999999999996,13.8548332189717));
#7005=CARTESIAN_POINT('',(-0.49999999999998,-0.999999999999996,13.8548332189717));
#7006=CARTESIAN_POINT('',(4.75000000000002,1.00000000000001,13.8548332189717));
#7007=CARTESIAN_POINT('',(4.75000000000002,1.5,13.8548332189717));
#7008=CARTESIAN_POINT('',(-5.74999999999998,1.,13.8548332189717));
#7009=CARTESIAN_POINT('Origin',(4.75000000000002,9.,15.3548332189717));
#7010=CARTESIAN_POINT('',(4.75000000000002,1.00000000000001,14.8548332189717));
#7011=CARTESIAN_POINT('',(4.75000000000002,1.00000000000001,15.3548332189717));
#7012=CARTESIAN_POINT('',(4.75000000000002,1.00000000000001,12.8548332189717));
#7013=CARTESIAN_POINT('',(4.75000000000002,-0.999999999999996,15.3548332189717));
#7014=CARTESIAN_POINT('',(4.75000000000002,9.,15.3548332189717));
#7015=CARTESIAN_POINT('',(4.75000000000002,-0.999999999999996,14.8548332189717));
#7016=CARTESIAN_POINT('',(4.75000000000002,-0.999999999999996,13.3548332189717));
#7017=CARTESIAN_POINT('',(4.75000000000002,1.5,14.8548332189717));
#7018=CARTESIAN_POINT('Origin',(7.75000000000002,9.,15.3548332189717));
#7019=CARTESIAN_POINT('',(7.75000000000002,9.,15.3548332189717));
#7020=CARTESIAN_POINT('',(4.75000000000002,9.,15.3548332189717));
#7021=CARTESIAN_POINT('',(2.87238796998498,9.,15.3548332189717));
#7022=CARTESIAN_POINT('',(7.75000000000002,-0.999999999999996,15.3548332189717));
#7023=CARTESIAN_POINT('',(7.75000000000002,9.,15.3548332189717));
#7024=CARTESIAN_POINT('',(4.75000000000002,-0.999999999999996,15.3548332189717));
#7025=CARTESIAN_POINT('',(4.75000000000002,11.,15.3548332189717));
#7026=CARTESIAN_POINT('Origin',(7.75000000000002,9.,13.3548332189717));
#7027=CARTESIAN_POINT('',(7.75000000000002,9.,13.3548332189717));
#7028=CARTESIAN_POINT('',(7.75000000000002,9.,32.7305851555989));
#7029=CARTESIAN_POINT('',(7.75000000000002,-0.999999999999996,13.3548332189717));
#7030=CARTESIAN_POINT('',(7.75000000000002,9.,13.3548332189717));
#7031=CARTESIAN_POINT('',(7.75000000000002,-0.999999999999996,15.3548332189717));
#7032=CARTESIAN_POINT('Origin',(4.75000000000002,9.,13.3548332189717));
#7033=CARTESIAN_POINT('',(4.75000000000002,9.,13.3548332189717));
#7034=CARTESIAN_POINT('',(1.37238796998498,9.,13.3548332189717));
#7035=CARTESIAN_POINT('',(4.75000000000002,1.00000000000001,13.3548332189717));
#7036=CARTESIAN_POINT('',(4.75000000000002,11.,13.3548332189717));
#7037=CARTESIAN_POINT('',(4.75000000000002,-0.999999999999996,13.3548332189717));
#7038=CARTESIAN_POINT('',(4.75000000000002,9.,13.3548332189717));
#7039=CARTESIAN_POINT('',(7.75000000000002,-0.999999999999996,13.3548332189717));
#7040=CARTESIAN_POINT('Origin',(4.75000000000002,9.,13.8548332189717));
#7041=CARTESIAN_POINT('',(4.75000000000002,1.00000000000001,12.8548332189717));
#7042=CARTESIAN_POINT('',(4.75000000000002,-0.999999999999996,13.3548332189717));
#7043=CARTESIAN_POINT('Origin',(6.25000000000002,-0.999999999999996,14.3548332189717));
#7044=CARTESIAN_POINT('',(6.25000000000002,-0.999999999999996,14.8548332189717));
#7045=CARTESIAN_POINT('',(6.25000000000002,-0.999999999999996,14.6048332189717));
#7046=CARTESIAN_POINT('',(-0.49999999999998,-0.999999999999996,14.8548332189717));
#7047=CARTESIAN_POINT('Origin',(-7.24999999999998,-6.,14.8548332189717));
#7048=CARTESIAN_POINT('',(6.25000000000002,-6.,14.8548332189717));
#7049=CARTESIAN_POINT('',(6.25000000000002,-6.,14.8548332189717));
#7050=CARTESIAN_POINT('',(1.25000000000002,-6.,14.8548332189717));
#7051=CARTESIAN_POINT('',(-7.24999999999998,-6.,14.8548332189717));
#7052=CARTESIAN_POINT('',(1.25000000000002,1.,14.8548332189717));
#7053=CARTESIAN_POINT('',(1.25000000000002,-6.,14.8548332189717));
#7054=CARTESIAN_POINT('',(-5.74999999999998,1.,14.8548332189717));
#7055=CARTESIAN_POINT('Origin',(4.75000000000002,13.,12.8548332189717));
#7056=CARTESIAN_POINT('',(4.75000000000002,9.,12.8548332189717));
#7057=CARTESIAN_POINT('',(4.75000000000002,9.,32.4805851555989));
#7058=CARTESIAN_POINT('',(4.75000000000002,1.00000000000001,12.8548332189717));
#7059=CARTESIAN_POINT('',(4.75000000000002,13.5,12.8548332189717));
#7060=CARTESIAN_POINT('',(4.75000000000002,1.00000000000001,12.8548332189717));
#7061=CARTESIAN_POINT('Origin',(6.25000000000002,-6.,14.8548332189717));
#7062=CARTESIAN_POINT('',(6.25000000000002,-6.,14.8548332189717));
#7063=CARTESIAN_POINT('Origin',(-5.74999999999999,9.,85.3548332189717));
#7064=CARTESIAN_POINT('',(-5.74999999999999,1.,85.3548332189717));
#7065=CARTESIAN_POINT('',(-5.74999999999999,1.,85.8548332189717));
#7066=CARTESIAN_POINT('',(-5.74999999999998,1.,12.8548332189717));
#7067=CARTESIAN_POINT('',(-5.74999999999999,-0.999999999999996,85.3548332189717));
#7068=CARTESIAN_POINT('',(-5.74999999999999,9.,85.3548332189717));
#7069=CARTESIAN_POINT('',(-5.74999999999999,-0.999999999999996,85.8548332189717));
#7070=CARTESIAN_POINT('',(-5.74999999999999,-0.999999999999996,85.3548332189717));
#7071=CARTESIAN_POINT('',(-5.74999999999999,1.5,85.8548332189717));
#7072=CARTESIAN_POINT('Origin',(-8.74999999999998,9.,85.3548332189717));
#7073=CARTESIAN_POINT('',(-8.74999999999998,9.,85.3548332189717));
#7074=CARTESIAN_POINT('',(-5.74999999999999,9.,85.3548332189717));
#7075=CARTESIAN_POINT('',(-5.37761203001502,9.,85.3548332189717));
#7076=CARTESIAN_POINT('',(-8.74999999999998,-0.999999999999996,85.3548332189717));
#7077=CARTESIAN_POINT('',(-8.74999999999998,9.,85.3548332189717));
#7078=CARTESIAN_POINT('',(-8.74999999999998,-0.999999999999996,85.3548332189717));
#7079=CARTESIAN_POINT('',(-5.74999999999999,11.,85.3548332189717));
#7080=CARTESIAN_POINT('Origin',(-8.74999999999998,9.,87.3548332189718));
#7081=CARTESIAN_POINT('',(-8.74999999999998,9.,87.3548332189718));
#7082=CARTESIAN_POINT('',(-8.74999999999998,9.,69.7305851555989));
#7083=CARTESIAN_POINT('',(-8.74999999999998,-0.999999999999996,87.3548332189718));
#7084=CARTESIAN_POINT('',(-8.74999999999998,9.,87.3548332189718));
#7085=CARTESIAN_POINT('',(-8.74999999999998,-0.999999999999996,87.3548332189718));
#7086=CARTESIAN_POINT('Origin',(-5.74999999999999,9.,87.3548332189718));
#7087=CARTESIAN_POINT('',(-5.74999999999999,9.,87.3548332189718));
#7088=CARTESIAN_POINT('',(-3.87761203001503,9.,87.3548332189718));
#7089=CARTESIAN_POINT('',(-5.74999999999999,1.,87.3548332189718));
#7090=CARTESIAN_POINT('',(-5.74999999999999,11.,87.3548332189718));
#7091=CARTESIAN_POINT('',(-5.74999999999999,-0.999999999999996,87.3548332189718));
#7092=CARTESIAN_POINT('',(-5.74999999999999,9.,87.3548332189718));
#7093=CARTESIAN_POINT('',(-5.74999999999999,-0.999999999999996,87.3548332189718));
#7094=CARTESIAN_POINT('Origin',(-5.74999999999999,9.,86.8548332189717));
#7095=CARTESIAN_POINT('',(-5.74999999999999,1.,86.8548332189717));
#7096=CARTESIAN_POINT('',(-5.74999999999998,1.,12.8548332189717));
#7097=CARTESIAN_POINT('',(-5.74999999999999,-0.999999999999996,86.8548332189717));
#7098=CARTESIAN_POINT('',(-5.74999999999999,1.5,86.8548332189717));
#7099=CARTESIAN_POINT('',(-5.74999999999999,-0.999999999999996,85.3548332189717));
#7100=CARTESIAN_POINT('Origin',(-7.24999999999998,-0.999999999999996,86.3548332189718));
#7101=CARTESIAN_POINT('',(-7.24999999999998,-0.999999999999996,86.8548332189717));
#7102=CARTESIAN_POINT('',(-7.24999999999998,-0.999999999999996,86.8548332189717));
#7103=CARTESIAN_POINT('',(-7.24999999999998,-0.999999999999996,85.8548332189717));
#7104=CARTESIAN_POINT('',(-7.24999999999998,-0.999999999999996,86.1048332189718));
#7105=CARTESIAN_POINT('',(-7.24999999999998,-0.999999999999996,85.8548332189717));
#7106=CARTESIAN_POINT('Origin',(-7.24999999999998,-6.,85.8548332189717));
#7107=CARTESIAN_POINT('',(-7.24999999999998,-6.,85.8548332189717));
#7108=CARTESIAN_POINT('',(-7.24999999999998,-6.,85.8548332189717));
#7109=CARTESIAN_POINT('',(-2.24999999999999,-6.,85.8548332189717));
#7110=CARTESIAN_POINT('',(-7.24999999999998,-6.,85.8548332189717));
#7111=CARTESIAN_POINT('',(-2.24999999999999,1.,85.8548332189717));
#7112=CARTESIAN_POINT('',(-2.24999999999999,-6.,85.8548332189717));
#7113=CARTESIAN_POINT('',(-5.74999999999999,1.,85.8548332189717));
#7114=CARTESIAN_POINT('Origin',(-7.24999999999998,-6.,85.8548332189717));
#7115=CARTESIAN_POINT('',(-7.24999999999998,-6.,86.8548332189717));
#7116=CARTESIAN_POINT('',(-7.24999999999998,-6.,86.8548332189717));
#7117=CARTESIAN_POINT('',(-7.24999999999998,-6.,85.8548332189717));
#7118=CARTESIAN_POINT('Origin',(-7.24999999999998,-6.,86.8548332189717));
#7119=CARTESIAN_POINT('',(4.75000000000001,1.00000000000001,86.8548332189717));
#7120=CARTESIAN_POINT('',(-5.74999999999999,1.,86.8548332189717));
#7121=CARTESIAN_POINT('',(4.75000000000002,-0.999999999999996,86.8548332189717));
#7122=CARTESIAN_POINT('',(4.75000000000002,1.5,86.8548332189717));
#7123=CARTESIAN_POINT('',(6.25000000000002,-0.999999999999996,86.8548332189717));
#7124=CARTESIAN_POINT('',(-0.49999999999998,-0.999999999999996,86.8548332189717));
#7125=CARTESIAN_POINT('',(6.25000000000002,-6.,86.8548332189717));
#7126=CARTESIAN_POINT('',(6.25000000000002,-6.,86.8548332189717));
#7127=CARTESIAN_POINT('',(1.25000000000002,-6.,86.8548332189717));
#7128=CARTESIAN_POINT('',(-7.24999999999998,-6.,86.8548332189717));
#7129=CARTESIAN_POINT('',(1.25000000000002,-4.5,86.8548332189717));
#7130=CARTESIAN_POINT('',(1.25000000000002,-6.,86.8548332189717));
#7131=CARTESIAN_POINT('',(-2.24999999999999,-4.5,86.8548332189717));
#7132=CARTESIAN_POINT('',(-7.24999999999998,-4.5,86.8548332189717));
#7133=CARTESIAN_POINT('',(-2.24999999999999,-6.,86.8548332189717));
#7134=CARTESIAN_POINT('',(-2.24999999999999,-6.,86.8548332189717));
#7135=CARTESIAN_POINT('',(-7.24999999999998,-6.,86.8548332189717));
#7136=CARTESIAN_POINT('Origin',(4.75000000000002,9.,87.3548332189718));
#7137=CARTESIAN_POINT('',(4.75000000000002,1.00000000000001,87.3548332189718));
#7138=CARTESIAN_POINT('',(4.75000000000002,1.00000000000001,12.8548332189717));
#7139=CARTESIAN_POINT('',(4.75000000000002,-0.999999999999996,87.3548332189718));
#7140=CARTESIAN_POINT('',(4.75000000000002,9.,87.3548332189718));
#7141=CARTESIAN_POINT('',(4.75000000000002,-0.999999999999996,87.3548332189718));
#7142=CARTESIAN_POINT('Origin',(7.75000000000002,9.,87.3548332189718));
#7143=CARTESIAN_POINT('',(7.75000000000002,9.,87.3548332189718));
#7144=CARTESIAN_POINT('',(4.75000000000002,9.,87.3548332189718));
#7145=CARTESIAN_POINT('',(2.87238796998498,9.,87.3548332189718));
#7146=CARTESIAN_POINT('',(7.75000000000002,-0.999999999999996,87.3548332189718));
#7147=CARTESIAN_POINT('',(7.75000000000002,9.,87.3548332189718));
#7148=CARTESIAN_POINT('',(7.75000000000002,-0.999999999999996,87.3548332189718));
#7149=CARTESIAN_POINT('',(4.75000000000002,11.,87.3548332189718));
#7150=CARTESIAN_POINT('Origin',(7.75000000000002,9.,85.3548332189717));
#7151=CARTESIAN_POINT('',(7.75000000000002,9.,85.3548332189717));
#7152=CARTESIAN_POINT('',(7.75000000000002,9.,68.7305851555989));
#7153=CARTESIAN_POINT('',(7.75000000000002,-0.999999999999996,85.3548332189717));
#7154=CARTESIAN_POINT('',(7.75000000000002,9.,85.3548332189717));
#7155=CARTESIAN_POINT('',(7.75000000000002,-0.999999999999996,85.3548332189717));
#7156=CARTESIAN_POINT('Origin',(4.75000000000002,9.,85.3548332189717));
#7157=CARTESIAN_POINT('',(4.75000000000002,9.,85.3548332189717));
#7158=CARTESIAN_POINT('',(1.37238796998498,9.,85.3548332189717));
#7159=CARTESIAN_POINT('',(4.75000000000001,1.00000000000001,85.3548332189717));
#7160=CARTESIAN_POINT('',(4.75000000000002,11.,85.3548332189717));
#7161=CARTESIAN_POINT('',(4.75000000000002,-0.999999999999996,85.3548332189717));
#7162=CARTESIAN_POINT('',(4.75000000000002,9.,85.3548332189717));
#7163=CARTESIAN_POINT('',(4.75000000000002,-0.999999999999996,85.3548332189717));
#7164=CARTESIAN_POINT('Origin',(4.75000000000002,9.,85.8548332189717));
#7165=CARTESIAN_POINT('',(4.75000000000001,1.00000000000001,85.8548332189717));
#7166=CARTESIAN_POINT('',(4.75000000000002,1.00000000000001,12.8548332189717));
#7167=CARTESIAN_POINT('',(4.75000000000002,-0.999999999999996,85.8548332189717));
#7168=CARTESIAN_POINT('',(4.75000000000002,1.5,85.8548332189717));
#7169=CARTESIAN_POINT('',(4.75000000000002,-0.999999999999996,87.3548332189718));
#7170=CARTESIAN_POINT('Origin',(6.25000000000002,-0.999999999999996,86.3548332189718));
#7171=CARTESIAN_POINT('',(6.25000000000002,-0.999999999999996,85.8548332189717));
#7172=CARTESIAN_POINT('',(-0.49999999999998,-0.999999999999996,85.8548332189717));
#7173=CARTESIAN_POINT('',(6.25000000000002,-0.999999999999996,86.1048332189718));
#7174=CARTESIAN_POINT('Origin',(4.75000000000002,13.,12.8548332189717));
#7175=CARTESIAN_POINT('',(4.75000000000002,9.,84.8548332189717));
#7176=CARTESIAN_POINT('',(4.75000000000002,9.,32.4805851555989));
#7177=CARTESIAN_POINT('',(4.75000000000001,1.00000000000001,84.8548332189717));
#7178=CARTESIAN_POINT('',(4.75000000000001,-8.,84.8548332189717));
#7179=CARTESIAN_POINT('',(4.75000000000002,1.00000000000001,12.8548332189717));
#7180=CARTESIAN_POINT('Origin',(0.,-9.,90.));
#7181=CARTESIAN_POINT('',(5.,-9.,5.));
#7182=CARTESIAN_POINT('',(5.,-9.,175.));
#7183=CARTESIAN_POINT('',(5.,-9.,135.));
#7184=CARTESIAN_POINT('',(6.,-9.,5.));
#7185=CARTESIAN_POINT('',(6.,-9.,5.));
#7186=CARTESIAN_POINT('',(6.,-9.,175.));
#7187=CARTESIAN_POINT('',(6.,-9.,175.));
#7188=CARTESIAN_POINT('',(-6.,-9.,175.));
#7189=CARTESIAN_POINT('Origin',(6.,-14.,5.));
#7190=CARTESIAN_POINT('',(-5.,-9.,5.));
#7191=CARTESIAN_POINT('',(-5.,-10.,5.));
#7192=CARTESIAN_POINT('',(-5.,-12.,5.));
#7193=CARTESIAN_POINT('',(-6.,-9.,5.));
#7194=CARTESIAN_POINT('',(6.,-9.,5.));
#7195=CARTESIAN_POINT('',(-6.,-12.6491106406735,5.));
#7196=CARTESIAN_POINT('',(-6.,-14.,5.));
#7197=CARTESIAN_POINT('',(6.,-12.6491106406735,5.));
#7198=CARTESIAN_POINT('Origin',(0.,0.,5.));
#7199=CARTESIAN_POINT('',(6.,-14.,5.));
#7200=CARTESIAN_POINT('',(5.,-10.,5.));
#7201=CARTESIAN_POINT('',(5.,-2.,5.));
#7202=CARTESIAN_POINT('',(5.5,-10.,5.));
#7203=CARTESIAN_POINT('Origin',(-6.,-14.,5.));
#7204=CARTESIAN_POINT('',(-6.,-12.6491106406735,175.));
#7205=CARTESIAN_POINT('',(-6.,-12.6491106406735,0.));
#7206=CARTESIAN_POINT('',(-6.,-9.,175.));
#7207=CARTESIAN_POINT('',(-6.,-9.,5.));
#7208=CARTESIAN_POINT('',(-6.,-14.,175.));
#7209=CARTESIAN_POINT('Origin',(6.,-14.,175.));
#7210=CARTESIAN_POINT('',(6.,-12.6491106406735,175.));
#7211=CARTESIAN_POINT('',(6.,-12.6491106406735,0.));
#7212=CARTESIAN_POINT('',(6.,-14.,175.));
#7213=CARTESIAN_POINT('Origin',(-6.,-14.,175.));
#7214=CARTESIAN_POINT('',(-5.,-10.,175.));
#7215=CARTESIAN_POINT('',(-5.,-9.,175.));
#7216=CARTESIAN_POINT('',(-5.,-12.,175.));
#7217=CARTESIAN_POINT('',(5.,-10.,175.));
#7218=CARTESIAN_POINT('',(-0.5,-10.,175.));
#7219=CARTESIAN_POINT('',(5.,-2.,175.));
#7220=CARTESIAN_POINT('Origin',(0.,0.,175.));
#7221=CARTESIAN_POINT('',(-6.,-9.,175.));
#7222=CARTESIAN_POINT('Origin',(0.,-9.,90.));
#7223=CARTESIAN_POINT('',(-5.,-9.,135.));
#7224=CARTESIAN_POINT('Origin',(5.,10.,180.));
#7225=CARTESIAN_POINT('',(5.,-10.,180.));
#7226=CARTESIAN_POINT('',(5.,-10.,180.));
#7227=CARTESIAN_POINT('',(5.,-3.3166247903554,180.));
#7228=CARTESIAN_POINT('',(5.,5.,180.));
#7229=CARTESIAN_POINT('',(5.,-0.316624790355401,180.));
#7230=CARTESIAN_POINT('',(5.,5.,180.));
#7231=CARTESIAN_POINT('',(5.,-0.316624790355401,160.));
#7232=CARTESIAN_POINT('',(5.,-0.316624790355401,87.8548332189717));
#7233=CARTESIAN_POINT('',(5.,-5.,160.));
#7234=CARTESIAN_POINT('',(5.,10.,160.));
#7235=CARTESIAN_POINT('',(5.,-5.,87.8548332189717));
#7236=CARTESIAN_POINT('',(5.,-5.,0.));
#7237=CARTESIAN_POINT('',(5.,-7.5,87.8548332189717));
#7238=CARTESIAN_POINT('',(5.,2.,87.8548332189717));
#7239=CARTESIAN_POINT('',(5.,-7.5,86.3548332189717));
#7240=CARTESIAN_POINT('',(5.,-7.5,50.3548332189717));
#7241=CARTESIAN_POINT('',(5.,-8.,86.3548332189717));
#7242=CARTESIAN_POINT('',(5.,-7.5,86.3548332189717));
#7243=CARTESIAN_POINT('',(5.00000000000001,-8.,14.3548332189717));
#7244=CARTESIAN_POINT('',(5.,-8.,25.1774166094859));
#7245=CARTESIAN_POINT('',(5.00000000000001,-7.5,14.3548332189717));
#7246=CARTESIAN_POINT('',(5.00000000000001,-7.5,14.3548332189717));
#7247=CARTESIAN_POINT('',(5.00000000000001,-7.5,12.8548332189717));
#7248=CARTESIAN_POINT('',(5.00000000000001,-7.5,50.3548332189717));
#7249=CARTESIAN_POINT('',(5.,-5.,12.8548332189717));
#7250=CARTESIAN_POINT('',(5.,2.,12.8548332189717));
#7251=CARTESIAN_POINT('',(5.,-5.,0.));
#7252=CARTESIAN_POINT('',(5.,-5.,0.));
#7253=CARTESIAN_POINT('',(5.,-10.,0.));
#7254=CARTESIAN_POINT('',(5.,-5.,0.));
#7255=CARTESIAN_POINT('',(5.,-10.,180.));
#7256=CARTESIAN_POINT('Origin',(5.,-10.,180.));
#7257=CARTESIAN_POINT('',(-5.,-10.,180.));
#7258=CARTESIAN_POINT('',(-5.,-10.,180.));
#7259=CARTESIAN_POINT('',(2.5,-10.,180.));
#7260=CARTESIAN_POINT('Origin',(5.,-10.,180.));
#7261=CARTESIAN_POINT('',(-5.,-10.,0.));
#7262=CARTESIAN_POINT('',(-2.5,-10.,0.));
#7263=CARTESIAN_POINT('',(-5.,-10.,180.));
#7264=CARTESIAN_POINT('Origin',(2.91194079293479,12.,176.980623409144));
#7265=CARTESIAN_POINT('',(2.91194079293479,10.,170.980623409144));
#7266=CARTESIAN_POINT('',(2.91194079293479,10.,176.980623409144));
#7267=CARTESIAN_POINT('',(2.91194079293479,10.,178.490311704572));
#7268=CARTESIAN_POINT('',(2.91194079293479,12.,170.980623409144));
#7269=CARTESIAN_POINT('',(2.91194079293479,12.,170.980623409144));
#7270=CARTESIAN_POINT('',(2.91194079293479,12.,176.980623409144));
#7271=CARTESIAN_POINT('',(2.91194079293479,12.,175.480623409144));
#7272=CARTESIAN_POINT('',(2.91194079293479,12.,176.980623409144));
#7273=CARTESIAN_POINT('Origin',(-3.08805935607682,12.,170.980623409144));
#7274=CARTESIAN_POINT('',(-3.08805935607682,10.,176.980623409144));
#7275=CARTESIAN_POINT('',(-3.08805935607682,10.,170.980623409144));
#7276=CARTESIAN_POINT('',(-3.08805935607682,10.,175.490311704572));
#7277=CARTESIAN_POINT('',(-3.08805935607682,12.,176.980623409144));
#7278=CARTESIAN_POINT('',(-3.08805935607682,12.,176.980623409144));
#7279=CARTESIAN_POINT('',(-3.08805935607682,12.,170.980623409144));
#7280=CARTESIAN_POINT('',(-3.08805935607682,12.,172.480623409144));
#7281=CARTESIAN_POINT('',(-3.08805935607682,12.,170.980623409144));
#7282=CARTESIAN_POINT('Origin',(-4.08805935607681,7.,173.980623409144));
#7283=CARTESIAN_POINT('',(-5.,7.,170.980623409144));
#7284=CARTESIAN_POINT('',(-5.,7.,176.980623409144));
#7285=CARTESIAN_POINT('',(-5.,7.,176.990311704572));
#7286=CARTESIAN_POINT('',(-5.08805935607681,7.,170.980623409144));
#7287=CARTESIAN_POINT('',(-3.08805935607682,7.,170.980623409144));
#7288=CARTESIAN_POINT('',(-5.08805935607681,7.,176.980623409144));
#7289=CARTESIAN_POINT('',(-5.08805935607681,7.,170.980623409144));
#7290=CARTESIAN_POINT('',(-5.08805935607681,7.,176.980623409144));
#7291=CARTESIAN_POINT('Origin',(-5.,10.,180.));
#7292=CARTESIAN_POINT('',(-5.,10.,176.980623409144));
#7293=CARTESIAN_POINT('',(-4.04402967803841,10.,176.980623409144));
#7294=CARTESIAN_POINT('',(-5.,10.,170.980623409144));
#7295=CARTESIAN_POINT('',(-5.0440296780384,10.,170.980623409144));
#7296=CARTESIAN_POINT('',(-5.,10.,167.980623409144));
#7297=CARTESIAN_POINT('',(-5.,10.,180.));
#7298=CARTESIAN_POINT('',(-2.69216984746451,10.,167.980623409144));
#7299=CARTESIAN_POINT('',(-3.84608492373226,10.,167.980623409144));
#7300=CARTESIAN_POINT('',(-2.69216984746451,10.,161.980623409144));
#7301=CARTESIAN_POINT('',(-2.69216984746451,10.,170.990311704572));
#7302=CARTESIAN_POINT('',(-5.,10.,161.980623409144));
#7303=CARTESIAN_POINT('',(-5.0440296780384,10.,161.980623409144));
#7304=CARTESIAN_POINT('',(-5.,10.,160.));
#7305=CARTESIAN_POINT('',(-5.,10.,180.));
#7306=CARTESIAN_POINT('',(5.,10.,160.));
#7307=CARTESIAN_POINT('',(-5.,10.,160.));
#7308=CARTESIAN_POINT('',(5.,10.,180.));
#7309=CARTESIAN_POINT('',(5.,10.,180.));
#7310=CARTESIAN_POINT('',(-5.,10.,180.));
#7311=CARTESIAN_POINT('',(-2.5,10.,180.));
#7312=CARTESIAN_POINT('',(-5.,10.,180.));
#7313=CARTESIAN_POINT('',(2.91194079293479,10.,161.980623409144));
#7314=CARTESIAN_POINT('',(2.91194079293479,10.,167.980623409144));
#7315=CARTESIAN_POINT('',(2.91194079293479,10.,173.990311704572));
#7316=CARTESIAN_POINT('',(4.9119407929348,10.,167.980623409144));
#7317=CARTESIAN_POINT('',(-0.0440296035325982,10.,167.980623409144));
#7318=CARTESIAN_POINT('',(4.9119407929348,10.,161.980623409144));
#7319=CARTESIAN_POINT('',(4.9119407929348,10.,170.990311704572));
#7320=CARTESIAN_POINT('',(-1.0440296035326,10.,161.980623409144));
#7321=CARTESIAN_POINT('',(4.9119407929348,10.,176.980623409144));
#7322=CARTESIAN_POINT('',(-0.0440296035325982,10.,176.980623409144));
#7323=CARTESIAN_POINT('',(4.9119407929348,10.,170.980623409144));
#7324=CARTESIAN_POINT('',(4.9119407929348,10.,175.490311704572));
#7325=CARTESIAN_POINT('',(-1.0440296035326,10.,170.980623409144));
#7326=CARTESIAN_POINT('Origin',(2.91194079293479,12.,167.980623409144));
#7327=CARTESIAN_POINT('',(2.91194079293479,12.,161.980623409144));
#7328=CARTESIAN_POINT('',(2.91194079293479,12.,161.980623409144));
#7329=CARTESIAN_POINT('',(2.91194079293479,12.,167.980623409144));
#7330=CARTESIAN_POINT('',(2.91194079293479,12.,166.480623409144));
#7331=CARTESIAN_POINT('',(2.91194079293479,12.,167.980623409144));
#7332=CARTESIAN_POINT('Origin',(-3.89011460177066,7.,164.980623409144));
#7333=CARTESIAN_POINT('',(-5.,7.,161.980623409144));
#7334=CARTESIAN_POINT('',(-5.,7.,167.980623409144));
#7335=CARTESIAN_POINT('',(-5.,7.,172.490311704572));
#7336=CARTESIAN_POINT('',(-5.08805935607681,7.,161.980623409144));
#7337=CARTESIAN_POINT('',(-5.08805935607681,7.,161.980623409144));
#7338=CARTESIAN_POINT('',(-5.08805935607681,7.,167.980623409144));
#7339=CARTESIAN_POINT('',(-5.08805935607681,7.,167.980623409144));
#7340=CARTESIAN_POINT('',(-2.69216984746451,7.,167.980623409144));
#7341=CARTESIAN_POINT('Origin',(-2.69216984746451,12.,161.980623409144));
#7342=CARTESIAN_POINT('',(-2.69216984746451,12.,167.980623409144));
#7343=CARTESIAN_POINT('',(-2.69216984746451,12.,167.980623409144));
#7344=CARTESIAN_POINT('',(-2.69216984746451,12.,161.980623409144));
#7345=CARTESIAN_POINT('',(-2.69216984746451,12.,163.480623409144));
#7346=CARTESIAN_POINT('',(-2.69216984746451,12.,161.980623409144));
#7347=CARTESIAN_POINT('Origin',(-5.,-10.,180.));
#7348=CARTESIAN_POINT('',(-5.,1.,176.980623409144));
#7349=CARTESIAN_POINT('',(-5.,6.3166247903554,180.));
#7350=CARTESIAN_POINT('',(-5.,-5.,180.));
#7351=CARTESIAN_POINT('',(-5.,6.3166247903554,160.));
#7352=CARTESIAN_POINT('',(-5.,6.3166247903554,87.8548332189717));
#7353=CARTESIAN_POINT('',(-5.,-10.,160.));
#7354=CARTESIAN_POINT('',(-5.,1.,161.980623409144));
#7355=CARTESIAN_POINT('',(-5.,1.,167.980623409144));
#7356=CARTESIAN_POINT('',(-5.,1.,170.980623409144));
#7357=CARTESIAN_POINT('Origin',(0.,0.,180.));
#7358=CARTESIAN_POINT('',(-5.,-0.316624790355401,180.));
#7359=CARTESIAN_POINT('',(-5.80947501931113,1.5,180.));
#7360=CARTESIAN_POINT('Origin',(0.,3.,180.));
#7361=CARTESIAN_POINT('',(-5.,-3.3166247903554,180.));
#7362=CARTESIAN_POINT('Origin',(0.,0.,180.));
#7363=CARTESIAN_POINT('',(-5.,-5.,180.));
#7364=CARTESIAN_POINT('Origin',(0.,0.,187.));
#7365=CARTESIAN_POINT('',(6.,7.34788079488412E-16,187.));
#7366=CARTESIAN_POINT('Origin',(0.,0.,187.));
#7367=CARTESIAN_POINT('',(6.,-7.34788079488412E-16,180.));
#7368=CARTESIAN_POINT('',(6.,-7.34788079488412E-16,187.));
#7369=CARTESIAN_POINT('Origin',(0.,0.,180.));
#7370=CARTESIAN_POINT('Origin',(0.,0.,180.));
#7371=CARTESIAN_POINT('',(5.80947501931113,1.5,180.));
#7372=CARTESIAN_POINT('Origin',(0.,0.,180.));
#7373=CARTESIAN_POINT('Origin',(0.,0.,180.));
#7374=CARTESIAN_POINT('Origin',(0.,0.,180.));
#7375=CARTESIAN_POINT('Origin',(0.,3.,180.));
#7376=CARTESIAN_POINT('Origin',(0.,0.,180.));
#7377=CARTESIAN_POINT('',(-5.,-5.,180.));
#7378=CARTESIAN_POINT('Origin',(0.,0.,180.));
#7379=CARTESIAN_POINT('',(-6.,3.,180.));
#7380=CARTESIAN_POINT('Origin',(0.,3.,180.));
#7381=CARTESIAN_POINT('Origin',(0.,3.,180.));
#7382=CARTESIAN_POINT('',(5.,6.3166247903554,180.));
#7383=CARTESIAN_POINT('',(5.,5.,180.));
#7384=CARTESIAN_POINT('Origin',(0.,3.,180.));
#7385=CARTESIAN_POINT('Origin',(0.,0.,195.));
#7386=CARTESIAN_POINT('',(8.,9.79717439317883E-16,195.));
#7387=CARTESIAN_POINT('Origin',(0.,0.,195.));
#7388=CARTESIAN_POINT('',(8.,9.79717439317883E-16,187.));
#7389=CARTESIAN_POINT('',(8.,-9.79717439317883E-16,195.));
#7390=CARTESIAN_POINT('Origin',(0.,0.,187.));
#7391=CARTESIAN_POINT('Origin',(0.,0.,187.));
#7392=CARTESIAN_POINT('Origin',(0.,0.,180.));
#7393=CARTESIAN_POINT('',(11.5,1.40834381901946E-15,195.));
#7394=CARTESIAN_POINT('Origin',(0.,0.,195.));
#7395=CARTESIAN_POINT('',(11.5,1.40834381901946E-15,180.));
#7396=CARTESIAN_POINT('',(11.5,1.40834381901946E-15,180.));
#7397=CARTESIAN_POINT('Origin',(0.,0.,180.));
#7398=CARTESIAN_POINT('Origin',(0.,0.,195.));
#7399=CARTESIAN_POINT('Origin',(4.9119407929348,14.,167.980623409144));
#7400=CARTESIAN_POINT('',(4.9119407929348,13.1100281329486,167.980623409144));
#7401=CARTESIAN_POINT('',(-5.08805935607681,13.0426857659394,167.980623409144));
#7402=CARTESIAN_POINT('Origin',(0.,0.,167.980623409144));
#7403=CARTESIAN_POINT('',(4.9119407929348,14.,167.980623409144));
#7404=CARTESIAN_POINT('',(4.9119407929348,12.,167.980623409144));
#7405=CARTESIAN_POINT('',(-5.08805935607681,14.,167.980623409144));
#7406=CARTESIAN_POINT('Origin',(-5.08805935607681,14.,167.980623409144));
#7407=CARTESIAN_POINT('',(-5.08805935607681,13.0426857659394,161.980623409144));
#7408=CARTESIAN_POINT('',(-5.08805935607681,13.0426857659394,0.));
#7409=CARTESIAN_POINT('',(-5.08805935607681,14.,161.980623409144));
#7410=CARTESIAN_POINT('Origin',(4.9119407929348,14.,161.980623409144));
#7411=CARTESIAN_POINT('',(4.9119407929348,13.1100281329486,161.980623409144));
#7412=CARTESIAN_POINT('',(4.9119407929348,13.1100281329486,0.));
#7413=CARTESIAN_POINT('',(4.9119407929348,14.,161.980623409144));
#7414=CARTESIAN_POINT('Origin',(-5.08805935607681,14.,161.980623409144));
#7415=CARTESIAN_POINT('Origin',(0.,0.,161.980623409144));
#7416=CARTESIAN_POINT('',(-5.08805935607681,12.,161.980623409144));
#7417=CARTESIAN_POINT('Origin',(-0.0880592815710024,12.,164.980623409144));
#7418=CARTESIAN_POINT('Origin',(4.9119407929348,14.,176.980623409144));
#7419=CARTESIAN_POINT('',(4.9119407929348,13.1100281329486,176.980623409144));
#7420=CARTESIAN_POINT('',(-5.08805935607681,13.0426857659394,176.980623409144));
#7421=CARTESIAN_POINT('Origin',(0.,0.,176.980623409144));
#7422=CARTESIAN_POINT('',(4.9119407929348,14.,176.980623409144));
#7423=CARTESIAN_POINT('',(4.9119407929348,12.,176.980623409144));
#7424=CARTESIAN_POINT('',(-5.08805935607681,14.,176.980623409144));
#7425=CARTESIAN_POINT('Origin',(-5.08805935607681,14.,176.980623409144));
#7426=CARTESIAN_POINT('',(-5.08805935607681,13.0426857659394,170.980623409144));
#7427=CARTESIAN_POINT('',(-5.08805935607681,13.0426857659394,0.));
#7428=CARTESIAN_POINT('',(-5.08805935607681,14.,170.980623409144));
#7429=CARTESIAN_POINT('Origin',(4.9119407929348,14.,170.980623409144));
#7430=CARTESIAN_POINT('',(4.9119407929348,13.1100281329486,170.980623409144));
#7431=CARTESIAN_POINT('',(4.9119407929348,13.1100281329486,0.));
#7432=CARTESIAN_POINT('',(4.9119407929348,14.,170.980623409144));
#7433=CARTESIAN_POINT('Origin',(-5.08805935607681,14.,170.980623409144));
#7434=CARTESIAN_POINT('Origin',(0.,0.,170.980623409144));
#7435=CARTESIAN_POINT('',(-5.08805935607681,12.,170.980623409144));
#7436=CARTESIAN_POINT('Origin',(-0.0880592815710024,12.,173.980623409144));
#7437=CARTESIAN_POINT('Origin',(-9.,12.4198530212713,105.617346705377));
#7438=CARTESIAN_POINT('',(-9.,10.7238052947636,158.208924440829));
#7439=CARTESIAN_POINT('',(-9.,10.7238052947636,110.277199536274));
#7440=CARTESIAN_POINT('',(-9.,10.7238052947636,0.));
#7441=CARTESIAN_POINT('',(-9.,-4.68115414501212,152.601977744672));
#7442=CARTESIAN_POINT('',(-9.,-4.68115414501212,152.601977744672));
#7443=CARTESIAN_POINT('',(-9.,-4.68115414501212,152.601977744672));
#7444=CARTESIAN_POINT('Origin',(-9.,-4.68115414501212,152.601977744672));
#7445=CARTESIAN_POINT('',(9.00000000000001,10.7238052947636,158.208924440829));
#7446=CARTESIAN_POINT('Origin',(0.,0.,154.305778515468));
#7447=CARTESIAN_POINT('',(9.00000000000001,-4.68115414501212,152.601977744672));
#7448=CARTESIAN_POINT('',(9.00000000000001,-4.68115414501212,152.601977744672));
#7449=CARTESIAN_POINT('',(9.00000000000001,-4.68115414501212,152.601977744672));
#7450=CARTESIAN_POINT('',(-6.,3.00000000000001,155.397689218267));
#7451=CARTESIAN_POINT('Origin',(0.,3.,155.397689218267));
#7452=CARTESIAN_POINT('Origin',(9.00000000000001,-4.68115414501212,152.601977744672));
#7453=CARTESIAN_POINT('',(9.,10.7238052947636,110.277199536274));
#7454=CARTESIAN_POINT('',(8.99999999999999,10.7238052947636,0.));
#7455=CARTESIAN_POINT('',(9.,12.4198530212713,105.617346705377));
#7456=CARTESIAN_POINT('Origin',(9.,12.4198530212713,105.617346705377));
#7457=CARTESIAN_POINT('',(-6.4612112587361,12.4198530212713,105.617346705377));
#7458=CARTESIAN_POINT('',(6.4612112587361,12.4198530212713,105.617346705377));
#7459=CARTESIAN_POINT('Origin',(0.,0.,101.096889891673));
#7460=CARTESIAN_POINT('',(0.,12.4198530212713,105.617346705377));
#7461=CARTESIAN_POINT('Origin',(2.22044604925031E-15,3.86934943812959,129.109662225024));
#7462=CARTESIAN_POINT('Origin',(0.,0.,139.740612434265));
#7463=CARTESIAN_POINT('Origin',(0.,0.,139.740612434265));
#7464=CARTESIAN_POINT('',(-6.,3.,131.498180175901));
#7465=CARTESIAN_POINT('Origin',(0.,3.,131.498180175901));
#7466=CARTESIAN_POINT('Origin',(0.,3.,87.8548332189717));
#7467=CARTESIAN_POINT('',(-5.74999999999999,4.71391365010031,87.8548332189717));
#7468=CARTESIAN_POINT('',(-6.,3.,87.8548332189717));
#7469=CARTESIAN_POINT('Origin',(0.,3.,87.8548332189717));
#7470=CARTESIAN_POINT('',(4.75000000000002,6.66571957465378,87.8548332189717));
#7471=CARTESIAN_POINT('Origin',(0.,3.,87.8548332189717));
#7472=CARTESIAN_POINT('',(-5.65685424949238,1.,87.8548332189717));
#7473=CARTESIAN_POINT('Origin',(0.,3.,87.8548332189717));
#7474=CARTESIAN_POINT('',(-5.74999999999999,1.28608634989969,87.8548332189717));
#7475=CARTESIAN_POINT('Origin',(0.,3.,87.8548332189717));
#7476=CARTESIAN_POINT('Origin',(0.,3.,87.8548332189717));
#7477=CARTESIAN_POINT('',(-6.,3.,87.8548332189717));
#7478=CARTESIAN_POINT('',(-5.80947501546366,1.49999998509884,101.85));
#7479=CARTESIAN_POINT('',(-5.80947501546366,1.49999998509884,95.85));
#7480=CARTESIAN_POINT('',(-5.80947501546366,1.49999998509884,87.8548332189717));
#7481=CARTESIAN_POINT('',(-3.96862694970056,-1.50000001490116,95.85));
#7482=CARTESIAN_POINT('Origin',(0.,3.,95.85));
#7483=CARTESIAN_POINT('',(-3.96862694970056,-1.50000001490116,101.85));
#7484=CARTESIAN_POINT('',(-3.96862694970056,-1.50000001490116,87.8548332189717));
#7485=CARTESIAN_POINT('Origin',(0.,3.,101.85));
#7486=CARTESIAN_POINT('',(5.80947501546366,1.49999998509884,95.85));
#7487=CARTESIAN_POINT('',(5.80947501546366,1.49999998509884,101.85));
#7488=CARTESIAN_POINT('',(5.80947501546366,1.49999998509884,87.8548332189717));
#7489=CARTESIAN_POINT('',(3.96862694970056,-1.50000001490116,101.85));
#7490=CARTESIAN_POINT('Origin',(0.,3.,101.85));
#7491=CARTESIAN_POINT('',(3.96862694970056,-1.50000001490116,95.85));
#7492=CARTESIAN_POINT('',(3.96862694970056,-1.50000001490116,87.8548332189717));
#7493=CARTESIAN_POINT('Origin',(0.,3.,95.85));
#7494=CARTESIAN_POINT('Origin',(0.,0.,0.));
#7495=CARTESIAN_POINT('',(11.8296964046505,7.48726197994433,-5.08093567219703E-11));
#7496=CARTESIAN_POINT('',(-14.,-1.71450551880629E-15,0.));
#7497=CARTESIAN_POINT('Origin',(0.,0.,0.));
#7498=CARTESIAN_POINT('',(-0.160346430553759,14.5601074748127,-3.70232249681426E-14));
#7499=CARTESIAN_POINT('Ctrl Pts',(11.8299105766861,7.48697762559141,-1.01618768955092E-10));
#7500=CARTESIAN_POINT('Ctrl Pts',(11.6704877252259,7.761243814169,-1.0592985932034E-10));
#7501=CARTESIAN_POINT('Ctrl Pts',(11.5019620475307,8.02973357049733,-1.06292295925458E-10));
#7502=CARTESIAN_POINT('Ctrl Pts',(11.3247953158347,8.29207877490793,-1.06185060744224E-10));
#7503=CARTESIAN_POINT('Ctrl Pts',(11.145528165766,8.55753423981737,-1.06076554225292E-10));
#7504=CARTESIAN_POINT('Ctrl Pts',(10.9574135942377,8.81669908674125,-1.05487406665848E-10));
#7505=CARTESIAN_POINT('Ctrl Pts',(10.7608792550271,9.06917555038232,-1.06293474022578E-10));
#7506=CARTESIAN_POINT('Ctrl Pts',(10.5628503552087,9.3235719908503,-1.07105671180969E-10));
#7507=CARTESIAN_POINT('Ctrl Pts',(10.3562728317403,9.57117845198423,-1.09321009160462E-10));
#7508=CARTESIAN_POINT('Ctrl Pts',(10.1415373679414,9.81156385514089,-1.1309458924913E-10));
#7509=CARTESIAN_POINT('Ctrl Pts',(9.92724668120394,10.0514513530547,-1.1686035320052E-10));
#7510=CARTESIAN_POINT('Ctrl Pts',(9.70483143329965,10.2841481597183,-1.22174001990842E-10));
#7511=CARTESIAN_POINT('Ctrl Pts',(9.47463876425605,10.509194444676,-1.27488991585878E-10));
#7512=CARTESIAN_POINT('Ctrl Pts',(9.24712924161488,10.7316175699458,-1.32742029185352E-10));
#7513=CARTESIAN_POINT('Ctrl Pts',(9.01202213459595,10.9465678962088,-1.37995002420566E-10));
#7514=CARTESIAN_POINT('Ctrl Pts',(8.76961837911952,11.1535641898311,-1.40175676621723E-10));
#7515=CARTESIAN_POINT('Ctrl Pts',(8.64757937108298,11.2577771888883,-1.41273544581058E-10));
#7516=CARTESIAN_POINT('Ctrl Pts',(8.5236904113226,11.3599734865556,-1.41567128593762E-10));
#7517=CARTESIAN_POINT('Ctrl Pts',(8.39798705984515,11.4600875238493,-1.40521483338318E-10));
#7518=CARTESIAN_POINT('Ctrl Pts',(8.13934093353934,11.6660812991189,-1.38371385769427E-10));
#7519=CARTESIAN_POINT('Ctrl Pts',(7.87389930209179,11.8625577384208,-1.30921830019652E-10));
#7520=CARTESIAN_POINT('Ctrl Pts',(7.60210304934958,12.0490950074488,-1.22333559948729E-10));
#7521=CARTESIAN_POINT('Ctrl Pts',(7.33953457721651,12.2292991317897,-1.14036897044178E-10));
#7522=CARTESIAN_POINT('Ctrl Pts',(7.07103529116175,12.4002281914022,-1.04672726864636E-10));
#7523=CARTESIAN_POINT('Ctrl Pts',(6.79717520042065,12.5618249621666,-9.64212321097335E-11));
#7524=CARTESIAN_POINT('Ctrl Pts',(6.51844174515986,12.7262973617493,-8.80229012763643E-11));
#7525=CARTESIAN_POINT('Ctrl Pts',(6.23415456670059,12.8811026849434,-8.0771949516925E-11));
#7526=CARTESIAN_POINT('Ctrl Pts',(5.94487897069607,13.0261399765841,-7.5397438292768E-11));
#7527=CARTESIAN_POINT('Ctrl Pts',(5.65416364295619,13.1718991223821,-6.99961779944466E-11));
#7528=CARTESIAN_POINT('Ctrl Pts',(5.3584095887447,13.3077930040172,-6.64838640234332E-11));
#7529=CARTESIAN_POINT('Ctrl Pts',(5.05816226588321,13.4336744705635,-6.3997446231312E-11));
#7530=CARTESIAN_POINT('Ctrl Pts',(4.75827557028338,13.5594047407956,-6.1514014877275E-11));
#7531=CARTESIAN_POINT('Ctrl Pts',(4.45390583233638,13.6751468387176,-6.00576156184271E-11));
#7532=CARTESIAN_POINT('Ctrl Pts',(4.1455765894582,13.7807064001109,-5.72411423815922E-11));
#7533=CARTESIAN_POINT('Ctrl Pts',(3.92520598888483,13.8561524516218,-5.52281387076417E-11));
#7534=CARTESIAN_POINT('Ctrl Pts',(3.70281231104048,13.9263959564614,-5.24925885423853E-11));
#7535=CARTESIAN_POINT('Ctrl Pts',(3.47858285568093,13.9913500716605,-4.76955419603797E-11));
#7536=CARTESIAN_POINT('Ctrl Pts',(3.16229612360788,14.0829710623019,-4.09290479401734E-11));
#7537=CARTESIAN_POINT('Ctrl Pts',(2.84341743670867,14.1637627874676,-3.13478407526564E-11));
#7538=CARTESIAN_POINT('Ctrl Pts',(2.52253284325689,14.2336503213618,-2.2513671482649E-11));
#7539=CARTESIAN_POINT('Ctrl Pts',(2.20014282645473,14.3038657311577,-1.36380568925121E-11));
#7540=CARTESIAN_POINT('Ctrl Pts',(1.87572748201252,14.3630746218424,-5.52007124369538E-12));
#7541=CARTESIAN_POINT('Ctrl Pts',(1.54985486212249,14.4111551368036,-2.0287937996244E-13));
#7542=CARTESIAN_POINT('Ctrl Pts',(1.22464472514187,14.4591379064573,5.10350289584938E-12));
#7543=CARTESIAN_POINT('Ctrl Pts',(0.897982653886685,14.4960376827495,7.61931070399721E-12));
#7544=CARTESIAN_POINT('Ctrl Pts',(0.570415673720575,14.5216847961202,6.82897835502239E-12));
#7545=CARTESIAN_POINT('Ctrl Pts',(0.327253920333529,14.5407233361261,6.24229345888979E-12));
#7546=CARTESIAN_POINT('Ctrl Pts',(0.0835931108309875,14.5535601239152,3.8629104418314E-12));
#7547=CARTESIAN_POINT('Ctrl Pts',(-0.160346430553734,14.5601074748126,-2.52495338226615E-15));
#7548=CARTESIAN_POINT('',(-4.08225312189927,14.0291314930306,3.4667364465224E-16));
#7549=CARTESIAN_POINT('Ctrl Pts',(-4.08225312189927,14.0291314930306,7.0082828429463E-16));
#7550=CARTESIAN_POINT('Ctrl Pts',(-3.81693661631127,14.1063343572112,6.97760508238791E-16));
#7551=CARTESIAN_POINT('Ctrl Pts',(-3.54907256800822,14.175345433065,-2.58776638085103E-5));
#7552=CARTESIAN_POINT('Ctrl Pts',(-3.27935821613419,14.2360658474878,-3.86392225930066E-5));
#7553=CARTESIAN_POINT('Ctrl Pts',(-3.04907012836555,14.2879102822714,-4.95353241501134E-5));
#7554=CARTESIAN_POINT('Ctrl Pts',(-2.81743234533307,14.3337100506098,-4.95850274651287E-5));
#7555=CARTESIAN_POINT('Ctrl Pts',(-2.58488058965424,14.3733761358032,-3.75565501063643E-5));
#7556=CARTESIAN_POINT('Ctrl Pts',(-2.435237859555,14.3989005239695,-2.98164486152006E-5));
#7557=CARTESIAN_POINT('Ctrl Pts',(-2.28521675199695,14.4218846375672,-1.75436006297574E-5));
#7558=CARTESIAN_POINT('Ctrl Pts',(-2.13493574328796,14.4422988309625,-1.03347572103508E-5));
#7559=CARTESIAN_POINT('Ctrl Pts',(-2.03488706081114,14.4558894580854,-5.53551283151537E-6));
#7560=CARTESIAN_POINT('Ctrl Pts',(-1.93472324361981,14.4683409008943,-3.18292665377046E-6));
#7561=CARTESIAN_POINT('Ctrl Pts',(-1.8344803503741,14.4796465452029,-7.03649291373953E-6));
#7562=CARTESIAN_POINT('Ctrl Pts',(-1.67266579366024,14.4978963957702,-1.32570148473582E-5));
#7563=CARTESIAN_POINT('Ctrl Pts',(-1.51749021449464,14.5123777797133,-1.76419038430841E-5));
#7564=CARTESIAN_POINT('Ctrl Pts',(-1.36969996334014,14.5237418806206,-2.00794396313896E-5));
#7565=CARTESIAN_POINT('Ctrl Pts',(-1.2196243181053,14.535281713342,-2.25546689063607E-5));
#7566=CARTESIAN_POINT('Ctrl Pts',(-1.07716399096956,14.5436083817568,-2.29756760442629E-5));
#7567=CARTESIAN_POINT('Ctrl Pts',(-0.943047839290194,14.5494006705409,-2.15978590972672E-5));
#7568=CARTESIAN_POINT('Ctrl Pts',(-0.811061264287208,14.5551009858905,-2.02419199539358E-5));
#7569=CARTESIAN_POINT('Ctrl Pts',(-0.687155428116144,14.5583480159885,-1.7104261830483E-5));
#7570=CARTESIAN_POINT('Ctrl Pts',(-0.57198038361061,14.5597669763379,-1.34211435846004E-5));
#7571=CARTESIAN_POINT('Ctrl Pts',(-0.46245906389404,14.5611162826113,-9.91882263744531E-6));
#7572=CARTESIAN_POINT('Ctrl Pts',(-0.360831718291906,14.5608134271628,-5.90064328033136E-6));
#7573=CARTESIAN_POINT('Ctrl Pts',(-0.26762600331272,14.5593615271587,-3.76503532535395E-6));
#7574=CARTESIAN_POINT('Ctrl Pts',(-0.230210038100175,14.5587786847862,-2.90772917230406E-6));
#7575=CARTESIAN_POINT('Ctrl Pts',(-0.194150905140109,14.5580102051442,-2.37117354196688E-6));
#7576=CARTESIAN_POINT('Ctrl Pts',(-0.159481593222956,14.5570865010417,-2.38752004171061E-6));
#7577=CARTESIAN_POINT('',(-10.5351728143024,10.1238063381706,-3.77790247002574E-15));
#7578=CARTESIAN_POINT('Origin',(0.,0.,0.));
#7579=CARTESIAN_POINT('',(-12.8247018338883,6.89561305518117,5.9919812987703E-17));
#7580=CARTESIAN_POINT('Ctrl Pts',(-12.8247018338884,6.89561305518104,3.63598040564739E-15));
#7581=CARTESIAN_POINT('Ctrl Pts',(-12.7862926317555,6.97402379494962,3.3914578545827E-15));
#7582=CARTESIAN_POINT('Ctrl Pts',(-12.7429032710266,7.05977115261735,3.35377355391376E-6));
#7583=CARTESIAN_POINT('Ctrl Pts',(-12.6943270919526,7.1521421440645,6.92156665024844E-6));
#7584=CARTESIAN_POINT('Ctrl Pts',(-12.6421560066702,7.25134910031919,1.07533961898979E-5));
#7585=CARTESIAN_POINT('Ctrl Pts',(-12.5840005425386,7.35819665917954,1.48521530294517E-5));
#7586=CARTESIAN_POINT('Ctrl Pts',(-12.5195802840905,7.47174737709875,1.73182062057631E-5));
#7587=CARTESIAN_POINT('Ctrl Pts',(-12.4547412952405,7.58603617243191,1.98002886788008E-5));
#7588=CARTESIAN_POINT('Ctrl Pts',(-12.383553996386,7.70711524678536,2.06759647522159E-5));
#7589=CARTESIAN_POINT('Ctrl Pts',(-12.3057343839812,7.83397651583093,1.93975327544699E-5));
#7590=CARTESIAN_POINT('Ctrl Pts',(-12.2307260611477,7.95625483012208,1.81652850338192E-5));
#7591=CARTESIAN_POINT('Ctrl Pts',(-12.1495546743764,8.0839044959775,1.49802074961571E-5));
#7592=CARTESIAN_POINT('Ctrl Pts',(-12.061990155359,8.21598171554728,9.9234535645143E-6));
#7593=CARTESIAN_POINT('Ctrl Pts',(-12.0344220272662,8.25756387402993,8.33142471897795E-6));
#7594=CARTESIAN_POINT('Ctrl Pts',(-12.0062204760817,8.29958461012121,6.55541313279841E-6));
#7595=CARTESIAN_POINT('Ctrl Pts',(-11.9773791339228,8.34201373385014,4.59876951560551E-6));
#7596=CARTESIAN_POINT('Ctrl Pts',(-11.9206657688617,8.42544599473448,7.51242478145757E-7));
#7597=CARTESIAN_POINT('Ctrl Pts',(-11.8629679546456,8.5082735957956,3.12361648058016E-6));
#7598=CARTESIAN_POINT('Ctrl Pts',(-11.8043132091305,8.5904713595569,7.95315076603659E-6));
#7599=CARTESIAN_POINT('Ctrl Pts',(-11.6694300363436,8.77949434609882,1.90592070925186E-5));
#7600=CARTESIAN_POINT('Ctrl Pts',(-11.5294886645282,8.96518676733372,3.97105707165914E-5));
#7601=CARTESIAN_POINT('Ctrl Pts',(-11.3848362160095,9.14726565875442,4.41137146505333E-5));
#7602=CARTESIAN_POINT('Ctrl Pts',(-11.2176248262668,9.3577402465616,4.92035408095183E-5));
#7603=CARTESIAN_POINT('Ctrl Pts',(-11.0441187566751,9.56338734405745,3.40448950528859E-5));
#7604=CARTESIAN_POINT('Ctrl Pts',(-10.8648109304489,9.7637618733012,1.78995122225023E-5));
#7605=CARTESIAN_POINT('Ctrl Pts',(-10.7561178751524,9.88522517050066,8.11248270069938E-6));
#7606=CARTESIAN_POINT('Ctrl Pts',(-10.6452920809888,10.004750821936,-1.03565888217241E-6));
#7607=CARTESIAN_POINT('Ctrl Pts',(-10.5324365492109,10.1222357421047,-8.62724534943238E-7));
#7608=CARTESIAN_POINT('',(-12.1205620310232,-7.00716376848361,1.71737624121704E-15));
#7609=CARTESIAN_POINT('Ctrl Pts',(-12.8255064054515,6.89621077482497,-1.33226762955019E-15));
#7610=CARTESIAN_POINT('Ctrl Pts',(-12.970347140986,6.60005368521275,-1.9209544519918E-15));
#7611=CARTESIAN_POINT('Ctrl Pts',(-13.1050781562435,6.29876741082529,5.33455500689043E-16));
#7612=CARTESIAN_POINT('Ctrl Pts',(-13.2295147867189,5.99290019937067,-1.27675647831893E-15));
#7613=CARTESIAN_POINT('Ctrl Pts',(-13.3173871899506,5.77690843844299,-2.55505914809146E-15));
#7614=CARTESIAN_POINT('Ctrl Pts',(-13.4001251103926,5.55863202764068,-6.68202563852645E-15));
#7615=CARTESIAN_POINT('Ctrl Pts',(-13.4776479248772,5.33826235178584,-7.60502771868232E-15));
#7616=CARTESIAN_POINT('Ctrl Pts',(-13.5126561808395,5.23874638258424,-8.02184299158909E-15));
#7617=CARTESIAN_POINT('Ctrl Pts',(-13.5466007407895,5.13880352645113,-2.00926245704409E-15));
#7618=CARTESIAN_POINT('Ctrl Pts',(-13.5794732926363,5.03845141566465,-1.33226762955019E-15));
#7619=CARTESIAN_POINT('Ctrl Pts',(-13.5889420138802,5.00954565356552,-1.13726374500294E-15));
#7620=CARTESIAN_POINT('Ctrl Pts',(-13.5983224824346,4.98060376927591,-1.86236997816E-15));
#7621=CARTESIAN_POINT('Ctrl Pts',(-13.6076123288742,4.95163293285533,-1.88737914186277E-15));
#7622=CARTESIAN_POINT('Ctrl Pts',(-13.7072256905238,4.64098383608071,-2.15554793072916E-15));
#7623=CARTESIAN_POINT('Ctrl Pts',(-13.7962650955093,4.32750681432843,-1.00849955014375E-14));
#7624=CARTESIAN_POINT('Ctrl Pts',(-13.874660030839,4.01176153465412,-9.71445146547012E-15));
#7625=CARTESIAN_POINT('Ctrl Pts',(-13.9534965772362,3.69423761188912,-9.34182009635224E-15));
#7626=CARTESIAN_POINT('Ctrl Pts',(-14.021568545986,3.37441922414915,-1.37553095351248E-14));
#7627=CARTESIAN_POINT('Ctrl Pts',(-14.0787544562258,3.05285896026026,-1.34336985979644E-14));
#7628=CARTESIAN_POINT('Ctrl Pts',(-14.1357669804349,2.73227365781883,-1.31130627758913E-14));
#7629=CARTESIAN_POINT('Ctrl Pts',(-14.1819594470506,2.40995643794569,-6.18003408412333E-15));
#7630=CARTESIAN_POINT('Ctrl Pts',(-14.2171604391639,2.08644722812108,-6.7168492989822E-15));
#7631=CARTESIAN_POINT('Ctrl Pts',(-14.2519244416867,1.76695410275008,-7.24700042152657E-15));
#7632=CARTESIAN_POINT('Ctrl Pts',(-14.2759681860109,1.44629784953149,-3.25051630303506E-15));
#7633=CARTESIAN_POINT('Ctrl Pts',(-14.2890760908674,1.12499950487693,-3.49720252756924E-15));
#7634=CARTESIAN_POINT('Ctrl Pts',(-14.2970629301941,0.929227695212151,-3.64751207444335E-15));
#7635=CARTESIAN_POINT('Ctrl Pts',(-14.3009886988032,0.733217553892106,-7.35424003359489E-15));
#7636=CARTESIAN_POINT('Ctrl Pts',(-14.3007952134439,0.537088431164961,-8.21565038222616E-15));
#7637=CARTESIAN_POINT('Ctrl Pts',(-14.3005069961395,0.244932956114195,-9.49962816434119E-15));
#7638=CARTESIAN_POINT('Ctrl Pts',(-14.2910797067084,-0.047487205062383,
-1.21061760669771E-15));
#7639=CARTESIAN_POINT('Ctrl Pts',(-14.2725633611481,-0.339755876361603,
-2.77555756156289E-16));
#7640=CARTESIAN_POINT('Ctrl Pts',(-14.2691720827368,-0.393285036964595,
-1.06664988329099E-16));
#7641=CARTESIAN_POINT('Ctrl Pts',(-14.2654758359859,-0.446809081590498,
-1.19146947947677E-14));
#7642=CARTESIAN_POINT('Ctrl Pts',(-14.2614748159868,-0.500325403945414,
-1.20459198171829E-14));
#7643=CARTESIAN_POINT('Ctrl Pts',(-14.2585516072434,-0.53942527884229,-1.21417949022785E-14));
#7644=CARTESIAN_POINT('Ctrl Pts',(-14.2554654957567,-0.578523050582544,
-9.5921512896727E-15));
#7645=CARTESIAN_POINT('Ctrl Pts',(-14.2522185754653,-0.617594951213522,
-9.54791801177635E-15));
#7646=CARTESIAN_POINT('Ctrl Pts',(-14.2255978460214,-0.93793619836918,-9.18525985647113E-15));
#7647=CARTESIAN_POINT('Ctrl Pts',(-14.1881482279827,-1.25687508419425,-6.84690524441222E-15));
#7648=CARTESIAN_POINT('Ctrl Pts',(-14.1400897878809,-1.57388256977071,-7.32747196252603E-15));
#7649=CARTESIAN_POINT('Ctrl Pts',(-14.0916664723449,-1.89329688011558,-7.8116873007282E-15));
#7650=CARTESIAN_POINT('Ctrl Pts',(-14.0324725092827,-2.2107509380406,-7.66436883035115E-15));
#7651=CARTESIAN_POINT('Ctrl Pts',(-13.9626802113761,-2.52569948457178,-8.13238365537927E-15));
#7652=CARTESIAN_POINT('Ctrl Pts',(-13.8919598383977,-2.84483611350861,-8.60662198794811E-15));
#7653=CARTESIAN_POINT('Ctrl Pts',(-13.8103573173924,-3.16140079192524,-1.0205563516635E-14));
#7654=CARTESIAN_POINT('Ctrl Pts',(-13.7179993259612,-3.47481272858337,-1.16018306073329E-14));
#7655=CARTESIAN_POINT('Ctrl Pts',(-13.6275469767449,-3.7817579696378,-1.29692882201492E-14));
#7656=CARTESIAN_POINT('Ctrl Pts',(-13.5267780862319,-4.08567973081013,-6.73710131200864E-15));
#7657=CARTESIAN_POINT('Ctrl Pts',(-13.4157649938696,-4.38601124939515,-5.8564264548977E-15));
#7658=CARTESIAN_POINT('Ctrl Pts',(-13.3012436802662,-4.69583380539229,-4.94792062601217E-15));
#7659=CARTESIAN_POINT('Ctrl Pts',(-13.1758205391744,-5.00183641020322,-1.38624500235091E-14));
#7660=CARTESIAN_POINT('Ctrl Pts',(-13.0395261912444,-5.30336396908487,-1.41830991395864E-14));
#7661=CARTESIAN_POINT('Ctrl Pts',(-12.9713790172794,-5.4541277485257,-1.4343423697625E-14));
#7662=CARTESIAN_POINT('Ctrl Pts',(-12.9005132839028,-5.60377218477141,-1.58264051107904E-14));
#7663=CARTESIAN_POINT('Ctrl Pts',(-12.8269283823473,-5.75221148186864,-1.63202784619898E-14));
#7664=CARTESIAN_POINT('Ctrl Pts',(-12.8034537777963,-5.79956567716575,-1.64778309132751E-14));
#7665=CARTESIAN_POINT('Ctrl Pts',(-12.7796993563304,-5.84680307685128,-1.52198174129143E-14));
#7666=CARTESIAN_POINT('Ctrl Pts',(-12.7556816142279,-5.89388874348251,-1.45716771982052E-14));
#7667=CARTESIAN_POINT('Ctrl Pts',(-12.7044119032719,-5.99440062790758,-1.31881182722524E-14));
#7668=CARTESIAN_POINT('Ctrl Pts',(-12.651931747923,-6.09424328736494,-1.26177427227279E-14));
#7669=CARTESIAN_POINT('Ctrl Pts',(-12.5982467325455,-6.19339299141226,-1.10189635194047E-14));
#7670=CARTESIAN_POINT('Ctrl Pts',(-12.4483802779879,-6.4701781336261,-6.55845782057949E-15));
#7671=CARTESIAN_POINT('Ctrl Pts',(-12.2891275275586,-6.74156497836904,-3.92936446848439E-15));
#7672=CARTESIAN_POINT('Ctrl Pts',(-12.1208951982993,-7.00718458920373,1.38777878078145E-16));
#7673=CARTESIAN_POINT('Origin',(0.,0.,0.));
#7674=CARTESIAN_POINT('Ctrl Pts',(-10.500430021855,10.0877859756762,-20.0865870249573));
#7675=CARTESIAN_POINT('Ctrl Pts',(-12.3950851506663,8.11562938516149,-20.0268030981508));
#7676=CARTESIAN_POINT('Ctrl Pts',(-15.0424626606713,3.0813432879909,-19.9072483056868));
#7677=CARTESIAN_POINT('Ctrl Pts',(-14.3617052411929,-5.43109297736236,-19.7278993543187));
#7678=CARTESIAN_POINT('Ctrl Pts',(-9.24176191645394,-12.2609609296751,-19.5485566298697));
#7679=CARTESIAN_POINT('Ctrl Pts',(-1.26452809378713,-15.3022030356131,-19.3692111933146));
#7680=CARTESIAN_POINT('Ctrl Pts',(7.10349032412164,-13.6120429924286,-19.189867227325));
#7681=CARTESIAN_POINT('Ctrl Pts',(13.2755872847703,-7.71427375832448,-19.0105220435852));
#7682=CARTESIAN_POINT('Ctrl Pts',(15.3436273097774,0.568534439732516,-18.8311782504905));
#7683=CARTESIAN_POINT('Ctrl Pts',(12.6683540001777,8.67538504891846,-18.6518327891703));
#7684=CARTESIAN_POINT('Ctrl Pts',(6.07668767754874,14.1006095897442,-18.4724892138198));
#7685=CARTESIAN_POINT('Ctrl Pts',(-2.39331015738948,15.1662109994075,-18.2931436599968));
#7686=CARTESIAN_POINT('Ctrl Pts',(-10.1239514901944,11.5443751679966,-18.1138000306003));
#7687=CARTESIAN_POINT('Ctrl Pts',(-14.723770721953,4.35164776475731,-17.9344546939037));
#7688=CARTESIAN_POINT('Ctrl Pts',(-14.7740827288536,-4.18241171224768,-17.7551106704722));
#7689=CARTESIAN_POINT('Ctrl Pts',(-10.2527462392097,-11.4310728760056,-17.5757658887872));
#7690=CARTESIAN_POINT('Ctrl Pts',(-2.57039744874229,-15.1314674090066,-17.3964212246354));
#7691=CARTESIAN_POINT('Ctrl Pts',(6.86695874306592,-14.0757141840281,-17.1971498440675));
#7692=CARTESIAN_POINT('Ctrl Pts',(14.5852921939267,-6.5893723409811,-16.9779515484342));
#7693=CARTESIAN_POINT('Ctrl Pts',(15.1574677178339,5.1425928506107,-16.7388256264927));
#7694=CARTESIAN_POINT('Ctrl Pts',(7.559918625555,14.1075221151078,-16.4996989507357));
#7695=CARTESIAN_POINT('Ctrl Pts',(-2.79350975152853,15.3098804296294,-16.2871419822419));
#7696=CARTESIAN_POINT('Ctrl Pts',(-10.4560610328398,11.000612779955,-16.1011553772713));
#7697=CARTESIAN_POINT('Ctrl Pts',(-14.4584072833821,4.64122552987173,-15.9417380626588));
#7698=CARTESIAN_POINT('Ctrl Pts',(-14.9297383227001,-3.19179061544708,-15.7756773567882));
#7699=CARTESIAN_POINT('Ctrl Pts',(-11.194449385082,-10.5089695398636,-15.6029763162701));
#7700=CARTESIAN_POINT('Ctrl Pts',(-3.8487648738044,-14.864454743603,-15.4236306685972));
#7701=CARTESIAN_POINT('Ctrl Pts',(4.68369807787848,-14.6218712308412,-15.2442871892467));
#7702=CARTESIAN_POINT('Ctrl Pts',(11.7697606196343,-9.86058063640156,-15.0649415601626));
#7703=CARTESIAN_POINT('Ctrl Pts',(15.2166374076716,-2.05008458079383,-14.8855980225147));
#7704=CARTESIAN_POINT('Ctrl Pts',(13.9595082327835,6.39345350142055,-14.706252553507));
#7705=CARTESIAN_POINT('Ctrl Pts',(8.38741315771108,12.8614409407672,-14.5269087112234));
#7706=CARTESIAN_POINT('Ctrl Pts',(0.221136035761985,15.3518251375655,-14.3475637151108));
#7707=CARTESIAN_POINT('Ctrl Pts',(-8.01085142315364,13.0993770902216,-14.1682192512517));
#7708=CARTESIAN_POINT('Ctrl Pts',(-13.7715342515389,6.79147619032195,-13.9888749504881));
#7709=CARTESIAN_POINT('Ctrl Pts',(-15.2649332088178,-1.60452337138439,-13.8095298260104));
#7710=CARTESIAN_POINT('Ctrl Pts',(-11.7015000385404,-10.4068417535695,-13.6102589742474));
#7711=CARTESIAN_POINT('Ctrl Pts',(-2.41871600348245,-15.8236939524198,-13.3910596349736));
#7712=CARTESIAN_POINT('Ctrl Pts',(9.04564733749987,-13.2066412451913,-13.1519338329481));
#7713=CARTESIAN_POINT('Ctrl Pts',(15.0592350562998,-4.2945186714825,-12.9327350856674));
#7714=CARTESIAN_POINT('Ctrl Pts',(14.4481339105149,5.18095232106075,-12.7334625246325));
#7715=CARTESIAN_POINT('Ctrl Pts',(9.45785985495767,12.0967421503147,-12.5541183396171));
#7716=CARTESIAN_POINT('Ctrl Pts',(1.53001954118733,15.2782397367835,-12.3747738360848));
#7717=CARTESIAN_POINT('Ctrl Pts',(-6.86368095362618,13.7338247861754,-12.1954288471031));
#7718=CARTESIAN_POINT('Ctrl Pts',(-13.1392211678683,7.94521001085034,-12.0160849992627));
#7719=CARTESIAN_POINT('Ctrl Pts',(-15.3509893385708,-0.300411853050012,
-11.8367395546069));
#7720=CARTESIAN_POINT('Ctrl Pts',(-12.8181021647023,-8.45271126324766,-11.6573959548028));
#7721=CARTESIAN_POINT('Ctrl Pts',(-6.32216224102621,-13.9921658226047,-11.4780504551467));
#7722=CARTESIAN_POINT('Ctrl Pts',(2.12810834042018,-15.2059948633365,-11.2987067245768));
#7723=CARTESIAN_POINT('Ctrl Pts',(9.92026777988615,-11.7189299128588,-11.1193615489993));
#7724=CARTESIAN_POINT('Ctrl Pts',(14.6463749913407,-4.60939637054069,-10.9400173034687));
#7725=CARTESIAN_POINT('Ctrl Pts',(14.8431257403159,3.92582298251946,-10.7606727930563));
#7726=CARTESIAN_POINT('Ctrl Pts',(10.4544125522792,11.2459472476715,-10.5813278157675));
#7727=CARTESIAN_POINT('Ctrl Pts',(2.82760190954123,15.0923298902527,-10.401984006465));
#7728=CARTESIAN_POINT('Ctrl Pts',(-5.66123766557275,14.2675976932085,-10.2226384254021));
#7729=CARTESIAN_POINT('Ctrl Pts',(-13.1748823442295,8.46179811886046,-10.0233680051367));
#7730=CARTESIAN_POINT('Ctrl Pts',(-15.8911548539068,-1.9373221970799,-9.80416944328468));
#7731=CARTESIAN_POINT('Ctrl Pts',(-10.2776605239401,-12.2716153288722,-9.56504201722111));
#7732=CARTESIAN_POINT('Ctrl Pts',(-0.0750853499566322,-15.6601030484833,
-9.34584341518419));
#7733=CARTESIAN_POINT('Ctrl Pts',(8.8832073979329,-12.5169363601523,-9.1465717459708));
#7734=CARTESIAN_POINT('Ctrl Pts',(14.2009875253626,-5.84395930257748,-8.96722681139216));
#7735=CARTESIAN_POINT('Ctrl Pts',(15.1204982559913,2.64021091375347,-8.78788294905669));
#7736=CARTESIAN_POINT('Ctrl Pts',(10.9679214481111,11.1766349399661,-8.58861021810465));
#7737=CARTESIAN_POINT('Ctrl Pts',(1.3341234428194,15.9518351500637,-8.36941093707677));
#7738=CARTESIAN_POINT('Ctrl Pts',(-9.91851109061932,12.5607063057838,-8.13028494141189));
#7739=CARTESIAN_POINT('Ctrl Pts',(-15.8185903189099,2.4164470881704,-7.89115998763629));
#7740=CARTESIAN_POINT('Ctrl Pts',(-13.2108103122822,-9.0357109028132,-7.65203302164279));
#7741=CARTESIAN_POINT('Ctrl Pts',(-3.48811012481213,-15.6180367183071,-7.41290797580029));
#7742=CARTESIAN_POINT('Ctrl Pts',(8.11165512212531,-13.7965225910014,-7.17378184196442));
#7743=CARTESIAN_POINT('Ctrl Pts',(15.3436837319827,-4.54776909997025,-6.93465544480709));
#7744=CARTESIAN_POINT('Ctrl Pts',(14.3177113075387,7.1511767260386,-6.69553056836481));
#7745=CARTESIAN_POINT('Ctrl Pts',(5.58340249867837,14.9978613654711,-6.45640384875264));
#7746=CARTESIAN_POINT('Ctrl Pts',(-6.15649562074025,14.7723607178094,-6.21727787718853));
#7747=CARTESIAN_POINT('Ctrl Pts',(-14.5816388662027,6.59439329077432,-5.97815127041175));
#7748=CARTESIAN_POINT('Ctrl Pts',(-15.1588995416304,-5.13388887568829,-5.73902491954253));
#7749=CARTESIAN_POINT('Ctrl Pts',(-7.57278252621587,-14.097025686914,-5.49989835422653));
#7750=CARTESIAN_POINT('Ctrl Pts',(4.08366224249405,-15.4748059913801,-5.26077220541572));
#7751=CARTESIAN_POINT('Ctrl Pts',(13.5538651017961,-8.51587783240433,-5.02164574726738));
#7752=CARTESIAN_POINT('Ctrl Pts',(15.464411710896,1.73251177082618,-4.80908975539985));
#7753=CARTESIAN_POINT('Ctrl Pts',(11.6953929529435,9.6728082090921,-4.62310349692986));
#7754=CARTESIAN_POINT('Ctrl Pts',(5.62559091920915,14.1053430239237,-4.46368599214331));
#7755=CARTESIAN_POINT('Ctrl Pts',(-1.8432477929201,15.0713698873887,-4.30426816422623));
#7756=CARTESIAN_POINT('Ctrl Pts',(-8.85115957459349,12.3371593383547,-4.14485123769097));
#7757=CARTESIAN_POINT('Ctrl Pts',(-13.6885358828117,6.57116016063456,-3.9854333083527));
#7758=CARTESIAN_POINT('Ctrl Pts',(-15.162168363533,-0.808033614414553,-3.82601666069103));
#7759=CARTESIAN_POINT('Ctrl Pts',(-12.9120727934297,-7.98917850767974,-3.66659870972183));
#7760=CARTESIAN_POINT('Ctrl Pts',(-7.49056508593342,-13.2078244946154,-3.50718200689556));
#7761=CARTESIAN_POINT('Ctrl Pts',(-0.228898116638156,-15.1819237865214,
-3.34776403893279));
#7762=CARTESIAN_POINT('Ctrl Pts',(7.08948797578843,-13.4277647124469,-3.18834670135481));
#7763=CARTESIAN_POINT('Ctrl Pts',(12.6643084118968,-8.37453062939121,-3.02892958345289));
#7764=CARTESIAN_POINT('Ctrl Pts',(15.2363271001244,-0.968513463760643,-2.86286954036028));
#7765=CARTESIAN_POINT('Ctrl Pts',(13.619956649093,7.09042315755083,-2.69016757490533));
#7766=CARTESIAN_POINT('Ctrl Pts',(7.7261811436735,13.2683903893495,-2.51082285510428));
#7767=CARTESIAN_POINT('Ctrl Pts',(-0.553703997523639,15.3441258070425,-2.33147862183925));
#7768=CARTESIAN_POINT('Ctrl Pts',(-8.66363830336015,12.6765272807601,-2.15213350096019));
#7769=CARTESIAN_POINT('Ctrl Pts',(-14.0946632185718,6.09006211355064,-1.97278971669297));
#7770=CARTESIAN_POINT('Ctrl Pts',(-15.168744916909,-2.37912674798279,-1.7934442410106));
#7771=CARTESIAN_POINT('Ctrl Pts',(-11.5534389689983,-10.11276743268,-1.61410065685421));
#7772=CARTESIAN_POINT('Ctrl Pts',(-4.36647478494094,-14.7202001115154,-1.43475514930293));
#7773=CARTESIAN_POINT('Ctrl Pts',(4.17023748381677,-14.7769665379395,-1.2554114209762));
#7774=CARTESIAN_POINT('Ctrl Pts',(11.4179605029775,-10.265587657622,-1.07606625253538));
#7775=CARTESIAN_POINT('Ctrl Pts',(15.13558883094,-2.58070577389475,-0.896721977931946));
#7776=CARTESIAN_POINT('Ctrl Pts',(14.1747502174396,5.90203240901524,-0.717377545376024));
#7777=CARTESIAN_POINT('Ctrl Pts',(8.83091161731957,12.5600924283845,-0.538032390294945));
#7778=CARTESIAN_POINT('Ctrl Pts',(0.758932798202389,15.3355371730289,-0.358688958988546));
#7779=CARTESIAN_POINT('Ctrl Pts',(-7.55130039143376,13.3697298122266,-0.179342552424034));
#7780=CARTESIAN_POINT('Ctrl Pts',(-11.5296357879078,9.30422208848734,-0.0597818239506371));
#7781=CARTESIAN_POINT('Ctrl Pts',(-12.8247018338884,6.89561305518104,3.62557206479153E-15));
#7782=CARTESIAN_POINT('Ctrl Pts',(-10.5127360289176,10.0999147828768,-20.0766169373805));
#7783=CARTESIAN_POINT('Ctrl Pts',(-12.4096751949277,8.12544034155956,-20.016833010574));
#7784=CARTESIAN_POINT('Ctrl Pts',(-15.0602606955399,3.08523218537306,-19.89727821811));
#7785=CARTESIAN_POINT('Ctrl Pts',(-14.3788303537538,-5.43732143231776,-19.7179292667418));
#7786=CARTESIAN_POINT('Ctrl Pts',(-9.25291285511126,-12.2753678645844,-19.5385865422928));
#7787=CARTESIAN_POINT('Ctrl Pts',(-1.26626119289521,-15.3203412348573,-19.3592411057378));
#7788=CARTESIAN_POINT('Ctrl Pts',(7.11171266927999,-13.6283018651067,-19.1798971397482));
#7789=CARTESIAN_POINT('Ctrl Pts',(13.2912222507254,-7.7236287245121,-19.0005519560084));
#7790=CARTESIAN_POINT('Ctrl Pts',(15.3618419861677,0.568976286886146,-18.8212081629137));
#7791=CARTESIAN_POINT('Ctrl Pts',(12.6835172451482,8.68548655897523,-18.6418627015934));
#7792=CARTESIAN_POINT('Ctrl Pts',(6.08411195092692,14.117248482357,-18.462519126243));
#7793=CARTESIAN_POINT('Ctrl Pts',(-2.39591981222674,15.1842427772623,-18.28317357242));
#7794=CARTESIAN_POINT('Ctrl Pts',(-10.1357888956368,11.5582267707988,-18.1038299430235));
#7795=CARTESIAN_POINT('Ctrl Pts',(-14.7411751687408,4.35703463744803,-17.9244846063269));
#7796=CARTESIAN_POINT('Ctrl Pts',(-14.7916764135381,-4.18715018565028,-17.7451405828954));
#7797=CARTESIAN_POINT('Ctrl Pts',(-10.2650850319783,-11.4444808118305,-17.5657958012104));
#7798=CARTESIAN_POINT('Ctrl Pts',(-2.57367708143895,-15.1493827132403,-17.3864511370586));
#7799=CARTESIAN_POINT('Ctrl Pts',(6.87489346609389,-14.0925197543018,-17.1871797564907));
#7800=CARTESIAN_POINT('Ctrl Pts',(14.6024981753498,-6.59741244949604,-16.9679814608574));
#7801=CARTESIAN_POINT('Ctrl Pts',(15.1755310225054,5.14846502954042,-16.7288555389159));
#7802=CARTESIAN_POINT('Ctrl Pts',(7.56910291345671,14.1241462132446,-16.489728863159));
#7803=CARTESIAN_POINT('Ctrl Pts',(-2.79659194333784,15.3280891908502,-16.2771718946651));
#7804=CARTESIAN_POINT('Ctrl Pts',(-10.468300588533,11.0138242119326,-16.0911852896945));
#7805=CARTESIAN_POINT('Ctrl Pts',(-14.4754926142306,4.64695170954308,-15.931767975082));
#7806=CARTESIAN_POINT('Ctrl Pts',(-14.9475015961032,-3.19535142177767,-15.7657072692114));
#7807=CARTESIAN_POINT('Ctrl Pts',(-11.2078916405,-10.5212690197697,-15.5930062286933));
#7808=CARTESIAN_POINT('Ctrl Pts',(-3.85355717278033,-14.8820338023986,-15.4136605810204));
#7809=CARTESIAN_POINT('Ctrl Pts',(4.68903364479699,-14.6392918657373,-15.2343171016699));
#7810=CARTESIAN_POINT('Ctrl Pts',(11.7835764069601,-9.87245931370714,-15.0549714725858));
#7811=CARTESIAN_POINT('Ctrl Pts',(15.2346616050873,-2.05274800436187,-14.8756279349379));
#7812=CARTESIAN_POINT('Ctrl Pts',(13.976168899411,6.40082783606397,-14.6962824659302));
#7813=CARTESIAN_POINT('Ctrl Pts',(8.39756041398597,12.8765744044881,-14.5169386236465));
#7814=CARTESIAN_POINT('Ctrl Pts',(0.221631354409816,15.3700375150218,-14.337593627534));
#7815=CARTESIAN_POINT('Ctrl Pts',(-8.02015789247622,13.1150416714236,-14.1582491636749));
#7816=CARTESIAN_POINT('Ctrl Pts',(-13.7877718850135,6.79974367103457,-13.9789048629113));
#7817=CARTESIAN_POINT('Ctrl Pts',(-15.2830700394422,-1.60619573715585,-13.7995597384336));
#7818=CARTESIAN_POINT('Ctrl Pts',(-11.7155425308614,-10.4190122340231,-13.6002888866705));
#7819=CARTESIAN_POINT('Ctrl Pts',(-2.42182606809204,-15.8424330766691,-13.3810895473968));
#7820=CARTESIAN_POINT('Ctrl Pts',(9.05618020393878,-13.2224484753695,-13.1419637453713));
#7821=CARTESIAN_POINT('Ctrl Pts',(15.0770384349142,-4.29984318161726,-12.9227649980906));
#7822=CARTESIAN_POINT('Ctrl Pts',(14.4653559331704,5.18688066595726,-12.7234924370557));
#7823=CARTESIAN_POINT('Ctrl Pts',(9.4692656546194,12.1109519684022,-12.5441482520403));
#7824=CARTESIAN_POINT('Ctrl Pts',(1.53206680886834,15.2963449487609,-12.364803748508));
#7825=CARTESIAN_POINT('Ctrl Pts',(-6.87161665288536,13.7502247922008,-12.1854587595263));
#7826=CARTESIAN_POINT('Ctrl Pts',(-13.1546909548606,7.95483678443707,-12.0061149116859));
#7827=CARTESIAN_POINT('Ctrl Pts',(-15.3692086146158,-0.30053537507052,-11.8267694670301));
#7828=CARTESIAN_POINT('Ctrl Pts',(-12.8334397486436,-8.46254632392916,-11.647425867226));
#7829=CARTESIAN_POINT('Ctrl Pts',(-6.32987612046095,-14.0086722996361,-11.4680803675699));
#7830=CARTESIAN_POINT('Ctrl Pts',(2.13040271044557,-15.2240698270211,-11.288736637));
#7831=CARTESIAN_POINT('Ctrl Pts',(9.93186085385356,-11.7329855488013,-11.1093914614225));
#7832=CARTESIAN_POINT('Ctrl Pts',(14.6636837033939,-4.6150878816371,-10.9300472158919));
#7833=CARTESIAN_POINT('Ctrl Pts',(14.860797431253,3.93025591262627,-10.7507027054795));
#7834=CARTESIAN_POINT('Ctrl Pts',(10.4669878702039,11.2591325424536,-10.5713577281906));
#7835=CARTESIAN_POINT('Ctrl Pts',(2.83118603793511,15.1101946947582,-10.3920139188882));
#7836=CARTESIAN_POINT('Ctrl Pts',(-5.66773855491266,14.2846130051262,-10.2126683378253));
#7837=CARTESIAN_POINT('Ctrl Pts',(-13.1903865587193,8.47203793669357,-10.0133979175599));
#7838=CARTESIAN_POINT('Ctrl Pts',(-15.9100402193985,-1.93937933187212,-9.79419935570789));
#7839=CARTESIAN_POINT('Ctrl Pts',(-10.2900415620155,-12.2860202132405,-9.5550719296443));
#7840=CARTESIAN_POINT('Ctrl Pts',(-0.0754118727202321,-15.6786836386634,
-9.33587332760738));
#7841=CARTESIAN_POINT('Ctrl Pts',(8.8935576705103,-12.5319230279565,-9.13660165839401));
#7842=CARTESIAN_POINT('Ctrl Pts',(14.2177491142588,-5.85110892776242,-8.95725672381534));
#7843=CARTESIAN_POINT('Ctrl Pts',(15.1384795393988,2.64311408206874,-8.77791286147989));
#7844=CARTESIAN_POINT('Ctrl Pts',(10.981104912964,11.1897305307945,-8.57864013052785));
#7845=CARTESIAN_POINT('Ctrl Pts',(1.33594847609672,15.9707421005813,-8.35944084949996));
#7846=CARTESIAN_POINT('Ctrl Pts',(-9.93008917496078,12.5757613674405,-8.1203148538351));
#7847=CARTESIAN_POINT('Ctrl Pts',(-15.8373231312112,2.41955390544731,-7.88118990005947));
#7848=CARTESIAN_POINT('Ctrl Pts',(-13.2266228526972,-9.04623178627188,-7.64206293406601));
#7849=CARTESIAN_POINT('Ctrl Pts',(-3.49248573091664,-15.6365151007791,-7.40293788822349));
#7850=CARTESIAN_POINT('Ctrl Pts',(8.12107036218526,-13.8130165146188,-7.16381175438763));
#7851=CARTESIAN_POINT('Ctrl Pts',(15.3618208394094,-4.55339760564531,-6.92468535723028));
#7852=CARTESIAN_POINT('Ctrl Pts',(14.3348085255482,7.15944456544084,-6.68556048078802));
#7853=CARTESIAN_POINT('Ctrl Pts',(5.59025504441669,15.0155724159798,-6.44643376117583));
#7854=CARTESIAN_POINT('Ctrl Pts',(-6.16357644315516,14.7899822498719,-6.20730778961173));
#7855=CARTESIAN_POINT('Ctrl Pts',(-14.5988406579184,6.60243915864385,-5.96818118283494));
#7856=CARTESIAN_POINT('Ctrl Pts',(-15.1769642284103,-5.1397505034107,-5.72905483196574));
#7857=CARTESIAN_POINT('Ctrl Pts',(-7.58198193613276,-14.113637553206,-5.48992826664973));
#7858=CARTESIAN_POINT('Ctrl Pts',(4.08827292412386,-15.4932296864342,-5.25080211783892));
#7859=CARTESIAN_POINT('Ctrl Pts',(13.5698181690085,-8.52618782630531,-5.01167565969058));
#7860=CARTESIAN_POINT('Ctrl Pts',(15.482787412079,1.73433246311728,-4.79911966782305));
#7861=CARTESIAN_POINT('Ctrl Pts',(11.7094168455872,9.68410803116739,-4.61313340935306));
#7862=CARTESIAN_POINT('Ctrl Pts',(5.63248000829479,14.1219945389169,-4.4537159045665));
#7863=CARTESIAN_POINT('Ctrl Pts',(-1.84520582920211,15.0892804419943,-4.29429807664944));
#7864=CARTESIAN_POINT('Ctrl Pts',(-8.86147510003453,12.3519327851803,-4.13488115011415));
#7865=CARTESIAN_POINT('Ctrl Pts',(-13.7046780529972,6.57916446497262,-3.97546322077591));
#7866=CARTESIAN_POINT('Ctrl Pts',(-15.1801714767788,-0.808762396102549,
-3.81604657311423));
#7867=CARTESIAN_POINT('Ctrl Pts',(-12.9275150726436,-7.99846156341445,-3.65662862214503));
#7868=CARTESIAN_POINT('Ctrl Pts',(-7.49965279794861,-13.2233832867251,-3.49721191931875));
#7869=CARTESIAN_POINT('Ctrl Pts',(-0.229400975127412,-15.1999340606567,
-3.337793951356));
#7870=CARTESIAN_POINT('Ctrl Pts',(7.09769730477415,-13.4438050556787,-3.178376613778));
#7871=CARTESIAN_POINT('Ctrl Pts',(12.6792076037088,-8.38465962480436,-3.0189594958761));
#7872=CARTESIAN_POINT('Ctrl Pts',(15.2543913879185,-0.969893719467821,-2.85289945278348));
#7873=CARTESIAN_POINT('Ctrl Pts',(13.6362248360397,7.09862957209346,-2.68019748732853));
#7874=CARTESIAN_POINT('Ctrl Pts',(7.73555006527542,13.2840167926081,-2.50085276752748));
#7875=CARTESIAN_POINT('Ctrl Pts',(-0.554128207611866,15.3623407675585,-2.32150853426245));
#7876=CARTESIAN_POINT('Ctrl Pts',(-8.67372576636171,12.6917000897565,-2.14216341338339));
#7877=CARTESIAN_POINT('Ctrl Pts',(-14.1112948481815,6.09750214012915,-1.96281962911617));
#7878=CARTESIAN_POINT('Ctrl Pts',(-15.186779481817,-2.38171951565992,-1.7834741534338));
#7879=CARTESIAN_POINT('Ctrl Pts',(-11.5673011717968,-10.1245914515682,-1.60413056927741));
#7880=CARTESIAN_POINT('Ctrl Pts',(-4.3718791639553,-14.7376000635663,-1.42478506172613));
#7881=CARTESIAN_POINT('Ctrl Pts',(4.17496140360115,-14.7945635190675,-1.2454413333994));
#7882=CARTESIAN_POINT('Ctrl Pts',(11.4313528111639,-10.2779413765365,-1.06609616495858));
#7883=CARTESIAN_POINT('Ctrl Pts',(15.1535086231249,-2.58399791082094,-0.886751890355144));
#7884=CARTESIAN_POINT('Ctrl Pts',(14.1916591815695,5.90882101945714,-0.707407457799224));
#7885=CARTESIAN_POINT('Ctrl Pts',(8.84157983855853,12.5748603668105,-0.528062302718143));
#7886=CARTESIAN_POINT('Ctrl Pts',(0.760067360489213,15.3537244821495,-0.348718871411745));
#7887=CARTESIAN_POINT('Ctrl Pts',(-7.56006036693372,13.3857030866673,-0.169372464847233));
#7888=CARTESIAN_POINT('Ctrl Pts',(-11.5431708147538,9.31544474906244,-0.0498117363738363));
#7889=CARTESIAN_POINT('Ctrl Pts',(-12.8398141005608,6.90398952042339,0.00997008757680424));
#7890=CARTESIAN_POINT('Ctrl Pts',(-10.5301996998675,10.117510073057,-20.0498758842736));
#7891=CARTESIAN_POINT('Ctrl Pts',(-12.4304354328648,8.1397644834596,-19.9900919574671));
#7892=CARTESIAN_POINT('Ctrl Pts',(-15.0857437332352,3.09108004412219,-19.8705371650031));
#7893=CARTESIAN_POINT('Ctrl Pts',(-14.403491928347,-5.44598071059889,-19.691188213635));
#7894=CARTESIAN_POINT('Ctrl Pts',(-9.26914048844963,-12.2958634421825,-19.511845489186));
#7895=CARTESIAN_POINT('Ctrl Pts',(-1.26903266419538,-15.3463340382998,-19.3325000526309));
#7896=CARTESIAN_POINT('Ctrl Pts',(7.12325128660953,-13.6517580667205,-19.1531560866413));
#7897=CARTESIAN_POINT('Ctrl Pts',(13.3135053536523,-7.73729618900449,-18.9738109029015));
#7898=CARTESIAN_POINT('Ctrl Pts',(15.38798020409,0.569322315911412,-18.7944671098068));
#7899=CARTESIAN_POINT('Ctrl Pts',(12.7054305937715,8.69973919587309,-18.6151216484866));
#7900=CARTESIAN_POINT('Ctrl Pts',(6.09502579746616,14.1410019319297,-18.4357780731361));
#7901=CARTESIAN_POINT('Ctrl Pts',(-2.39937894354677,15.2101530444086,-18.2564325193131));
#7902=CARTESIAN_POINT('Ctrl Pts',(-10.1525525037406,11.57828570757,-18.0770888899166));
#7903=CARTESIAN_POINT('Ctrl Pts',(-14.7660591774962,4.36503767474536,-17.89774355322));
#7904=CARTESIAN_POINT('Ctrl Pts',(-14.8169916870871,-4.19367028828759,-17.7183995297885));
#7905=CARTESIAN_POINT('Ctrl Pts',(-10.2829986116763,-11.4635215424291,-17.5390547481036));
#7906=CARTESIAN_POINT('Ctrl Pts',(-2.57866473981933,-15.1750326845627,-17.3597100839518));
#7907=CARTESIAN_POINT('Ctrl Pts',(6.8860106239723,-14.1167553978332,-17.1604387033838));
#7908=CARTESIAN_POINT('Ctrl Pts',(14.627056112182,-6.60921832555605,-16.9412404077505));
#7909=CARTESIAN_POINT('Ctrl Pts',(15.2015375277251,5.15660356197796,-16.702114485809));
#7910=CARTESIAN_POINT('Ctrl Pts',(7.5825415651728,14.1478520042147,-16.4629878100521));
#7911=CARTESIAN_POINT('Ctrl Pts',(-2.8007265941114,15.3542596081369,-16.2504308415582));
#7912=CARTESIAN_POINT('Ctrl Pts',(-10.4856517046871,11.0329711151671,-16.0644442365876));
#7913=CARTESIAN_POINT('Ctrl Pts',(-14.4999130418631,4.65543722252297,-15.9050269219751));
#7914=CARTESIAN_POINT('Ctrl Pts',(-14.9730417698925,-3.20017899833795,-15.7389662161045));
#7915=CARTESIAN_POINT('Ctrl Pts',(-11.2273705701625,-10.5387022192325,-15.5662651755864));
#7916=CARTESIAN_POINT('Ctrl Pts',(-3.86071000521649,-14.9071775590267,-15.3869195279135));
#7917=CARTESIAN_POINT('Ctrl Pts',(4.69641313984288,-14.6643684436791,-15.207576048563));
#7918=CARTESIAN_POINT('Ctrl Pts',(11.8032094377817,-9.88971904279155,-15.028230419479));
#7919=CARTESIAN_POINT('Ctrl Pts',(15.2604776956709,-2.05685369270037,-14.848886881831));
#7920=CARTESIAN_POINT('Ctrl Pts',(14.0001873549774,6.41114420389833,-14.6695414128233));
#7921=CARTESIAN_POINT('Ctrl Pts',(8.41235699122704,12.8981251940475,-14.4901975705397));
#7922=CARTESIAN_POINT('Ctrl Pts',(0.222629620869789,15.3961577570537,-14.3108525744271));
#7923=CARTESIAN_POINT('Ctrl Pts',(-8.03326201240234,13.1376617290491,-14.131508110568));
#7924=CARTESIAN_POINT('Ctrl Pts',(-13.8109362161165,6.81186068560938,-13.9521638098044));
#7925=CARTESIAN_POINT('Ctrl Pts',(-15.3091165398012,-1.60830813911558,-13.7728186853267));
#7926=CARTESIAN_POINT('Ctrl Pts',(-11.7358801425432,-10.4362512388925,-13.5735478335637));
#7927=CARTESIAN_POINT('Ctrl Pts',(-2.42658372710114,-15.8692671701181,-13.3543484942899));
#7928=CARTESIAN_POINT('Ctrl Pts',(9.0710409779279,-13.2452934555591,-13.1152226922644));
#7929=CARTESIAN_POINT('Ctrl Pts',(15.1024957013663,-4.30776212442636,-12.8960239449837));
#7930=CARTESIAN_POINT('Ctrl Pts',(14.4901569604759,5.19511337179698,-12.6967513839488));
#7931=CARTESIAN_POINT('Ctrl Pts',(9.48585317477519,12.1311579246639,-12.5174071989334));
#7932=CARTESIAN_POINT('Ctrl Pts',(1.5352898373895,15.3222869159222,-12.3380626954011));
#7933=CARTESIAN_POINT('Ctrl Pts',(-6.88274251385892,13.7738781908933,-12.1587177064195));
#7934=CARTESIAN_POINT('Ctrl Pts',(-13.1767324288953,7.96889197387286,-11.9793738585791));
#7935=CARTESIAN_POINT('Ctrl Pts',(-15.3953485923925,-0.300424851121724,
-11.8000284139232));
#7936=CARTESIAN_POINT('Ctrl Pts',(-12.8555989070045,-8.47641384902003,-11.6206848141191));
#7937=CARTESIAN_POINT('Ctrl Pts',(-6.34120340061571,-14.032231253916,-11.441339314463));
#7938=CARTESIAN_POINT('Ctrl Pts',(2.13340885731212,-15.2500370588145,-11.2619955838931));
#7939=CARTESIAN_POINT('Ctrl Pts',(9.94827071839972,-11.7533333239921,-11.0826504083156));
#7940=CARTESIAN_POINT('Ctrl Pts',(14.6884255279757,-4.62352650435702,-10.9033061627851));
#7941=CARTESIAN_POINT('Ctrl Pts',(14.8862198554766,3.93633655141378,-10.7239616523726));
#7942=CARTESIAN_POINT('Ctrl Pts',(10.4852371293034,11.2778499079742,-10.5446166750838));
#7943=CARTESIAN_POINT('Ctrl Pts',(2.83661000970645,15.1357678466504,-10.3652728657814));
#7944=CARTESIAN_POINT('Ctrl Pts',(-5.67679613724766,14.3091259190705,-10.1859272847184));
#7945=CARTESIAN_POINT('Ctrl Pts',(-13.2124678667251,8.48697442823379,-9.98665686445306));
#7946=CARTESIAN_POINT('Ctrl Pts',(-15.9371654550061,-1.94203362118166,-9.767458302601));
#7947=CARTESIAN_POINT('Ctrl Pts',(-10.3080316901673,-12.306490586733,-9.52833087653742));
#7948=CARTESIAN_POINT('Ctrl Pts',(-0.076174282065212,-15.705334213034,-9.30913227450051));
#7949=CARTESIAN_POINT('Ctrl Pts',(8.9081703303601,-12.5535871667336,-9.10986060528711));
#7950=CARTESIAN_POINT('Ctrl Pts',(14.2416827545722,-5.86163076698726,-8.93051567070847));
#7951=CARTESIAN_POINT('Ctrl Pts',(15.1643220042814,2.64699548534506,-8.751171808373));
#7952=CARTESIAN_POINT('Ctrl Pts',(11.0002255117683,11.2083086800494,-8.55189907742096));
#7953=CARTESIAN_POINT('Ctrl Pts',(1.33886539037542,15.9978391370712,-8.33269979639308));
#7954=CARTESIAN_POINT('Ctrl Pts',(-9.946462129667,12.5975409357474,-8.0935738007282));
#7955=CARTESIAN_POINT('Ctrl Pts',(-15.8641490196447,2.42430813769526,-7.85444884695261));
#7956=CARTESIAN_POINT('Ctrl Pts',(-13.2494738360764,-9.06107565401942,-7.6153218809591));
#7957=CARTESIAN_POINT('Ctrl Pts',(-3.49905550383385,-15.6629565021087,-7.37619683511662));
#7958=CARTESIAN_POINT('Ctrl Pts',(8.13431816237733,-13.836826391452,-7.13707070128073));
#7959=CARTESIAN_POINT('Ctrl Pts',(15.3877519065604,-4.56176020405654,-6.89794430412341));
#7960=CARTESIAN_POINT('Ctrl Pts',(14.3594673088601,7.17103627252044,-6.65881942768112));
#7961=CARTESIAN_POINT('Ctrl Pts',(5.60036569809547,15.040872942685,-6.41969270806895));
#7962=CARTESIAN_POINT('Ctrl Pts',(-6.17345659655634,14.8153746434936,-6.18056673650485));
#7963=CARTESIAN_POINT('Ctrl Pts',(-14.6233918759568,6.61425362396477,-5.94144012972806));
#7964=CARTESIAN_POINT('Ctrl Pts',(-15.2029730663575,-5.14787443410007,-5.70231377885885));
#7965=CARTESIAN_POINT('Ctrl Pts',(-7.59544203317187,-14.1373243968654,-5.46318721354285));
#7966=CARTESIAN_POINT('Ctrl Pts',(4.09459655171794,-15.5197335222773,-5.22406106473203));
#7967=CARTESIAN_POINT('Ctrl Pts',(13.5925423375426,-8.54123136944129,-4.98493460658371));
#7968=CARTESIAN_POINT('Ctrl Pts',(15.5091782970134,1.73665531121213,-4.77237861471615));
#7969=CARTESIAN_POINT('Ctrl Pts',(11.7297146175887,9.70009764704072,-4.58639235624618));
#7970=CARTESIAN_POINT('Ctrl Pts',(5.64262627688794,14.1457741015143,-4.42697485145961));
#7971=CARTESIAN_POINT('Ctrl Pts',(-1.84773309215111,15.1150074662107,-4.26755702354255));
#7972=CARTESIAN_POINT('Ctrl Pts',(-8.87603975653027,12.373288861244,-4.10814009700727));
#7973=CARTESIAN_POINT('Ctrl Pts',(-13.7277104781894,6.59090380650691,-3.94872216766902));
#7974=CARTESIAN_POINT('Ctrl Pts',(-15.2060103965482,-0.809523405472733,
-3.78930552000734));
#7975=CARTESIAN_POINT('Ctrl Pts',(-12.9498150897082,-8.0115371076275,-3.62988756903814));
#7976=CARTESIAN_POINT('Ctrl Pts',(-7.5129378112009,-13.2455589945591,-3.47047086621187));
#7977=CARTESIAN_POINT('Ctrl Pts',(-0.230404352315136,-15.2257653350092,
-3.31105289824911));
#7978=CARTESIAN_POINT('Ctrl Pts',(7.10921847795079,-13.4669465879463,-3.15163556067112));
#7979=CARTESIAN_POINT('Ctrl Pts',(12.7004241416271,-8.39942626930637,-2.99221844276921));
#7980=CARTESIAN_POINT('Ctrl Pts',(15.2802843782973,-0.972159513284228,-2.8261583996766));
#7981=CARTESIAN_POINT('Ctrl Pts',(13.6596938134028,7.11014603874377,-2.65345643422164));
#7982=CARTESIAN_POINT('Ctrl Pts',(7.74923759077755,13.3062869523969,-2.4741117144206));
#7983=CARTESIAN_POINT('Ctrl Pts',(-0.554449018064381,15.3884793437693,-2.29476748115556));
#7984=CARTESIAN_POINT('Ctrl Pts',(-8.68795805872383,12.7136268142534,-2.1154223602765));
#7985=CARTESIAN_POINT('Ctrl Pts',(-14.135037640966,6.10843854437946,-1.93607857600928));
#7986=CARTESIAN_POINT('Ctrl Pts',(-15.2126934930915,-2.38515442980185,-1.75673310032692));
#7987=CARTESIAN_POINT('Ctrl Pts',(-11.5873750621393,-10.1413356282025,-1.57738951617052));
#7988=CARTESIAN_POINT('Ctrl Pts',(-4.37990733628905,-14.7624774387613,-1.39804400861925));
#7989=CARTESIAN_POINT('Ctrl Pts',(4.18146075525874,-14.8198831281421,-1.21870028029251));
#7990=CARTESIAN_POINT('Ctrl Pts',(11.4503705350575,-10.2958764315682,-1.0393551118517));
#7991=CARTESIAN_POINT('Ctrl Pts',(15.1791655220733,-2.58900299912293,-0.860010837248259));
#7992=CARTESIAN_POINT('Ctrl Pts',(14.2160235960776,5.91829140054257,-0.680666404692337));
#7993=CARTESIAN_POINT('Ctrl Pts',(8.85711999099794,12.5958819390901,-0.501321249611257));
#7994=CARTESIAN_POINT('Ctrl Pts',(0.761978472366615,15.3797919714845,-0.321977818304859));
#7995=CARTESIAN_POINT('Ctrl Pts',(-7.57236748191429,13.4087715478073,-0.142631411740346));
#7996=CARTESIAN_POINT('Ctrl Pts',(-11.5624234427555,9.33173738198184,-0.0230706832669505));
#7997=CARTESIAN_POINT('Ctrl Pts',(-12.8613631111313,6.91624571000284,0.0367111406836904));
#7998=CARTESIAN_POINT('Ctrl Pts',(-10.5354001600673,10.1235697545338,-20.01495788516));
#7999=CARTESIAN_POINT('Ctrl Pts',(-12.4367775828373,8.14484366826633,-19.9551739583535));
#8000=CARTESIAN_POINT('Ctrl Pts',(-15.0937904826508,3.09355699219051,-19.8356191658896));
#8001=CARTESIAN_POINT('Ctrl Pts',(-14.4116188122717,-5.44819014047069,-19.6562702145214));
#8002=CARTESIAN_POINT('Ctrl Pts',(-9.27483064446584,-12.3020690024189,-19.4769274900724));
#8003=CARTESIAN_POINT('Ctrl Pts',(-1.27052925596979,-15.3546208723182,-19.2975820535174));
#8004=CARTESIAN_POINT('Ctrl Pts',(7.12641206264888,-13.6595625767193,-19.1182380875278));
#8005=CARTESIAN_POINT('Ctrl Pts',(13.3203457748759,-7.74220660202876,-18.938892903788));
#8006=CARTESIAN_POINT('Ctrl Pts',(15.3963859266282,0.568824496314842,-18.7595491106933));
#8007=CARTESIAN_POINT('Ctrl Pts',(12.7128029089948,8.7038075723027,-18.5802036493731));
#8008=CARTESIAN_POINT('Ctrl Pts',(6.0990856707522,14.1483790597252,-18.4008600740225));
#8009=CARTESIAN_POINT('Ctrl Pts',(-2.39988653134993,15.2185579941146,-18.2215145201996));
#8010=CARTESIAN_POINT('Ctrl Pts',(-10.1574708491438,11.5851207910004,-18.042170890803));
#8011=CARTESIAN_POINT('Ctrl Pts',(-14.77386732048,4.36818870636342,-17.8628255541065));
#8012=CARTESIAN_POINT('Ctrl Pts',(-14.825276845126,-4.19517516611894,-17.683481530675));
#8013=CARTESIAN_POINT('Ctrl Pts',(-10.2891974396588,-11.4692214320509,-17.50413674899));
#8014=CARTESIAN_POINT('Ctrl Pts',(-2.58086497108746,-15.1831572489618,-17.3247920848382));
#8015=CARTESIAN_POINT('Ctrl Pts',(6.88901789893601,-14.1248006253261,-17.1255207042703));
#8016=CARTESIAN_POINT('Ctrl Pts',(14.6346706754964,-6.6135836794853,-16.906322408637));
#8017=CARTESIAN_POINT('Ctrl Pts',(15.2100826300003,5.15861251271474,-16.6671964866955));
#8018=CARTESIAN_POINT('Ctrl Pts',(7.58741144897907,14.1551544926682,-16.4280698109386));
#8019=CARTESIAN_POINT('Ctrl Pts',(-2.80144498833374,15.3627643181865,-16.2155128424447));
#8020=CARTESIAN_POINT('Ctrl Pts',(-10.4907798872787,11.0395268578809,-16.0295262374741));
#8021=CARTESIAN_POINT('Ctrl Pts',(-14.5075611627617,4.65873219764431,-15.8701089228616));
#8022=CARTESIAN_POINT('Ctrl Pts',(-14.9813596754418,-3.20113498811031,-15.704048216991));
#8023=CARTESIAN_POINT('Ctrl Pts',(-11.2340349254546,-10.5438491234632,-15.5313471764729));
#8024=CARTESIAN_POINT('Ctrl Pts',(-3.86359392810713,-14.9150890178901,-15.3520015288));
#8025=CARTESIAN_POINT('Ctrl Pts',(4.69819966638189,-14.6725968887077,-15.1726580494495));
#8026=CARTESIAN_POINT('Ctrl Pts',(11.8091148835373,-9.89572167731198,-14.9933124203654));
#8027=CARTESIAN_POINT('Ctrl Pts',(15.2686761255596,-2.0587743104923,-14.8139688827175));
#8028=CARTESIAN_POINT('Ctrl Pts',(14.0081442998576,6.41389893999436,-14.6346234137098));
#8029=CARTESIAN_POINT('Ctrl Pts',(8.41761296104165,12.9047041547879,-14.4552795714261));
#8030=CARTESIAN_POINT('Ctrl Pts',(0.223558968543405,15.4045263333922,-14.2759345753136));
#8031=CARTESIAN_POINT('Ctrl Pts',(-8.03694493259732,13.1452343199896,-14.0965901114545));
#8032=CARTESIAN_POINT('Ctrl Pts',(-13.8180960874981,6.81629345208743,-13.9172458106909));
#8033=CARTESIAN_POINT('Ctrl Pts',(-15.3175337643841,-1.6083800310001,-13.7379006862132));
#8034=CARTESIAN_POINT('Ctrl Pts',(-11.7428159890927,-10.4413156108394,-13.5386298344502));
#8035=CARTESIAN_POINT('Ctrl Pts',(-2.4287375681685,-15.8777776870664,-13.3194304951763));
#8036=CARTESIAN_POINT('Ctrl Pts',(9.07528323185199,-13.2529789181902,-13.0803046931509));
#8037=CARTESIAN_POINT('Ctrl Pts',(15.1104899840134,-4.31089983507999,-12.8611059458702));
#8038=CARTESIAN_POINT('Ctrl Pts',(14.4983167544477,5.19718056209851,-12.6618333848353));
#8039=CARTESIAN_POINT('Ctrl Pts',(9.49165320141428,12.137263040141,-12.4824891998199));
#8040=CARTESIAN_POINT('Ctrl Pts',(1.53692980438473,15.3305463839785,-12.3031446962875));
#8041=CARTESIAN_POINT('Ctrl Pts',(-6.88576581934615,13.7817367026484,-12.1237997073059));
#8042=CARTESIAN_POINT('Ctrl Pts',(-13.1834863238679,7.97392118618132,-11.9444558594655));
#8043=CARTESIAN_POINT('Ctrl Pts',(-15.4037441707082,-0.299780240237618,
-11.7651104148097));
#8044=CARTESIAN_POINT('Ctrl Pts',(-12.8630412573703,-8.48035280593139,-11.5857668150055));
#8045=CARTESIAN_POINT('Ctrl Pts',(-6.3453915510327,-14.0395362449583,-11.4064213153495));
#8046=CARTESIAN_POINT('Ctrl Pts',(2.13376957844729,-15.2584497588566,-11.2270775847796));
#8047=CARTESIAN_POINT('Ctrl Pts',(9.95306868184561,-11.7602529673961,-11.047732409202));
#8048=CARTESIAN_POINT('Ctrl Pts',(14.6961778518432,-4.62681414745082,-10.8683881636715));
#8049=CARTESIAN_POINT('Ctrl Pts',(14.8945291729801,3.93769770335947,-10.6890436532591));
#8050=CARTESIAN_POINT('Ctrl Pts',(10.4915363191413,11.2834381650973,-10.5096986759702));
#8051=CARTESIAN_POINT('Ctrl Pts',(2.83894852383659,15.1438574076679,-10.3303548666678));
#8052=CARTESIAN_POINT('Ctrl Pts',(-5.67913496664151,14.3172125863006,-10.1510092856049));
#8053=CARTESIAN_POINT('Ctrl Pts',(-13.2192139943486,8.49228724785742,-9.95173886533952));
#8054=CARTESIAN_POINT('Ctrl Pts',(-15.9459423002401,-1.94225383483495,-9.7325403034875));
#8055=CARTESIAN_POINT('Ctrl Pts',(-10.3142883516534,-12.3126479865299,-9.49341287742388));
#8056=CARTESIAN_POINT('Ctrl Pts',(-0.0770400413518419,-15.7138788878556,
-9.274214275387));
#8057=CARTESIAN_POINT('Ctrl Pts',(8.91236005505433,-12.5608877337326,-9.07494260617358));
#8058=CARTESIAN_POINT('Ctrl Pts',(14.2491269711572,-5.86556887115218,-8.89559767159497));
#8059=CARTESIAN_POINT('Ctrl Pts',(15.1727150040743,2.64764017695601,-8.71625380925946));
#8060=CARTESIAN_POINT('Ctrl Pts',(11.0068013054715,11.2138322457372,-8.51698107830746));
#8061=CARTESIAN_POINT('Ctrl Pts',(1.34043388964841,16.0064763401689,-8.29778179727955));
#8062=CARTESIAN_POINT('Ctrl Pts',(-9.95121471101027,12.6049203653704,-8.05865580161469));
#8063=CARTESIAN_POINT('Ctrl Pts',(-15.8726567059444,2.42646019071936,-7.81953084783908));
#8064=CARTESIAN_POINT('Ctrl Pts',(-13.2571613487814,-9.06531218373563,-7.58040388184558));
#8065=CARTESIAN_POINT('Ctrl Pts',(-3.50178213265109,-15.6712981420928,-7.34127883600309));
#8066=CARTESIAN_POINT('Ctrl Pts',(8.13801923042289,-13.8447852027869,-7.10215270216721));
#8067=CARTESIAN_POINT('Ctrl Pts',(15.3958881659706,-4.56505066817763,-6.86302630500989));
#8068=CARTESIAN_POINT('Ctrl Pts',(14.3676597158873,7.17418568474985,-6.6239014285676));
#8069=CARTESIAN_POINT('Ctrl Pts',(5.60420354036089,15.0487658659388,-6.38477470895544));
#8070=CARTESIAN_POINT('Ctrl Pts',(-6.17603915760797,14.8237628072994,-6.14564873739132));
#8071=CARTESIAN_POINT('Ctrl Pts',(-14.6310043106505,6.61862144546189,-5.90652213061455));
#8072=CARTESIAN_POINT('Ctrl Pts',(-15.2115183823176,-5.14987844265011,-5.66739577974531));
#8073=CARTESIAN_POINT('Ctrl Pts',(-7.6003184006352,-14.1446207207556,-5.42826921442934));
#8074=CARTESIAN_POINT('Ctrl Pts',(4.09601062085451,-15.5283960258189,-5.1891430656185));
#8075=CARTESIAN_POINT('Ctrl Pts',(13.5994924869551,-8.54659382195717,-4.95001660747019));
#8076=CARTESIAN_POINT('Ctrl Pts',(15.5177112868447,1.73678626204218,-4.73746061560263));
#8077=CARTESIAN_POINT('Ctrl Pts',(11.7366083428932,9.70476177657564,-4.55147435713266));
#8078=CARTESIAN_POINT('Ctrl Pts',(5.6464401535052,14.1531776680212,-4.39205685234609));
#8079=CARTESIAN_POINT('Ctrl Pts',(-1.8479451909994,15.1233314670416,-4.23263902442903));
#8080=CARTESIAN_POINT('Ctrl Pts',(-8.88022177137158,12.38048994659,-4.07322209789376));
#8081=CARTESIAN_POINT('Ctrl Pts',(-13.7348364639011,6.5952116411034,-3.91380416855549));
#8082=CARTESIAN_POINT('Ctrl Pts',(-15.2143297458549,-0.809165882004794,
-3.75438752089383));
#8083=CARTESIAN_POINT('Ctrl Pts',(-12.9572844471105,-8.01521774662603,-3.59496956992462));
#8084=CARTESIAN_POINT('Ctrl Pts',(-7.5177220897355,-13.2523747029707,-3.43555286709835));
#8085=CARTESIAN_POINT('Ctrl Pts',(-0.231329511638315,-15.2340405218989,
-3.27613489913559));
#8086=CARTESIAN_POINT('Ctrl Pts',(7.11238178009133,-13.4746499718955,-3.1167175615576));
#8087=CARTESIAN_POINT('Ctrl Pts',(12.7068958451768,-8.40466482684285,-2.95730044365569));
#8088=CARTESIAN_POINT('Ctrl Pts',(15.288550712155,-0.973490691804168,-2.79124040056308));
#8089=CARTESIAN_POINT('Ctrl Pts',(13.6675020231997,7.11329908590802,-2.61853843510812));
#8090=CARTESIAN_POINT('Ctrl Pts',(7.75415408899701,13.3131229099824,-2.43919371530708));
#8091=CARTESIAN_POINT('Ctrl Pts',(-0.553943058575342,15.3968845090506,-2.25984948204205));
#8092=CARTESIAN_POINT('Ctrl Pts',(-8.69201960066928,12.7210029982206,-2.08050436116298));
#8093=CARTESIAN_POINT('Ctrl Pts',(-14.1424108159925,6.11250539007873,-1.90116057689577));
#8094=CARTESIAN_POINT('Ctrl Pts',(-15.2210990761829,-2.3856541305066,-1.72181510121339));
#8095=CARTESIAN_POINT('Ctrl Pts',(-11.594214513145,-10.1462474033613,-1.542471517057));
#8096=CARTESIAN_POINT('Ctrl Pts',(-4.38306625433322,-14.7702828327425,-1.36312600950573));
#8097=CARTESIAN_POINT('Ctrl Pts',(4.18295879744129,-14.8281692530029,-1.18378228117899));
#8098=CARTESIAN_POINT('Ctrl Pts',(11.456062664732,-10.302081514919,-1.00443711273818));
#8099=CARTESIAN_POINT('Ctrl Pts',(15.1872916481966,-2.59120919439691,-0.825092838134739));
#8100=CARTESIAN_POINT('Ctrl Pts',(14.2240723665039,5.9207669105139,-0.645748405578818));
#8101=CARTESIAN_POINT('Ctrl Pts',(8.86260176647005,12.602272331139,-0.466403250497739));
#8102=CARTESIAN_POINT('Ctrl Pts',(0.763201352688722,15.3881247211231,-0.287059819191339));
#8103=CARTESIAN_POINT('Ctrl Pts',(-7.57578703405613,13.4164645633939,-0.107713412626828));
#8104=CARTESIAN_POINT('Ctrl Pts',(-11.5682245476899,9.33742814182926,0.011847315846569));
#8105=CARTESIAN_POINT('Ctrl Pts',(-12.8680004575902,6.920685322359,0.0716291397972096));
#8106=CARTESIAN_POINT('Ctrl Pts',(-10.5351728143027,10.1238063381703,-20.));
#8107=CARTESIAN_POINT('Ctrl Pts',(-12.4365931703606,8.14512446945694,-19.9402160731935));
#8108=CARTESIAN_POINT('Ctrl Pts',(-15.0937218925757,3.09389489465395,-19.8206612807296));
#8109=CARTESIAN_POINT('Ctrl Pts',(-14.4117406332033,-5.44786598881986,-19.6413123293614));
#8110=CARTESIAN_POINT('Ctrl Pts',(-9.27510708825436,-12.3018609082497,-19.4619696049124));
#8111=CARTESIAN_POINT('Ctrl Pts',(-1.27087394148219,-15.3545921335808,-19.2826241683574));
#8112=CARTESIAN_POINT('Ctrl Pts',(7.12610521891252,-13.6597226075842,-19.1032802023678));
#8113=CARTESIAN_POINT('Ctrl Pts',(13.3201718758053,-7.7425056560275,-18.9239350186279));
#8114=CARTESIAN_POINT('Ctrl Pts',(15.3963986052505,0.568478726848329,-18.7445912255333));
#8115=CARTESIAN_POINT('Ctrl Pts',(12.7129983091354,8.70352205207452,-18.565245764213));
#8116=CARTESIAN_POINT('Ctrl Pts',(6.09940335851845,14.1482420187329,-18.3859021888625));
#8117=CARTESIAN_POINT('Ctrl Pts',(-2.39954476254362,15.2186118112615,-18.2065566350395));
#8118=CARTESIAN_POINT('Ctrl Pts',(-10.1572106352023,11.5853488324542,-18.027213005643));
#8119=CARTESIAN_POINT('Ctrl Pts',(-14.7737691540799,4.36852045197084,-17.8478676689464));
#8120=CARTESIAN_POINT('Ctrl Pts',(-14.8253709708001,-4.19484221787369,-17.668523645515));
#8121=CARTESIAN_POINT('Ctrl Pts',(-10.2894549601091,-11.4689903208467,-17.48917886383));
#8122=CARTESIAN_POINT('Ctrl Pts',(-2.58120588856772,-15.1830992003069,-17.3098341996782));
#8123=CARTESIAN_POINT('Ctrl Pts',(6.88870059305709,-14.1249552940686,-17.1105628191102));
#8124=CARTESIAN_POINT('Ctrl Pts',(14.634522134946,-6.61391225014448,-16.891364523477));
#8125=CARTESIAN_POINT('Ctrl Pts',(15.2101983526509,5.15827086688384,-16.6522386015354));
#8126=CARTESIAN_POINT('Ctrl Pts',(7.58772928992952,14.1549841459476,-16.4131119257785));
#8127=CARTESIAN_POINT('Ctrl Pts',(-2.80110001635559,15.3628270483692,-16.2005549572847));
#8128=CARTESIAN_POINT('Ctrl Pts',(-10.4905319631957,11.0397623906477,-16.014568352314));
#8129=CARTESIAN_POINT('Ctrl Pts',(-14.5074564361544,4.65905802348171,-15.8551510377015));
#8130=CARTESIAN_POINT('Ctrl Pts',(-14.9814314940281,-3.20079851142141,-15.6890903318309));
#8131=CARTESIAN_POINT('Ctrl Pts',(-11.2342716425436,-10.5435968105919,-15.5163892913129));
#8132=CARTESIAN_POINT('Ctrl Pts',(-3.86392885020859,-14.9150021695175,-15.33704364364));
#8133=CARTESIAN_POINT('Ctrl Pts',(4.69787014798029,-14.67270232336,-15.1577001642894));
#8134=CARTESIAN_POINT('Ctrl Pts',(11.8088925999326,-9.89598681573173,-14.9783545352054));
#8135=CARTESIAN_POINT('Ctrl Pts',(15.2686298141643,-2.05911718128738,-14.7990109975574));
#8136=CARTESIAN_POINT('Ctrl Pts',(14.0082882628968,6.41358433267872,-14.6196655285498));
#8137=CARTESIAN_POINT('Ctrl Pts',(8.4179027099875,12.904515061329,-14.4403216862661));
#8138=CARTESIAN_POINT('Ctrl Pts',(0.223904903341579,15.4045212287413,-14.2609766901535));
#8139=CARTESIAN_POINT('Ctrl Pts',(-8.03664970429528,13.1454147450495,-14.0816322262945));
#8140=CARTESIAN_POINT('Ctrl Pts',(-13.8179429305291,6.81660370242554,-13.9022879255309));
#8141=CARTESIAN_POINT('Ctrl Pts',(-15.3175698332642,-1.60803600816784,-13.7229428010531));
#8142=CARTESIAN_POINT('Ctrl Pts',(-11.7430503673656,-10.4410519043564,-13.5236719492901));
#8143=CARTESIAN_POINT('Ctrl Pts',(-2.42909410631803,-15.8777230128093,-13.3044726100163));
#8144=CARTESIAN_POINT('Ctrl Pts',(9.07498553103401,-13.2531827366826,-13.0653468079908));
#8145=CARTESIAN_POINT('Ctrl Pts',(15.110393100607,-4.31123906047687,-12.8461480607101));
#8146=CARTESIAN_POINT('Ctrl Pts',(14.498433396541,5.19685492502283,-12.6468754996752));
#8147=CARTESIAN_POINT('Ctrl Pts',(9.49192570929673,12.1370498432565,-12.4675313146598));
#8148=CARTESIAN_POINT('Ctrl Pts',(1.53727406874993,15.3305117841098,-12.2881868111275));
#8149=CARTESIAN_POINT('Ctrl Pts',(-6.88545629583827,13.7818912660452,-12.1088418221459));
#8150=CARTESIAN_POINT('Ctrl Pts',(-13.1833071895995,7.97421719811221,-11.9294979743055));
#8151=CARTESIAN_POINT('Ctrl Pts',(-15.4037508242041,-0.299434323643092,
-11.7501525296496));
#8152=CARTESIAN_POINT('Ctrl Pts',(-12.8632316302651,-8.48006390459436,-11.5708089298455));
#8153=CARTESIAN_POINT('Ctrl Pts',(-6.34570679735152,-14.0393936772229,-11.3914634301894));
#8154=CARTESIAN_POINT('Ctrl Pts',(2.13342691661466,-15.2584975987343,-11.2121196996196));
#8155=CARTESIAN_POINT('Ctrl Pts',(9.95280453658659,-11.7604764164112,-11.032774524042));
#8156=CARTESIAN_POINT('Ctrl Pts',(14.6960738754055,-4.62714415151355,-10.8534302785115));
#8157=CARTESIAN_POINT('Ctrl Pts',(14.8946175221682,3.93736321067538,-10.6740857680991));
#8158=CARTESIAN_POINT('Ctrl Pts',(10.4917896545793,11.2832024923507,-10.4947407908102));
#8159=CARTESIAN_POINT('Ctrl Pts',(2.8392885818739,15.1437936005286,-10.3153969815078));
#8160=CARTESIAN_POINT('Ctrl Pts',(-5.67881341450757,14.3173400012431,-10.1360514004449));
#8161=CARTESIAN_POINT('Ctrl Pts',(-13.2190232266103,8.49258416845329,-9.93678098017947));
#8162=CARTESIAN_POINT('Ctrl Pts',(-15.9459857633948,-1.94189584829004,-9.71758241832745));
#8163=CARTESIAN_POINT('Ctrl Pts',(-10.3145648295351,-12.3124163115211,-9.47845499226383));
#8164=CARTESIAN_POINT('Ctrl Pts',(-0.077392964379234,-15.7138770203714,
-9.25925639022696));
#8165=CARTESIAN_POINT('Ctrl Pts',(8.91207797493694,-12.561087834887,-9.05998472101354));
#8166=CARTESIAN_POINT('Ctrl Pts',(14.2489951587101,-5.86588882857531,-8.8806397864349));
#8167=CARTESIAN_POINT('Ctrl Pts',(15.1727743864666,2.64729946986384,-8.70129592409943));
#8168=CARTESIAN_POINT('Ctrl Pts',(11.0070530974588,11.213584922424,-8.50202319314741));
#8169=CARTESIAN_POINT('Ctrl Pts',(1.34079334188004,16.0064462660623,-8.2828239121195));
#8170=CARTESIAN_POINT('Ctrl Pts',(-9.95093163465762,12.6051436161243,-8.04369791645466));
#8171=CARTESIAN_POINT('Ctrl Pts',(-15.8726021481152,2.42681673052544,-7.80457296267902));
#8172=CARTESIAN_POINT('Ctrl Pts',(-13.2573648216435,-9.06501442449965,-7.56544599668554));
#8173=CARTESIAN_POINT('Ctrl Pts',(-3.5021340871737,-15.6712194876509,-7.32632095084304));
#8174=CARTESIAN_POINT('Ctrl Pts',(8.13770835947659,-13.8449677494732,-7.08719481700717));
#8175=CARTESIAN_POINT('Ctrl Pts',(15.3957855525603,-4.56539649548134,-6.84806841984984));
#8176=CARTESIAN_POINT('Ctrl Pts',(14.3678207450171,7.17386303293392,-6.60894354340755));
#8177=CARTESIAN_POINT('Ctrl Pts',(5.60454145819391,15.0486399241451,-6.36981682379539));
#8178=CARTESIAN_POINT('Ctrl Pts',(-6.17570623904878,14.8239014317849,-6.13069085223128));
#8179=CARTESIAN_POINT('Ctrl Pts',(-14.6308556028723,6.61894996594451,-5.89156424545449));
#8180=CARTESIAN_POINT('Ctrl Pts',(-15.211633954715,-5.14953681120744,-5.65243789458528));
#8181=CARTESIAN_POINT('Ctrl Pts',(-7.60063599711153,-14.1444499845784,-5.41331132926928));
#8182=CARTESIAN_POINT('Ctrl Pts',(4.09566188118377,-15.5284879052583,-5.17418518045846));
#8183=CARTESIAN_POINT('Ctrl Pts',(13.599300502064,-8.5468992206621,-4.93505872231014));
#8184=CARTESIAN_POINT('Ctrl Pts',(15.5177501860536,1.73643786745799,-4.72250273044259));
#8185=CARTESIAN_POINT('Ctrl Pts',(11.7368262302703,9.70449815965308,-4.53651647197261));
#8186=CARTESIAN_POINT('Ctrl Pts',(5.64675795165829,14.1530507533189,-4.37709896718605));
#8187=CARTESIAN_POINT('Ctrl Pts',(-1.84760565150617,15.1233729752338,-4.21768113926899));
#8188=CARTESIAN_POINT('Ctrl Pts',(-8.87994361589835,12.3806891836569,-4.05826421273371));
#8189=CARTESIAN_POINT('Ctrl Pts',(-13.7346883452528,6.59552014534238,-3.89884628339544));
#8190=CARTESIAN_POINT('Ctrl Pts',(-15.2143477956511,-0.808824199850372,
-3.73942963573378));
#8191=CARTESIAN_POINT('Ctrl Pts',(-12.9574643247581,-8.01492687043595,-3.58001168476457));
#8192=CARTESIAN_POINT('Ctrl Pts',(-7.51801979855993,-13.2522056389542,-3.4205949819383));
#8193=CARTESIAN_POINT('Ctrl Pts',(-0.231671404430826,-15.2340353444764,
-3.26117701397554));
#8194=CARTESIAN_POINT('Ctrl Pts',(7.11207890028025,-13.4748096007926,-3.10175967639755));
#8195=CARTESIAN_POINT('Ctrl Pts',(12.7067071773464,-8.4049501347909,-2.94234255849564));
#8196=CARTESIAN_POINT('Ctrl Pts',(15.288528695765,-0.97383404234193,-2.77628251540303));
#8197=CARTESIAN_POINT('Ctrl Pts',(13.6676617329354,7.11299213803398,-2.60358054994807));
#8198=CARTESIAN_POINT('Ctrl Pts',(7.75445299466925,13.3129487044783,-2.42423583014703));
#8199=CARTESIAN_POINT('Ctrl Pts',(-0.553597285018317,15.3968968734342,-2.244891596882));
#8200=CARTESIAN_POINT('Ctrl Pts',(-8.69173389314296,12.7211981228982,-2.06554647600294));
#8201=CARTESIAN_POINT('Ctrl Pts',(-14.1422734744929,6.11282295000141,-1.88620269173572));
#8202=CARTESIAN_POINT('Ctrl Pts',(-15.2211525749148,-2.38531230930146,-1.70685721605335));
#8203=CARTESIAN_POINT('Ctrl Pts',(-11.5944422987315,-10.1459869802776,-1.52751363189695));
#8204=CARTESIAN_POINT('Ctrl Pts',(-4.38339792742078,-14.7701843398725,-1.34816812434568));
#8205=CARTESIAN_POINT('Ctrl Pts',(4.18262580023662,-14.828263090702,-1.16882439601895));
#8206=CARTESIAN_POINT('Ctrl Pts',(11.4558312332611,-10.3023387654296,-0.98947922757813));
#8207=CARTESIAN_POINT('Ctrl Pts',(15.1872334277989,-2.59155015656986,-0.810134952974693));
#8208=CARTESIAN_POINT('Ctrl Pts',(14.2242051631271,5.92044730755184,-0.63079052041877));
#8209=CARTESIAN_POINT('Ctrl Pts',(8.86288489846091,12.6020735341992,-0.451445365337692));
#8210=CARTESIAN_POINT('Ctrl Pts',(0.763546568540947,15.3881069322809,-0.272101934031292));
#8211=CARTESIAN_POINT('Ctrl Pts',(-7.57548498250181,13.4166358290011,-0.0927555274667809));
#8212=CARTESIAN_POINT('Ctrl Pts',(-11.5680158934124,9.3376860539276,0.0268052010066162));
#8213=CARTESIAN_POINT('Ctrl Pts',(-12.8678450363841,6.92097428976621,0.0865870249572569));
#8214=CARTESIAN_POINT('Ctrl Pts',(-10.5329646834212,10.1216859147101,1.57435643278678E-5));
#8215=CARTESIAN_POINT('Ctrl Pts',(-9.54950581274583,11.1455932124019,-0.0309082881028903));
#8216=CARTESIAN_POINT('Ctrl Pts',(-6.23370413779795,13.7338527799236,-0.12161302385851));
#8217=CARTESIAN_POINT('Ctrl Pts',(0.763546568540947,15.3881069322809,-0.272101934031292));
#8218=CARTESIAN_POINT('Ctrl Pts',(8.86288489846091,12.6020735341992,-0.451445365337692));
#8219=CARTESIAN_POINT('Ctrl Pts',(14.2242051631271,5.92044730755184,-0.63079052041877));
#8220=CARTESIAN_POINT('Ctrl Pts',(15.1872334277989,-2.59155015656986,-0.810134952974693));
#8221=CARTESIAN_POINT('Ctrl Pts',(11.4558312332611,-10.3023387654296,-0.98947922757813));
#8222=CARTESIAN_POINT('Ctrl Pts',(4.18262580023662,-14.828263090702,-1.16882439601895));
#8223=CARTESIAN_POINT('Ctrl Pts',(-4.38339792742078,-14.7701843398725,-1.34816812434568));
#8224=CARTESIAN_POINT('Ctrl Pts',(-11.5944422987315,-10.1459869802776,-1.52751363189695));
#8225=CARTESIAN_POINT('Ctrl Pts',(-14.3458775563441,-4.25828372126328,-1.66357420004188));
#8226=CARTESIAN_POINT('Ctrl Pts',(-14.6115360169656,-0.757360255873369,
-1.73985408673827));
#8227=CARTESIAN_POINT('Ctrl Pts',(-14.610432300328,-1.15309167947331E-6,
-1.75635238791784));
#8228=CARTESIAN_POINT('',(-12.8247018338886,6.89561305518077,-20.));
#8229=CARTESIAN_POINT('Ctrl Pts',(-10.5351728143027,10.1238063381703,-20.));
#8230=CARTESIAN_POINT('Ctrl Pts',(-10.7266326899225,9.92456676272976,-20.));
#8231=CARTESIAN_POINT('Ctrl Pts',(-10.9120168742543,9.71927053359807,-19.9999741219389));
#8232=CARTESIAN_POINT('Ctrl Pts',(-11.0909143800541,9.50848949885945,-19.9999613597645));
#8233=CARTESIAN_POINT('Ctrl Pts',(-11.2436617204555,9.32851917272538,-19.9999504630882));
#8234=CARTESIAN_POINT('Ctrl Pts',(-11.3916799258511,9.1445492982165,-19.999950412764));
#8235=CARTESIAN_POINT('Ctrl Pts',(-11.5346880339991,8.95692461306587,-19.9999624406002));
#8236=CARTESIAN_POINT('Ctrl Pts',(-11.6267073476625,8.83619653004013,-19.9999701799742));
#8237=CARTESIAN_POINT('Ctrl Pts',(-11.7166518228533,8.71395505371512,-19.9999824516384));
#8238=CARTESIAN_POINT('Ctrl Pts',(-11.8044402533477,8.59029138585327,-19.9999896600537));
#8239=CARTESIAN_POINT('Ctrl Pts',(-11.8628866687574,8.50796051306922,-19.9999944591602));
#8240=CARTESIAN_POINT('Ctrl Pts',(-11.9203772683955,8.42499924293366,-19.9999968118364));
#8241=CARTESIAN_POINT('Ctrl Pts',(-11.9768894682032,8.34143645259083,-19.9999929586771));
#8242=CARTESIAN_POINT('Ctrl Pts',(-12.068113346429,8.20654660869182,-19.999986738779));
#8243=CARTESIAN_POINT('Ctrl Pts',(-12.1529192467204,8.07579038143368,-19.999982355053));
#8244=CARTESIAN_POINT('Ctrl Pts',(-12.2315378844929,7.95013102228028,-19.9999799187664));
#8245=CARTESIAN_POINT('Ctrl Pts',(-12.3113719814637,7.82252894536603,-19.9999774448145));
#8246=CARTESIAN_POINT('Ctrl Pts',(-12.384827239451,7.70018297809187,-19.9999770251565));
#8247=CARTESIAN_POINT('Ctrl Pts',(-12.452166936164,7.58405366588283,-19.9999784040974));
#8248=CARTESIAN_POINT('Ctrl Pts',(-12.5184373538073,7.46976835727013,-19.9999797611423));
#8249=CARTESIAN_POINT('Ctrl Pts',(-12.5787862472428,7.36150393350835,-19.9999828996849));
#8250=CARTESIAN_POINT('Ctrl Pts',(-12.6334659874681,7.26012627774766,-19.9999865833914));
#8251=CARTESIAN_POINT('Ctrl Pts',(-12.6854617174221,7.16372484660359,-19.9999900862794));
#8252=CARTESIAN_POINT('Ctrl Pts',(-12.7323322556038,7.07355045864617,-19.9999941047602));
#8253=CARTESIAN_POINT('Ctrl Pts',(-12.7742785769636,6.99030393601333,-19.9999962405273));
#8254=CARTESIAN_POINT('Ctrl Pts',(-12.7911168816947,6.95688669534822,-19.9999970978777));
#8255=CARTESIAN_POINT('Ctrl Pts',(-12.8071614153227,6.92458533399162,-19.9999976344714));
#8256=CARTESIAN_POINT('Ctrl Pts',(-12.8224238189622,6.89344318075697,-19.9999976181909));
#8257=CARTESIAN_POINT('Ctrl Pts',(-12.8239798328461,6.89525715808852,-19.9986889178918));
#8258=CARTESIAN_POINT('Ctrl Pts',(-13.4944015533169,5.6491051446291,-19.9677653756452));
#8259=CARTESIAN_POINT('Ctrl Pts',(-14.9352099303601,1.71195910181255,-19.8770636316909));
#8260=CARTESIAN_POINT('Ctrl Pts',(-14.3639159582678,-5.4318960244961,-19.7265724721893));
#8261=CARTESIAN_POINT('Ctrl Pts',(-9.24320195900888,-12.262819941866,-19.5472297477403));
#8262=CARTESIAN_POINT('Ctrl Pts',(-1.26475270977042,-15.3045441232835,-19.3678843111853));
#8263=CARTESIAN_POINT('Ctrl Pts',(7.10455079202511,-13.6141420197255,-19.1885403451957));
#8264=CARTESIAN_POINT('Ctrl Pts',(13.2776048875326,-7.71548203940847,-19.0091951614558));
#8265=CARTESIAN_POINT('Ctrl Pts',(15.3459783834112,0.568590545274633,-18.8298513683612));
#8266=CARTESIAN_POINT('Ctrl Pts',(12.6703117030048,8.6766881274112,-18.6505059070409));
#8267=CARTESIAN_POINT('Ctrl Pts',(6.07764680740705,14.1027568706737,-18.4711623316904));
#8268=CARTESIAN_POINT('Ctrl Pts',(-2.39364608172367,15.1685385762347,-18.2918167778674));
#8269=CARTESIAN_POINT('Ctrl Pts',(-10.1254786948956,11.5461636590091,-18.1124731484709));
#8270=CARTESIAN_POINT('Ctrl Pts',(-14.7260169202307,4.35234395693871,-17.9331278117743));
#8271=CARTESIAN_POINT('Ctrl Pts',(-14.7763538667582,-4.18302243511838,-17.7537837883429));
#8272=CARTESIAN_POINT('Ctrl Pts',(-10.2543395451979,-11.4328028733831,-17.5744390066579));
#8273=CARTESIAN_POINT('Ctrl Pts',(-2.57082167471908,-15.1337796523522,-17.3950943425061));
#8274=CARTESIAN_POINT('Ctrl Pts',(6.86798205789102,-14.0778837604503,-17.1958229619381));
#8275=CARTESIAN_POINT('Ctrl Pts',(14.5875126423707,-6.59041098696418,-16.9766246663049));
#8276=CARTESIAN_POINT('Ctrl Pts',(15.1597995280402,5.14334988028517,-16.7374987443634));
#8277=CARTESIAN_POINT('Ctrl Pts',(7.56110492799103,14.1096674013497,-16.4983720686064));
#8278=CARTESIAN_POINT('Ctrl Pts',(-2.79390666063533,15.3122308706696,-16.2858151001126));
#8279=CARTESIAN_POINT('Ctrl Pts',(-10.4576401788748,11.0023186616947,-16.099828495142));
#8280=CARTESIAN_POINT('Ctrl Pts',(-14.460612273387,4.64196550406384,-15.9404111805294));
#8281=CARTESIAN_POINT('Ctrl Pts',(-14.9320312910206,-3.19224932179518,-15.7743504746588));
#8282=CARTESIAN_POINT('Ctrl Pts',(-11.196185063092,-10.5105564081103,-15.6016494341408));
#8283=CARTESIAN_POINT('Ctrl Pts',(-3.84938433060662,-14.8667235095873,-15.4223037864679));
#8284=CARTESIAN_POINT('Ctrl Pts',(4.68438587928547,-14.6241200631755,-15.2429603071173));
#8285=CARTESIAN_POINT('Ctrl Pts',(11.7715432833759,-9.8621145732812,-15.0636146780333));
#8286=CARTESIAN_POINT('Ctrl Pts',(15.218963738176,-2.05042927645342,-14.8842711403853));
#8287=CARTESIAN_POINT('Ctrl Pts',(13.9616590759381,6.39440449446247,-14.7049256713777));
#8288=CARTESIAN_POINT('Ctrl Pts',(8.38872367905202,12.8633937710666,-14.525581829094));
#8289=CARTESIAN_POINT('Ctrl Pts',(0.221200893885976,15.3541758672563,-14.3462368329814));
#8290=CARTESIAN_POINT('Ctrl Pts',(-8.01205185661531,13.1013994625314,-14.1668923691224));
#8291=CARTESIAN_POINT('Ctrl Pts',(-13.7736296968436,6.79254413583801,-13.9875480683588));
#8292=CARTESIAN_POINT('Ctrl Pts',(-15.2672742987034,-1.60473830892101,-13.808202943881));
#8293=CARTESIAN_POINT('Ctrl Pts',(-11.7033131840612,-10.4084119418904,-13.608932092118));
#8294=CARTESIAN_POINT('Ctrl Pts',(-2.41911838518267,-15.826112537225,-13.3897327528442));
#8295=CARTESIAN_POINT('Ctrl Pts',(9.04700605875678,-13.2086820949935,-13.1506069508187));
#8296=CARTESIAN_POINT('Ctrl Pts',(15.0615327495501,-4.295206831583,-12.931408203538));
#8297=CARTESIAN_POINT('Ctrl Pts',(14.4503571372375,5.18171664403476,-12.7321356425031));
#8298=CARTESIAN_POINT('Ctrl Pts',(9.45933277528622,12.0985756979543,-12.5527914574877));
#8299=CARTESIAN_POINT('Ctrl Pts',(1.5302847109595,15.2805765552473,-12.3734469539554));
#8300=CARTESIAN_POINT('Ctrl Pts',(-6.86470441788245,13.7359420132776,-12.1941019649738));
#8301=CARTESIAN_POINT('Ctrl Pts',(-13.1412174352719,7.94645336819746,-12.0147581171334));
#8302=CARTESIAN_POINT('Ctrl Pts',(-15.3533409903295,-0.300426871305145,
-11.8354126724775));
#8303=CARTESIAN_POINT('Ctrl Pts',(-12.8200823564276,-8.45397994072681,-11.6560690726734));
#8304=CARTESIAN_POINT('Ctrl Pts',(-6.32315874508459,-13.9942959974865,-11.4767235730173));
#8305=CARTESIAN_POINT('Ctrl Pts',(2.12840356735689,-15.2083279983065,-11.2973798424475));
#8306=CARTESIAN_POINT('Ctrl Pts',(9.92176343725849,-11.7207447269043,-11.1180346668699));
#8307=CARTESIAN_POINT('Ctrl Pts',(14.6486088171356,-4.61013187909993,-10.9386904213394));
#8308=CARTESIAN_POINT('Ctrl Pts',(14.8454069315338,3.92639426390557,-10.759345910927));
#8309=CARTESIAN_POINT('Ctrl Pts',(10.4560363759306,11.247648495041,-10.5800009336381));
#8310=CARTESIAN_POINT('Ctrl Pts',(2.82806543646094,15.0946356012824,-10.4006571243357));
#8311=CARTESIAN_POINT('Ctrl Pts',(-5.66207590067153,14.269794266014,-10.2213115432727));
#8312=CARTESIAN_POINT('Ctrl Pts',(-13.1768830246059,8.46312061036598,-10.0220411230074));
#8313=CARTESIAN_POINT('Ctrl Pts',(-15.89359257633,-1.9375867658741,-9.80284256115532));
#8314=CARTESIAN_POINT('Ctrl Pts',(-10.2792593339767,-12.2734740049867,-9.56371513509175));
#8315=CARTESIAN_POINT('Ctrl Pts',(-0.0751284410605437,-15.6625013118096,
-9.34451653305483));
#8316=CARTESIAN_POINT('Ctrl Pts',(8.88454259541689,-12.5188712845731,-9.14524486384144));
#8317=CARTESIAN_POINT('Ctrl Pts',(14.2031506566731,-5.84488298880228,-8.9658999292628));
#8318=CARTESIAN_POINT('Ctrl Pts',(15.1228193301864,2.64058472700928,-8.78655606692734));
#8319=CARTESIAN_POINT('Ctrl Pts',(10.9696237644225,11.1783245750531,-8.5872833359753));
#8320=CARTESIAN_POINT('Ctrl Pts',(1.33435996865233,15.9542754681565,-8.36808405494741));
#8321=CARTESIAN_POINT('Ctrl Pts',(-9.92000476364707,12.5626501139137,-8.12895805928254));
#8322=CARTESIAN_POINT('Ctrl Pts',(-15.8210080916845,2.41684905459654,-7.88983310550693));
#8323=CARTESIAN_POINT('Ctrl Pts',(-13.2128518424016,-9.03706807826435,-7.65070613951344));
#8324=CARTESIAN_POINT('Ctrl Pts',(-3.48867584453058,-15.6204215879985,-7.41158109367094));
#8325=CARTESIAN_POINT('Ctrl Pts',(8.11286955530956,-13.7986520104992,-7.17245495983507));
#8326=CARTESIAN_POINT('Ctrl Pts',(15.3460244851415,-4.54849652224305,-6.93332856267774));
#8327=CARTESIAN_POINT('Ctrl Pts',(14.3199185435222,7.15224302686072,-6.69420368623546));
#8328=CARTESIAN_POINT('Ctrl Pts',(5.58428788778217,15.0001470634309,-6.45507696662329));
#8329=CARTESIAN_POINT('Ctrl Pts',(-6.1574086801509,14.7746355696206,-6.21595099505917));
#8330=CARTESIAN_POINT('Ctrl Pts',(-14.5838587716255,6.59543268116811,-5.97682438828239));
#8331=CARTESIAN_POINT('Ctrl Pts',(-15.1612315313231,-5.13464454515482,-5.73769803741317));
#8332=CARTESIAN_POINT('Ctrl Pts',(-7.57397077972152,-14.0991693899131,-5.49857147209718));
#8333=CARTESIAN_POINT('Ctrl Pts',(4.08425642843982,-15.4771842554643,-5.25944532328637));
#8334=CARTESIAN_POINT('Ctrl Pts',(13.5559237141774,-8.51720940240308,-5.02031886513803));
#8335=CARTESIAN_POINT('Ctrl Pts',(15.4667836383852,1.73274584590069,-4.8077628732705));
#8336=CARTESIAN_POINT('Ctrl Pts',(11.6972036553723,9.67426601658346,-4.6217766148005));
#8337=CARTESIAN_POINT('Ctrl Pts',(5.62648097107268,14.1074919598523,-4.46235911001395));
#8338=CARTESIAN_POINT('Ctrl Pts',(-1.84349961933148,15.0736817873032,-4.30294128209688));
#8339=CARTESIAN_POINT('Ctrl Pts',(-8.85249029314312,12.3390667345002,-4.14352435556161));
#8340=CARTESIAN_POINT('Ctrl Pts',(-13.6906190224098,6.57219413632114,-3.98410642622334));
#8341=CARTESIAN_POINT('Ctrl Pts',(-15.1644921433267,-0.808126766633854,
-3.82468977856168));
#8342=CARTESIAN_POINT('Ctrl Pts',(-12.9140664686568,-7.9903759350681,-3.66527182759247));
#8343=CARTESIAN_POINT('Ctrl Pts',(-7.49173887424346,-13.209832271491,-3.5058551247662));
#8344=CARTESIAN_POINT('Ctrl Pts',(-0.228963929780407,-15.1842484328801,
-3.34643715680344));
#8345=CARTESIAN_POINT('Ctrl Pts',(7.0905467677352,-13.4298355294811,-3.18701981922545));
#8346=CARTESIAN_POINT('Ctrl Pts',(12.6662310094717,-8.3758387817105,-3.02760270132354));
#8347=CARTESIAN_POINT('Ctrl Pts',(15.2386586676735,-0.968692538203075,-2.86154265823093));
#8348=CARTESIAN_POINT('Ctrl Pts',(13.6220568767605,7.09148157142433,-2.68884069277597));
#8349=CARTESIAN_POINT('Ctrl Pts',(7.72739122616394,13.2704068847957,-2.50949597297493));
#8350=CARTESIAN_POINT('Ctrl Pts',(-0.553757826833695,15.346476917176,-2.3301517397099));
#8351=CARTESIAN_POINT('Ctrl Pts',(-8.66493956811998,12.6784862169586,-2.15080661883083));
#8352=CARTESIAN_POINT('Ctrl Pts',(-14.0968095612692,6.09102327660563,-1.97146283456362));
#8353=CARTESIAN_POINT('Ctrl Pts',(-15.1710728526554,-2.37946049264159,-1.79211735888125));
#8354=CARTESIAN_POINT('Ctrl Pts',(-11.5552288273883,-10.1142929087923,-1.61277377472485));
#8355=CARTESIAN_POINT('Ctrl Pts',(-4.3671732368016,-14.722445729035,-1.43342826717358));
#8356=CARTESIAN_POINT('Ctrl Pts',(4.17084632858553,-14.779238100076,-1.25408453884684));
#8357=CARTESIAN_POINT('Ctrl Pts',(11.4196884813603,-10.2671828903743,-1.07473937040603));
#8358=CARTESIAN_POINT('Ctrl Pts',(15.1379016550935,-2.58113161225114,-0.89539509580259));
#8359=CARTESIAN_POINT('Ctrl Pts',(14.1769330765708,5.90290778178161,-0.716050663246668));
#8360=CARTESIAN_POINT('Ctrl Pts',(8.83228936958479,12.5619980629274,-0.536705508165589));
#8361=CARTESIAN_POINT('Ctrl Pts',(0.759080153061783,15.3378846134884,-0.35736207685919));
#8362=CARTESIAN_POINT('Ctrl Pts',(-7.55243024520595,13.3717920458682,-0.178015670294678));
#8363=CARTESIAN_POINT('Ctrl Pts',(-11.5313822838086,9.30567126825158,-0.0584549418212814));
#8364=CARTESIAN_POINT('Ctrl Pts',(-12.8266520202159,6.89669501254921,0.00132688212935928));
#8365=CARTESIAN_POINT('Ctrl Pts',(-12.1231864903963,6.51842078797251,-20.4598542463277));
#8366=CARTESIAN_POINT('Ctrl Pts',(-13.1974979133442,4.52037890746188,-20.4073930815935));
#8367=CARTESIAN_POINT('Ctrl Pts',(-14.3384632180974,-0.0149922506803695,
-20.3024707521251));
#8368=CARTESIAN_POINT('Ctrl Pts',(-12.6131801088416,-6.81809732411636,-20.1450872579226));
#8369=CARTESIAN_POINT('Ctrl Pts',(-7.8676235657161,-11.9865262791838,-19.9877037637201));
#8370=CARTESIAN_POINT('Ctrl Pts',(-1.2371257389706,-14.2846459412322,-19.8303202695176));
#8371=CARTESIAN_POINT('Ctrl Pts',(5.68947160015771,-13.1608281074056,-19.6729367753151));
#8372=CARTESIAN_POINT('Ctrl Pts',(11.2534078624217,-8.88485316007745,-19.5155532811125));
#8373=CARTESIAN_POINT('Ctrl Pts',(14.1218024316529,-2.48062186853216,-19.35816978691));
#8374=CARTESIAN_POINT('Ctrl Pts',(13.6076895986999,4.51772938562379,-19.2007862927075));
#8375=CARTESIAN_POINT('Ctrl Pts',(9.83416697466972,10.4339947136098,-19.043402798505));
#8376=CARTESIAN_POINT('Ctrl Pts',(3.70511448402629,13.8510339009399,-18.8860193043025));
#8377=CARTESIAN_POINT('Ctrl Pts',(-3.3114130229005,13.9503987404851,-18.7286358100999));
#8378=CARTESIAN_POINT('Ctrl Pts',(-9.53476920431404,10.7082778852929,-18.5712523158974));
#8379=CARTESIAN_POINT('Ctrl Pts',(-13.4743021591913,4.90124888488308,-18.4138688216949));
#8380=CARTESIAN_POINT('Ctrl Pts',(-14.1863900299998,-2.07975720442872,-18.2564853274924));
#8381=CARTESIAN_POINT('Ctrl Pts',(-11.5004701546943,-8.56260705036462,-18.0991018332898));
#8382=CARTESIAN_POINT('Ctrl Pts',(-6.05988951582903,-12.9944908779219,-17.9417183390873));
#8383=CARTESIAN_POINT('Ctrl Pts',(0.83219161966026,-14.3138572774957,-17.7843348448848));
#8384=CARTESIAN_POINT('Ctrl Pts',(7.52494133565001,-12.2046840061715,-17.6269513506823));
#8385=CARTESIAN_POINT('Ctrl Pts',(12.4152725854192,-7.17217261609943,-17.4695678564798));
#8386=CARTESIAN_POINT('Ctrl Pts',(14.3318243393802,-0.42174004700787,-17.3121843622772));
#8387=CARTESIAN_POINT('Ctrl Pts',(12.8155327728557,6.42971020117678,-17.1548008680747));
#8388=CARTESIAN_POINT('Ctrl Pts',(8.22958901610497,11.7410782359662,-16.9974173738722));
#8389=CARTESIAN_POINT('Ctrl Pts',(1.67244543215688,14.2401537846102,-16.8400338796697));
#8390=CARTESIAN_POINT('Ctrl Pts',(-5.28529217080871,13.3283434900747,-16.6826503854672));
#8391=CARTESIAN_POINT('Ctrl Pts',(-10.9770653394346,9.22404954785513,-16.5252668912646));
#8392=CARTESIAN_POINT('Ctrl Pts',(-14.0395469062041,2.91035671228825,-16.3678833970621));
#8393=CARTESIAN_POINT('Ctrl Pts',(-13.7391931769029,-4.10044197288759,-16.2104999028596));
#8394=CARTESIAN_POINT('Ctrl Pts',(-10.1479466527362,-10.1290785493269,-16.0531164086571));
#8395=CARTESIAN_POINT('Ctrl Pts',(-4.12600393765521,-13.7315383344859,-15.8957329144546));
#8396=CARTESIAN_POINT('Ctrl Pts',(2.88422363921948,-14.0449388579722,-15.738349420252));
#8397=CARTESIAN_POINT('Ctrl Pts',(9.20360491450818,-10.9942125731095,-15.5809659260495));
#8398=CARTESIAN_POINT('Ctrl Pts',(13.318484316254,-5.3100874797728,-15.423582431847));
#8399=CARTESIAN_POINT('Ctrl Pts',(14.2432415972955,1.64594116729311,-15.2661989376445));
#8400=CARTESIAN_POINT('Ctrl Pts',(11.7563734252381,8.20772425288999,-15.108815443442));
#8401=CARTESIAN_POINT('Ctrl Pts',(6.45354917045088,12.8035446900341,-14.9514319492394));
#8402=CARTESIAN_POINT('Ctrl Pts',(-0.395067343938154,14.3325843907816,-14.7940484550369));
#8403=CARTESIAN_POINT('Ctrl Pts',(-7.14905499192351,12.4285987242158,-14.6366649608344));
#8404=CARTESIAN_POINT('Ctrl Pts',(-12.1906587131566,7.547641596185,-14.4792814666319));
#8405=CARTESIAN_POINT('Ctrl Pts',(-14.3122837714038,0.858828720954897,-14.3218979724294));
#8406=CARTESIAN_POINT('Ctrl Pts',(-13.005745986736,-6.03569588809991,-14.1645144782268));
#8407=CARTESIAN_POINT('Ctrl Pts',(-8.58399501539272,-11.484514926667,-14.0071309840243));
#8408=CARTESIAN_POINT('Ctrl Pts',(-2.10615479752879,-14.1824950376854,-13.8497474898218));
#8409=CARTESIAN_POINT('Ctrl Pts',(4.8761640719352,-13.4834000707794,-13.6923639956193));
#8410=CARTESIAN_POINT('Ctrl Pts',(10.6905152882728,-9.55468138643718,-13.5349805014168));
#8411=CARTESIAN_POINT('Ctrl Pts',(13.9442110656724,-3.33736891594328,-13.3775970072142));
#8412=CARTESIAN_POINT('Ctrl Pts',(13.857906951188,3.67932989243162,-13.2202135130117));
#8413=CARTESIAN_POINT('Ctrl Pts',(10.45227501667,9.81473384769146,-13.0628300188092));
#8414=CARTESIAN_POINT('Ctrl Pts',(4.54305236187378,13.5992547134907,-12.9054465246067));
#8415=CARTESIAN_POINT('Ctrl Pts',(-2.45434905943843,14.1264016727388,-12.7480630304041));
#8416=CARTESIAN_POINT('Ctrl Pts',(-8.86387028053262,11.269909368536,-12.5906795362016));
#8417=CARTESIAN_POINT('Ctrl Pts',(-13.1502648765906,5.71398172911244,-12.4332960419991));
#8418=CARTESIAN_POINT('Ctrl Pts',(-14.28683026688,-1.21059260301965,-12.2759125477966));
#8419=CARTESIAN_POINT('Ctrl Pts',(-12.0013295881743,-7.84519863618106,-12.1185290535941));
#8420=CARTESIAN_POINT('Ctrl Pts',(-6.84119947807356,-12.6006763003551,-11.9611455593916));
#8421=CARTESIAN_POINT('Ctrl Pts',(-0.0424248143649728,-14.3379654644671,
-11.803762065189));
#8422=CARTESIAN_POINT('Ctrl Pts',(6.76651169175441,-12.640940354676,-11.6463785709865));
#8423=CARTESIAN_POINT('Ctrl Pts',(11.9546933045024,-7.91608246043515,-11.488995076784));
#8424=CARTESIAN_POINT('Ctrl Pts',(14.2794160842987,-1.29511768445857,-11.3316115825815));
#8425=CARTESIAN_POINT('Ctrl Pts',(13.1838486839546,5.63606133782398,-11.1742280883789));
#8426=CARTESIAN_POINT('Ctrl Pts',(8.93040788570811,11.2172576202924,-11.0168445941765));
#8427=CARTESIAN_POINT('Ctrl Pts',(2.53790298177165,14.1116300256292,-10.8594610999739));
#8428=CARTESIAN_POINT('Ctrl Pts',(-4.46249545194625,13.6259013597811,-10.7020776057714));
#8429=CARTESIAN_POINT('Ctrl Pts',(-10.3940105865777,9.87641622509071,-10.5446941115689));
#8430=CARTESIAN_POINT('Ctrl Pts',(-13.8358908417664,3.76127347315363,-10.3873106173664));
#8431=CARTESIAN_POINT('Ctrl Pts',(-13.9637167056399,-3.25479174291664,-10.2299271231638));
#8432=CARTESIAN_POINT('Ctrl Pts',(-10.7468705714001,-9.49124999389955,-10.0725436289613));
#8433=CARTESIAN_POINT('Ctrl Pts',(-4.95587044755735,-13.4543079209654,-9.91516013475878));
#8434=CARTESIAN_POINT('Ctrl Pts',(2.02218907183501,-14.1947104543515,-9.75777664055628));
#8435=CARTESIAN_POINT('Ctrl Pts',(8.51588190676678,-11.5351120009789,-9.60039314635373));
#8436=CARTESIAN_POINT('Ctrl Pts',(12.9698003497347,-6.11255530961853,-9.44300965215124));
#8437=CARTESIAN_POINT('Ctrl Pts',(14.317115517562,0.774116775370664,-9.28562615794869));
#8438=CARTESIAN_POINT('Ctrl Pts',(12.2351105140625,7.47536783267556,-9.12824266374619));
#8439=CARTESIAN_POINT('Ctrl Pts',(7.22247948936367,12.3860745819992,-8.97085916954366));
#8440=CARTESIAN_POINT('Ctrl Pts',(0.479877468098737,14.3299955038631,-8.81347567534114));
#8441=CARTESIAN_POINT('Ctrl Pts',(-6.37766764202355,12.8415111639172,-8.65609218113862));
#8442=CARTESIAN_POINT('Ctrl Pts',(-11.7075960849491,8.27715213324057,-8.4987086869361));
#8443=CARTESIAN_POINT('Ctrl Pts',(-14.2332518821303,1.73020067765519,-8.34132519273358));
#8444=CARTESIAN_POINT('Ctrl Pts',(-13.3496750218611,-5.23117867557816,-8.18394169853106));
#8445=CARTESIAN_POINT('Ctrl Pts',(-9.26850505863972,-10.9395551784839,-8.02655820432854));
#8446=CARTESIAN_POINT('Ctrl Pts',(-2.96728795557045,-14.0276247352804,-7.86917471012601));
#8447=CARTESIAN_POINT('Ctrl Pts',(4.04467150532157,-13.7557146647917,-7.7117912159235));
#8448=CARTESIAN_POINT('Ctrl Pts',(10.087827329575,-10.188954475009,-7.55440772172098));
#8449=CARTESIAN_POINT('Ctrl Pts',(13.7146870986812,-4.18167565820132,-7.39702422751846));
#8450=CARTESIAN_POINT('Ctrl Pts',(14.0565239137398,2.82722284010048,-7.23964073331593));
#8451=CARTESIAN_POINT('Ctrl Pts',(11.0314589993967,9.15892820529529,-7.08225723911342));
#8452=CARTESIAN_POINT('Ctrl Pts',(5.36407379229706,13.2968329265249,-6.92487374491089));
#8453=CARTESIAN_POINT('Ctrl Pts',(-1.58814608934612,14.2498015959528,-6.76749025070838));
#8454=CARTESIAN_POINT('Ctrl Pts',(-8.15996382835609,11.7895735226108,-6.61010675650586));
#8455=CARTESIAN_POINT('Ctrl Pts',(-12.7772587782224,6.5054370828918,-6.45272326230334));
#8456=CARTESIAN_POINT('Ctrl Pts',(-14.3340691487284,-0.336920116050077,
-6.29533976810082));
#8457=CARTESIAN_POINT('Ctrl Pts',(-12.4574985139173,-7.09857621645861,-6.13795627389829));
#8458=CARTESIAN_POINT('Ctrl Pts',(-7.59703416911668,-12.1599393649145,-5.98057277969578));
#8459=CARTESIAN_POINT('Ctrl Pts',(-0.916883275970911,-14.3086819303306,
-5.82318928549325));
#8460=CARTESIAN_POINT('Ctrl Pts',(5.9828849213156,-13.0301243871046,-5.66580579129074));
#8461=CARTESIAN_POINT('Ctrl Pts',(11.44959714317,-8.63051439858827,-5.50842229708821));
#8462=CARTESIAN_POINT('Ctrl Pts',(14.1738341514611,-2.16367256580097,-5.3510388028857));
#8463=CARTESIAN_POINT('Ctrl Pts',(13.5030705885112,4.82142491456651,-5.19365530868317));
#8464=CARTESIAN_POINT('Ctrl Pts',(9.59797170939895,10.6516661884759,-5.03627181448065));
#8465=CARTESIAN_POINT('Ctrl Pts',(3.39390988998679,13.9305573895566,-4.87888832027813));
#8466=CARTESIAN_POINT('Ctrl Pts',(-3.62308129575725,13.8727191080028,-4.72150482607562));
#8467=CARTESIAN_POINT('Ctrl Pts',(-9.77225062488178,10.4920051110119,-4.56412133187309));
#8468=CARTESIAN_POINT('Ctrl Pts',(-13.5807126972911,4.59818400663271,-4.40673783767057));
#8469=CARTESIAN_POINT('Ctrl Pts',(-14.1362421565184,-2.39702132187996,-4.24935434346805));
#8470=CARTESIAN_POINT('Ctrl Pts',(-11.3057753014236,-8.81807792877716,-4.09197084926553));
#8471=CARTESIAN_POINT('Ctrl Pts',(-5.76728229078499,-13.1269763657097,-3.93458735506301));
#8472=CARTESIAN_POINT('Ctrl Pts',(1.15262427830216,-14.2916237983407,-3.77720386086049));
#8473=CARTESIAN_POINT('Ctrl Pts',(7.79644746430145,-12.0330569877017,-3.61982036665797));
#8474=CARTESIAN_POINT('Ctrl Pts',(12.5728194503687,-6.89226120990104,-3.46243687245545));
#8475=CARTESIAN_POINT('Ctrl Pts',(14.3376753736501,-0.100590273296217,-3.30505337825293));
#8476=CARTESIAN_POINT('Ctrl Pts',(12.6682865076094,6.71517464577214,-3.14766988405041));
#8477=CARTESIAN_POINT('Ctrl Pts',(7.96451474425008,11.922481213825,-2.99028638984789));
#8478=CARTESIAN_POINT('Ctrl Pts',(1.35303531332595,14.274044599775,-2.83290289564537));
#8479=CARTESIAN_POINT('Ctrl Pts',(-5.58253113917599,13.206604375557,-2.67551940144285));
#8480=CARTESIAN_POINT('Ctrl Pts',(-11.1809367170747,8.97584025310291,-2.51813590724033));
#8481=CARTESIAN_POINT('Ctrl Pts',(-14.101218224155,2.59512964468588,-2.36075241303781));
#8482=CARTESIAN_POINT('Ctrl Pts',(-13.6438925391708,-4.40718146803738,-2.20336891883528));
#8483=CARTESIAN_POINT('Ctrl Pts',(-9.91850106506111,-10.3538589874084,-2.04598542463276));
#8484=CARTESIAN_POINT('Ctrl Pts',(-3.81737149890445,-13.820517858877,-1.88860193043024));
#8485=CARTESIAN_POINT('Ctrl Pts',(3.19811733545781,-13.9768067431515,-1.73121843622773));
#8486=CARTESIAN_POINT('Ctrl Pts',(9.44757444098714,-10.7852839854468,-1.5738349420252));
#8487=CARTESIAN_POINT('Ctrl Pts',(13.434092167935,-5.01041449310821,-1.41645144782268));
#8488=CARTESIAN_POINT('Ctrl Pts',(14.2027976358709,1.9645952078715,-1.25906795362016));
#8489=CARTESIAN_POINT('Ctrl Pts',(11.5695631998583,8.46900207449277,-1.10168445941765));
#8490=CARTESIAN_POINT('Ctrl Pts',(6.16512213236035,12.9449246149692,-0.944300965215119));
#8491=CARTESIAN_POINT('Ctrl Pts',(-0.716032386121166,14.3200831416477,-0.786917471012601));
#8492=CARTESIAN_POINT('Ctrl Pts',(-7.42566505081563,12.2654428502798,-0.629533976810081));
#8493=CARTESIAN_POINT('Ctrl Pts',(-12.3566850818889,7.27245808515937,-0.472150482607556));
#8494=CARTESIAN_POINT('Ctrl Pts',(-14.3279051665075,0.538420949415563,-0.314766988405037));
#8495=CARTESIAN_POINT('Ctrl Pts',(-12.8673449089682,-6.32638816529327,-0.15738349420252));
#8496=CARTESIAN_POINT('Ctrl Pts',(-9.83862863715246,-9.88985152466681,-0.0524611647341741));
#8497=CARTESIAN_POINT('Ctrl Pts',(-7.99159174607707,-11.2069586246239,0.));
#8498=CARTESIAN_POINT('Ctrl Pts',(-12.3570249382272,6.6441515437087,-20.3065694975517));
#8499=CARTESIAN_POINT('Ctrl Pts',(-13.4520582494202,4.60757037219484,-20.2541083328175));
#8500=CARTESIAN_POINT('Ctrl Pts',(-14.6150310978257,-0.0152814291592553,
-20.1491860033491));
#8501=CARTESIAN_POINT('Ctrl Pts',(-12.856469813343,-6.94960839974767,-19.9918025091466));
#8502=CARTESIAN_POINT('Ctrl Pts',(-8.0193784598755,-12.2177287524138,-19.8344190149441));
#8503=CARTESIAN_POINT('Ctrl Pts',(-1.26098807605517,-14.5601757647944,-19.6770355207415));
#8504=CARTESIAN_POINT('Ctrl Pts',(5.79921314451264,-13.4146811368251,-19.5196520265391));
#8505=CARTESIAN_POINT('Ctrl Pts',(11.4704695589848,-9.05622891791174,-19.3622685323365));
#8506=CARTESIAN_POINT('Ctrl Pts',(14.3941912432751,-2.52846941817207,-19.2048850381341));
#8507=CARTESIAN_POINT('Ctrl Pts',(13.8701619294559,4.60486974497494,-19.0475015439315));
#8508=CARTESIAN_POINT('Ctrl Pts',(10.0238536006149,10.6352511349672,-18.890118049729));
#8509=CARTESIAN_POINT('Ctrl Pts',(3.77658069636798,14.1181999856004,-18.7327345555265));
#8510=CARTESIAN_POINT('Ctrl Pts',(-3.37528531274899,14.2194814268466,-18.5753510613239));
#8511=CARTESIAN_POINT('Ctrl Pts',(-9.71868088734628,10.9148248258701,-18.4179675671214));
#8512=CARTESIAN_POINT('Ctrl Pts',(-13.7342016423021,4.99578677164924,-18.2605840729189));
#8513=CARTESIAN_POINT('Ctrl Pts',(-14.4600246414584,-2.11987266391899,-18.1032005787164));
#8514=CARTESIAN_POINT('Ctrl Pts',(-11.7222973197247,-8.72776715440402,-17.9458170845138));
#8515=CARTESIAN_POINT('Ctrl Pts',(-6.17677587730922,-13.2451355066796,-17.7884335903113));
#8516=CARTESIAN_POINT('Ctrl Pts',(0.848243372785809,-14.5899505447975,-17.6310500961088));
#8517=CARTESIAN_POINT('Ctrl Pts',(7.67008639329151,-12.4400944212906,-17.4736666019063));
#8518=CARTESIAN_POINT('Ctrl Pts',(12.654744944693,-7.31051328366671,-17.3162831077038));
#8519=CARTESIAN_POINT('Ctrl Pts',(14.6082641648964,-0.429874792609513,-17.1588996135013));
#8520=CARTESIAN_POINT('Ctrl Pts',(13.0627255628127,6.55372986008712,-17.0015161192987));
#8521=CARTESIAN_POINT('Ctrl Pts',(8.38832569175843,11.9675463772206,-16.8441326250963));
#8522=CARTESIAN_POINT('Ctrl Pts',(1.70470444625745,14.5148254198691,-16.6867491308937));
#8523=CARTESIAN_POINT('Ctrl Pts',(-5.38723768806472,13.5854276449993,-16.5293656366912));
#8524=CARTESIAN_POINT('Ctrl Pts',(-11.1887967949182,9.40196790543336,-16.3719821424886));
#8525=CARTESIAN_POINT('Ctrl Pts',(-14.3103491296456,2.9664932154077,-16.2145986482861));
#8526=CARTESIAN_POINT('Ctrl Pts',(-14.0042020183887,-4.17953347140739,-16.0572151540836));
#8527=CARTESIAN_POINT('Ctrl Pts',(-10.3436856274544,-10.324453586064,-15.8998316598811));
#8528=CARTESIAN_POINT('Ctrl Pts',(-4.20558848890251,-13.9963995253131,-15.7424481656786));
#8529=CARTESIAN_POINT('Ctrl Pts',(2.93985607377175,-14.3158450842379,-15.5850646714761));
#8530=CARTESIAN_POINT('Ctrl Pts',(9.38112892516019,-11.2062747735265,-15.4276811772735));
#8531=CARTESIAN_POINT('Ctrl Pts',(13.5753783022073,-5.41251126209275,-15.270297683071));
#8532=CARTESIAN_POINT('Ctrl Pts',(14.5179727919225,1.67768895308238,-15.1129141888685));
#8533=CARTESIAN_POINT('Ctrl Pts',(11.9831365882115,8.36603918939949,-14.955530694666));
#8534=CARTESIAN_POINT('Ctrl Pts',(6.57802864803825,13.0505062474944,-14.7981472004634));
#8535=CARTESIAN_POINT('Ctrl Pts',(-0.402687612303106,14.6090388765722,-14.6407637062609));
#8536=CARTESIAN_POINT('Ctrl Pts',(-7.28694975450041,12.6683281251193,-14.4833802120584));
#8537=CARTESIAN_POINT('Ctrl Pts',(-12.4257986009889,7.69322450848568,-14.3259967178559));
#8538=CARTESIAN_POINT('Ctrl Pts',(-14.5883466880859,0.87539426461125,-14.1686132236534));
#8539=CARTESIAN_POINT('Ctrl Pts',(-13.2566077099991,-6.15211559006279,-14.0112297294509));
#8540=CARTESIAN_POINT('Ctrl Pts',(-8.7495676618399,-11.7060343388009,-13.8538462352483));
#8541=CARTESIAN_POINT('Ctrl Pts',(-2.14677942778883,-14.4560545204673,-13.6964627410458));
#8542=CARTESIAN_POINT('Ctrl Pts',(4.97021810953111,-13.7434750392319,-13.5390792468433));
#8543=CARTESIAN_POINT('Ctrl Pts',(10.8967196144624,-9.73897714619418,-13.3816957526408));
#8544=CARTESIAN_POINT('Ctrl Pts',(14.2131744008818,-3.40174185681666,-13.2243122584382));
#8545=CARTESIAN_POINT('Ctrl Pts',(14.1252056068853,3.75029875790155,-13.0669287642357));
#8546=CARTESIAN_POINT('Ctrl Pts',(10.6538840382038,10.0040456371814,-12.9095452700332));
#8547=CARTESIAN_POINT('Ctrl Pts',(4.63068116421521,13.8615643477092,-12.7521617758307));
#8548=CARTESIAN_POINT('Ctrl Pts',(-2.50168984520864,14.3988791969612,-12.5947782816282));
#8549=CARTESIAN_POINT('Ctrl Pts',(-9.03484130946266,11.4872893548969,-12.4373947874257));
#8550=CARTESIAN_POINT('Ctrl Pts',(-13.4039141568144,5.82419603782809,-12.2800112932231));
#8551=CARTESIAN_POINT('Ctrl Pts',(-14.5624022228734,-1.23394315491208,-12.1226277990206));
#8552=CARTESIAN_POINT('Ctrl Pts',(-12.2328175954757,-7.99652098641156,-11.9652443048181));
#8553=CARTESIAN_POINT('Ctrl Pts',(-6.97315616029746,-12.8437248247698,-11.8078608106155));
#8554=CARTESIAN_POINT('Ctrl Pts',(-0.0432431266749162,-14.6145237432595,
-11.6504773164131));
#8555=CARTESIAN_POINT('Ctrl Pts',(6.8970277563619,-12.8847655135154,-11.4930938222105));
#8556=CARTESIAN_POINT('Ctrl Pts',(12.1852817664413,-8.06877205544517,-11.335710328008));
#8557=CARTESIAN_POINT('Ctrl Pts',(14.5548450316079,-1.32009860093067,-11.1783268338055));
#8558=CARTESIAN_POINT('Ctrl Pts',(13.4381457464583,5.74477267672488,-11.020943339603));
#8559=CARTESIAN_POINT('Ctrl Pts',(9.10266232724006,11.4336220318212,-10.8635598454004));
#8560=CARTESIAN_POINT('Ctrl Pts',(2.58685539988987,14.3838226264913,-10.7061763511979));
#8561=CARTESIAN_POINT('Ctrl Pts',(-4.54857042990372,13.8887249686394,-10.5487928569954));
#8562=CARTESIAN_POINT('Ctrl Pts',(-10.5944957728964,10.0669177769753,-10.3914093627929));
#8563=CARTESIAN_POINT('Ctrl Pts',(-14.1027648390739,3.8338229098489,-10.2340258685904));
#8564=CARTESIAN_POINT('Ctrl Pts',(-14.2330562759735,-3.31757189150044,-10.0766423743878));
#8565=CARTESIAN_POINT('Ctrl Pts',(-10.954161908166,-9.6743222553307,-9.91925888018533));
#8566=CARTESIAN_POINT('Ctrl Pts',(-5.05146190398063,-13.7138217446099,-9.76187538598279));
#8567=CARTESIAN_POINT('Ctrl Pts',(2.06119412666551,-14.4685055545658,-9.60449189178029));
#8568=CARTESIAN_POINT('Ctrl Pts',(8.68014075146632,-11.7576073563049,-9.44710839757775));
#8569=CARTESIAN_POINT('Ctrl Pts',(13.2199687344957,-6.2304575168488,-9.28972490337525));
#8570=CARTESIAN_POINT('Ctrl Pts',(14.5932716315255,0.78904835011266,-9.13234140917271));
#8571=CARTESIAN_POINT('Ctrl Pts',(12.4711078117957,7.61955669031148,-8.97495791497019));
#8572=CARTESIAN_POINT('Ctrl Pts',(7.36179050257141,12.6249837547044,-8.81757442076768));
#8573=CARTESIAN_POINT('Ctrl Pts',(0.489133599098478,14.6064000538303,-8.66019092656514));
#8574=CARTESIAN_POINT('Ctrl Pts',(-6.50068347646389,13.0892050388528,-8.50280743236264));
#8575=CARTESIAN_POINT('Ctrl Pts',(-11.9334184047249,8.43680623151172,-8.34542393816012));
#8576=CARTESIAN_POINT('Ctrl Pts',(-14.5077903898354,1.76357370554844,-8.1880404439576));
#8577=CARTESIAN_POINT('Ctrl Pts',(-13.6071706306791,-5.33208042305124,-8.03065694975507));
#8578=CARTESIAN_POINT('Ctrl Pts',(-9.44728089767695,-11.1505631180981,-7.87327345555255));
#8579=CARTESIAN_POINT('Ctrl Pts',(-3.024522578691,-14.2981969975689,-7.71588996135003));
#8580=CARTESIAN_POINT('Ctrl Pts',(4.12268727349764,-14.0210421814943,-7.55850646714751));
#8581=CARTESIAN_POINT('Ctrl Pts',(10.2824066909172,-10.3854844303423,-7.40112297294499));
#8582=CARTESIAN_POINT('Ctrl Pts',(13.9792232539389,-4.26233403510749,-7.24373947874247));
#8583=CARTESIAN_POINT('Ctrl Pts',(14.3276535987026,2.8817558130218,-7.08635598453995));
#8584=CARTESIAN_POINT('Ctrl Pts',(11.2442396286292,9.33559046789575,-6.92897249033742));
#8585=CARTESIAN_POINT('Ctrl Pts',(5.46753889123247,13.5533092889951,-6.77158899613492));
#8586=CARTESIAN_POINT('Ctrl Pts',(-1.61877909303335,14.5246593233115,-6.61420550193238));
#8587=CARTESIAN_POINT('Ctrl Pts',(-8.31735753647816,12.0169770666624,-6.45682200772987));
#8588=CARTESIAN_POINT('Ctrl Pts',(-13.0237133190809,6.63091740204141,-6.29943851352735));
#8589=CARTESIAN_POINT('Ctrl Pts',(-14.6105522733173,-0.343418809858216,
-6.14205501932483));
#8590=CARTESIAN_POINT('Ctrl Pts',(-12.6977853492851,-7.23549731765429,-5.98467152512231));
#8591=CARTESIAN_POINT('Ctrl Pts',(-7.74356979154828,-12.3944867216728,-5.82728803091979));
#8592=CARTESIAN_POINT('Ctrl Pts',(-0.934568606660596,-14.5846753727927,
-5.66990453671726));
#8593=CARTESIAN_POINT('Ctrl Pts',(6.09828597735475,-13.2814563338776,-5.51252104251475));
#8594=CARTESIAN_POINT('Ctrl Pts',(11.670443042585,-8.79698433555963,-5.35513754831222));
#8595=CARTESIAN_POINT('Ctrl Pts',(14.4472265784782,-2.20540662926705,-5.19775405410971));
#8596=CARTESIAN_POINT('Ctrl Pts',(13.7635249723376,4.91442311427649,-5.04037055990718));
#8597=CARTESIAN_POINT('Ctrl Pts',(9.78310247585453,10.8571211726336,-4.88298706570467));
#8598=CARTESIAN_POINT('Ctrl Pts',(3.45937342314131,14.1992573654229,-4.72560357150214));
#8599=CARTESIAN_POINT('Ctrl Pts',(-3.69296520847574,14.140303468433,-4.56822007729963));
#8600=CARTESIAN_POINT('Ctrl Pts',(-9.96074297544876,10.6943804676672,-4.4108365830971));
#8601=CARTESIAN_POINT('Ctrl Pts',(-13.8426646832716,4.68687621736492,-4.25345308889458));
#8602=CARTESIAN_POINT('Ctrl Pts',(-14.4089094892085,-2.44325633985728,-4.09606959469207));
#8603=CARTESIAN_POINT('Ctrl Pts',(-11.5238470889115,-8.98816569055087,-3.93868610048954));
#8604=CARTESIAN_POINT('Ctrl Pts',(-5.87852468899012,-13.3801764447897,-3.78130260628702));
#8605=CARTESIAN_POINT('Ctrl Pts',(1.17485670641697,-14.56728821451,-3.6239191120845));
#8606=CARTESIAN_POINT('Ctrl Pts',(7.94682947608452,-12.2651569699047,-3.46653561788198));
#8607=CARTESIAN_POINT('Ctrl Pts',(12.8153306570932,-7.02520279787754,-3.30915212367946));
#8608=CARTESIAN_POINT('Ctrl Pts',(14.6142280570171,-0.102530511812992,-3.15176862947694));
#8609=CARTESIAN_POINT('Ctrl Pts',(12.9126391335435,6.84470049422169,-2.99438513527442));
#8610=CARTESIAN_POINT('Ctrl Pts',(8.11813852682549,12.1524483518825,-2.8370016410719));
#8611=CARTESIAN_POINT('Ctrl Pts',(1.37913337572723,14.5493699390432,-2.67961814686938));
#8612=CARTESIAN_POINT('Ctrl Pts',(-5.69020995922767,13.4613403619037,-2.52223465266686));
#8613=CARTESIAN_POINT('Ctrl Pts',(-11.3966005517676,9.148971018222,-2.36485115846434));
#8614=CARTESIAN_POINT('Ctrl Pts',(-14.3732099966707,2.64518588101567,-2.20746766426182));
#8615=CARTESIAN_POINT('Ctrl Pts',(-13.9070631714347,-4.4921895205499,-2.0500841700593));
#8616=CARTESIAN_POINT('Ctrl Pts',(-10.1098143716493,-10.5535697083969,-1.89270067585677));
#8617=CARTESIAN_POINT('Ctrl Pts',(-3.89100298405938,-14.087095333941,-1.73531718165425));
#8618=CARTESIAN_POINT('Ctrl Pts',(3.25980431802604,-14.246398801068,-1.57793368745174));
#8619=CARTESIAN_POINT('Ctrl Pts',(9.62980426520019,-10.9933162605066,-1.42055019324921));
#8620=CARTESIAN_POINT('Ctrl Pts',(13.6932160594181,-5.10705802399724,-1.2631666990467));
#8621=CARTESIAN_POINT('Ctrl Pts',(14.4767487259296,2.00248936172193,-1.10578320484418));
#8622=CARTESIAN_POINT('Ctrl Pts',(11.7927230681718,8.63235667613523,-0.948399710641659));
#8623=CARTESIAN_POINT('Ctrl Pts',(6.28403827633464,13.1946131833707,-0.791016216439133));
#8624=CARTESIAN_POINT('Ctrl Pts',(-0.729843598371321,14.5962964967178,-0.633632722236614));
#8625=CARTESIAN_POINT('Ctrl Pts',(-7.56889521484636,12.5020252141938,-0.476249228034094));
#8626=CARTESIAN_POINT('Ctrl Pts',(-12.5950273743359,7.41273311201771,-0.31886573383157));
#8627=CARTESIAN_POINT('Ctrl Pts',(-14.6042693969396,0.548806298118311,-0.16148223962905));
#8628=CARTESIAN_POINT('Ctrl Pts',(-13.1155370788735,-6.44841489400191,-0.00409874542653296));
#8629=CARTESIAN_POINT('Ctrl Pts',(-10.0284013220088,-10.080612223732,0.100823584041812));
#8630=CARTESIAN_POINT('Ctrl Pts',(-8.14573780421792,-11.4231243836645,0.153284748775987));
#8631=CARTESIAN_POINT('Ctrl Pts',(-12.5908633860581,6.76988229944489,-20.1532847487757));
#8632=CARTESIAN_POINT('Ctrl Pts',(-13.7066185854963,4.69476183692781,-20.1008235840415));
#8633=CARTESIAN_POINT('Ctrl Pts',(-14.8915989775541,-0.0155706076381272,
-19.9959012545732));
#8634=CARTESIAN_POINT('Ctrl Pts',(-13.0997595178443,-7.08111947537899,-19.8385177603706));
#8635=CARTESIAN_POINT('Ctrl Pts',(-8.17113335403492,-12.4489312256438,-19.6811342661681));
#8636=CARTESIAN_POINT('Ctrl Pts',(-1.28485041313972,-14.8357055883567,-19.5237507719656));
#8637=CARTESIAN_POINT('Ctrl Pts',(5.90895468886755,-13.6685341662446,-19.3663672777631));
#8638=CARTESIAN_POINT('Ctrl Pts',(11.687531255548,-9.22760467574602,-19.2089837835605));
#8639=CARTESIAN_POINT('Ctrl Pts',(14.6665800548972,-2.57631696781198,-19.0516002893581));
#8640=CARTESIAN_POINT('Ctrl Pts',(14.132634260212,4.69201010432609,-18.8942167951555));
#8641=CARTESIAN_POINT('Ctrl Pts',(10.21354022656,10.8365075563247,-18.736833300953));
#8642=CARTESIAN_POINT('Ctrl Pts',(3.84804690870969,14.385366070261,-18.5794498067505));
#8643=CARTESIAN_POINT('Ctrl Pts',(-3.43915760259748,14.4885641132081,-18.4220663125479));
#8644=CARTESIAN_POINT('Ctrl Pts',(-9.90259257037851,11.1213717664474,-18.2646828183455));
#8645=CARTESIAN_POINT('Ctrl Pts',(-13.9941011254129,5.0903246584154,-18.1072993241429));
#8646=CARTESIAN_POINT('Ctrl Pts',(-14.7336592529169,-2.15998812340927,-17.9499158299404));
#8647=CARTESIAN_POINT('Ctrl Pts',(-11.9441244847551,-8.89292725844342,-17.7925323357379));
#8648=CARTESIAN_POINT('Ctrl Pts',(-6.29366223878942,-13.4957801354374,-17.6351488415353));
#8649=CARTESIAN_POINT('Ctrl Pts',(0.864295125911382,-14.8660438120993,-17.4777653473328));
#8650=CARTESIAN_POINT('Ctrl Pts',(7.81523145093296,-12.6755048364096,-17.3203818531303));
#8651=CARTESIAN_POINT('Ctrl Pts',(12.8942173039668,-7.448853951234,-17.1629983589278));
#8652=CARTESIAN_POINT('Ctrl Pts',(14.8847039904126,-0.438009538211155,-17.0056148647253));
#8653=CARTESIAN_POINT('Ctrl Pts',(13.3099183527697,6.67774951899747,-16.8482313705228));
#8654=CARTESIAN_POINT('Ctrl Pts',(8.54706236741187,12.1940145184749,-16.6908478763202));
#8655=CARTESIAN_POINT('Ctrl Pts',(1.73696346035803,14.7894970551281,-16.5334643821177));
#8656=CARTESIAN_POINT('Ctrl Pts',(-5.48918320532073,13.8425117999238,-16.3760808879152));
#8657=CARTESIAN_POINT('Ctrl Pts',(-11.4005282504019,9.57988626301159,-16.2186973937127));
#8658=CARTESIAN_POINT('Ctrl Pts',(-14.5811513530872,3.02262971852715,-16.0613138995101));
#8659=CARTESIAN_POINT('Ctrl Pts',(-14.2692108598745,-4.25862496992719,-15.9039304053076));
#8660=CARTESIAN_POINT('Ctrl Pts',(-10.5394246021725,-10.5198286228011,-15.7465469111051));
#8661=CARTESIAN_POINT('Ctrl Pts',(-4.28517304014983,-14.2612607161403,-15.5891634169026));
#8662=CARTESIAN_POINT('Ctrl Pts',(2.99548850832405,-14.5867513105035,-15.4317799227001));
#8663=CARTESIAN_POINT('Ctrl Pts',(9.55865293581218,-11.4183369739435,-15.2743964284975));
#8664=CARTESIAN_POINT('Ctrl Pts',(13.8322722881606,-5.51493504441269,-15.117012934295));
#8665=CARTESIAN_POINT('Ctrl Pts',(14.7927039865495,1.70943673887166,-14.9596294400925));
#8666=CARTESIAN_POINT('Ctrl Pts',(12.2098997511848,8.52435412590896,-14.80224594589));
#8667=CARTESIAN_POINT('Ctrl Pts',(6.70250812562562,13.2974678049548,-14.6448624516875));
#8668=CARTESIAN_POINT('Ctrl Pts',(-0.410307880668041,14.8854933623627,-14.487478957485));
#8669=CARTESIAN_POINT('Ctrl Pts',(-7.42484451707734,12.9080575260228,-14.3300954632824));
#8670=CARTESIAN_POINT('Ctrl Pts',(-12.660938488821,7.83880742078634,-14.1727119690799));
#8671=CARTESIAN_POINT('Ctrl Pts',(-14.864409604768,0.891959808267608,-14.0153284748774));
#8672=CARTESIAN_POINT('Ctrl Pts',(-13.5074694332623,-6.26853529202567,-13.8579449806749));
#8673=CARTESIAN_POINT('Ctrl Pts',(-8.91514030828709,-11.9275537509349,-13.7005614864724));
#8674=CARTESIAN_POINT('Ctrl Pts',(-2.18740405804887,-14.7296140032493,-13.5431779922698));
#8675=CARTESIAN_POINT('Ctrl Pts',(5.06427214712701,-14.0035500076844,-13.3857944980673));
#8676=CARTESIAN_POINT('Ctrl Pts',(11.1029239406519,-9.92327290595117,-13.2284110038648));
#8677=CARTESIAN_POINT('Ctrl Pts',(14.4821377360913,-3.46611479769006,-13.0710275096623));
#8678=CARTESIAN_POINT('Ctrl Pts',(14.3925042625826,3.82126762337149,-12.9136440154597));
#8679=CARTESIAN_POINT('Ctrl Pts',(10.8554930597375,10.1933574266714,-12.7562605212572));
#8680=CARTESIAN_POINT('Ctrl Pts',(4.71830996655664,14.1238739819278,-12.5988770270547));
#8681=CARTESIAN_POINT('Ctrl Pts',(-2.54903063097884,14.6713567211835,-12.4414935328522));
#8682=CARTESIAN_POINT('Ctrl Pts',(-9.20581233839272,11.7046693412579,-12.2841100386497));
#8683=CARTESIAN_POINT('Ctrl Pts',(-13.6575634370381,5.93441034654373,-12.1267265444471));
#8684=CARTESIAN_POINT('Ctrl Pts',(-14.8379741788667,-1.25729370680449,-11.9693430502446));
#8685=CARTESIAN_POINT('Ctrl Pts',(-12.4643056027772,-8.14784333664208,-11.8119595560421));
#8686=CARTESIAN_POINT('Ctrl Pts',(-7.10511284252138,-13.0867733491844,-11.6545760618396));
#8687=CARTESIAN_POINT('Ctrl Pts',(-0.0440614389848577,-14.891082022052,
-11.4971925676371));
#8688=CARTESIAN_POINT('Ctrl Pts',(7.0275438209694,-13.1285906723548,-11.3398090734345));
#8689=CARTESIAN_POINT('Ctrl Pts',(12.4158702283803,-8.22146165045521,-11.182425579232));
#8690=CARTESIAN_POINT('Ctrl Pts',(14.8302739789172,-1.34507951740277,-11.0250420850295));
#8691=CARTESIAN_POINT('Ctrl Pts',(13.6924428089622,5.85348401562577,-10.867658590827));
#8692=CARTESIAN_POINT('Ctrl Pts',(9.27491676877199,11.6499864433499,-10.7102750966244));
#8693=CARTESIAN_POINT('Ctrl Pts',(2.6358078180081,14.6560152273533,-10.5528916024219));
#8694=CARTESIAN_POINT('Ctrl Pts',(-4.63464540786122,14.1515485774977,-10.3955081082194));
#8695=CARTESIAN_POINT('Ctrl Pts',(-10.7949809592151,10.2574193288599,-10.2381246140169));
#8696=CARTESIAN_POINT('Ctrl Pts',(-14.3696388363814,3.90637234654417,-10.0807411198144));
#8697=CARTESIAN_POINT('Ctrl Pts',(-14.502395846307,-3.38035204008424,-9.92335762561184));
#8698=CARTESIAN_POINT('Ctrl Pts',(-11.1614532449318,-9.85739451676185,-9.76597413140934));
#8699=CARTESIAN_POINT('Ctrl Pts',(-5.14705336040391,-13.9733355682543,-9.60859063720681));
#8700=CARTESIAN_POINT('Ctrl Pts',(2.10019918149602,-14.7423006547801,-9.4512071430043));
#8701=CARTESIAN_POINT('Ctrl Pts',(8.84439959616584,-11.9801027116309,-9.29382364880176));
#8702=CARTESIAN_POINT('Ctrl Pts',(13.4701371192567,-6.34835972407905,-9.13644015459926));
#8703=CARTESIAN_POINT('Ctrl Pts',(14.8694277454889,0.80397992485463,-8.97905666039673));
#8704=CARTESIAN_POINT('Ctrl Pts',(12.7071051095288,7.76374554794744,-8.82167316619421));
#8705=CARTESIAN_POINT('Ctrl Pts',(7.50110151577913,12.8638929274097,-8.66428967199169));
#8706=CARTESIAN_POINT('Ctrl Pts',(0.498389730098222,14.8828046037976,-8.50690617778917));
#8707=CARTESIAN_POINT('Ctrl Pts',(-6.62369931090423,13.3368989137885,-8.34952268358665));
#8708=CARTESIAN_POINT('Ctrl Pts',(-12.1592407245006,8.59646032978289,-8.19213918938413));
#8709=CARTESIAN_POINT('Ctrl Pts',(-14.7823288975404,1.79694673344168,-8.03475569518161));
#8710=CARTESIAN_POINT('Ctrl Pts',(-13.8646662394971,-5.43298217052432,-7.87737220097909));
#8711=CARTESIAN_POINT('Ctrl Pts',(-9.62605673671417,-11.3615710577123,-7.71998870677657));
#8712=CARTESIAN_POINT('Ctrl Pts',(-3.08175720181156,-14.5687692598575,-7.56260521257405));
#8713=CARTESIAN_POINT('Ctrl Pts',(4.2007030416737,-14.2863696981969,-7.40522171837152));
#8714=CARTESIAN_POINT('Ctrl Pts',(10.4769860522594,-10.5820143856757,-7.24783822416901));
#8715=CARTESIAN_POINT('Ctrl Pts',(14.2437594091966,-4.34299241201366,-7.09045472996648));
#8716=CARTESIAN_POINT('Ctrl Pts',(14.5987832836655,2.93628878594313,-6.93307123576396));
#8717=CARTESIAN_POINT('Ctrl Pts',(11.4570202578617,9.5122527304962,-6.77568774156144));
#8718=CARTESIAN_POINT('Ctrl Pts',(5.57100399016789,13.8097856514654,-6.61830424735892));
#8719=CARTESIAN_POINT('Ctrl Pts',(-1.64941209672058,14.7995170506702,-6.46092075315641));
#8720=CARTESIAN_POINT('Ctrl Pts',(-8.47475124460022,12.2443806107141,-6.30353725895389));
#8721=CARTESIAN_POINT('Ctrl Pts',(-13.2701678599395,6.75639772119101,-6.14615376475136));
#8722=CARTESIAN_POINT('Ctrl Pts',(-14.8870353979063,-0.349917503666341,
-5.98877027054885));
#8723=CARTESIAN_POINT('Ctrl Pts',(-12.9380721846528,-7.37241841885,-5.83138677634632));
#8724=CARTESIAN_POINT('Ctrl Pts',(-7.89010541397989,-12.629034078431,-5.6740032821438));
#8725=CARTESIAN_POINT('Ctrl Pts',(-0.952253937350277,-14.8606688152548,
-5.51661978794129));
#8726=CARTESIAN_POINT('Ctrl Pts',(6.21368703339389,-13.5327882806507,-5.35923629373875));
#8727=CARTESIAN_POINT('Ctrl Pts',(11.8912889420001,-8.96345427253098,-5.20185279953625));
#8728=CARTESIAN_POINT('Ctrl Pts',(14.7206190054952,-2.24714069273313,-5.04446930533371));
#8729=CARTESIAN_POINT('Ctrl Pts',(14.023979356164,5.00742131398647,-4.88708581113121));
#8730=CARTESIAN_POINT('Ctrl Pts',(9.96823324231009,11.0625761567914,-4.72970231692868));
#8731=CARTESIAN_POINT('Ctrl Pts',(3.52483695629584,14.4679573412893,-4.57231882272616));
#8732=CARTESIAN_POINT('Ctrl Pts',(-3.76284912119423,14.4078878288633,-4.41493532852364));
#8733=CARTESIAN_POINT('Ctrl Pts',(-10.1492353260158,10.8967558243226,-4.25755183432112));
#8734=CARTESIAN_POINT('Ctrl Pts',(-14.1046166692522,4.77556842809712,-4.1001683401186));
#8735=CARTESIAN_POINT('Ctrl Pts',(-14.6815768218987,-2.4894913578346,-3.94278484591607));
#8736=CARTESIAN_POINT('Ctrl Pts',(-11.7419188763994,-9.1582534523246,-3.78540135171356));
#8737=CARTESIAN_POINT('Ctrl Pts',(-5.98976708719528,-13.6333765238697,-3.62801785751103));
#8738=CARTESIAN_POINT('Ctrl Pts',(1.19708913453178,-14.8429526306793,-3.47063436330852));
#8739=CARTESIAN_POINT('Ctrl Pts',(8.0972114878676,-12.4972569521078,-3.313250869106));
#8740=CARTESIAN_POINT('Ctrl Pts',(13.0578418638177,-7.15814438585403,-3.15586737490348));
#8741=CARTESIAN_POINT('Ctrl Pts',(14.8907807403841,-0.10447075032976,-2.99848388070096));
#8742=CARTESIAN_POINT('Ctrl Pts',(13.1569917594775,6.97422634267122,-2.84110038649843));
#8743=CARTESIAN_POINT('Ctrl Pts',(8.27176230940093,12.38241548994,-2.68371689229591));
#8744=CARTESIAN_POINT('Ctrl Pts',(1.4052314381285,14.8246952783115,-2.5263333980934));
#8745=CARTESIAN_POINT('Ctrl Pts',(-5.79788877927934,13.7160763482505,-2.36894990389087));
#8746=CARTESIAN_POINT('Ctrl Pts',(-11.6122643864605,9.3221017833411,-2.21156640968835));
#8747=CARTESIAN_POINT('Ctrl Pts',(-14.6452017691864,2.69524211734547,-2.05418291548583));
#8748=CARTESIAN_POINT('Ctrl Pts',(-14.1702338036987,-4.57719757306243,-1.89679942128331));
#8749=CARTESIAN_POINT('Ctrl Pts',(-10.3011276782375,-10.7532804293854,-1.73941592708079));
#8750=CARTESIAN_POINT('Ctrl Pts',(-3.96463446921429,-14.3536728090049,-1.58203243287827));
#8751=CARTESIAN_POINT('Ctrl Pts',(3.32149130059426,-14.5159908589845,-1.42464893867575));
#8752=CARTESIAN_POINT('Ctrl Pts',(9.81203408941326,-11.2013485355665,-1.26726544447323));
#8753=CARTESIAN_POINT('Ctrl Pts',(13.9523399509013,-5.20370155488625,-1.10988195027071));
#8754=CARTESIAN_POINT('Ctrl Pts',(14.7506998159882,2.04038351557236,-0.95249845606819));
#8755=CARTESIAN_POINT('Ctrl Pts',(12.0158829364853,8.79571127777769,-0.795114961865671));
#8756=CARTESIAN_POINT('Ctrl Pts',(6.40295442030894,13.4443017517723,-0.637731467663147));
#8757=CARTESIAN_POINT('Ctrl Pts',(-0.74365481062147,14.8725098517879,-0.480347973460627));
#8758=CARTESIAN_POINT('Ctrl Pts',(-7.71212537887711,12.7386075781077,-0.322964479258107));
#8759=CARTESIAN_POINT('Ctrl Pts',(-12.8333696667829,7.55300813887607,-0.165580985055583));
#8760=CARTESIAN_POINT('Ctrl Pts',(-14.8806336273718,0.559191646821041,-0.00819749085306405));
#8761=CARTESIAN_POINT('Ctrl Pts',(-13.3637292487788,-6.57044162271053,0.149186003349454));
#8762=CARTESIAN_POINT('Ctrl Pts',(-10.2181740068651,-10.2713729227972,0.254108332817799));
#8763=CARTESIAN_POINT('Ctrl Pts',(-8.29988386235877,-11.6392901427051,0.306569497551973));
#8764=CARTESIAN_POINT('Ctrl Pts',(-12.824701833889,6.89561305518108,-19.9999999999997));
#8765=CARTESIAN_POINT('Ctrl Pts',(-13.9611789215723,4.78195330166078,-19.9475388352655));
#8766=CARTESIAN_POINT('Ctrl Pts',(-15.1681668572824,-0.0158597861170004,
-19.8426165057972));
#8767=CARTESIAN_POINT('Ctrl Pts',(-13.3430492223457,-7.21263055101033,-19.6852330115947));
#8768=CARTESIAN_POINT('Ctrl Pts',(-8.32288824819433,-12.6801336988739,-19.5278495173921));
#8769=CARTESIAN_POINT('Ctrl Pts',(-1.30871275022427,-15.111235411919,-19.3704660231896));
#8770=CARTESIAN_POINT('Ctrl Pts',(6.01869623322245,-13.9223871956642,-19.2130825289871));
#8771=CARTESIAN_POINT('Ctrl Pts',(11.9045929521111,-9.39898043358031,-19.0556990347846));
#8772=CARTESIAN_POINT('Ctrl Pts',(14.9389688665193,-2.62416451745189,-18.8983155405821));
#8773=CARTESIAN_POINT('Ctrl Pts',(14.395106590968,4.77915046367723,-18.7409320463795));
#8774=CARTESIAN_POINT('Ctrl Pts',(10.4032268525051,11.0377639776821,-18.583548552177));
#8775=CARTESIAN_POINT('Ctrl Pts',(3.91951312105139,14.6525321549215,-18.4261650579745));
#8776=CARTESIAN_POINT('Ctrl Pts',(-3.50302989244597,14.7576467995696,-18.268781563772));
#8777=CARTESIAN_POINT('Ctrl Pts',(-10.0865042534108,11.3279187070246,-18.1113980695694));
#8778=CARTESIAN_POINT('Ctrl Pts',(-14.2540006085237,5.18486254518157,-17.9540145753669));
#8779=CARTESIAN_POINT('Ctrl Pts',(-15.0072938643754,-2.20010358289955,-17.7966310811644));
#8780=CARTESIAN_POINT('Ctrl Pts',(-12.1659516497855,-9.05808736248283,-17.6392475869619));
#8781=CARTESIAN_POINT('Ctrl Pts',(-6.41054860026962,-13.7464247641951,-17.4818640927594));
#8782=CARTESIAN_POINT('Ctrl Pts',(0.88034687903695,-15.1421370794011,-17.3244805985568));
#8783=CARTESIAN_POINT('Ctrl Pts',(7.96037650857442,-12.9109152515287,-17.1670971043543));
#8784=CARTESIAN_POINT('Ctrl Pts',(13.1336896632407,-7.58719461880128,-17.0097136101518));
#8785=CARTESIAN_POINT('Ctrl Pts',(15.1611438159288,-0.446144283812796,-16.8523301159493));
#8786=CARTESIAN_POINT('Ctrl Pts',(13.5571111427268,6.80176917790782,-16.6949466217468));
#8787=CARTESIAN_POINT('Ctrl Pts',(8.70579904306533,12.4204826597292,-16.5375631275442));
#8788=CARTESIAN_POINT('Ctrl Pts',(1.7692224744586,15.064168690387,-16.3801796333417));
#8789=CARTESIAN_POINT('Ctrl Pts',(-5.59112872257673,14.0995959548484,-16.2227961391392));
#8790=CARTESIAN_POINT('Ctrl Pts',(-11.6122597058856,9.75780462058979,-16.0654126449367));
#8791=CARTESIAN_POINT('Ctrl Pts',(-14.8519535765287,3.07876622164663,-15.9080291507342));
#8792=CARTESIAN_POINT('Ctrl Pts',(-14.5342197013603,-4.33771646844702,-15.7506456565317));
#8793=CARTESIAN_POINT('Ctrl Pts',(-10.7351635768906,-10.7152036595381,-15.5932621623291));
#8794=CARTESIAN_POINT('Ctrl Pts',(-4.36475759139713,-14.5261219069675,-15.4358786681266));
#8795=CARTESIAN_POINT('Ctrl Pts',(3.05112094287632,-14.8576575367692,-15.2784951739241));
#8796=CARTESIAN_POINT('Ctrl Pts',(9.73617694646418,-11.6303991743605,-15.1211116797216));
#8797=CARTESIAN_POINT('Ctrl Pts',(14.0891662741138,-5.61735882673264,-14.963728185519));
#8798=CARTESIAN_POINT('Ctrl Pts',(15.0674351811764,1.74118452466094,-14.8063446913165));
#8799=CARTESIAN_POINT('Ctrl Pts',(12.4366629141582,8.68266906241844,-14.648961197114));
#8800=CARTESIAN_POINT('Ctrl Pts',(6.82698760321298,13.5444293624152,-14.4915777029115));
#8801=CARTESIAN_POINT('Ctrl Pts',(-0.41792814903297,15.1619478481533,-14.334194208709));
#8802=CARTESIAN_POINT('Ctrl Pts',(-7.56273927965427,13.1477869269262,-14.1768107145064));
#8803=CARTESIAN_POINT('Ctrl Pts',(-12.8960783766532,7.984390333087,-14.0194272203039));
#8804=CARTESIAN_POINT('Ctrl Pts',(-15.1404725214502,0.908525351923974,-13.8620437261014));
#8805=CARTESIAN_POINT('Ctrl Pts',(-13.7583311565254,-6.38495499398857,-13.7046602318989));
#8806=CARTESIAN_POINT('Ctrl Pts',(-9.08071295473428,-12.1490731630688,-13.5472767376963));
#8807=CARTESIAN_POINT('Ctrl Pts',(-2.22802868830892,-15.0031734860312,-13.3898932434938));
#8808=CARTESIAN_POINT('Ctrl Pts',(5.15832618472292,-14.263624976137,-13.2325097492913));
#8809=CARTESIAN_POINT('Ctrl Pts',(11.3091282668414,-10.1075686657082,-13.0751262550888));
#8810=CARTESIAN_POINT('Ctrl Pts',(14.7511010713007,-3.53048773856346,-12.9177427608863));
#8811=CARTESIAN_POINT('Ctrl Pts',(14.6598029182799,3.89223648884142,-12.7603592666838));
#8812=CARTESIAN_POINT('Ctrl Pts',(11.0571020812712,10.3826692161613,-12.6029757724812));
#8813=CARTESIAN_POINT('Ctrl Pts',(4.80593876889807,14.3861836161464,-12.4455922782787));
#8814=CARTESIAN_POINT('Ctrl Pts',(-2.59637141674905,14.9438342454059,-12.2882087840762));
#8815=CARTESIAN_POINT('Ctrl Pts',(-9.37678336732278,11.9220493276188,-12.1308252898737));
#8816=CARTESIAN_POINT('Ctrl Pts',(-13.9112127172618,6.04462465525938,-11.9734417956711));
#8817=CARTESIAN_POINT('Ctrl Pts',(-15.1135461348601,-1.28064425869691,-11.8160583014686));
#8818=CARTESIAN_POINT('Ctrl Pts',(-12.6957936100786,-8.29916568687258,-11.6586748072661));
#8819=CARTESIAN_POINT('Ctrl Pts',(-7.23706952474528,-13.329821873599,-11.5012913130636));
#8820=CARTESIAN_POINT('Ctrl Pts',(-0.0448797512947998,-15.1676403008445,
-11.3439078188611));
#8821=CARTESIAN_POINT('Ctrl Pts',(7.1580598855769,-13.3724158311941,-11.1865243246586));
#8822=CARTESIAN_POINT('Ctrl Pts',(12.6464586903192,-8.37415124546525,-11.029140830456));
#8823=CARTESIAN_POINT('Ctrl Pts',(15.1057029262265,-1.37006043387487,-10.8717573362535));
#8824=CARTESIAN_POINT('Ctrl Pts',(13.9467398714659,5.96219535452667,-10.714373842051));
#8825=CARTESIAN_POINT('Ctrl Pts',(9.44717121030395,11.8663508548787,-10.5569903478485));
#8826=CARTESIAN_POINT('Ctrl Pts',(2.68476023612632,14.9282078282154,-10.399606853646));
#8827=CARTESIAN_POINT('Ctrl Pts',(-4.72072038581871,14.414372186356,-10.2422233594434));
#8828=CARTESIAN_POINT('Ctrl Pts',(-10.9954661455337,10.4479208807446,-10.0848398652409));
#8829=CARTESIAN_POINT('Ctrl Pts',(-14.6365128336889,3.97892178323944,-9.92745637103838));
#8830=CARTESIAN_POINT('Ctrl Pts',(-14.7717354166406,-3.44313218866805,-9.77007287683587));
#8831=CARTESIAN_POINT('Ctrl Pts',(-11.3687445816977,-10.040466778193,-9.61268938263335));
#8832=CARTESIAN_POINT('Ctrl Pts',(-5.24264481682717,-14.2328493918987,-9.45530588843082));
#8833=CARTESIAN_POINT('Ctrl Pts',(2.13920423632651,-15.0160957549944,-9.29792239422831));
#8834=CARTESIAN_POINT('Ctrl Pts',(9.00865844086537,-12.202598066957,-9.14053890002578));
#8835=CARTESIAN_POINT('Ctrl Pts',(13.7203055040176,-6.46626193130933,-8.98315540582326));
#8836=CARTESIAN_POINT('Ctrl Pts',(15.1455838594524,0.81891149959662,-8.82577191162076));
#8837=CARTESIAN_POINT('Ctrl Pts',(12.9431024072619,7.90793440558337,-8.66838841741821));
#8838=CARTESIAN_POINT('Ctrl Pts',(7.64041252898687,13.102802100115,-8.51100492321571));
#8839=CARTESIAN_POINT('Ctrl Pts',(0.507645861097963,15.1592091537648,-8.35362142901318));
#8840=CARTESIAN_POINT('Ctrl Pts',(-6.74671514534457,13.5845927887241,-8.19623793481066));
#8841=CARTESIAN_POINT('Ctrl Pts',(-12.3850630442764,8.75611442805404,-8.03885444060815));
#8842=CARTESIAN_POINT('Ctrl Pts',(-15.0568674052455,1.83031976133493,-7.88147094640562));
#8843=CARTESIAN_POINT('Ctrl Pts',(-14.1221618483151,-5.53388391799741,-7.7240874522031));
#8844=CARTESIAN_POINT('Ctrl Pts',(-9.80483257575137,-11.5725789973265,-7.56670395800058));
#8845=CARTESIAN_POINT('Ctrl Pts',(-3.13899182493213,-14.839341522146,-7.40932046379806));
#8846=CARTESIAN_POINT('Ctrl Pts',(4.27871880984978,-14.5516972148995,-7.25193696959554));
#8847=CARTESIAN_POINT('Ctrl Pts',(10.6715654136016,-10.7785443410091,-7.09455347539302));
#8848=CARTESIAN_POINT('Ctrl Pts',(14.5082955644544,-4.42365078891984,-6.9371699811905));
#8849=CARTESIAN_POINT('Ctrl Pts',(14.8699129686283,2.99082175886446,-6.77978648698797));
#8850=CARTESIAN_POINT('Ctrl Pts',(11.6698008870942,9.68891499309666,-6.62240299278545));
#8851=CARTESIAN_POINT('Ctrl Pts',(5.6744690891033,14.0662620139356,-6.46501949858294));
#8852=CARTESIAN_POINT('Ctrl Pts',(-1.68004510040781,15.0743747780289,-6.30763600438041));
#8853=CARTESIAN_POINT('Ctrl Pts',(-8.63214495272229,12.4717841547658,-6.15025251017791));
#8854=CARTESIAN_POINT('Ctrl Pts',(-13.516622400798,6.88187804034062,-5.99286901597537));
#8855=CARTESIAN_POINT('Ctrl Pts',(-15.1635185224952,-0.356416197474477,
-5.83548552177287));
#8856=CARTESIAN_POINT('Ctrl Pts',(-13.1783590200205,-7.50933952004569,-5.67810202757032));
#8857=CARTESIAN_POINT('Ctrl Pts',(-8.0366410364115,-12.8635814351892,-5.52071853336783));
#8858=CARTESIAN_POINT('Ctrl Pts',(-0.969939268039953,-15.1366622577169,
-5.36333503916529));
#8859=CARTESIAN_POINT('Ctrl Pts',(6.32908808943302,-13.7841202274237,-5.20595154496278));
#8860=CARTESIAN_POINT('Ctrl Pts',(12.1121348414151,-9.12992420950232,-5.04856805076025));
#8861=CARTESIAN_POINT('Ctrl Pts',(14.9940114325123,-2.28887475619922,-4.89118455655773));
#8862=CARTESIAN_POINT('Ctrl Pts',(14.2844337399904,5.10041951369647,-4.73380106235521));
#8863=CARTESIAN_POINT('Ctrl Pts',(10.1533640087656,11.2680311409491,-4.57641756815269));
#8864=CARTESIAN_POINT('Ctrl Pts',(3.59030048945038,14.7366573171557,-4.41903407395018));
#8865=CARTESIAN_POINT('Ctrl Pts',(-3.83273303391272,14.6754721892935,-4.26165057974765));
#8866=CARTESIAN_POINT('Ctrl Pts',(-10.3377276765827,11.0991311809779,-4.10426708554513));
#8867=CARTESIAN_POINT('Ctrl Pts',(-14.3665686552327,4.86426063882931,-3.94688359134261));
#8868=CARTESIAN_POINT('Ctrl Pts',(-14.9542441545889,-2.5357263758119,-3.78950009714009));
#8869=CARTESIAN_POINT('Ctrl Pts',(-11.9599906638873,-9.32834121409833,-3.63211660293757));
#8870=CARTESIAN_POINT('Ctrl Pts',(-6.10100948540041,-13.8865766029498,-3.47473310873505));
#8871=CARTESIAN_POINT('Ctrl Pts',(1.21932156264659,-15.1186170468487,-3.31734961453253));
#8872=CARTESIAN_POINT('Ctrl Pts',(8.24759349965069,-12.7293569343108,-3.15996612033001));
#8873=CARTESIAN_POINT('Ctrl Pts',(13.3003530705422,-7.29108597383053,-3.00258262612749));
#8874=CARTESIAN_POINT('Ctrl Pts',(15.1673334237511,-0.106410988846529,-2.84519913192497));
#8875=CARTESIAN_POINT('Ctrl Pts',(13.4013443854116,7.10375219112076,-2.68781563772245));
#8876=CARTESIAN_POINT('Ctrl Pts',(8.42538609197635,12.6123826279975,-2.53043214351993));
#8877=CARTESIAN_POINT('Ctrl Pts',(1.43132950052978,15.1000206175797,-2.37304864931741));
#8878=CARTESIAN_POINT('Ctrl Pts',(-5.90556759933103,13.9708123345973,-2.21566515511489));
#8879=CARTESIAN_POINT('Ctrl Pts',(-11.8279282211534,9.49523254846019,-2.05828166091236));
#8880=CARTESIAN_POINT('Ctrl Pts',(-14.917193541702,2.74529835367527,-1.90089816670985));
#8881=CARTESIAN_POINT('Ctrl Pts',(-14.4334044359626,-4.66220562557496,-1.74351467250732));
#8882=CARTESIAN_POINT('Ctrl Pts',(-10.4924409848257,-10.9529911503739,-1.5861311783048));
#8883=CARTESIAN_POINT('Ctrl Pts',(-4.03826595436919,-14.6202502840688,-1.42874768410228));
#8884=CARTESIAN_POINT('Ctrl Pts',(3.38317828316247,-14.7855829169009,-1.27136418989977));
#8885=CARTESIAN_POINT('Ctrl Pts',(9.99426391362634,-11.4093808106264,-1.11398069569724));
#8886=CARTESIAN_POINT('Ctrl Pts',(14.2114638423844,-5.30034508577527,-0.956597201494721));
#8887=CARTESIAN_POINT('Ctrl Pts',(15.0246509060469,2.07827766942278,-0.799213707292204));
#8888=CARTESIAN_POINT('Ctrl Pts',(12.2390428047987,8.95906587942014,-0.641830213089685));
#8889=CARTESIAN_POINT('Ctrl Pts',(6.52187056428325,13.6939903201739,-0.484446718887161));
#8890=CARTESIAN_POINT('Ctrl Pts',(-0.75746602287163,15.1487232068579,-0.32706322468464));
#8891=CARTESIAN_POINT('Ctrl Pts',(-7.85535554290784,12.9751899420217,-0.169679730482121));
#8892=CARTESIAN_POINT('Ctrl Pts',(-13.07171195923,7.69328316573441,-0.0122962362795959));
#8893=CARTESIAN_POINT('Ctrl Pts',(-15.156997857804,0.569576995523792,0.145087257922922));
#8894=CARTESIAN_POINT('Ctrl Pts',(-13.6119214186841,-6.69246835141917,0.30247075212544));
#8895=CARTESIAN_POINT('Ctrl Pts',(-10.4079466917214,-10.4621336218625,0.407393081593786));
#8896=CARTESIAN_POINT('Ctrl Pts',(-8.45402992049962,-11.8554559017457,0.45985424632796));
#8897=CARTESIAN_POINT('',(-7.99202409379255,-11.207801703019,-20.));
#8898=CARTESIAN_POINT('Ctrl Pts',(-7.99202409379245,-11.2078017030191,-20.));
#8899=CARTESIAN_POINT('Ctrl Pts',(-8.25297781224911,-11.0368221684692,-20.));
#8900=CARTESIAN_POINT('Ctrl Pts',(-8.50763580827721,-10.8571262583708,-20.));
#8901=CARTESIAN_POINT('Ctrl Pts',(-8.75569757318615,-10.6692166774607,-20.));
#8902=CARTESIAN_POINT('Ctrl Pts',(-9.00695076381238,-10.4788895556238,-20.));
#8903=CARTESIAN_POINT('Ctrl Pts',(-9.25143735201321,-10.2801357665805,-20.));
#8904=CARTESIAN_POINT('Ctrl Pts',(-9.48882626424909,-10.0734270971165,-20.));
#8905=CARTESIAN_POINT('Ctrl Pts',(-9.72815214539771,-9.86503179341601,-20.));
#8906=CARTESIAN_POINT('Ctrl Pts',(-9.96026451757445,-9.6485509167897,-20.));
#8907=CARTESIAN_POINT('Ctrl Pts',(-10.184798225724,-9.42442173333088,-20.));
#8908=CARTESIAN_POINT('Ctrl Pts',(-10.4095202932997,-9.20010452979835,-20.));
#8909=CARTESIAN_POINT('Ctrl Pts',(-10.6266514259384,-8.96812577692701,-20.));
#8910=CARTESIAN_POINT('Ctrl Pts',(-10.8357928516371,-8.72888353801009,-20.));
#8911=CARTESIAN_POINT('Ctrl Pts',(-11.043695965016,-8.49105783630427,-20.));
#8912=CARTESIAN_POINT('Ctrl Pts',(-11.2437041136115,-8.24605397360901,-20.));
#8913=CARTESIAN_POINT('Ctrl Pts',(-11.4353869143588,-7.99422949895102,-20.));
#8914=CARTESIAN_POINT('Ctrl Pts',(-11.5162642481,-7.88797639746396,-20.));
#8915=CARTESIAN_POINT('Ctrl Pts',(-11.5956589312385,-7.78050866632953,-20.));
#8916=CARTESIAN_POINT('Ctrl Pts',(-11.6735362793291,-7.67185164344667,-20.));
#8917=CARTESIAN_POINT('Ctrl Pts',(-11.7186716827545,-7.60887725252222,-20.));
#8918=CARTESIAN_POINT('Ctrl Pts',(-11.7632973834238,-7.54550336060102,-20.));
#8919=CARTESIAN_POINT('Ctrl Pts',(-11.8074063958551,-7.48173477752816,-20.));
#8920=CARTESIAN_POINT('Ctrl Pts',(-11.8257822967761,-7.45516866099485,-20.));
#8921=CARTESIAN_POINT('Ctrl Pts',(-11.8440684087446,-7.42853414452017,-20.));
#8922=CARTESIAN_POINT('Ctrl Pts',(-11.8622561624641,-7.40184357735414,-20.));
#8923=CARTESIAN_POINT('Ctrl Pts',(-12.0263924947594,-7.16097316151926,-20.));
#8924=CARTESIAN_POINT('Ctrl Pts',(-12.1826894608716,-6.91529631939923,-20.));
#8925=CARTESIAN_POINT('Ctrl Pts',(-12.3308898664204,-6.6651552724991,-20.));
#8926=CARTESIAN_POINT('Ctrl Pts',(-12.4925668022595,-6.39226777370552,-20.));
#8927=CARTESIAN_POINT('Ctrl Pts',(-12.6446088630791,-6.11406758391943,-20.));
#8928=CARTESIAN_POINT('Ctrl Pts',(-12.7869637378883,-5.83113763264177,-20.));
#8929=CARTESIAN_POINT('Ctrl Pts',(-12.9307754865384,-5.54531214831426,-20.));
#8930=CARTESIAN_POINT('Ctrl Pts',(-13.0647010072819,-5.25465910155932,-20.));
#8931=CARTESIAN_POINT('Ctrl Pts',(-13.1886440123818,-4.95974638149845,-20.));
#8932=CARTESIAN_POINT('Ctrl Pts',(-13.3131904353444,-4.66339787566605,-20.));
#8933=CARTESIAN_POINT('Ctrl Pts',(-13.4276571384287,-4.3627475720423,-20.));
#8934=CARTESIAN_POINT('Ctrl Pts',(-13.5319002663879,-4.05834634582952,-20.));
#8935=CARTESIAN_POINT('Ctrl Pts',(-13.6360018335507,-3.75435849247742,-20.));
#8936=CARTESIAN_POINT('Ctrl Pts',(-13.7299077686998,-3.44662932227096,-20.));
#8937=CARTESIAN_POINT('Ctrl Pts',(-13.8134257495902,-3.13569070806411,-20.));
#8938=CARTESIAN_POINT('Ctrl Pts',(-13.8476318030059,-3.00834109145257,-20.));
#8939=CARTESIAN_POINT('Ctrl Pts',(-13.8800947557325,-2.88045296469043,-20.));
#8940=CARTESIAN_POINT('Ctrl Pts',(-13.9107988957129,-2.75206239940617,-20.));
#8941=CARTESIAN_POINT('Ctrl Pts',(-13.9287486577207,-2.67700476573313,-20.));
#8942=CARTESIAN_POINT('Ctrl Pts',(-13.9460972970076,-2.60177541396669,-20.));
#8943=CARTESIAN_POINT('Ctrl Pts',(-13.9628414366587,-2.52638152854312,-20.));
#8944=CARTESIAN_POINT('Ctrl Pts',(-13.9731256417869,-2.48007480874403,-20.));
#8945=CARTESIAN_POINT('Ctrl Pts',(-13.983183087284,-2.43369970532559,-20.));
#8946=CARTESIAN_POINT('Ctrl Pts',(-13.9930059075988,-2.38729193053378,-20.));
#8947=CARTESIAN_POINT('Ctrl Pts',(-14.0602979178969,-2.06937178549429,-20.));
#8948=CARTESIAN_POINT('Ctrl Pts',(-14.1166369589204,-1.74968957691514,-20.));
#8949=CARTESIAN_POINT('Ctrl Pts',(-14.1619497541802,-1.42882761144605,-20.));
#8950=CARTESIAN_POINT('Ctrl Pts',(-14.2075030827317,-1.1062624187919,-20.));
#8951=CARTESIAN_POINT('Ctrl Pts',(-14.2419130161418,-0.782504344139086,
-20.));
#8952=CARTESIAN_POINT('Ctrl Pts',(-14.2650576285952,-0.458122655316504,
-20.));
#8953=CARTESIAN_POINT('Ctrl Pts',(-14.2755750068993,-0.310717079045499,
-20.));
#8954=CARTESIAN_POINT('Ctrl Pts',(-14.2837654559889,-0.163182475853208,
-20.));
#8955=CARTESIAN_POINT('Ctrl Pts',(-14.2896141283897,-0.0155712378333376,
-20.));
#8956=CARTESIAN_POINT('Ctrl Pts',(-14.302423097115,0.307706867307456,-20.));
#8957=CARTESIAN_POINT('Ctrl Pts',(-14.3040035418639,0.631352238392507,-20.));
#8958=CARTESIAN_POINT('Ctrl Pts',(-14.2945335904623,0.954827917819873,-20.));
#8959=CARTESIAN_POINT('Ctrl Pts',(-14.2850251805018,1.27961726908529,-20.));
#8960=CARTESIAN_POINT('Ctrl Pts',(-14.2643763805435,1.60423612710173,-20.));
#8961=CARTESIAN_POINT('Ctrl Pts',(-14.2327147659858,1.92814176572522,-20.));
#8962=CARTESIAN_POINT('Ctrl Pts',(-14.2116811552317,2.14332046772822,-20.));
#8963=CARTESIAN_POINT('Ctrl Pts',(-14.1857861976104,2.35818441027608,-20.));
#8964=CARTESIAN_POINT('Ctrl Pts',(-14.1550547019037,2.57257274123358,-20.));
#8965=CARTESIAN_POINT('Ctrl Pts',(-14.141609672532,2.66636763602749,-20.));
#8966=CARTESIAN_POINT('Ctrl Pts',(-14.1272387711922,2.76007146884007,-20.));
#8967=CARTESIAN_POINT('Ctrl Pts',(-14.1119434799124,2.85367061843709,-20.));
#8968=CARTESIAN_POINT('Ctrl Pts',(-14.104201314479,2.90104860473016,-20.));
#8969=CARTESIAN_POINT('Ctrl Pts',(-14.0962222981137,2.94839976762032,-20.));
#8970=CARTESIAN_POINT('Ctrl Pts',(-14.0880065879254,2.99572232927797,-20.));
#8971=CARTESIAN_POINT('Ctrl Pts',(-14.0796530702202,3.04383866342311,-20.));
#8972=CARTESIAN_POINT('Ctrl Pts',(-14.0710535808972,3.09193203467154,-20.));
#8973=CARTESIAN_POINT('Ctrl Pts',(-14.0622150018195,3.13996482964904,-20.));
#8974=CARTESIAN_POINT('Ctrl Pts',(-14.0021980064212,3.46612404707172,-20.));
#8975=CARTESIAN_POINT('Ctrl Pts',(-13.9311224001494,3.7897325324544,-20.));
#8976=CARTESIAN_POINT('Ctrl Pts',(-13.8492295527575,4.11023011635543,-20.));
#8977=CARTESIAN_POINT('Ctrl Pts',(-13.767738798538,4.42915405989165,-20.));
#8978=CARTESIAN_POINT('Ctrl Pts',(-13.6755366020404,4.74499817385976,-20.));
#8979=CARTESIAN_POINT('Ctrl Pts',(-13.5728073800338,5.05721294475461,-20.));
#8980=CARTESIAN_POINT('Ctrl Pts',(-13.4693178254134,5.37173851941285,-20.));
#8981=CARTESIAN_POINT('Ctrl Pts',(-13.3551447908585,5.68258144367887,-20.));
#8982=CARTESIAN_POINT('Ctrl Pts',(-13.2304239353687,5.98917327898237,-20.));
#8983=CARTESIAN_POINT('Ctrl Pts',(-13.1057030798789,6.29576511428586,-20.));
#8984=CARTESIAN_POINT('Ctrl Pts',(-12.9704342963124,6.59810647987089,-20.));
#8985=CARTESIAN_POINT('Ctrl Pts',(-12.8247018338885,6.89561305518083,-20.));
#8986=CARTESIAN_POINT('Ctrl Pts',(-7.99202409379255,-11.207801703019,-20.));
#8987=CARTESIAN_POINT('Ctrl Pts',(-7.84781611692717,-11.3107695964533,-19.9959012545734));
#8988=CARTESIAN_POINT('Ctrl Pts',(-5.83013597694686,-12.6927161326881,-19.9393413444126));
#8989=CARTESIAN_POINT('Ctrl Pts',(-1.2371257389706,-14.2846459412322,-19.8303202695176));
#8990=CARTESIAN_POINT('Ctrl Pts',(5.68947160015771,-13.1608281074056,-19.6729367753151));
#8991=CARTESIAN_POINT('Ctrl Pts',(11.2534078624217,-8.88485316007745,-19.5155532811125));
#8992=CARTESIAN_POINT('Ctrl Pts',(14.1218024316529,-2.48062186853216,-19.35816978691));
#8993=CARTESIAN_POINT('Ctrl Pts',(13.6076895986999,4.51772938562379,-19.2007862927075));
#8994=CARTESIAN_POINT('Ctrl Pts',(9.83416697466972,10.4339947136098,-19.043402798505));
#8995=CARTESIAN_POINT('Ctrl Pts',(3.70511448402629,13.8510339009399,-18.8860193043025));
#8996=CARTESIAN_POINT('Ctrl Pts',(-3.3114130229005,13.9503987404851,-18.7286358100999));
#8997=CARTESIAN_POINT('Ctrl Pts',(-9.53476920431404,10.7082778852929,-18.5712523158974));
#8998=CARTESIAN_POINT('Ctrl Pts',(-13.0876927460724,5.47112660884871,-18.4293137845941));
#8999=CARTESIAN_POINT('Ctrl Pts',(-13.7626411435962,1.60045951628161,-18.3398364180249));
#9000=CARTESIAN_POINT('Ctrl Pts',(-13.7640738020246,-0.000323294013601719,
-18.30282021619));
#9001=CARTESIAN_POINT('Ctrl Pts',(-12.1208951982993,-7.00718458920374,3.41393580072236E-15));
#9002=CARTESIAN_POINT('Ctrl Pts',(-11.988577834468,-7.21609857643949,5.74385083005816E-16));
#9003=CARTESIAN_POINT('Ctrl Pts',(-11.8505564018953,-7.42167842889638,4.57247582494222E-16));
#9004=CARTESIAN_POINT('Ctrl Pts',(-11.7069775745348,-7.6237040793918,2.45636844198316E-15));
#9005=CARTESIAN_POINT('Ctrl Pts',(-11.6904755151289,-7.64692365394389,2.68613498757636E-15));
#9006=CARTESIAN_POINT('Ctrl Pts',(-11.6738994299934,-7.67009709873135,-1.12482992552823E-14));
#9007=CARTESIAN_POINT('Ctrl Pts',(-11.6572512734516,-7.69322164791509,-1.10467190950203E-14));
#9008=CARTESIAN_POINT('Ctrl Pts',(-11.4720128875853,-7.95052065600121,-8.80380508735078E-15));
#9009=CARTESIAN_POINT('Ctrl Pts',(-11.278314945006,-8.20113178024584,-5.045163328909E-15));
#9010=CARTESIAN_POINT('Ctrl Pts',(-11.076588336757,-8.44469710713249,-5.23192600354605E-15));
#9011=CARTESIAN_POINT('Ctrl Pts',(-10.8736105397175,-8.68977312321071,-5.41984705469576E-15));
#9012=CARTESIAN_POINT('Ctrl Pts',(-10.6625037740615,-8.92771611893052,-1.97940378954089E-15));
#9013=CARTESIAN_POINT('Ctrl Pts',(-10.4436645205847,-9.15813040381605,-1.69309011255336E-15));
#9014=CARTESIAN_POINT('Ctrl Pts',(-10.225336809484,-9.38800608939234,-1.40744570113993E-15));
#9015=CARTESIAN_POINT('Ctrl Pts',(-9.9993122727781,-9.61038862435088,-2.72539070184413E-15));
#9016=CARTESIAN_POINT('Ctrl Pts',(-9.76594890251885,-9.82484791060179,-4.34374758384592E-15));
#9017=CARTESIAN_POINT('Ctrl Pts',(-9.53426624794462,-10.037762631029,-5.95044883286426E-15));
#9018=CARTESIAN_POINT('Ctrl Pts',(-9.29534964503713,-10.2428681798823,1.16436133231932E-15));
#9019=CARTESIAN_POINT('Ctrl Pts',(-9.04952083162198,-10.4397013611646,1.34961486430996E-15));
#9020=CARTESIAN_POINT('Ctrl Pts',(-8.80774857222857,-10.6332864918135,1.53181142771422E-15));
#9021=CARTESIAN_POINT('Ctrl Pts',(-8.55928990743329,-10.8188702780341,-3.78750908221075E-16));
#9022=CARTESIAN_POINT('Ctrl Pts',(-8.30442973209295,-10.9959665149299,-1.21430643318376E-16));
#9023=CARTESIAN_POINT('Ctrl Pts',(-8.20119489936478,-11.0677019297247,-1.71993154174016E-17));
#9024=CARTESIAN_POINT('Ctrl Pts',(-8.0969095151028,-11.138044181447,1.65790769882759E-16));
#9025=CARTESIAN_POINT('Ctrl Pts',(-7.99159174607707,-11.2069586246239,0.));
#9026=CARTESIAN_POINT('Origin',(0.,0.,-20.));
#9027=CARTESIAN_POINT('',(-0.160346430556977,14.5601074748127,-20.));
#9028=CARTESIAN_POINT('Ctrl Pts',(-0.160346430557404,14.5601074748127,-20.));
#9029=CARTESIAN_POINT('Ctrl Pts',(-0.247626719634154,14.5624500826375,-20.));
#9030=CARTESIAN_POINT('Ctrl Pts',(-0.343716621252079,14.5637837184146,-20.0000033538118));
#9031=CARTESIAN_POINT('Ctrl Pts',(-0.448080348664356,14.5635946003889,-20.0000069215009));
#9032=CARTESIAN_POINT('Ctrl Pts',(-0.560167665759788,14.5633914864082,-20.0000107532221));
#9033=CARTESIAN_POINT('Ctrl Pts',(-0.681799712682851,14.5614307587754,-20.0000148517057));
#9034=CARTESIAN_POINT('Ctrl Pts',(-0.812276060435375,14.5570291811052,-20.0000173173216));
#9035=CARTESIAN_POINT('Ctrl Pts',(-0.943601011582748,14.5525989760722,-20.0000197989735));
#9036=CARTESIAN_POINT('Ctrl Pts',(-1.08388625205747,14.5456943241907,-20.000020674041));
#9037=CARTESIAN_POINT('Ctrl Pts',(-1.23237042739049,14.5355960340212,-20.0000193950422));
#9038=CARTESIAN_POINT('Ctrl Pts',(-1.3754911680971,14.5258625067568,-20.0000181622425));
#9039=CARTESIAN_POINT('Ctrl Pts',(-1.52622928053723,14.5131604624403,-20.0000149766367));
#9040=CARTESIAN_POINT('Ctrl Pts',(-1.68385533621491,14.4968482988523,-20.0000099197608));
#9041=CARTESIAN_POINT('Ctrl Pts',(-1.7334837493972,14.491712429716,-20.0000083276082));
#9042=CARTESIAN_POINT('Ctrl Pts',(-1.78379459670332,14.4862187906619,-20.0000065514947));
#9043=CARTESIAN_POINT('Ctrl Pts',(-1.83476408162493,14.4803477334627,-20.0000045947867));
#9044=CARTESIAN_POINT('Ctrl Pts',(-1.93498464881473,14.4688035578953,-20.0000007473397));
#9045=CARTESIAN_POINT('Ctrl Pts',(-2.03512616196145,14.4561067714648,-20.0000031201201));
#9046=CARTESIAN_POINT('Ctrl Pts',(-2.13515355143745,14.442270073563,-20.000007950296));
#9047=CARTESIAN_POINT('Ctrl Pts',(-2.36517591153303,14.4104512894882,-20.0000190577384));
#9048=CARTESIAN_POINT('Ctrl Pts',(-2.59459385544868,14.372606576682,-20.0000397115119));
#9049=CARTESIAN_POINT('Ctrl Pts',(-2.82299569469091,14.3289121951788,-20.0000441170944));
#9050=CARTESIAN_POINT('Ctrl Pts',(-3.08701934993588,14.2784031872109,-20.0000492097766));
#9051=CARTESIAN_POINT('Ctrl Pts',(-3.34968594983221,14.2200783899698,-20.0000340536736));
#9052=CARTESIAN_POINT('Ctrl Pts',(-3.61037254813648,14.1541680358518,-20.0000179099674));
#9053=CARTESIAN_POINT('Ctrl Pts',(-3.76839877028314,14.1142136832716,-20.0000081237762));
#9054=CARTESIAN_POINT('Ctrl Pts',(-3.9256976110488,14.0714710221775,-19.9999989762119));
#9055=CARTESIAN_POINT('Ctrl Pts',(-4.08212996034661,14.0259834877582,-19.9999991499942));
#9056=CARTESIAN_POINT('',(13.6352322894895,1.88199379958144,-20.));
#9057=CARTESIAN_POINT('Ctrl Pts',(-0.160546204457814,14.5579635566305,-20.));
#9058=CARTESIAN_POINT('Ctrl Pts',(0.168341842585024,14.5491054212352,-19.9999999999949));
#9059=CARTESIAN_POINT('Ctrl Pts',(0.496769416230639,14.5292645085911,-19.9999999999926));
#9060=CARTESIAN_POINT('Ctrl Pts',(0.824162888535181,14.4984413947975,-19.9999999999936));
#9061=CARTESIAN_POINT('Ctrl Pts',(1.1494148658397,14.4678198963373,-19.9999999999946));
#9062=CARTESIAN_POINT('Ctrl Pts',(1.47364679693734,14.4263593003724,-19.9999999999988));
#9063=CARTESIAN_POINT('Ctrl Pts',(1.79628480786094,14.3740104259798,-20.0000000000054));
#9064=CARTESIAN_POINT('Ctrl Pts',(2.11336959000118,14.32256257771,-20.0000000000118));
#9065=CARTESIAN_POINT('Ctrl Pts',(2.42891533848476,14.2605978765545,-20.0000000000205));
#9066=CARTESIAN_POINT('Ctrl Pts',(2.74235844920994,14.1880235013055,-20.0000000000292));
#9067=CARTESIAN_POINT('Ctrl Pts',(2.97144275079117,14.1349814994311,-20.0000000000355));
#9068=CARTESIAN_POINT('Ctrl Pts',(3.19940354708778,14.0762712612711,-20.0000000000417));
#9069=CARTESIAN_POINT('Ctrl Pts',(3.42601199663069,14.0118412235912,-20.0000000000466));
#9070=CARTESIAN_POINT('Ctrl Pts',(3.63924682570078,13.9512136163711,-20.0000000000511));
#9071=CARTESIAN_POINT('Ctrl Pts',(3.85080311683573,13.8856580219926,-20.0000000000538));
#9072=CARTESIAN_POINT('Ctrl Pts',(4.06051021624082,13.8151867729942,-20.0000000000558));
#9073=CARTESIAN_POINT('Ctrl Pts',(4.36570763388209,13.7126263767402,-20.0000000000587));
#9074=CARTESIAN_POINT('Ctrl Pts',(4.66698927024982,13.5996566971703,-20.0000000000601));
#9075=CARTESIAN_POINT('Ctrl Pts',(4.96393155990953,13.4766739985334,-20.0000000000625));
#9076=CARTESIAN_POINT('Ctrl Pts',(5.26721439812623,13.3510652752462,-20.000000000065));
#9077=CARTESIAN_POINT('Ctrl Pts',(5.56597116473396,13.2150111437079,-20.0000000000684));
#9078=CARTESIAN_POINT('Ctrl Pts',(5.85973022860823,13.0688826684364,-20.0000000000738));
#9079=CARTESIAN_POINT('Ctrl Pts',(6.15148635937931,12.923750538798,-20.0000000000791));
#9080=CARTESIAN_POINT('Ctrl Pts',(6.43831317506398,12.7686805450095,-20.0000000000863));
#9081=CARTESIAN_POINT('Ctrl Pts',(6.71972110861335,12.6039915149569,-20.0000000000947));
#9082=CARTESIAN_POINT('Ctrl Pts',(7.004026879806,12.4376065765314,-20.0000000001033));
#9083=CARTESIAN_POINT('Ctrl Pts',(7.28280216834585,12.2614031630239,-20.0000000001131));
#9084=CARTESIAN_POINT('Ctrl Pts',(7.5555059490214,12.0756696897386,-20.0000000001217));
#9085=CARTESIAN_POINT('Ctrl Pts',(7.82820972969695,11.8899362164534,-20.0000000001304));
#9086=CARTESIAN_POINT('Ctrl Pts',(8.09484253372404,11.6946723033848,-20.0000000001379));
#9087=CARTESIAN_POINT('Ctrl Pts',(8.35481908652661,11.4901315231992,-20.0000000001402));
#9088=CARTESIAN_POINT('Ctrl Pts',(8.60898970842907,11.2901586535549,-20.0000000001424));
#9089=CARTESIAN_POINT('Ctrl Pts',(8.85594869455941,11.0819868494715,-20.0000000001392));
#9090=CARTESIAN_POINT('Ctrl Pts',(9.09526141474415,10.865976499547,-20.0000000001347));
#9091=CARTESIAN_POINT('Ctrl Pts',(9.33440255249209,10.6501210247257,-20.0000000001302));
#9092=CARTESIAN_POINT('Ctrl Pts',(9.56590885440962,10.4264378517717,-20.0000000001244));
#9093=CARTESIAN_POINT('Ctrl Pts',(9.78931471656652,10.1952455997703,-20.0000000001196));
#9094=CARTESIAN_POINT('Ctrl Pts',(10.0107182297198,9.96612548486929,-20.0000000001147));
#9095=CARTESIAN_POINT('Ctrl Pts',(10.2241662591284,9.72962988181348,-20.0000000001109));
#9096=CARTESIAN_POINT('Ctrl Pts',(10.4291678504568,9.48603467350038,-20.0000000001087));
#9097=CARTESIAN_POINT('Ctrl Pts',(10.5110569100462,9.38872917260156,-20.0000000001079));
#9098=CARTESIAN_POINT('Ctrl Pts',(10.5915977571266,9.29029047250853,-20.0000000001073));
#9099=CARTESIAN_POINT('Ctrl Pts',(10.6707571731987,9.19073483053887,-20.0000000001068));
#9100=CARTESIAN_POINT('Ctrl Pts',(10.8710089703713,8.93888612810608,-20.0000000001058));
#9101=CARTESIAN_POINT('Ctrl Pts',(11.0624235911624,8.67989098152111,-20.0000000001063));
#9102=CARTESIAN_POINT('Ctrl Pts',(11.2447681281159,8.41427239657838,-20.0000000001065));
#9103=CARTESIAN_POINT('Ctrl Pts',(11.4265905853543,8.1494143174203,-20.0000000001067));
#9104=CARTESIAN_POINT('Ctrl Pts',(11.59939501824,7.87797009388148,-20.0000000001067));
#9105=CARTESIAN_POINT('Ctrl Pts',(11.7629016368369,7.60044169215793,-20.000000000103));
#9106=CARTESIAN_POINT('Ctrl Pts',(11.8108988082263,7.51897356336126,-20.0000000001019));
#9107=CARTESIAN_POINT('Ctrl Pts',(11.858094446399,7.43698107787003,-20.0000000001005));
#9108=CARTESIAN_POINT('Ctrl Pts',(11.9044806325991,7.35447677268497,-20.0000000000986));
#9109=CARTESIAN_POINT('Ctrl Pts',(12.0600104422497,7.07784530258668,-20.0000000000923));
#9110=CARTESIAN_POINT('Ctrl Pts',(12.205926252273,6.79638235318613,-20.0000000000808));
#9111=CARTESIAN_POINT('Ctrl Pts',(12.3420957184794,6.51063486087981,-20.0000000000686));
#9112=CARTESIAN_POINT('Ctrl Pts',(12.4792219367266,6.22287965345179,-20.0000000000563));
#9113=CARTESIAN_POINT('Ctrl Pts',(12.6064646110255,5.93077893129442,-20.0000000000433));
#9114=CARTESIAN_POINT('Ctrl Pts',(12.7236428531514,5.63486487309401,-20.0000000000323));
#9115=CARTESIAN_POINT('Ctrl Pts',(12.8406545280052,5.33937145268913,-20.0000000000213));
#9116=CARTESIAN_POINT('Ctrl Pts',(12.9476305456111,5.04007495160307,-20.0000000000124));
#9117=CARTESIAN_POINT('Ctrl Pts',(13.0443422647941,4.73748762830521,-20.0000000000066));
#9118=CARTESIAN_POINT('Ctrl Pts',(13.1403886605125,4.43698193945652,-20.0000000000009));
#9119=CARTESIAN_POINT('Ctrl Pts',(13.2263116353869,4.13322998865482,-19.9999999999981));
#9120=CARTESIAN_POINT('Ctrl Pts',(13.3018370239977,3.82672462785234,-19.9999999999976));
#9121=CARTESIAN_POINT('Ctrl Pts',(13.3760357785247,3.52560315802992,-19.9999999999971));
#9122=CARTESIAN_POINT('Ctrl Pts',(13.4401990558168,3.22182364536137,-19.9999999999988));
#9123=CARTESIAN_POINT('Ctrl Pts',(13.4940170751943,2.91585273300085,-20.0000000000001));
#9124=CARTESIAN_POINT('Ctrl Pts',(13.5324855441999,2.69714842736307,-20.0000000000011));
#9125=CARTESIAN_POINT('Ctrl Pts',(13.5656673758427,2.47732445620551,-20.0000000000018));
#9126=CARTESIAN_POINT('Ctrl Pts',(13.593433164753,2.25655317324142,-20.0000000000008));
#9127=CARTESIAN_POINT('Ctrl Pts',(13.6091199001327,2.13182483555706,-20.0000000000003));
#9128=CARTESIAN_POINT('Ctrl Pts',(13.6230566527642,2.00696110080222,-20.0000000000002));
#9129=CARTESIAN_POINT('Ctrl Pts',(13.6352322894885,1.8819937995814,-19.9999999999994));
#9130=CARTESIAN_POINT('Origin',(0.,0.,-20.));
#9131=CARTESIAN_POINT('',(-11.75,1.43895998899814E-15,-20.));
#9132=CARTESIAN_POINT('Origin',(0.,0.,-20.));
#9133=CARTESIAN_POINT('Ctrl Pts',(-4.06645688451269,13.9816440042754,0.0865873396081909));
#9134=CARTESIAN_POINT('Ctrl Pts',(-1.44046997371821,14.7453927128518,0.0268034118784107));
#9135=CARTESIAN_POINT('Ctrl Pts',(4.24745560336433,14.7556729512179,-0.0927514075094));
#9136=CARTESIAN_POINT('Ctrl Pts',(11.4730299486665,10.2041542286524,-0.272100301003056));
#9137=CARTESIAN_POINT('Ctrl Pts',(15.1489155836788,2.5003447876665,-0.451443093032352));
#9138=CARTESIAN_POINT('Ctrl Pts',(14.1430519178194,-5.97748397207498,-0.630788493728779));
#9139=CARTESIAN_POINT('Ctrl Pts',(8.76430510097542,-12.6069290437324,-0.810132458855272));
#9140=CARTESIAN_POINT('Ctrl Pts',(0.676475044855629,-15.33925864657,-0.989477698362439));
#9141=CARTESIAN_POINT('Ctrl Pts',(-7.62062367044225,-13.3295523399352,-1.16882139266011));
#9142=CARTESIAN_POINT('Ctrl Pts',(-13.5618172350533,-7.19907701495249,-1.34816700000978));
#9143=CARTESIAN_POINT('Ctrl Pts',(-15.3105178645818,1.15680528828233,-1.52751040494474));
#9144=CARTESIAN_POINT('Ctrl Pts',(-12.3261050252371,9.1552513682109,-1.70685615033196));
#9145=CARTESIAN_POINT('Ctrl Pts',(-5.53116252430036,14.3231827226947,-1.88619959116303));
#9146=CARTESIAN_POINT('Ctrl Pts',(2.97359565186925,15.0636037143757,-2.06554512082361));
#9147=CARTESIAN_POINT('Ctrl Pts',(10.5593433470355,11.1466296772115,-2.24488894418857));
#9148=CARTESIAN_POINT('Ctrl Pts',(14.8801940964653,3.78487896454483,-2.42423398753132));
#9149=CARTESIAN_POINT('Ctrl Pts',(14.6021693863092,-4.74901870820307,-2.60357824937771));
#9150=CARTESIAN_POINT('Ctrl Pts',(9.98510073162645,-11.5490750815325,-2.77628076424947));
#9151=CARTESIAN_POINT('Ctrl Pts',(2.8990078105621,-14.9035154455856,-2.94234012978521));
#9152=CARTESIAN_POINT('Ctrl Pts',(-4.61255310319074,-14.4667580542648,-3.10175791370808));
#9153=CARTESIAN_POINT('Ctrl Pts',(-10.9920030642013,-10.4747874823021,-3.26117525278802));
#9154=CARTESIAN_POINT('Ctrl Pts',(-14.6719515875442,-3.9102474420166,-3.42059212771313));
#9155=CARTESIAN_POINT('Ctrl Pts',(-14.7471967730834,3.6137117284584,-3.58001022226591));
#9156=CARTESIAN_POINT('Ctrl Pts',(-11.2011596214752,10.252531078447,-3.73942691451759));
#9157=CARTESIAN_POINT('Ctrl Pts',(-5.95196902439712,13.6820713537804,-3.87227541999295));
#9158=CARTESIAN_POINT('Ctrl Pts',(-1.1522400178774,14.6666623999081,-3.97855337985759));
#9159=CARTESIAN_POINT('Ctrl Pts',(3.74362305774822,14.4436549756769,-4.08483164505618));
#9160=CARTESIAN_POINT('Ctrl Pts',(9.4611288693396,11.8765391774292,-4.21767889723195));
#9161=CARTESIAN_POINT('Ctrl Pts',(14.0056198238135,5.86960147552398,-4.37709700522724));
#9162=CARTESIAN_POINT('Ctrl Pts',(15.0959787819208,-1.5662416453279,-4.53651392694525));
#9163=CARTESIAN_POINT('Ctrl Pts',(12.0719776129848,-9.81933924822697,-4.72250170697579));
#9164=CARTESIAN_POINT('Ctrl Pts',(3.42144944997224,-15.6372260881013,-4.93505871077302));
#9165=CARTESIAN_POINT('Ctrl Pts',(-8.17944213141904,-13.7565203277828,-5.17418443084794));
#9166=CARTESIAN_POINT('Ctrl Pts',(-15.3634834254246,-4.47515700605531,-5.41331040553797));
#9167=CARTESIAN_POINT('Ctrl Pts',(-14.2853838676736,7.21848872632981,-5.65243613244998));
#9168=CARTESIAN_POINT('Ctrl Pts',(-5.51108801477012,15.0229633307925,-5.8915617933388));
#9169=CARTESIAN_POINT('Ctrl Pts',(6.22274621519494,14.7454804263471,-6.13068770891017));
#9170=CARTESIAN_POINT('Ctrl Pts',(14.6180445900127,6.52140250425637,-6.36981319778552));
#9171=CARTESIAN_POINT('Ctrl Pts',(15.0668400762783,-3.89312249046017,-6.5823701633975));
#9172=CARTESIAN_POINT('Ctrl Pts',(10.214984895568,-11.2247142959585,-6.7683577922235));
#9173=CARTESIAN_POINT('Ctrl Pts',(3.58496706438395,-14.7554385219632,-6.92777519196835));
#9174=CARTESIAN_POINT('Ctrl Pts',(-3.95283845925041,-14.6648123433577,-7.08719182461515));
#9175=CARTESIAN_POINT('Ctrl Pts',(-9.76431327121391,-11.3719989308278,-7.22889737572109));
#9176=CARTESIAN_POINT('Ctrl Pts',(-14.1963231131692,-5.44742989556383,-7.38831368443506));
#9177=CARTESIAN_POINT('Ctrl Pts',(-15.3996267769,3.03491267243827,-7.56544488026763));
#9178=CARTESIAN_POINT('Ctrl Pts',(-11.0678196435239,10.4266659510449,-7.74257529044611));
#9179=CARTESIAN_POINT('Ctrl Pts',(-4.71938080364627,14.2262991845406,-7.90199215431564));
#9180=CARTESIAN_POINT('Ctrl Pts',(1.9074032691133,15.0672018171623,-8.04369658743291));
#9181=CARTESIAN_POINT('Ctrl Pts',(8.9157445076548,12.2920802686786,-8.20311399668796));
#9182=CARTESIAN_POINT('Ctrl Pts',(13.7094769398145,6.50957074066917,-8.362531419232));
#9183=CARTESIAN_POINT('Ctrl Pts',(15.4185865384541,-2.11508878116548,-8.54851891135242));
#9184=CARTESIAN_POINT('Ctrl Pts',(11.0479131257974,-11.5793322771512,-8.7610758214557));
#9185=CARTESIAN_POINT('Ctrl Pts',(0.167304677096526,-16.0055585853039,-9.00020099889585));
#9186=CARTESIAN_POINT('Ctrl Pts',(-10.8077821388186,-11.8052167801356,-9.23932746507253));
#9187=CARTESIAN_POINT('Ctrl Pts',(-15.3710493158412,-2.43449316611412,-9.4518830819171));
#9188=CARTESIAN_POINT('Ctrl Pts',(-13.8426100654384,6.22290173000054,-9.63787046094613));
#9189=CARTESIAN_POINT('Ctrl Pts',(-9.1675951248691,12.1054473047773,-9.79728861145144));
#9190=CARTESIAN_POINT('Ctrl Pts',(-1.93273900148628,15.1442847943876,-9.96334725994103));
#9191=CARTESIAN_POINT('Ctrl Pts',(6.20863615160347,14.0430397087971,-10.1360505267087));
#9192=CARTESIAN_POINT('Ctrl Pts',(12.7509791988893,8.55435356501435,-10.315394047288));
#9193=CARTESIAN_POINT('Ctrl Pts',(15.3479052937303,0.423014870048529,-10.4947394369553));
#9194=CARTESIAN_POINT('Ctrl Pts',(13.2019635565937,-7.84000143610372,-10.6740834889335));
#9195=CARTESIAN_POINT('Ctrl Pts',(6.97385250526803,-13.6789293534546,-10.8534281678682));
#9196=CARTESIAN_POINT('Ctrl Pts',(-1.40972646031079,-15.2893076376108,-11.0327730244088));
#9197=CARTESIAN_POINT('Ctrl Pts',(-9.35769604239207,-12.1730968083513,-11.2121169247381));
#9198=CARTESIAN_POINT('Ctrl Pts',(-14.4127529027393,-5.29365202942861,-11.3914624238925));
#9199=CARTESIAN_POINT('Ctrl Pts',(-15.0122132984162,3.22222861535654,-11.5708058799535));
#9200=CARTESIAN_POINT('Ctrl Pts',(-10.97090409848,10.7420119235171,-11.7501516114034));
#9201=CARTESIAN_POINT('Ctrl Pts',(-3.53774082692789,14.9410472295001,-11.9294950353574));
#9202=CARTESIAN_POINT('Ctrl Pts',(4.98844018841481,14.5209920846619,-12.1088406168549));
#9203=CARTESIAN_POINT('Ctrl Pts',(11.9738169274033,9.61237865268917,-12.2881843383884));
#9204=CARTESIAN_POINT('Ctrl Pts',(15.2549301353174,1.73119353168994,-12.4675295660607));
#9205=CARTESIAN_POINT('Ctrl Pts',(13.8254296452879,-6.68319609539706,-12.6468734917682));
#9206=CARTESIAN_POINT('Ctrl Pts',(8.7458406458511,-12.3297838135411,-12.8062917826956));
#9207=CARTESIAN_POINT('Ctrl Pts',(2.6926867242861,-14.6530050367831,-12.9457811421136));
#9208=CARTESIAN_POINT('Ctrl Pts',(-4.74653120600763,-14.6392485237563,-13.1051992564796));
#9209=CARTESIAN_POINT('Ctrl Pts',(-11.8634904408695,-10.0745491827664,-13.2779009515655));
#9210=CARTESIAN_POINT('Ctrl Pts',(-15.0611688786893,-1.87668831120669,-13.4638878603624));
#9211=CARTESIAN_POINT('Ctrl Pts',(-14.1242808721168,5.57686645295282,-13.623305383525));
#9212=CARTESIAN_POINT('Ctrl Pts',(-10.0720199288974,11.1692010958175,-13.7694374606063));
#9213=CARTESIAN_POINT('Ctrl Pts',(-4.66229963337381,14.1568831655115,-13.9022859371595));
#9214=CARTESIAN_POINT('Ctrl Pts',(0.861784636433418,14.8867745403236,-14.0218487506386));
#9215=CARTESIAN_POINT('Ctrl Pts',(6.25217346507097,13.5250800767798,-14.141411760563));
#9216=CARTESIAN_POINT('Ctrl Pts',(12.3121698798236,9.2241070135688,-14.3008296252896));
#9217=CARTESIAN_POINT('Ctrl Pts',(16.0062238646296,0.18029399788987,-14.5001013385648));
#9218=CARTESIAN_POINT('Ctrl Pts',(11.8091588121739,-10.8068070082302,-14.7392280066127));
#9219=CARTESIAN_POINT('Ctrl Pts',(3.0252729040469,-15.0834940811895,-14.9384994738976));
#9220=CARTESIAN_POINT('Ctrl Pts',(-4.35776619891911,-14.248897571361,-15.0979159415886));
#9221=CARTESIAN_POINT('Ctrl Pts',(-9.83214320941884,-11.3821807696723,-15.2307640121518));
#9222=CARTESIAN_POINT('Ctrl Pts',(-13.9992088627458,-5.88172458855753,-15.3768967063183));
#9223=CARTESIAN_POINT('Ctrl Pts',(-15.1033909462222,1.56453533537424,-15.5363137582932));
#9224=CARTESIAN_POINT('Ctrl Pts',(-12.497265303474,8.61703036005515,-15.6957319053934));
#9225=CARTESIAN_POINT('Ctrl Pts',(-6.19494424415103,14.1254142513482,-15.8728614775315));
#9226=CARTESIAN_POINT('Ctrl Pts',(1.44076139164787,15.1445388998163,-16.0322793444557));
#9227=CARTESIAN_POINT('Ctrl Pts',(7.56540257891255,12.7487250738636,-16.1739835257826));
#9228=CARTESIAN_POINT('Ctrl Pts',(12.602981152466,8.52065829535421,-16.3156878181567));
#9229=CARTESIAN_POINT('Ctrl Pts',(15.3664183077533,1.3300673450232,-16.475105485369));
#9230=CARTESIAN_POINT('Ctrl Pts',(13.5516817757899,-6.84067474224389,-16.6522356809851));
#9231=CARTESIAN_POINT('Ctrl Pts',(8.61026205623787,-12.5081310207737,-16.8116533727391));
#9232=CARTESIAN_POINT('Ctrl Pts',(1.54351676329395,-15.1044661336877,-16.9710703055255));
#9233=CARTESIAN_POINT('Ctrl Pts',(-6.20841071146123,-13.9471296603377,-17.1371304462447));
#9234=CARTESIAN_POINT('Ctrl Pts',(-12.5994328525117,-8.7774967576052,-17.309832365675));
#9235=CARTESIAN_POINT('Ctrl Pts',(-15.3382138609019,-0.690292280178009,
-17.4891771268414));
#9236=CARTESIAN_POINT('Ctrl Pts',(-13.3369373291805,7.60771576560769,-17.6685213049732));
#9237=CARTESIAN_POINT('Ctrl Pts',(-7.21177551213362,13.5551779956411,-17.847866521452));
#9238=CARTESIAN_POINT('Ctrl Pts',(1.14233026699351,15.3115356315177,-18.0272101787187));
#9239=CARTESIAN_POINT('Ctrl Pts',(9.14359963115845,12.3347479065784,-18.2065558158941));
#9240=CARTESIAN_POINT('Ctrl Pts',(14.3180279983045,5.54470886971481,-18.3858992300622));
#9241=CARTESIAN_POINT('Ctrl Pts',(15.0662548249348,-2.95947520037479,-18.5652449089087));
#9242=CARTESIAN_POINT('Ctrl Pts',(11.1568718621171,-10.5486339279681,-18.7445884948011));
#9243=CARTESIAN_POINT('Ctrl Pts',(3.79837394504388,-14.8769814093776,-18.9239337723653));
#9244=CARTESIAN_POINT('Ctrl Pts',(-4.73419090854631,-14.6059345506025,-19.1032779923526));
#9245=CARTESIAN_POINT('Ctrl Pts',(-11.803539423003,-9.82008938213528,-19.2826224317342));
#9246=CARTESIAN_POINT('Ctrl Pts',(-15.2233495707719,-1.9975921477281,-19.4619676380254));
#9247=CARTESIAN_POINT('Ctrl Pts',(-13.9380710485699,6.44086766988561,-19.6413109794782));
#9248=CARTESIAN_POINT('Ctrl Pts',(-8.34189917557849,12.8912740769682,-19.8206575079105));
#9249=CARTESIAN_POINT('Ctrl Pts',(-2.89488237713019,14.5299927878833,-19.9402181730166));
#9250=CARTESIAN_POINT('Ctrl Pts',(-0.160346430556977,14.5601074748127,-20.));
#9251=CARTESIAN_POINT('Ctrl Pts',(-4.07149407048874,13.9981721103117,0.0766173008440865));
#9252=CARTESIAN_POINT('Ctrl Pts',(-1.44239427455962,14.7628691909246,0.0168333731143062));
#9253=CARTESIAN_POINT('Ctrl Pts',(4.25226578138984,14.7732445207962,-0.102721446273505));
#9254=CARTESIAN_POINT('Ctrl Pts',(11.4864912753081,10.2164367982031,-0.28207033976716));
#9255=CARTESIAN_POINT('Ctrl Pts',(15.1668513370565,2.50354113705457,-0.461413131796456));
#9256=CARTESIAN_POINT('Ctrl Pts',(14.1599249106629,-5.9843618347676,-0.640758532492886));
#9257=CARTESIAN_POINT('Ctrl Pts',(8.77489539158628,-12.6217550106333,-0.820102497619375));
#9258=CARTESIAN_POINT('Ctrl Pts',(0.677510675665671,-15.3574492758892,-0.999447737126545));
#9259=CARTESIAN_POINT('Ctrl Pts',(-7.62946383130323,-13.3454843026745,-1.17879143142421));
#9260=CARTESIAN_POINT('Ctrl Pts',(-13.5777998422106,-7.20782492224667,-1.35813703877389));
#9261=CARTESIAN_POINT('Ctrl Pts',(-15.328702285106,1.15794557953319,-1.53748044370884));
#9262=CARTESIAN_POINT('Ctrl Pts',(-12.3408695818194,9.16592758057162,-1.71682618909606));
#9263=CARTESIAN_POINT('Ctrl Pts',(-5.53794293440127,14.3400941020287,-1.89616962992714));
#9264=CARTESIAN_POINT('Ctrl Pts',(2.97689544793688,15.0815226846313,-2.07551515958771));
#9265=CARTESIAN_POINT('Ctrl Pts',(10.5717034541869,11.1600160618476,-2.25485898295268));
#9266=CARTESIAN_POINT('Ctrl Pts',(14.8977929727181,3.78959570062922,-2.43420402629541));
#9267=CARTESIAN_POINT('Ctrl Pts',(14.6195676401897,-4.75443205121981,-2.61354828814182));
#9268=CARTESIAN_POINT('Ctrl Pts',(9.99712418482181,-11.5626273646462,-2.78625080301356));
#9269=CARTESIAN_POINT('Ctrl Pts',(2.90267341150298,-14.9211549959093,-2.95231016854932));
#9270=CARTESIAN_POINT('Ctrl Pts',(-4.61780600224577,-14.4839944370647,-3.11172795247218));
#9271=CARTESIAN_POINT('Ctrl Pts',(-11.0048871646238,-10.4873824274838,-3.27114529155212));
#9272=CARTESIAN_POINT('Ctrl Pts',(-14.6893012760744,-3.91511064573949,-3.43056216647723));
#9273=CARTESIAN_POINT('Ctrl Pts',(-14.7647501395725,3.61777630924665,-3.58998026103001));
#9274=CARTESIAN_POINT('Ctrl Pts',(-11.2146053572343,10.2645264879639,-3.74939695328171));
#9275=CARTESIAN_POINT('Ctrl Pts',(-5.95924063535181,13.6982150786315,-3.88224545875705));
#9276=CARTESIAN_POINT('Ctrl Pts',(-1.15382890464457,14.6840479918524,-3.98852341862169));
#9277=CARTESIAN_POINT('Ctrl Pts',(3.74784624075841,14.460849731471,-4.09480168382027));
#9278=CARTESIAN_POINT('Ctrl Pts',(9.47217425068978,11.8907754502612,-4.22764893599606));
#9279=CARTESIAN_POINT('Ctrl Pts',(14.0221498410503,5.87677791406735,-4.38706704399134));
#9280=CARTESIAN_POINT('Ctrl Pts',(15.1139145776697,-1.56787056578717,-4.54648396570936));
#9281=CARTESIAN_POINT('Ctrl Pts',(12.0864506945921,-9.83080783289161,-4.73247174573989));
#9282=CARTESIAN_POINT('Ctrl Pts',(3.42574649767858,-15.6557283848769,-4.94502874953713));
#9283=CARTESIAN_POINT('Ctrl Pts',(-8.18893878793704,-13.7729675072002,-5.18415446961204));
#9284=CARTESIAN_POINT('Ctrl Pts',(-15.3816452049708,-4.48070010651531,-5.42328044430207));
#9285=CARTESIAN_POINT('Ctrl Pts',(-14.3024438463566,7.22683710453884,-5.66240617121409));
#9286=CARTESIAN_POINT('Ctrl Pts',(-5.51785522732619,15.0407053264073,-5.90153183210291));
#9287=CARTESIAN_POINT('Ctrl Pts',(6.2299061672862,14.7630712955846,-6.14065774767426));
#9288=CARTESIAN_POINT('Ctrl Pts',(14.6352907229198,6.52936221593964,-6.37978323654963));
#9289=CARTESIAN_POINT('Ctrl Pts',(15.0847770242879,-3.89751302195092,-6.59234020216159));
#9290=CARTESIAN_POINT('Ctrl Pts',(10.2272758029329,-11.2378780316689,-6.77832783098761));
#9291=CARTESIAN_POINT('Ctrl Pts',(3.58944483498375,-14.7728926082787,-6.93774523073245));
#9292=CARTESIAN_POINT('Ctrl Pts',(-3.95730607052918,-14.6822724735075,-7.09716186337925));
#9293=CARTESIAN_POINT('Ctrl Pts',(-9.77572649590843,-11.385641485785,-7.23886741448519));
#9294=CARTESIAN_POINT('Ctrl Pts',(-14.2130853457408,-5.45410819654674,-7.39828372319917));
#9295=CARTESIAN_POINT('Ctrl Pts',(-15.4179452675634,3.03828015596976,-7.57541491903173));
#9296=CARTESIAN_POINT('Ctrl Pts',(-11.0811112608022,10.4388691077578,-7.75254532921022));
#9297=CARTESIAN_POINT('Ctrl Pts',(-4.72519532846545,14.2431086642607,-7.91196219307973));
#9298=CARTESIAN_POINT('Ctrl Pts',(1.90943679092318,15.0851086006716,-8.05366662619702));
#9299=CARTESIAN_POINT('Ctrl Pts',(8.92613810894757,12.3068007576698,-8.21308403545207));
#9300=CARTESIAN_POINT('Ctrl Pts',(13.7256447447431,6.51750292644444,-8.3725014579961));
#9301=CARTESIAN_POINT('Ctrl Pts',(15.4369139772854,-2.11736495130469,-8.55848895011653));
#9302=CARTESIAN_POINT('Ctrl Pts',(11.0611977392068,-11.5929038917426,-8.7710458602198));
#9303=CARTESIAN_POINT('Ctrl Pts',(0.16774600457617,-16.0245478452347,-9.01017103765996));
#9304=CARTESIAN_POINT('Ctrl Pts',(-10.8204267305926,-11.8193882069301,-9.24929750383663));
#9305=CARTESIAN_POINT('Ctrl Pts',(-15.3892513343102,-2.43761532655384,-9.4618531206812));
#9306=CARTESIAN_POINT('Ctrl Pts',(-13.8591295253486,6.23007539691944,-9.64784049971024));
#9307=CARTESIAN_POINT('Ctrl Pts',(-9.17865652569937,12.1196722092272,-9.80725865021554));
#9308=CARTESIAN_POINT('Ctrl Pts',(-1.93526199210622,15.16222506229,-9.97331729870514));
#9309=CARTESIAN_POINT('Ctrl Pts',(6.21578991081385,14.0597968087353,-10.1460205654728));
#9310=CARTESIAN_POINT('Ctrl Pts',(12.7659792222821,8.56469730150333,-10.3253640860521));
#9311=CARTESIAN_POINT('Ctrl Pts',(15.3661100562902,0.423749688663259,-10.5047094757194));
#9312=CARTESIAN_POINT('Ctrl Pts',(13.2177474426671,-7.84910373425971,-10.6840535276976));
#9313=CARTESIAN_POINT('Ctrl Pts',(6.98233495383072,-13.695054393587,-10.8633982066323));
#9314=CARTESIAN_POINT('Ctrl Pts',(-1.41116718132128,-15.3074706979464,-11.0427430631729));
#9315=CARTESIAN_POINT('Ctrl Pts',(-9.36861479070775,-12.187682903937,-11.2220869635022));
#9316=CARTESIAN_POINT('Ctrl Pts',(-14.4297741605832,-5.30015195923283,-11.4014324626566));
#9317=CARTESIAN_POINT('Ctrl Pts',(-15.0300750762094,3.22582418250359,-11.5807759187176));
#9318=CARTESIAN_POINT('Ctrl Pts',(-10.9840847212519,10.7545914898723,-11.7601216501675));
#9319=CARTESIAN_POINT('Ctrl Pts',(-3.54216529053402,14.9587219762074,-11.9394650741215));
#9320=CARTESIAN_POINT('Ctrl Pts',(4.99413894355529,14.5382978160845,-12.118810655619));
#9321=CARTESIAN_POINT('Ctrl Pts',(11.9878786801243,9.62396596414941,-12.2981543771525));
#9322=CARTESIAN_POINT('Ctrl Pts',(15.2730048085566,1.73347924461678,-12.4774996048248));
#9323=CARTESIAN_POINT('Ctrl Pts',(13.8419356172004,-6.69091645778731,-12.6568435305323));
#9324=CARTESIAN_POINT('Ctrl Pts',(8.75640547176536,-12.3442808568268,-12.8162618214597));
#9325=CARTESIAN_POINT('Ctrl Pts',(2.69610420082801,-14.670350929,-12.9557511808777));
#9326=CARTESIAN_POINT('Ctrl Pts',(-4.751941187551,-14.6566908517247,-13.1151692952437));
#9327=CARTESIAN_POINT('Ctrl Pts',(-11.8774144687706,-10.0866828689964,-13.2878709903296));
#9328=CARTESIAN_POINT('Ctrl Pts',(-15.0790114098446,-1.87914420117818,-13.4738578991265));
#9329=CARTESIAN_POINT('Ctrl Pts',(-14.1411247099237,5.58326939656298,-13.6332754222891));
#9330=CARTESIAN_POINT('Ctrl Pts',(-10.0841403368415,11.182301566068,-13.7794074993704));
#9331=CARTESIAN_POINT('Ctrl Pts',(-4.6680466781354,14.1736101668309,-13.9122559759236));
#9332=CARTESIAN_POINT('Ctrl Pts',(0.862581403383613,14.904451739914,-14.0318187894026));
#9333=CARTESIAN_POINT('Ctrl Pts',(6.25938669570941,13.5412233148839,-14.1513817993271));
#9334=CARTESIAN_POINT('Ctrl Pts',(12.3266394801136,9.23523826699216,-14.3107996640537));
#9335=CARTESIAN_POINT('Ctrl Pts',(16.0252133715892,0.180751137578385,-14.510071377329));
#9336=CARTESIAN_POINT('Ctrl Pts',(11.823334830015,-10.8194509497173,-14.7491980453767));
#9337=CARTESIAN_POINT('Ctrl Pts',(3.02909206141549,-15.1013454924676,-14.9484695126617));
#9338=CARTESIAN_POINT('Ctrl Pts',(-4.36272077016629,-14.2658709430335,-15.1078859803527));
#9339=CARTESIAN_POINT('Ctrl Pts',(-9.84363715523011,-11.395835353178,-15.2407340509159));
#9340=CARTESIAN_POINT('Ctrl Pts',(-14.0157303527572,-5.88891615294296,-15.3868667450824));
#9341=CARTESIAN_POINT('Ctrl Pts',(-15.121335882221,1.56616266698292,-15.5462837970573));
#9342=CARTESIAN_POINT('Ctrl Pts',(-12.512224837452,8.62706500348841,-15.7057019441575));
#9343=CARTESIAN_POINT('Ctrl Pts',(-6.2025092291177,14.1420811710452,-15.8828315162956));
#9344=CARTESIAN_POINT('Ctrl Pts',(1.44224107860073,15.1625305223005,-16.0422493832198));
#9345=CARTESIAN_POINT('Ctrl Pts',(7.57418595495666,12.7639669675305,-16.1839535645467));
#9346=CARTESIAN_POINT('Ctrl Pts',(12.6178060341062,8.53096002060182,-16.3256578569208));
#9347=CARTESIAN_POINT('Ctrl Pts',(15.3846312590273,1.33187814615788,-16.4850755241332));
#9348=CARTESIAN_POINT('Ctrl Pts',(13.567865672443,-6.84858535102059,-16.6622057197492));
#9349=CARTESIAN_POINT('Ctrl Pts',(8.62066795838451,-12.5228427070056,-16.8216234115032));
#9350=CARTESIAN_POINT('Ctrl Pts',(1.54557773735839,-15.122364693945,-16.9810403442897));
#9351=CARTESIAN_POINT('Ctrl Pts',(-6.21556598524269,-13.9637731189695,-17.1471004850088));
#9352=CARTESIAN_POINT('Ctrl Pts',(-12.6142495075611,-8.78810287696358,-17.3198024044392));
#9353=CARTESIAN_POINT('Ctrl Pts',(-15.3564031526209,-0.691344139097921,
-17.4991471656055));
#9354=CARTESIAN_POINT('Ctrl Pts',(-13.3528777996754,7.61654041936465,-17.6784913437373));
#9355=CARTESIAN_POINT('Ctrl Pts',(-7.22053841920207,13.5711525743853,-17.8578365602161));
#9356=CARTESIAN_POINT('Ctrl Pts',(1.14345338890184,15.3297210161724,-18.0371802174828));
#9357=CARTESIAN_POINT('Ctrl Pts',(9.15426186716495,12.3495225578272,-18.2165258546582));
#9358=CARTESIAN_POINT('Ctrl Pts',(14.3349330823536,5.55150525948318,-18.3958692688262));
#9359=CARTESIAN_POINT('Ctrl Pts',(15.084176681213,-2.96275817939298,-18.5752149476729));
#9360=CARTESIAN_POINT('Ctrl Pts',(11.1702703215483,-10.5609812106347,-18.7545585335652));
#9361=CARTESIAN_POINT('Ctrl Pts',(3.8031064842244,-14.8945761970058,-18.9339038111295));
#9362=CARTESIAN_POINT('Ctrl Pts',(-4.73958629144629,-14.6233371872123,-19.1132480311166));
#9363=CARTESIAN_POINT('Ctrl Pts',(-11.8173967524562,-9.831920621127,-19.2925924704983));
#9364=CARTESIAN_POINT('Ctrl Pts',(-15.2413812356357,-2.00019338190481,-19.4719376767895));
#9365=CARTESIAN_POINT('Ctrl Pts',(-13.954709938393,6.44829859268214,-19.6512810182423));
#9366=CARTESIAN_POINT('Ctrl Pts',(-8.35198701164104,12.9064438660687,-19.8306275466745));
#9367=CARTESIAN_POINT('Ctrl Pts',(-2.89854669269317,14.5471894101534,-19.9501882117807));
#9368=CARTESIAN_POINT('Ctrl Pts',(-0.160757629081807,14.5773812250563,-20.0099700387641));
#9369=CARTESIAN_POINT('Ctrl Pts',(-4.07898183706616,14.0218051980836,0.0498761995313776));
#9370=CARTESIAN_POINT('Ctrl Pts',(-1.44545494013384,14.7879055004181,-0.00990772819840251));
#9371=CARTESIAN_POINT('Ctrl Pts',(4.25890521806145,14.7985333365879,-0.129462547586213));
#9372=CARTESIAN_POINT('Ctrl Pts',(11.5056019565575,10.2342686746271,-0.30881144107987));
#9373=CARTESIAN_POINT('Ctrl Pts',(15.1925361703769,2.50841093812875,-0.488154233109164));
#9374=CARTESIAN_POINT('Ctrl Pts',(14.1842382870573,-5.99396315644024,-0.667499633805594));
#9375=CARTESIAN_POINT('Ctrl Pts',(8.79032387218141,-12.6428575251809,-0.846843598932084));
#9376=CARTESIAN_POINT('Ctrl Pts',(0.679283161608014,-15.3835301542304,-1.02618883843925));
#9377=CARTESIAN_POINT('Ctrl Pts',(-7.64189444966562,-13.3684805561844,-1.20553253273692));
#9378=CARTESIAN_POINT('Ctrl Pts',(-13.6005912206571,-7.22062749532021,-1.3848781400866));
#9379=CARTESIAN_POINT('Ctrl Pts',(-15.3548084045348,1.15929434133155,-1.56422154502155));
#9380=CARTESIAN_POINT('Ctrl Pts',(-12.3622201369767,9.18101099869494,-1.74356729040877));
#9381=CARTESIAN_POINT('Ctrl Pts',(-5.54793743141568,14.3642488492141,-1.92291073123985));
#9382=CARTESIAN_POINT('Ctrl Pts',(2.98134644505049,15.1072821902314,-2.10225626090042));
#9383=CARTESIAN_POINT('Ctrl Pts',(10.5892245425827,11.179415910995,-2.28160008426538));
#9384=CARTESIAN_POINT('Ctrl Pts',(14.9229664230881,3.79664057154449,-2.46094512760813));
#9385=CARTESIAN_POINT('Ctrl Pts',(14.6446138628571,-4.76192373608307,-2.64028938945452));
#9386=CARTESIAN_POINT('Ctrl Pts',(10.0145867750833,-11.5818798431127,-2.81299190432628));
#9387=CARTESIAN_POINT('Ctrl Pts',(2.90821189935611,-14.9464046156409,-2.97905126986203));
#9388=CARTESIAN_POINT('Ctrl Pts',(-4.62507167303084,-14.5088034825745,-3.13846905378489));
#9389=CARTESIAN_POINT('Ctrl Pts',(-11.023171308612,-10.5056573983087,-3.29788639286484));
#9390=CARTESIAN_POINT('Ctrl Pts',(-14.7141154692636,-3.92235929617451,-3.45730326778994));
#9391=CARTESIAN_POINT('Ctrl Pts',(-14.7899968733901,3.62332903269384,-3.61672136234272));
#9392=CARTESIAN_POINT('Ctrl Pts',(-11.2340865261026,10.2815229133047,-3.77613805459441));
#9393=CARTESIAN_POINT('Ctrl Pts',(-5.96992322579653,13.7212623193181,-3.90898656006976));
#9394=CARTESIAN_POINT('Ctrl Pts',(-1.15638534768053,14.7089644574387,-4.0152645199344));
#9395=CARTESIAN_POINT('Ctrl Pts',(3.75363257830234,14.4855856367595,-4.12154278513299));
#9396=CARTESIAN_POINT('Ctrl Pts',(9.48779729820666,11.9113725250336,-4.25439003730877));
#9397=CARTESIAN_POINT('Ctrl Pts',(14.0457495895596,5.88733656898005,-4.41380814530405));
#9398=CARTESIAN_POINT('Ctrl Pts',(15.1396724944661,-1.56992549970835,-4.57322506702207));
#9399=CARTESIAN_POINT('Ctrl Pts',(12.1073956309539,-9.84703113658814,-4.7592128470526));
#9400=CARTESIAN_POINT('Ctrl Pts',(3.43220338440267,-15.6822055450265,-4.97176985084984));
#9401=CARTESIAN_POINT('Ctrl Pts',(-8.20230337928928,-13.796712965302,-5.21089557092475));
#9402=CARTESIAN_POINT('Ctrl Pts',(-15.4076133768853,-4.48893947695585,-5.45002154561479));
#9403=CARTESIAN_POINT('Ctrl Pts',(-14.3270507298824,7.23854471377344,-5.68914727252679));
#9404=CARTESIAN_POINT('Ctrl Pts',(-5.52784389792756,15.0660519760912,-5.92827293341563));
#9405=CARTESIAN_POINT('Ctrl Pts',(6.23990024909908,14.7884208610535,-6.16739884898697));
#9406=CARTESIAN_POINT('Ctrl Pts',(14.6599073512878,6.54105430022562,-6.40652433786234));
#9407=CARTESIAN_POINT('Ctrl Pts',(15.1105790381752,-3.90352935850623,-6.6190813034743));
#9408=CARTESIAN_POINT('Ctrl Pts',(10.2451170600888,-11.2565693682526,-6.80506893230032));
#9409=CARTESIAN_POINT('Ctrl Pts',(3.59614421045766,-14.7978615388716,-6.96448633204516));
#9410=CARTESIAN_POINT('Ctrl Pts',(-3.96344016587817,-14.7073935664868,-7.12390296469196));
#9411=CARTESIAN_POINT('Ctrl Pts',(-9.79188542454092,-11.4053916191971,-7.26560851579791));
#9412=CARTESIAN_POINT('Ctrl Pts',(-14.2370274153632,-5.46395615278346,-7.42502482451187));
#9413=CARTESIAN_POINT('Ctrl Pts',(-15.444279348637,3.0428218660096,-7.60215602034445));
#9414=CARTESIAN_POINT('Ctrl Pts',(-11.1003705786639,10.4561685283502,-7.77928643052292));
#9415=CARTESIAN_POINT('Ctrl Pts',(-4.73380580089879,14.2671303975486,-7.93870329439246));
#9416=CARTESIAN_POINT('Ctrl Pts',(1.9120744301077,15.1108314163225,-8.08040772750973));
#9417=CARTESIAN_POINT('Ctrl Pts',(8.9408138259598,12.328083779571,-8.23982513676479));
#9418=CARTESIAN_POINT('Ctrl Pts',(13.7487160117004,6.52913766672226,-8.39924255930881));
#9419=CARTESIAN_POINT('Ctrl Pts',(15.4632425197881,-2.12033976847433,-8.58523005142924));
#9420=CARTESIAN_POINT('Ctrl Pts',(11.08047104013,-11.6121654128693,-8.79778696153252));
#9421=CARTESIAN_POINT('Ctrl Pts',(0.168679185341523,-16.0517830225811,-9.03691213897266));
#9422=CARTESIAN_POINT('Ctrl Pts',(-10.8383444124407,-11.8399193118711,-9.27603860514935));
#9423=CARTESIAN_POINT('Ctrl Pts',(-15.4153146477173,-2.44238126519632,-9.48859422199391));
#9424=CARTESIAN_POINT('Ctrl Pts',(-13.8829425024984,6.24010654429214,-9.67458160102295));
#9425=CARTESIAN_POINT('Ctrl Pts',(-9.19475085503051,12.1399047122835,-9.83399975152826));
#9426=CARTESIAN_POINT('Ctrl Pts',(-1.93916522780001,15.1879231306249,-10.0000584000178));
#9427=CARTESIAN_POINT('Ctrl Pts',(6.22578857725596,14.0839503028654,-10.1727616667855));
#9428=CARTESIAN_POINT('Ctrl Pts',(12.7873354944613,8.57977375836013,-10.3521051873648));
#9429=CARTESIAN_POINT('Ctrl Pts',(15.3922158815008,0.425091388156957,-10.5314505770321));
#9430=CARTESIAN_POINT('Ctrl Pts',(13.2405354385483,-7.86191305226133,-10.7107946290103));
#9431=CARTESIAN_POINT('Ctrl Pts',(6.99475891820279,-13.7180541524172,-10.890139307945));
#9432=CARTESIAN_POINT('Ctrl Pts',(-1.41294728466682,-15.3335510030171,-11.0694841644856));
#9433=CARTESIAN_POINT('Ctrl Pts',(-9.38404897606415,-12.2087812041703,-11.248828064815));
#9434=CARTESIAN_POINT('Ctrl Pts',(-14.4540909895727,-5.30974585496515,-11.4281735639693));
#9435=CARTESIAN_POINT('Ctrl Pts',(-15.0557571672617,3.23070048315944,-11.6075170200303));
#9436=CARTESIAN_POINT('Ctrl Pts',(-11.0031929090358,10.7724305465456,-11.7868627514803));
#9437=CARTESIAN_POINT('Ctrl Pts',(-3.54879191982092,14.9840091275539,-11.9662061754342));
#9438=CARTESIAN_POINT('Ctrl Pts',(5.00204130044564,14.5632153456524,-12.1455517569317));
#9439=CARTESIAN_POINT('Ctrl Pts',(12.0078694138508,9.64081181049682,-12.3248954784652));
#9440=CARTESIAN_POINT('Ctrl Pts',(15.2988992849902,1.73704366737284,-12.5042407061375));
#9441=CARTESIAN_POINT('Ctrl Pts',(13.8657381140604,-6.70173138574443,-12.683584631845));
#9442=CARTESIAN_POINT('Ctrl Pts',(8.77179042604579,-12.3649128807499,-12.8430029227724));
#9443=CARTESIAN_POINT('Ctrl Pts',(2.70128071443573,-14.695181911756,-12.9824922821904));
#9444=CARTESIAN_POINT('Ctrl Pts',(-4.75942693158005,-14.6817999292701,-13.1419103965565));
#9445=CARTESIAN_POINT('Ctrl Pts',(-11.8971984346128,-10.1043113463065,-13.3146120916423));
#9446=CARTESIAN_POINT('Ctrl Pts',(-15.1045702352829,-1.88294777154718,-13.5005990004392));
#9447=CARTESIAN_POINT('Ctrl Pts',(-14.1653909876029,5.59218940074613,-13.6600165236018));
#9448=CARTESIAN_POINT('Ctrl Pts',(-10.1017360386417,11.2009036232441,-13.8061486006831));
#9449=CARTESIAN_POINT('Ctrl Pts',(-4.67655543408339,14.1975173784282,-13.9389970772363));
#9450=CARTESIAN_POINT('Ctrl Pts',(0.863445047950184,14.9298246052218,-14.0585598907154));
#9451=CARTESIAN_POINT('Ctrl Pts',(6.26948051023723,13.5644968878707,-14.1781229006398));
#9452=CARTESIAN_POINT('Ctrl Pts',(12.3472211905707,9.2514376111716,-14.3375407653664));
#9453=CARTESIAN_POINT('Ctrl Pts',(16.0524496193807,0.181705931056903,-14.5368124786417));
#9454=CARTESIAN_POINT('Ctrl Pts',(11.8438727004433,-10.8373660510438,-14.7759391466894));
#9455=CARTESIAN_POINT('Ctrl Pts',(3.03485140009387,-15.1268960342702,-14.9752106139744));
#9456=CARTESIAN_POINT('Ctrl Pts',(-4.36956068281949,-14.2902997174554,-15.1346270816654));
#9457=CARTESIAN_POINT('Ctrl Pts',(-9.85991059440943,-11.4156070171135,-15.2674751522286));
#9458=CARTESIAN_POINT('Ctrl Pts',(-14.0393196884712,-5.8994940572697,-15.4136078463952));
#9459=CARTESIAN_POINT('Ctrl Pts',(-15.1471058465194,1.56821366050093,-15.57302489837));
#9460=CARTESIAN_POINT('Ctrl Pts',(-12.5338448443222,8.64122586568321,-15.7324430454702));
#9461=CARTESIAN_POINT('Ctrl Pts',(-6.21362556031597,14.1658720463704,-15.9095726176083));
#9462=CARTESIAN_POINT('Ctrl Pts',(1.44407994367209,15.1883658580523,-16.0689904845325));
#9463=CARTESIAN_POINT('Ctrl Pts',(7.58654621282719,12.7859724466136,-16.2106946658594));
#9464=CARTESIAN_POINT('Ctrl Pts',(12.6389118309636,8.54597284138998,-16.3523989582335));
#9465=CARTESIAN_POINT('Ctrl Pts',(15.4107318707683,1.33476521177446,-16.5118166254458));
#9466=CARTESIAN_POINT('Ctrl Pts',(13.5912081417189,-6.85968043293781,-16.6889468210619));
#9467=CARTESIAN_POINT('Ctrl Pts',(8.63583039202509,-12.5437824804035,-16.8483645128159));
#9468=CARTESIAN_POINT('Ctrl Pts',(1.54881631596609,-15.1480112480249,-17.0077814456023));
#9469=CARTESIAN_POINT('Ctrl Pts',(-6.22556771438944,-13.9877631379046,-17.1738415863216));
#9470=CARTESIAN_POINT('Ctrl Pts',(-12.6353390207022,-8.80355311780961,-17.3465435057518));
#9471=CARTESIAN_POINT('Ctrl Pts',(-15.3824815426665,-0.693140303056369,
-17.5258882669182));
#9472=CARTESIAN_POINT('Ctrl Pts',(-13.3758861794543,7.6289488747542,-17.70523244505));
#9473=CARTESIAN_POINT('Ctrl Pts',(-7.23336229246459,13.5939320815791,-17.8845776615289));
#9474=CARTESIAN_POINT('Ctrl Pts',(1.14477744322469,15.355828313578,-18.0639213187955));
#9475=CARTESIAN_POINT('Ctrl Pts',(9.16932512984648,12.3708873299339,-18.2432669559709));
#9476=CARTESIAN_POINT('Ctrl Pts',(14.3590784713818,5.56152262527546,-18.422610370139));
#9477=CARTESIAN_POINT('Ctrl Pts',(15.1099401881881,-2.96718506495429,-18.6019560489856));
#9478=CARTESIAN_POINT('Ctrl Pts',(11.1896870562841,-10.5784836048359,-18.7812996348779));
#9479=CARTESIAN_POINT('Ctrl Pts',(3.81017441017416,-14.9197437288097,-18.9606449124421));
#9480=CARTESIAN_POINT('Ctrl Pts',(-4.74705300122674,-14.6483890299291,-19.1399891324294));
#9481=CARTESIAN_POINT('Ctrl Pts',(-11.8370882131083,-9.84911303601363,-19.319333571811));
#9482=CARTESIAN_POINT('Ctrl Pts',(-15.267213175575,-2.00421008242217,-19.4986787781022));
#9483=CARTESIAN_POINT('Ctrl Pts',(-13.9786903929507,6.45869676575017,-19.678022119555));
#9484=CARTESIAN_POINT('Ctrl Pts',(-8.36671552081663,12.928047426563,-19.8573686479873));
#9485=CARTESIAN_POINT('Ctrl Pts',(-2.90405056669727,14.5718031638333,-19.9769293130934));
#9486=CARTESIAN_POINT('Ctrl Pts',(-0.161620334344541,14.6021571251526,-20.0367111400768));
#9487=CARTESIAN_POINT('Ctrl Pts',(-4.08193807411067,14.0292231669036,0.01495797507736));
#9488=CARTESIAN_POINT('Ctrl Pts',(-1.4470129583796,14.795880127816,-0.0448259526524203));
#9489=CARTESIAN_POINT('Ctrl Pts',(4.2604432232373,14.8068110522247,-0.164380772040231));
#9490=CARTESIAN_POINT('Ctrl Pts',(11.5113289449302,10.2404436621727,-0.343729665533887));
#9491=CARTESIAN_POINT('Ctrl Pts',(15.2006731553173,2.51057358552763,-0.523072457563182));
#9492=CARTESIAN_POINT('Ctrl Pts',(14.1922739820452,-5.99648106283408,-0.702417858259612));
#9493=CARTESIAN_POINT('Ctrl Pts',(8.79577198257125,-12.6492778001551,-0.881761823386101));
#9494=CARTESIAN_POINT('Ctrl Pts',(0.680460538179105,-15.3918678941995,-1.06110706289327));
#9495=CARTESIAN_POINT('Ctrl Pts',(-7.64535232965928,-13.3761583260025,-1.24045075719094));
#9496=CARTESIAN_POINT('Ctrl Pts',(-13.6076151118824,-7.2252716865534,-1.41979636454061));
#9497=CARTESIAN_POINT('Ctrl Pts',(-15.3632270686767,1.15911934049148,-1.59913976947557));
#9498=CARTESIAN_POINT('Ctrl Pts',(-12.3694309544067,9.18535939943864,-1.77848551486279));
#9499=CARTESIAN_POINT('Ctrl Pts',(-5.5517112629481,14.3717762451052,-1.95782895569386));
#9500=CARTESIAN_POINT('Ctrl Pts',(2.98217621774863,15.1156617444488,-2.13717448535444));
#9501=CARTESIAN_POINT('Ctrl Pts',(10.5944015138298,11.1860568585794,-2.3165183087194));
#9502=CARTESIAN_POINT('Ctrl Pts',(14.9308899077088,3.79949044881185,-2.49586335206215));
#9503=CARTESIAN_POINT('Ctrl Pts',(14.6528349677404,-4.763746926813,-2.67520761390854));
#9504=CARTESIAN_POINT('Ctrl Pts',(10.020645961267,-11.5876583720475,-2.84791012878029));
#9505=CARTESIAN_POINT('Ctrl Pts',(2.91057921695695,-14.9543872410536,-3.01396949431605));
#9506=CARTESIAN_POINT('Ctrl Pts',(-4.62682715963053,-14.5169439832914,-3.17338727823891));
#9507=CARTESIAN_POINT('Ctrl Pts',(-11.0286201034362,-10.5119539151382,-3.33280461731885));
#9508=CARTESIAN_POINT('Ctrl Pts',(-14.7219185533917,-3.92526714522696,-3.49222149224396));
#9509=CARTESIAN_POINT('Ctrl Pts',(-14.7982374986727,3.62452515835349,-3.65163958679674));
#9510=CARTESIAN_POINT('Ctrl Pts',(-11.2407406758297,10.2865296415828,-3.81105627904843));
#9511=CARTESIAN_POINT('Ctrl Pts',(-5.97389393286981,13.7284172414129,-3.94390478452378));
#9512=CARTESIAN_POINT('Ctrl Pts',(-1.15778639111065,14.7169101399029,-4.05018274438842));
#9513=CARTESIAN_POINT('Ctrl Pts',(3.75491552506836,14.4936671664212,-4.15646100958701));
#9514=CARTESIAN_POINT('Ctrl Pts',(9.49233600101946,11.9183543369147,-4.28930826176278));
#9515=CARTESIAN_POINT('Ctrl Pts',(14.0530861522067,5.89127800072755,-4.44872636975807));
#9516=CARTESIAN_POINT('Ctrl Pts',(15.1479954487062,-1.56998504566594,-4.60814329147608));
#9517=CARTESIAN_POINT('Ctrl Pts',(12.1145027026273,-9.85175574841992,-4.79413107150662));
#9518=CARTESIAN_POINT('Ctrl Pts',(3.43489477741301,-15.6905612134771,-5.00668807530386));
#9519=CARTESIAN_POINT('Ctrl Pts',(-8.20604375953274,-13.8046533097043,-5.24581379537876));
#9520=CARTESIAN_POINT('Ctrl Pts',(-15.4157642768574,-4.49219160535535,-5.48493977006881));
#9521=CARTESIAN_POINT('Ctrl Pts',(-14.335229066829,7.24173265751014,-5.72406549698081));
#9522=CARTESIAN_POINT('Ctrl Pts',(-5.53164363371168,15.0739624145661,-5.96319115786964));
#9523=CARTESIAN_POINT('Ctrl Pts',(6.24252043700148,14.7967979456798,-6.202317073441));
#9524=CARTESIAN_POINT('Ctrl Pts',(14.6675434942327,6.54538412726964,-6.44144256231635));
#9525=CARTESIAN_POINT('Ctrl Pts',(15.1190088993651,-3.90486074263982,-6.65399952792832));
#9526=CARTESIAN_POINT('Ctrl Pts',(10.2512844181031,-11.2621586217201,-6.83998715675434));
#9527=CARTESIAN_POINT('Ctrl Pts',(3.59887846885735,-14.8057275709688,-6.99940455649918));
#9528=CARTESIAN_POINT('Ctrl Pts',(-3.96482540292354,-14.7156067112484,-7.15882118914597));
#9529=CARTESIAN_POINT('Ctrl Pts',(-9.79661645953222,-11.4121141898127,-7.30052674025193));
#9530=CARTESIAN_POINT('Ctrl Pts',(-14.2444900435048,-5.46767711177772,-7.45994304896589));
#9531=CARTESIAN_POINT('Ctrl Pts',(-15.4528454908221,3.04366742927656,-7.63707424479847));
#9532=CARTESIAN_POINT('Ctrl Pts',(-11.1069619510587,10.4612768001085,-7.81420465497693));
#9533=CARTESIAN_POINT('Ctrl Pts',(-4.73713070928583,14.2746481097854,-7.97362151884647));
#9534=CARTESIAN_POINT('Ctrl Pts',(1.91232135104956,15.1191566005713,-8.11532595196374));
#9535=CARTESIAN_POINT('Ctrl Pts',(8.94503389542545,12.3352633828238,-8.2747433612188));
#9536=CARTESIAN_POINT('Ctrl Pts',(13.7558565505286,6.53341334671813,-8.43416078376283));
#9537=CARTESIAN_POINT('Ctrl Pts',(15.4717708022999,-2.12068244780981,-8.62014827588324));
#9538=CARTESIAN_POINT('Ctrl Pts',(11.0871117578477,-11.6179042212647,-8.83270518598655));
#9539=CARTESIAN_POINT('Ctrl Pts',(0.16961356861342,-16.0605114802004,-9.07183036342666));
#9540=CARTESIAN_POINT('Ctrl Pts',(-10.8436221325342,-11.8469327476467,-9.31095682960339));
#9541=CARTESIAN_POINT('Ctrl Pts',(-15.4235773382992,-2.44452001924243,-9.52351244644789));
#9542=CARTESIAN_POINT('Ctrl Pts',(-13.8908266746792,6.24277427756325,-9.70949982547699));
#9543=CARTESIAN_POINT('Ctrl Pts',(-9.20039281103746,12.1460300483462,-9.86891797598225));
#9544=CARTESIAN_POINT('Ctrl Pts',(-1.94101792227319,15.1960882967707,-10.0349766244719));
#9545=CARTESIAN_POINT('Ctrl Pts',(6.22843800058308,14.0919431551246,-10.2076798912395));
#9546=CARTESIAN_POINT('Ctrl Pts',(12.7938454278347,8.58511506873899,-10.3870234118188));
#9547=CARTESIAN_POINT('Ctrl Pts',(15.4005717103914,0.426130746331634,-10.5663688014862));
#9548=CARTESIAN_POINT('Ctrl Pts',(13.2481551066748,-7.86549734689327,-10.7457128534643));
#9549=CARTESIAN_POINT('Ctrl Pts',(6.99928633691011,-13.7251538683821,-10.9250575323991));
#9550=CARTESIAN_POINT('Ctrl Pts',(-1.41291146723605,-15.341971393505,-11.1044023889396));
#9551=CARTESIAN_POINT('Ctrl Pts',(-9.38851594776841,-12.2159191729987,-11.283746289269));
#9552=CARTESIAN_POINT('Ctrl Pts',(-14.4616797876536,-5.31339474102577,-11.4630917884233));
#9553=CARTESIAN_POINT('Ctrl Pts',(-15.0641217721338,3.23166867116849,-11.6424352444843));
#9554=CARTESIAN_POINT('Ctrl Pts',(-11.0097475394389,10.7777165160882,-11.8217809759343));
#9555=CARTESIAN_POINT('Ctrl Pts',(-3.55151012181217,14.9919787983755,-12.0011243998882));
#9556=CARTESIAN_POINT('Ctrl Pts',(5.00399951486853,14.5714048465486,-12.1804699813857));
#9557=CARTESIAN_POINT('Ctrl Pts',(12.0138993398765,9.64668971436325,-12.3598137029192));
#9558=CARTESIAN_POINT('Ctrl Pts',(15.3071354995142,1.73879228093155,-12.5391589305915));
#9559=CARTESIAN_POINT('Ctrl Pts',(13.8736371056969,-6.70465144667799,-12.718502856299));
#9560=CARTESIAN_POINT('Ctrl Pts',(8.77721423324867,-12.3711826272775,-12.8779211472264));
#9561=CARTESIAN_POINT('Ctrl Pts',(2.70352249909318,-14.703038917183,-13.0174105066444));
#9562=CARTESIAN_POINT('Ctrl Pts',(-4.76124689904662,-14.6900412125096,-13.1768286210105));
#9563=CARTESIAN_POINT('Ctrl Pts',(-11.9031439090875,-10.1104355304587,-13.3495303160963));
#9564=CARTESIAN_POINT('Ctrl Pts',(-15.1126929960149,-1.88476588012093,-13.5355172248932));
#9565=CARTESIAN_POINT('Ctrl Pts',(-14.1733948675637,5.59448970345896,-13.6949347480558));
#9566=CARTESIAN_POINT('Ctrl Pts',(-10.1078224230826,11.2064703570983,-13.8410668251372));
#9567=CARTESIAN_POINT('Ctrl Pts',(-4.67984627537973,14.2049996220207,-13.9739153016903));
#9568=CARTESIAN_POINT('Ctrl Pts',(0.863131382374098,14.9379964475667,-14.0934781151694));
#9569=CARTESIAN_POINT('Ctrl Pts',(6.27218095459956,13.5722093281167,-14.2130411250938));
#9570=CARTESIAN_POINT('Ctrl Pts',(12.3534565532141,9.25712111032395,-14.3724589898205));
#9571=CARTESIAN_POINT('Ctrl Pts',(16.0611775510837,0.182647663242605,-14.5717307030957));
#9572=CARTESIAN_POINT('Ctrl Pts',(11.8508882007367,-10.8426433616872,-14.8108573711435));
#9573=CARTESIAN_POINT('Ctrl Pts',(3.03729771048733,-15.1349703744341,-15.0101288384285));
#9574=CARTESIAN_POINT('Ctrl Pts',(-4.37118896773874,-14.2983075056147,-15.1695453061194));
#9575=CARTESIAN_POINT('Ctrl Pts',(-9.86467835877434,-11.4223380928189,-15.3023933766826));
#9576=CARTESIAN_POINT('Ctrl Pts',(-14.0466516759488,-5.90344224965814,-15.4485260708492));
#9577=CARTESIAN_POINT('Ctrl Pts',(-15.155432978579,1.5682721999771,-15.607943122824));
#9578=CARTESIAN_POINT('Ctrl Pts',(-12.5411207714053,8.64527124752284,-15.7673612699242));
#9579=CARTESIAN_POINT('Ctrl Pts',(-6.21775129911533,14.1732566813032,-15.9444908420623));
#9580=CARTESIAN_POINT('Ctrl Pts',(1.4440686622196,15.1967087794286,-16.1039087089865));
#9581=CARTESIAN_POINT('Ctrl Pts',(7.5900045002236,12.7933302183894,-16.2456128903134));
#9582=CARTESIAN_POINT('Ctrl Pts',(12.64534272186,8.55128808767306,-16.3873171826875));
#9583=CARTESIAN_POINT('Ctrl Pts',(15.4190500242507,1.33630035545618,-16.5467348498999));
#9584=CARTESIAN_POINT('Ctrl Pts',(13.5989661927876,-6.86270042899769,-16.7238650455159));
#9585=CARTESIAN_POINT('Ctrl Pts',(8.64118915240221,-12.5501572946857,-16.8832827372699));
#9586=CARTESIAN_POINT('Ctrl Pts',(1.550454686676,-15.1561749624895,-17.0426996700563));
#9587=CARTESIAN_POINT('Ctrl Pts',(-6.22822225519261,-13.9957037222284,-17.2087598107756));
#9588=CARTESIAN_POINT('Ctrl Pts',(-12.6417543795692,-8.80900820091713,-17.3814617302059));
#9589=CARTESIAN_POINT('Ctrl Pts',(-15.390818051058,-0.694325080380661,-17.5608064913722));
#9590=CARTESIAN_POINT('Ctrl Pts',(-13.3835672654781,7.63239927415548,-17.740150669504));
#9591=CARTESIAN_POINT('Ctrl Pts',(-7.23801308546974,13.6009517038735,-17.9194958859829));
#9592=CARTESIAN_POINT('Ctrl Pts',(1.14459449993855,15.3642467571584,-18.0988395432496));
#9593=CARTESIAN_POINT('Ctrl Pts',(9.17366670322801,12.3781022608126,-18.2781851804249));
#9594=CARTESIAN_POINT('Ctrl Pts',(14.3666023555325,5.56530357112463,-18.457528594593));
#9595=CARTESIAN_POINT('Ctrl Pts',(15.1183204191514,-2.96800697753839,-18.6368742734396));
#9596=CARTESIAN_POINT('Ctrl Pts',(11.196333080238,-10.5836542119586,-18.816217859332));
#9597=CARTESIAN_POINT('Ctrl Pts',(3.81303139057525,-14.9276647086619,-18.9955631368962));
#9598=CARTESIAN_POINT('Ctrl Pts',(-4.7488677182068,-14.6566114875604,-19.1749073568834));
#9599=CARTESIAN_POINT('Ctrl Pts',(-11.8430146962577,-9.85509539280457,-19.354251796265));
#9600=CARTESIAN_POINT('Ctrl Pts',(-15.2754172499364,-2.00610238266173,-19.5335970025563));
#9601=CARTESIAN_POINT('Ctrl Pts',(-13.9866398176757,6.46147846896738,-19.712940344009));
#9602=CARTESIAN_POINT('Ctrl Pts',(-8.37194479007286,12.9346452376385,-19.8922868724413));
#9603=CARTESIAN_POINT('Ctrl Pts',(-2.90640135935995,14.579582140522,-20.0118475375474));
#9604=CARTESIAN_POINT('Ctrl Pts',(-0.162474811012519,14.6100966130771,-20.0716293645308));
#9605=CARTESIAN_POINT('Ctrl Pts',(-4.08225312189927,14.0291314930306,6.99852502339393E-16));
#9606=CARTESIAN_POINT('Ctrl Pts',(-1.44734726538856,14.7958469995461,-0.0597839277297796));
#9607=CARTESIAN_POINT('Ctrl Pts',(4.26011206088718,14.8069070358005,-0.17933874711759));
#9608=CARTESIAN_POINT('Ctrl Pts',(11.5110982791801,10.2407019435668,-0.358687640611247));
#9609=CARTESIAN_POINT('Ctrl Pts',(15.2006170369594,2.51091502039593,-0.538030432640541));
#9610=CARTESIAN_POINT('Ctrl Pts',(14.1924084074856,-5.99616237173688,-0.717375833336971));
#9611=CARTESIAN_POINT('Ctrl Pts',(8.79605609138695,-12.6490801949609,-0.896719798463462));
#9612=CARTESIAN_POINT('Ctrl Pts',(0.680806138345521,-15.3918525558995,-1.07606503797063));
#9613=CARTESIAN_POINT('Ctrl Pts',(-7.64505188733446,-13.3763299475205,-1.2554087322683));
#9614=CARTESIAN_POINT('Ctrl Pts',(-13.6074528075501,-7.22557723804231,-1.43475433961797));
#9615=CARTESIAN_POINT('Ctrl Pts',(-15.3632530215417,1.15877433036968,-1.61409774455293));
#9616=CARTESIAN_POINT('Ctrl Pts',(-12.3696371750016,9.18508158169285,-1.79344348994015));
#9617=CARTESIAN_POINT('Ctrl Pts',(-5.55203397503939,14.3716515062345,-1.97278693077122));
#9618=CARTESIAN_POINT('Ctrl Pts',(2.98183675161651,15.115728647451,-2.1521324604318));
#9619=CARTESIAN_POINT('Ctrl Pts',(10.5941502743925,11.1862947177506,-2.33147628379676));
#9620=CARTESIAN_POINT('Ctrl Pts',(14.9308044976199,3.7998257377074,-2.5108213271395));
#9621=CARTESIAN_POINT('Ctrl Pts',(14.6529419146261,-4.76341786868634,-2.6901655889859));
#9622=CARTESIAN_POINT('Ctrl Pts',(10.0209060641235,-11.5874332597448,-2.86286810385765));
#9623=CARTESIAN_POINT('Ctrl Pts',(2.91091512510513,-14.9543218949242,-3.02892746939341));
#9624=CARTESIAN_POINT('Ctrl Pts',(-4.62650129854921,-14.5170476524655,-3.18834525331627));
#9625=CARTESIAN_POINT('Ctrl Pts',(-11.0283838920308,-10.5122017216136,-3.34776259239621));
#9626=CARTESIAN_POINT('Ctrl Pts',(-14.721830373501,-3.92559753453957,-3.50717946732132));
#9627=CARTESIAN_POINT('Ctrl Pts',(-14.7983187958485,3.62419271162707,-3.6665975618741));
#9628=CARTESIAN_POINT('Ctrl Pts',(-11.2409717857377,10.2862771262811,-3.82601425412578));
#9629=CARTESIAN_POINT('Ctrl Pts',(-5.97420181388601,13.728283170761,-3.95886275960114));
#9630=CARTESIAN_POINT('Ctrl Pts',(-1.15811708312057,14.7168840148447,-4.06514071946577));
#9631=CARTESIAN_POINT('Ctrl Pts',(3.75458994990004,14.4937514927562,-4.17141898466437));
#9632=CARTESIAN_POINT('Ctrl Pts',(9.49206845800921,11.9185673362549,-4.30426623684014));
#9633=CARTESIAN_POINT('Ctrl Pts',(14.0529536442031,5.89159372405086,-4.46368434483543));
#9634=CARTESIAN_POINT('Ctrl Pts',(15.1480306986107,-1.56964497136451,-4.62310126655344));
#9635=CARTESIAN_POINT('Ctrl Pts',(12.1147238882049,-9.85148352418283,-4.80908904658398));
#9636=CARTESIAN_POINT('Ctrl Pts',(3.43524711758729,-15.6904840733954,-5.02164605038121));
#9637=CARTESIAN_POINT('Ctrl Pts',(-8.20573371621445,-13.8048374940454,-5.26077177045613));
#9638=CARTESIAN_POINT('Ctrl Pts',(-15.4156633262558,-4.4925377863293,-5.49989774514616));
#9639=CARTESIAN_POINT('Ctrl Pts',(-14.3353916289517,7.24141070835993,-5.73902347205817));
#9640=CARTESIAN_POINT('Ctrl Pts',(-5.53198211394434,15.073838127842,-5.978149132947));
#9641=CARTESIAN_POINT('Ctrl Pts',(6.2421881126846,14.7969380499451,-6.21727504851835));
#9642=CARTESIAN_POINT('Ctrl Pts',(14.6673964600367,6.54571351366515,-6.45640053739371));
#9643=CARTESIAN_POINT('Ctrl Pts',(15.1190964811321,-3.90452126768599,-6.66895750300569));
#9644=CARTESIAN_POINT('Ctrl Pts',(10.2515373062971,-11.2619283724787,-6.85494513183169));
#9645=CARTESIAN_POINT('Ctrl Pts',(3.59921091392189,-14.805646618373,-7.01436253157654));
#9646=CARTESIAN_POINT('Ctrl Pts',(-3.96449495133967,-14.7156958062168,-7.17377916422333));
#9647=CARTESIAN_POINT('Ctrl Pts',(-9.79636018124188,-11.4123339374706,-7.31548471532928));
#9648=CARTESIAN_POINT('Ctrl Pts',(-14.2443671590239,-5.46799716324061,-7.47490102404326));
#9649=CARTESIAN_POINT('Ctrl Pts',(-15.4529138018883,3.04332038262999,-7.65203221987583));
#9650=CARTESIAN_POINT('Ctrl Pts',(-11.1071966460913,10.4610275153001,-7.82916263005429));
#9651=CARTESIAN_POINT('Ctrl Pts',(-4.73745152123407,14.274541476849,-7.98857949392384));
#9652=CARTESIAN_POINT('Ctrl Pts',(1.91198207621776,15.119199554324,-8.1302839270411));
#9653=CARTESIAN_POINT('Ctrl Pts',(8.94475659191799,12.3354642119608,-8.28970133629617));
#9654=CARTESIAN_POINT('Ctrl Pts',(13.7557098965766,6.53372219196605,-8.44911875884017));
#9655=CARTESIAN_POINT('Ctrl Pts',(15.4718182850346,-2.12033488841292,-8.63510625096063));
#9656=CARTESIAN_POINT('Ctrl Pts',(11.0873726318165,-11.6176552621084,-8.84766316106388));
#9657=CARTESIAN_POINT('Ctrl Pts',(0.169974244386269,-16.0605075368718,-9.08678833850405));
#9658=CARTESIAN_POINT('Ctrl Pts',(-10.8433561232333,-11.8471762462309,-9.32591480468071));
#9659=CARTESIAN_POINT('Ctrl Pts',(-15.4235223033764,-2.44486630744618,-9.53847042152529));
#9660=CARTESIAN_POINT('Ctrl Pts',(-13.8909668147287,6.24246233798525,-9.72445780055433));
#9661=CARTESIAN_POINT('Ctrl Pts',(-9.20066557002946,12.1458233380342,-9.88387595105963));
#9662=CARTESIAN_POINT('Ctrl Pts',(-1.9413591945653,15.1960446370125,-10.0499345995492));
#9663=CARTESIAN_POINT('Ctrl Pts',(6.2281215305089,14.0920829634638,-10.2226378663169));
#9664=CARTESIAN_POINT('Ctrl Pts',(12.7936525686895,8.58540233470998,-10.4019813868961));
#9665=CARTESIAN_POINT('Ctrl Pts',(15.4005620751518,0.426476590140145,-10.5813267765635));
#9666=CARTESIAN_POINT('Ctrl Pts',(13.2483316767013,-7.86519980268029,-10.7606708285417));
#9667=CARTESIAN_POINT('Ctrl Pts',(6.9995945269335,-13.7249966253154,-10.9400155074764));
#9668=CARTESIAN_POINT('Ctrl Pts',(-1.41256693255515,-15.3420030531281,-11.1193603640169));
#9669=CARTESIAN_POINT('Ctrl Pts',(-9.38824157625127,-12.21612995161,-11.2987042643464));
#9670=CARTESIAN_POINT('Ctrl Pts',(-14.4615604013786,-5.31371947775758,-11.4780497635006));
#9671=CARTESIAN_POINT('Ctrl Pts',(-15.064194275362,3.23133036774741,-11.6573932195617));
#9672=CARTESIAN_POINT('Ctrl Pts',(-11.0099895215895,10.7774692240089,-11.8367389510116));
#9673=CARTESIAN_POINT('Ctrl Pts',(-3.55184677292221,14.9918989776473,-12.0160823749656));
#9674=CARTESIAN_POINT('Ctrl Pts',(5.00367226363595,14.571517148551,-12.1954279564631));
#9675=CARTESIAN_POINT('Ctrl Pts',(12.0136826605522,9.6469594711267,-12.3747716779966));
#9676=CARTESIAN_POINT('Ctrl Pts',(15.3070963679152,1.73913600221645,-12.5541169056689));
#9677=CARTESIAN_POINT('Ctrl Pts',(13.8737876364504,-6.70433982618969,-12.7334608313764));
#9678=CARTESIAN_POINT('Ctrl Pts',(8.77749194492844,-12.3709855304546,-12.8928791223037));
#9679=CARTESIAN_POINT('Ctrl Pts',(2.70385264294553,-14.7029781171877,-13.0323684817218));
#9680=CARTESIAN_POINT('Ctrl Pts',(-4.7609169699269,-14.6901480742244,-13.1917865960878));
#9681=CARTESIAN_POINT('Ctrl Pts',(-11.9029167660242,-10.1107028783373,-13.3644882911737));
#9682=CARTESIAN_POINT('Ctrl Pts',(-15.1126505974079,-1.88510512002095,-13.5504751999706));
#9683=CARTESIAN_POINT('Ctrl Pts',(-14.1735204562238,5.59417139471162,-13.7098927231332));
#9684=CARTESIAN_POINT('Ctrl Pts',(-10.1080740624975,11.2062432257215,-13.8560248002145));
#9685=CARTESIAN_POINT('Ctrl Pts',(-4.68016522070345,14.2048945208817,-13.9888732767677));
#9686=CARTESIAN_POINT('Ctrl Pts',(0.862795898146783,14.9380157420667,-14.1084360902468));
#9687=CARTESIAN_POINT('Ctrl Pts',(6.27187616777688,13.5723501054712,-14.2279991001712));
#9688=CARTESIAN_POINT('Ctrl Pts',(12.3532485018315,9.25739860580482,-14.3874169648978));
#9689=CARTESIAN_POINT('Ctrl Pts',(16.0611734009217,0.183008263884518,-14.5866886781731));
#9690=CARTESIAN_POINT('Ctrl Pts',(11.8511316894845,-10.8423771276025,-14.8258153462208));
#9691=CARTESIAN_POINT('Ctrl Pts',(3.03763743149261,-15.1349021376494,-15.0250868135058));
#9692=CARTESIAN_POINT('Ctrl Pts',(-4.37086784817181,-14.2984055820452,-15.1845032811967));
#9693=CARTESIAN_POINT('Ctrl Pts',(-9.8644217476512,-11.4225596239241,-15.31735135176));
#9694=CARTESIAN_POINT('Ctrl Pts',(-14.0465190779961,-5.90375763460517,-15.4634840459265));
#9695=CARTESIAN_POINT('Ctrl Pts',(-15.1554680965405,1.56793183093941,-15.6229010979014));
#9696=CARTESIAN_POINT('Ctrl Pts',(-12.5413148530804,8.64498965847867,-15.7823192450016));
#9697=CARTESIAN_POINT('Ctrl Pts',(-6.21806955736933,14.173116919896,-15.9594488171397));
#9698=CARTESIAN_POINT('Ctrl Pts',(1.44372740162552,15.1967411714342,-16.1188666840639));
#9699=CARTESIAN_POINT('Ctrl Pts',(7.58971716407234,12.7935006110781,-16.2605708653908));
#9700=CARTESIAN_POINT('Ctrl Pts',(12.6451506355655,8.55157196774154,-16.4022751577649));
#9701=CARTESIAN_POINT('Ctrl Pts',(15.4190199480655,1.33664674634744,-16.5616928249772));
#9702=CARTESIAN_POINT('Ctrl Pts',(13.5991201963398,-6.86239516184015,-16.7388230205933));
#9703=CARTESIAN_POINT('Ctrl Pts',(8.64147105649294,-12.5499630143193,-16.8982407123472));
#9704=CARTESIAN_POINT('Ctrl Pts',(1.55079496660475,-15.1561401648827,-17.0576576451337));
#9705=CARTESIAN_POINT('Ctrl Pts',(-6.22790786972815,-13.9958434838791,-17.2237177858529));
#9706=CARTESIAN_POINT('Ctrl Pts',(-12.6415565315331,-8.80929207338903,-17.3964197052832));
#9707=CARTESIAN_POINT('Ctrl Pts',(-15.3908023733977,-0.694670692002993,
-17.5757644664496));
#9708=CARTESIAN_POINT('Ctrl Pts',(-13.3837386108892,7.63209868387643,-17.7551086445814));
#9709=CARTESIAN_POINT('Ctrl Pts',(-7.23831847901314,13.6007891036683,-17.9344538610602));
#9710=CARTESIAN_POINT('Ctrl Pts',(1.14424946162298,15.3642723893524,-18.113797518327));
#9711=CARTESIAN_POINT('Ctrl Pts',(9.17338869566123,12.378308215097,-18.2931431555023));
#9712=CARTESIAN_POINT('Ctrl Pts',(14.3664773049446,5.5656261704732,-18.4724865696704));
#9713=CARTESIAN_POINT('Ctrl Pts',(15.1183870149885,-2.96766745664104,-18.6518322485169));
#9714=CARTESIAN_POINT('Ctrl Pts',(11.1965706775339,-10.5834027333905,-18.8311758344094));
#9715=CARTESIAN_POINT('Ctrl Pts',(3.81336664600638,-14.9275790102535,-19.0105211119735));
#9716=CARTESIAN_POINT('Ctrl Pts',(-4.74853865035388,-14.6567180695141,-19.1898653319608));
#9717=CARTESIAN_POINT('Ctrl Pts',(-11.8427931534425,-9.85536129238404,-19.3692097713424));
#9718=CARTESIAN_POINT('Ctrl Pts',(-15.2753724715757,-2.00644542672217,-19.5485549776336));
#9719=CARTESIAN_POINT('Ctrl Pts',(-13.9867841866544,6.46116438375537,-19.7278983190864));
#9720=CARTESIAN_POINT('Ctrl Pts',(-8.37223663701875,12.934457095495,-19.9072448475187));
#9721=CARTESIAN_POINT('Ctrl Pts',(-2.90672663268583,14.5795169192535,-20.0268055126248));
#9722=CARTESIAN_POINT('Ctrl Pts',(-0.162802905269791,14.6100929570635,-20.0865873396082));
#9723=CARTESIAN_POINT('Ctrl Pts',(-14.612198489852,-1.32227453236711E-6,
-1.59012237194111));
#9724=CARTESIAN_POINT('Ctrl Pts',(-14.6089729050767,-2.37660098873526,-1.5383328527811));
#9725=CARTESIAN_POINT('Ctrl Pts',(-13.341757151961,-7.49966619907993,-1.42676236635763));
#9726=CARTESIAN_POINT('Ctrl Pts',(-7.64505188733446,-13.3763299475205,-1.2554087322683));
#9727=CARTESIAN_POINT('Ctrl Pts',(0.680806138345521,-15.3918525558995,-1.07606503797063));
#9728=CARTESIAN_POINT('Ctrl Pts',(8.79605609138695,-12.6490801949609,-0.896719798463462));
#9729=CARTESIAN_POINT('Ctrl Pts',(14.1924084074856,-5.99616237173688,-0.717375833336971));
#9730=CARTESIAN_POINT('Ctrl Pts',(15.2006170369594,2.51091502039593,-0.538030432640541));
#9731=CARTESIAN_POINT('Ctrl Pts',(11.5110982791801,10.2407019435668,-0.358687640611247));
#9732=CARTESIAN_POINT('Ctrl Pts',(4.26011206088718,14.8069070358005,-0.17933874711759));
#9733=CARTESIAN_POINT('Ctrl Pts',(-1.44734726538856,14.7958469995461,-0.0597839277297796));
#9734=CARTESIAN_POINT('Ctrl Pts',(-4.08225312189927,14.0291314930306,6.99852502339393E-16));
#9735=CARTESIAN_POINT('Ctrl Pts',(-0.160366003348591,14.5593038048513,-0.0013094915884961));
#9736=CARTESIAN_POINT('Ctrl Pts',(1.25458629745059,14.57523000291,-0.0322329265881259));
#9737=CARTESIAN_POINT('Ctrl Pts',(5.41087574175482,14.0254729220316,-0.122934568486027));
#9738=CARTESIAN_POINT('Ctrl Pts',(11.4747647744504,10.2057384081187,-0.273425568922205));
#9739=CARTESIAN_POINT('Ctrl Pts',(15.1512277613915,2.50075778160101,-0.452768360951501));
#9740=CARTESIAN_POINT('Ctrl Pts',(14.1452275734438,-5.97836983205044,-0.632113761647929));
#9741=CARTESIAN_POINT('Ctrl Pts',(8.76567118527704,-12.6088399115397,-0.811457726774421));
#9742=CARTESIAN_POINT('Ctrl Pts',(0.67660948118174,-15.3416037813411,-0.990802966281588));
#9743=CARTESIAN_POINT('Ctrl Pts',(-7.6217625606568,-13.3316067808175,-1.17014666057926));
#9744=CARTESIAN_POINT('Ctrl Pts',(-13.5638773147599,-7.20020562947948,-1.34949226792893));
#9745=CARTESIAN_POINT('Ctrl Pts',(-15.3128623084673,1.15695137657568,-1.52883567286389));
#9746=CARTESIAN_POINT('Ctrl Pts',(-12.3280090542521,9.15662702735154,-1.70818141825111));
#9747=CARTESIAN_POINT('Ctrl Pts',(-5.53203753038032,14.3253626414856,-1.88752485908218));
#9748=CARTESIAN_POINT('Ctrl Pts',(2.9740201627624,15.0659140454257,-2.06687038874276));
#9749=CARTESIAN_POINT('Ctrl Pts',(10.5609361687872,11.1483561134103,-2.24621421210772));
#9750=CARTESIAN_POINT('Ctrl Pts',(14.8824627532064,3.78548795132217,-2.42555925545047));
#9751=CARTESIAN_POINT('Ctrl Pts',(14.6044126934326,-4.74971573072589,-2.60490351729686));
#9752=CARTESIAN_POINT('Ctrl Pts',(9.98665151289493,-11.5508216694789,-2.77760603216862));
#9753=CARTESIAN_POINT('Ctrl Pts',(2.8994812871987,-14.9057894032204,-2.94366539770436));
#9754=CARTESIAN_POINT('Ctrl Pts',(-4.61322945408951,-14.4689804767958,-3.10308318162723));
#9755=CARTESIAN_POINT('Ctrl Pts',(-10.9936634769975,-10.4764119176293,-3.26250052070717));
#9756=CARTESIAN_POINT('Ctrl Pts',(-14.6741881126209,-3.91087529160002,-3.42191739563227));
#9757=CARTESIAN_POINT('Ctrl Pts',(-14.749460007159,3.61423485215743,-3.58133549018506));
#9758=CARTESIAN_POINT('Ctrl Pts',(-11.2028936969781,10.2540768777365,-3.74075218243674));
#9759=CARTESIAN_POINT('Ctrl Pts',(-5.9529073044869,13.6841522844324,-3.8736006879121));
#9760=CARTESIAN_POINT('Ctrl Pts',(-1.15244574997434,14.6689037166752,-3.97987864777674));
#9761=CARTESIAN_POINT('Ctrl Pts',(3.74416664835555,14.4458719882951,-4.08615691297532));
#9762=CARTESIAN_POINT('Ctrl Pts',(9.4625521547615,11.8783751128969,-4.2190041651511));
#9763=CARTESIAN_POINT('Ctrl Pts',(14.0077505511638,5.87052752572454,-4.37842227314639));
#9764=CARTESIAN_POINT('Ctrl Pts',(15.0982911995783,-1.56645074554672,-4.5378391948644));
#9765=CARTESIAN_POINT('Ctrl Pts',(12.0738441044732,-9.82081707230521,-4.72382697489494));
#9766=CARTESIAN_POINT('Ctrl Pts',(3.42200437465889,-15.6396112407305,-4.93638397869217));
#9767=CARTESIAN_POINT('Ctrl Pts',(-8.18066563363872,-13.7586412241087,-5.17550969876709));
#9768=CARTESIAN_POINT('Ctrl Pts',(-15.36582461201,-4.47587255878017,-5.41463567345712));
#9769=CARTESIAN_POINT('Ctrl Pts',(-14.2875837109054,7.21956415846168,-5.65376140036913));
#9770=CARTESIAN_POINT('Ctrl Pts',(-5.51196136143761,15.0252503357977,-5.89288706125795));
#9771=CARTESIAN_POINT('Ctrl Pts',(6.22366840466404,14.7477486526666,-6.13201297682932));
#9772=CARTESIAN_POINT('Ctrl Pts',(14.6202676072146,6.52242956747989,-6.37113846570467));
#9773=CARTESIAN_POINT('Ctrl Pts',(15.0691527787347,-3.89368762363427,-6.58369543131665));
#9774=CARTESIAN_POINT('Ctrl Pts',(10.2165701415506,-11.2264107793368,-6.76968306014265));
#9775=CARTESIAN_POINT('Ctrl Pts',(3.58554523453817,-14.7576885222923,-6.9291004598875));
#9776=CARTESIAN_POINT('Ctrl Pts',(-3.95341355281335,-14.66706358308,-7.0885170925343));
#9777=CARTESIAN_POINT('Ctrl Pts',(-9.76578400627693,-11.3737583380958,-7.23022264364024));
#9778=CARTESIAN_POINT('Ctrl Pts',(-14.1984838077176,-5.44829173713699,-7.38963895235421));
#9779=CARTESIAN_POINT('Ctrl Pts',(-15.4019886197254,3.035345889279,-7.56677014818678));
#9780=CARTESIAN_POINT('Ctrl Pts',(-11.0695338475148,10.4282385494056,-7.74390055836526));
#9781=CARTESIAN_POINT('Ctrl Pts',(-4.72013129026031,14.2284660085553,-7.90331742223479));
#9782=CARTESIAN_POINT('Ctrl Pts',(1.90766453875756,15.0695105153937,-8.04502185535206));
#9783=CARTESIAN_POINT('Ctrl Pts',(8.91708372474733,12.2939786025323,-8.20443926460712));
#9784=CARTESIAN_POINT('Ctrl Pts',(13.7115609411915,6.51059419795057,-8.36385668715115));
#9785=CARTESIAN_POINT('Ctrl Pts',(15.420949476023,-2.11538129890846,-8.54984417927157));
#9786=CARTESIAN_POINT('Ctrl Pts',(11.0496265037671,-11.5810812973195,-8.76240108937484));
#9787=CARTESIAN_POINT('Ctrl Pts',(0.167362536827483,-16.0080067092446,-9.001526266815));
#9788=CARTESIAN_POINT('Ctrl Pts',(-10.8094116000409,-11.8070444421697,-9.24065273299168));
#9789=CARTESIAN_POINT('Ctrl Pts',(-15.3733958102239,-2.43489660376085,-9.45320834983625));
#9790=CARTESIAN_POINT('Ctrl Pts',(-13.8447401642682,6.22382574338226,-9.63919572886528));
#9791=CARTESIAN_POINT('Ctrl Pts',(-9.16902191388365,12.1072806572457,-9.79861387937059));
#9792=CARTESIAN_POINT('Ctrl Pts',(-1.93306518244888,15.1465975760628,-9.96467252786018));
#9793=CARTESIAN_POINT('Ctrl Pts',(6.2095575858612,14.0452004435282,-10.1373757946279));
#9794=CARTESIAN_POINT('Ctrl Pts',(12.7529125195245,8.55568786837291,-10.3167193152071));
#9795=CARTESIAN_POINT('Ctrl Pts',(15.3502522655879,0.423110527266502,-10.4960647048745));
#9796=CARTESIAN_POINT('Ctrl Pts',(13.2039989204253,-7.8411741301963,-10.6754087568527));
#9797=CARTESIAN_POINT('Ctrl Pts',(6.97494690326952,-13.6810078089888,-10.8547534357874));
#9798=CARTESIAN_POINT('Ctrl Pts',(-1.40991128191287,-15.2916493431708,-11.0340982923279));
#9799=CARTESIAN_POINT('Ctrl Pts',(-9.35910297897531,-12.1749778417847,-11.2134421926573));
#9800=CARTESIAN_POINT('Ctrl Pts',(-14.414947001635,-5.29449088093825,-11.3927876918116));
#9801=CARTESIAN_POINT('Ctrl Pts',(-15.0145162709306,3.22269126101417,-11.5721311478726));
#9802=CARTESIAN_POINT('Ctrl Pts',(-10.9726040186166,10.7436330485882,-11.7514768793226));
#9803=CARTESIAN_POINT('Ctrl Pts',(-3.53831213654744,14.9433256832287,-11.9308203032765));
#9804=CARTESIAN_POINT('Ctrl Pts',(4.9891740109559,14.523223476535,-12.110165884774));
#9805=CARTESIAN_POINT('Ctrl Pts',(11.9756292211373,9.61387323404544,-12.2895096063075));
#9806=CARTESIAN_POINT('Ctrl Pts',(15.2572602564141,1.73148912730467,-12.4688548339798));
#9807=CARTESIAN_POINT('Ctrl Pts',(13.827558033649,-6.68419058862598,-12.6481987596873));
#9808=CARTESIAN_POINT('Ctrl Pts',(8.7472034248549,-12.3316522800161,-12.8076170506147));
#9809=CARTESIAN_POINT('Ctrl Pts',(2.69312819285933,-14.6552411438047,-12.9471064100328));
#9810=CARTESIAN_POINT('Ctrl Pts',(-4.74722779160002,-14.6414975118499,-13.1065245243988));
#9811=CARTESIAN_POINT('Ctrl Pts',(-11.8652849493139,-10.0761142003,-13.2792262194847));
#9812=CARTESIAN_POINT('Ctrl Pts',(-15.0634690630027,-1.87700583058125,-13.4652131282815));
#9813=CARTESIAN_POINT('Ctrl Pts',(-14.126452751933,5.57769108513324,-13.6246306514442));
#9814=CARTESIAN_POINT('Ctrl Pts',(-10.0735831905689,11.1708894276766,-13.7707627285255));
#9815=CARTESIAN_POINT('Ctrl Pts',(-4.66304140476695,14.1590393682096,-13.9036112050787));
#9816=CARTESIAN_POINT('Ctrl Pts',(0.86188646139401,14.8890535740007,-14.0231740185577));
#9817=CARTESIAN_POINT('Ctrl Pts',(6.25310259807215,13.5271616731534,-14.1427370284822));
#9818=CARTESIAN_POINT('Ctrl Pts',(12.3140347732958,9.22554282351629,-14.3021548932088));
#9819=CARTESIAN_POINT('Ctrl Pts',(16.0086720226518,0.180353892806339,-14.501426606484));
#9820=CARTESIAN_POINT('Ctrl Pts',(11.8109870666599,-10.8084363804336,-14.7405532745318));
#9821=CARTESIAN_POINT('Ctrl Pts',(3.02576617956196,-15.0857953428722,-14.9398247418167));
#9822=CARTESIAN_POINT('Ctrl Pts',(-4.35840409586303,-14.2510860762016,-15.0992412095077));
#9823=CARTESIAN_POINT('Ctrl Pts',(-9.83362434718942,-11.383941741208,-15.232089280071));
#9824=CARTESIAN_POINT('Ctrl Pts',(-14.0013384964487,-5.88265258111438,-15.3782219742375));
#9825=CARTESIAN_POINT('Ctrl Pts',(-15.105704538916,1.56474422552543,-15.5376390262123));
#9826=CARTESIAN_POINT('Ctrl Pts',(-12.4991944365761,8.61832329943219,-15.6970571733126));
#9827=CARTESIAN_POINT('Ctrl Pts',(-6.19592038777172,14.1275626115526,-15.8741867454506));
#9828=CARTESIAN_POINT('Ctrl Pts',(1.44095124601176,15.146858506259,-16.0336046123749));
#9829=CARTESIAN_POINT('Ctrl Pts',(7.56653418388497,12.7506905466316,-16.1753087937017));
#9830=CARTESIAN_POINT('Ctrl Pts',(12.6048918958658,8.52198717175037,-16.3170130860759));
#9831=CARTESIAN_POINT('Ctrl Pts',(15.3687662809047,1.33030172630891,-16.4764307532882));
#9832=CARTESIAN_POINT('Ctrl Pts',(13.5537686479043,-6.84169378558558,-16.6535609489042));
#9833=CARTESIAN_POINT('Ctrl Pts',(8.61160436378309,-12.5100271591948,-16.8129786406582));
#9834=CARTESIAN_POINT('Ctrl Pts',(1.54378337400479,-15.1067735649263,-16.9723955734447));
#9835=CARTESIAN_POINT('Ctrl Pts',(-6.2093323438962,-13.9492757427316,-17.1384557141639));
#9836=CARTESIAN_POINT('Ctrl Pts',(-12.6013425209172,-8.77886487960356,-17.3111576335942));
#9837=CARTESIAN_POINT('Ctrl Pts',(-15.3405588214199,-0.690428809921704,
-17.4905023947605));
#9838=CARTESIAN_POINT('Ctrl Pts',(-13.3389928666411,7.60885265685876,-17.6698465728924));
#9839=CARTESIAN_POINT('Ctrl Pts',(-7.21290605977639,13.5572370391764,-17.8491917893712));
#9840=CARTESIAN_POINT('Ctrl Pts',(1.14247414152874,15.3138801990388,-18.0285354466379));
#9841=CARTESIAN_POINT('Ctrl Pts',(9.14497348809006,12.3366532361778,-18.2078810838133));
#9842=CARTESIAN_POINT('Ctrl Pts',(14.3202071044466,5.54558593575448,-18.3872244979813));
#9843=CARTESIAN_POINT('Ctrl Pts',(15.0685655276045,-2.95989754321081,-18.5665701768279));
#9844=CARTESIAN_POINT('Ctrl Pts',(11.1585998536442,-10.5502250954099,-18.7459137627203));
#9845=CARTESIAN_POINT('Ctrl Pts',(3.79898497040053,-14.8792495388192,-18.9252590402845));
#9846=CARTESIAN_POINT('Ctrl Pts',(-4.73488561808277,-14.6081784206433,-19.1046032602717));
#9847=CARTESIAN_POINT('Ctrl Pts',(-11.8053253428153,-9.82161540047402,-19.2839476996533));
#9848=CARTESIAN_POINT('Ctrl Pts',(-15.2256741441573,-1.99792841997702,-19.4632929059446));
#9849=CARTESIAN_POINT('Ctrl Pts',(-13.9402165327695,6.44182484286594,-19.6426362473973));
#9850=CARTESIAN_POINT('Ctrl Pts',(-8.3432005479807,12.8932292962708,-19.8219827758296));
#9851=CARTESIAN_POINT('Ctrl Pts',(-2.8953555846173,14.5322096406785,-19.9415434409357));
#9852=CARTESIAN_POINT('Ctrl Pts',(-0.160400318562229,14.5623344363546,-20.0013252679192));
#9853=CARTESIAN_POINT('Ctrl Pts',(14.4243334883396,1.99023719015364,-20.4598612038739));
#9854=CARTESIAN_POINT('Ctrl Pts',(14.0436025967584,4.74960143912346,-20.3989687598147));
#9855=CARTESIAN_POINT('Ctrl Pts',(11.6587660348161,10.0393232236396,-20.2771838716965));
#9856=CARTESIAN_POINT('Ctrl Pts',(4.33789692797481,14.7607650458821,-20.094506539519));
#9857=CARTESIAN_POINT('Ctrl Pts',(-4.36956469033978,14.7509375322227,-19.9118292073416));
#9858=CARTESIAN_POINT('Ctrl Pts',(-11.6785975694468,10.0154875295842,-19.7291518751641));
#9859=CARTESIAN_POINT('Ctrl Pts',(-15.2447409591279,2.07046804331004,-19.5464745429867));
#9860=CARTESIAN_POINT('Ctrl Pts',(-13.9266746783906,-6.53773961848162,-19.3637972108092));
#9861=CARTESIAN_POINT('Ctrl Pts',(-8.14595771668905,-13.0512644705159,-19.1811198786318));
#9862=CARTESIAN_POINT('Ctrl Pts',(0.244604263222433,-15.3828577722821,-18.9984425464544));
#9863=CARTESIAN_POINT('Ctrl Pts',(8.55713577620489,-12.7855797542337,-18.8157652142769));
#9864=CARTESIAN_POINT('Ctrl Pts',(14.1272270144774,-6.09149251098573,-18.6330878820995));
#9865=CARTESIAN_POINT('Ctrl Pts',(15.171794283932,2.55427320710461,-18.450410549922));
#9866=CARTESIAN_POINT('Ctrl Pts',(11.3529680218193,10.3818697056107,-18.2677332177446));
#9867=CARTESIAN_POINT('Ctrl Pts',(3.90047839282809,14.8824267133369,-18.0850558855672));
#9868=CARTESIAN_POINT('Ctrl Pts',(-4.80958692053191,14.6153636450521,-17.9023785533897));
#9869=CARTESIAN_POINT('Ctrl Pts',(-11.9634992377416,9.66347444957036,-17.7197012212123));
#9870=CARTESIAN_POINT('Ctrl Pts',(-15.685285538692,0.724091972900081,-17.5167264076817));
#9871=CARTESIAN_POINT('Ctrl Pts',(-12.6980664617178,-9.84790363216904,-17.2934541127983));
#9872=CARTESIAN_POINT('Ctrl Pts',(-4.05205192702447,-14.8767245682898,-17.0904792992677));
#9873=CARTESIAN_POINT('Ctrl Pts',(3.49370586650122,-14.4906600175176,-16.9280994484434));
#9874=CARTESIAN_POINT('Ctrl Pts',(10.4081954804706,-11.3845373542491,-16.7657195976189));
#9875=CARTESIAN_POINT('Ctrl Pts',(15.0521928284624,-4.10126856037378,-16.5898080925592));
#9876=CARTESIAN_POINT('Ctrl Pts',(14.4085744545506,4.84689583048009,-16.4003649332641));
#9877=CARTESIAN_POINT('Ctrl Pts',(10.2207412948657,11.2613676897427,-16.2379850824397));
#9878=CARTESIAN_POINT('Ctrl Pts',(3.12973845915573,14.9713326810585,-16.0688394044976));
#9879=CARTESIAN_POINT('Ctrl Pts',(-5.23593038200569,14.4662832805128,-15.8929278994378));
#9880=CARTESIAN_POINT('Ctrl Pts',(-12.2530491747699,9.30446526479278,-15.7102505672604));
#9881=CARTESIAN_POINT('Ctrl Pts',(-15.3404340148232,1.16220500724445,-15.527573235083));
#9882=CARTESIAN_POINT('Ctrl Pts',(-13.5142466954593,-7.35262229936457,-15.3448959029055));
#9883=CARTESIAN_POINT('Ctrl Pts',(-7.35712998876629,-13.5119670095117,-15.1622185707281));
#9884=CARTESIAN_POINT('Ctrl Pts',(1.15732578141121,-15.3406157145933,-14.9795412385506));
#9885=CARTESIAN_POINT('Ctrl Pts',(9.30025303424672,-12.2564707123093,-14.7968639063732));
#9886=CARTESIAN_POINT('Ctrl Pts',(13.8911748433017,-6.01930675463007,-14.6344840555488));
#9887=CARTESIAN_POINT('Ctrl Pts',(14.9016496197245,0.518400657427083,-14.4924016860775));
#9888=CARTESIAN_POINT('Ctrl Pts',(13.2395051454775,7.90141311045591,-14.3300218352531));
#9889=CARTESIAN_POINT('Ctrl Pts',(6.07919835810468,14.8721962343401,-14.1270470217226));
#9890=CARTESIAN_POINT('Ctrl Pts',(-3.90889870969885,14.9161024014255,-13.9240722081921));
#9891=CARTESIAN_POINT('Ctrl Pts',(-10.2720666681265,10.8088927414182,-13.7616923573677));
#9892=CARTESIAN_POINT('Ctrl Pts',(-13.5739772517747,6.20489964415563,-13.6399074692494));
#9893=CARTESIAN_POINT('Ctrl Pts',(-14.9040863278975,0.682822712889337,-13.5181225811311));
#9894=CARTESIAN_POINT('Ctrl Pts',(-14.0842144214011,-4.92875038188117,-13.3963376930128));
#9895=CARTESIAN_POINT('Ctrl Pts',(-11.2238218952404,-9.82954704716917,-13.2745528048945));
#9896=CARTESIAN_POINT('Ctrl Pts',(-6.24700232765874,-13.7003262314948,-13.1392362625408));
#9897=CARTESIAN_POINT('Ctrl Pts',(0.626333836690536,-15.1954862673042,-12.9903880659518));
#9898=CARTESIAN_POINT('Ctrl Pts',(7.96544902240039,-12.9548180995723,-12.8280082151274));
#9899=CARTESIAN_POINT('Ctrl Pts',(12.8370140480789,-7.87457328848169,-12.6791600185384));
#9900=CARTESIAN_POINT('Ctrl Pts',(14.7923464011122,-1.88791377826505,-12.5438434761847));
#9901=CARTESIAN_POINT('Ctrl Pts',(14.336013518254,5.67165379873596,-12.3814636253604));
#9902=CARTESIAN_POINT('Ctrl Pts',(8.39774949793039,13.693200239907,-12.1784888118299));
#9903=CARTESIAN_POINT('Ctrl Pts',(-3.43763791631763,15.690699950719,-11.9349190355933));
#9904=CARTESIAN_POINT('Ctrl Pts',(-13.3418810566794,8.93561766084153,-11.6913492593567));
#9905=CARTESIAN_POINT('Ctrl Pts',(-15.817940913297,-2.7943920515116,-11.4477794831201));
#9906=CARTESIAN_POINT('Ctrl Pts',(-9.46519211401316,-12.9783295144882,-11.2042097068835));
#9907=CARTESIAN_POINT('Ctrl Pts',(0.212791012268699,-15.4155410725147,-11.001234893353));
#9908=CARTESIAN_POINT('Ctrl Pts',(7.37718232836188,-12.9600613453882,-10.8388550425286));
#9909=CARTESIAN_POINT('Ctrl Pts',(12.1680718542315,-8.87217903474641,-10.703538500175));
#9910=CARTESIAN_POINT('Ctrl Pts',(15.012870676474,-2.43515238701657,-10.5546903035859));
#9911=CARTESIAN_POINT('Ctrl Pts',(14.287887356586,5.20787393308863,-10.3923104527615));
#9912=CARTESIAN_POINT('Ctrl Pts',(9.93030349411616,11.5133835033418,-10.2299306019371));
#9913=CARTESIAN_POINT('Ctrl Pts',(2.26940028667342,15.2911620406727,-10.0495085454656));
#9914=CARTESIAN_POINT('Ctrl Pts',(-5.5093644752513,14.2028612073038,-9.88712869464123));
#9915=CARTESIAN_POINT('Ctrl Pts',(-11.5119661306448,9.62531200806237,-9.72474884381679));
#9916=CARTESIAN_POINT('Ctrl Pts',(-14.7679636504497,3.64358464767052,-9.58041119863959));
#9917=CARTESIAN_POINT('Ctrl Pts',(-14.6622914594546,-4.03598147690437,-9.41803134781517));
#9918=CARTESIAN_POINT('Ctrl Pts',(-11.1447879098322,-10.1284641205346,-9.26918315122616));
#9919=CARTESIAN_POINT('Ctrl Pts',(-5.94053881353707,-13.6782684303088,-9.13386660887248));
#9920=CARTESIAN_POINT('Ctrl Pts',(1.44543134475571,-15.3490478742998,-8.97148675804812));
#9921=CARTESIAN_POINT('Ctrl Pts',(10.8059939231418,-11.8852129159386,-8.7685119445176));
#9922=CARTESIAN_POINT('Ctrl Pts',(16.0263967570859,-1.07808967370952,-8.52494216828103));
#9923=CARTESIAN_POINT('Ctrl Pts',(12.3041004389288,10.3192649980758,-8.28137239204443));
#9924=CARTESIAN_POINT('Ctrl Pts',(1.73192883056818,15.9683876683846,-8.03780261580785));
#9925=CARTESIAN_POINT('Ctrl Pts',(-9.82193269863598,12.711298117426,-7.79423283957125));
#9926=CARTESIAN_POINT('Ctrl Pts',(-14.8625779214589,4.09731295916449,-7.59125802604076));
#9927=CARTESIAN_POINT('Ctrl Pts',(-14.5034335321066,-3.46726632523759,-7.42887817521637));
#9928=CARTESIAN_POINT('Ctrl Pts',(-11.9166853727449,-9.20918231899243,-7.2935616328627));
#9929=CARTESIAN_POINT('Ctrl Pts',(-6.52532907854433,-13.7366339734815,-7.14471343627369));
#9930=CARTESIAN_POINT('Ctrl Pts',(1.00849193543502,-15.1739529262588,-6.98233358544928));
#9931=CARTESIAN_POINT('Ctrl Pts',(7.68824262532472,-12.9499456138397,-6.83348538886027));
#9932=CARTESIAN_POINT('Ctrl Pts',(12.2074788773218,-8.56435131585703,-6.6981688465066));
#9933=CARTESIAN_POINT('Ctrl Pts',(15.3273528718374,-1.66339250745163,-6.53578899568221));
#9934=CARTESIAN_POINT('Ctrl Pts',(13.8116469175873,8.20134400201322,-6.33281418215172));
#9935=CARTESIAN_POINT('Ctrl Pts',(4.27131944331297,15.4845321026182,-6.08924440591513));
#9936=CARTESIAN_POINT('Ctrl Pts',(-7.63982546946356,14.123938762377,-5.84567462967853));
#9937=CARTESIAN_POINT('Ctrl Pts',(-15.2973495070325,4.89961180546237,-5.60210485344195));
#9938=CARTESIAN_POINT('Ctrl Pts',(-14.4229859485376,-7.07119096015885,-5.35853507720536));
#9939=CARTESIAN_POINT('Ctrl Pts',(-6.99627589518499,-13.7384163383033,-5.15556026367488));
#9940=CARTESIAN_POINT('Ctrl Pts',(0.486955792987214,-14.9042947509753,-4.99318041285048));
#9941=CARTESIAN_POINT('Ctrl Pts',(6.6306790547565,-13.5215919490949,-4.85786387049682));
#9942=CARTESIAN_POINT('Ctrl Pts',(12.1481523415,-9.14939672178205,-4.70901567390779));
#9943=CARTESIAN_POINT('Ctrl Pts',(15.0677919626345,-2.05488498021379,-4.54663582308339));
#9944=CARTESIAN_POINT('Ctrl Pts',(14.1529707970321,5.56516902745573,-4.38425597225901));
#9945=CARTESIAN_POINT('Ctrl Pts',(9.63395924098627,11.767639333798,-4.22187612143462));
#9946=CARTESIAN_POINT('Ctrl Pts',(2.66134987516908,14.9728310739031,-4.05949627061023));
#9947=CARTESIAN_POINT('Ctrl Pts',(-4.98879825256859,14.3663599971171,-3.89711641978583));
#9948=CARTESIAN_POINT('Ctrl Pts',(-11.3685102867925,10.1008581485406,-3.73473656896143));
#9949=CARTESIAN_POINT('Ctrl Pts',(-14.8536987351094,3.26406059006071,-3.57235671813705));
#9950=CARTESIAN_POINT('Ctrl Pts',(-14.5557235278646,-4.40439690602895,-3.40997686731265));
#9951=CARTESIAN_POINT('Ctrl Pts',(-10.5522799811829,-10.9519254684224,-3.24759701648826));
#9952=CARTESIAN_POINT('Ctrl Pts',(-3.86143115028469,-14.7082195248145,-3.08521716566387));
#9953=CARTESIAN_POINT('Ctrl Pts',(4.13362942380818,-14.7250821790343,-2.91607148772179));
#9954=CARTESIAN_POINT('Ctrl Pts',(11.3252704519296,-10.4143943835256,-2.74015998266203));
#9955=CARTESIAN_POINT('Ctrl Pts',(15.1640675392301,-2.59578015728173,-2.55748265048459));
#9956=CARTESIAN_POINT('Ctrl Pts',(14.1443676210516,6.05201832620658,-2.37480531830715));
#9957=CARTESIAN_POINT('Ctrl Pts',(8.59239042601401,12.7619459110548,-2.19212798612971));
#9958=CARTESIAN_POINT('Ctrl Pts',(0.287348308308489,15.3820541961432,-2.00945065395226));
#9959=CARTESIAN_POINT('Ctrl Pts',(-8.10980662700025,13.073821499633,-1.82677332177482));
#9960=CARTESIAN_POINT('Ctrl Pts',(-13.9084234522548,6.57634262481292,-1.64409598959738));
#9961=CARTESIAN_POINT('Ctrl Pts',(-15.2505297381246,-2.02824760877535,-1.46141865741994));
#9962=CARTESIAN_POINT('Ctrl Pts',(-11.7061311303759,-9.98294492072582,-1.27874132524249));
#9963=CARTESIAN_POINT('Ctrl Pts',(-4.41081071620332,-14.7390124024874,-1.09606399306505));
#9964=CARTESIAN_POINT('Ctrl Pts',(4.29766666041081,-14.7722499763974,-0.91338666088761));
#9965=CARTESIAN_POINT('Ctrl Pts',(11.6293780965031,-10.0725890724639,-0.730709328710166));
#9966=CARTESIAN_POINT('Ctrl Pts',(15.2342846868643,-2.14472819122849,-0.548031996532724));
#9967=CARTESIAN_POINT('Ctrl Pts',(13.9589280835449,6.46883837870227,-0.365354664355283));
#9968=CARTESIAN_POINT('Ctrl Pts',(8.2087508139695,13.0127333096454,-0.182677332177841));
#9969=CARTESIAN_POINT('Ctrl Pts',(2.6249912808654,14.5907816275066,-0.0608924440595481));
#9970=CARTESIAN_POINT('Ctrl Pts',(-0.160346430553741,14.5601074748133,-4.00582345072564E-13));
#9971=CARTESIAN_POINT('Ctrl Pts',(14.1613004637746,1.9541503015278,-20.3065742798515));
#9972=CARTESIAN_POINT('Ctrl Pts',(13.7874729663635,4.66319652879686,-20.2456818357924));
#9973=CARTESIAN_POINT('Ctrl Pts',(11.4460461016364,9.85643511853551,-20.1238969476741));
#9974=CARTESIAN_POINT('Ctrl Pts',(4.25859547918293,14.4916863262576,-19.9412196154967));
#9975=CARTESIAN_POINT('Ctrl Pts',(-4.29009905990691,14.4819160779,-19.7585422833192));
#9976=CARTESIAN_POINT('Ctrl Pts',(-11.4657968513918,9.83270725529753,-19.5758649511418));
#9977=CARTESIAN_POINT('Ctrl Pts',(-14.9668059467125,2.03250283670222,-19.3931876189643));
#9978=CARTESIAN_POINT('Ctrl Pts',(-13.6726520084512,-6.41872916855089,-19.2105102867869));
#9979=CARTESIAN_POINT('Ctrl Pts',(-7.99724617355193,-12.8134091411308,-19.0278329546094));
#9980=CARTESIAN_POINT('Ctrl Pts',(0.240359681801911,-15.1023719996395,-18.845155622432));
#9981=CARTESIAN_POINT('Ctrl Pts',(8.40128881843594,-12.5523348890746,-18.6624782902546));
#9982=CARTESIAN_POINT('Ctrl Pts',(13.8697244241189,-5.98022586112364,-18.4798009580771));
#9983=CARTESIAN_POINT('Ctrl Pts',(14.8951245832549,2.50791247021422,-18.2971236258997));
#9984=CARTESIAN_POINT('Ctrl Pts',(11.1458190401383,10.1927315193254,-18.1144462937222));
#9985=CARTESIAN_POINT('Ctrl Pts',(3.82915088344439,14.6111235587184,-17.9317689615448));
#9986=CARTESIAN_POINT('Ctrl Pts',(-4.72209627484191,14.3488080071524,-17.7490916293673));
#9987=CARTESIAN_POINT('Ctrl Pts',(-11.7454988544165,9.48710859388961,-17.5664142971899));
#9988=CARTESIAN_POINT('Ctrl Pts',(-15.3992990327329,0.710669659114231,-17.3634394836594));
#9989=CARTESIAN_POINT('Ctrl Pts',(-12.4663991908861,-9.66852031629854,-17.1401671887759));
#9990=CARTESIAN_POINT('Ctrl Pts',(-3.97796079122624,-14.605527505812,-16.9371923752454));
#9991=CARTESIAN_POINT('Ctrl Pts',(3.43020650725905,-14.2263965804909,-16.774812524421));
#9992=CARTESIAN_POINT('Ctrl Pts',(10.2185777268393,-11.176812386541,-16.6124326735966));
#9993=CARTESIAN_POINT('Ctrl Pts',(14.777797065887,-4.02627757927509,-16.4365211685368));
#9994=CARTESIAN_POINT('Ctrl Pts',(14.1457887716484,4.75872201967299,-16.2470780092417));
#9995=CARTESIAN_POINT('Ctrl Pts',(10.0342243814063,11.0561773797918,-16.0846981584173));
#9996=CARTESIAN_POINT('Ctrl Pts',(3.07246294188214,14.6983976730864,-15.9155524804753));
#9997=CARTESIAN_POINT('Ctrl Pts',(-5.14066394277454,14.2024399200927,-15.7396409754155));
#9998=CARTESIAN_POINT('Ctrl Pts',(-12.0297642743517,9.13464132562053,-15.5569636432381));
#9999=CARTESIAN_POINT('Ctrl Pts',(-15.0607414715332,1.14079921635663,-15.3742863110606));
#10000=CARTESIAN_POINT('Ctrl Pts',(-13.2677325944039,-7.21874796357105,
-15.1916089788831));
#10001=CARTESIAN_POINT('Ctrl Pts',(-7.22279503440083,-13.2657004446493,
-15.0089316467057));
#10002=CARTESIAN_POINT('Ctrl Pts',(1.13643855943281,-15.0608873796401,-14.8262543145283));
#10003=CARTESIAN_POINT('Ctrl Pts',(9.13084908701541,-12.0328629174989,-14.6435769823508));
#10004=CARTESIAN_POINT('Ctrl Pts',(13.6379752843013,-5.9093596044017,-14.4811971315264));
#10005=CARTESIAN_POINT('Ctrl Pts',(14.6299340912125,0.509157089087802,-14.3391147620551));
#10006=CARTESIAN_POINT('Ctrl Pts',(12.9979928424199,7.7575285856542,-14.1767349112307));
#10007=CARTESIAN_POINT('Ctrl Pts',(5.96814544168329,14.6011101235439,-13.9737600977002));
#10008=CARTESIAN_POINT('Ctrl Pts',(-3.83783491559997,14.6440758744496,-13.7707852841697));
#10009=CARTESIAN_POINT('Ctrl Pts',(-10.0849229501759,10.6116656588405,-13.6084054333453));
#10010=CARTESIAN_POINT('Ctrl Pts',(-13.3265638933359,6.09157293937419,-13.486620545227));
#10011=CARTESIAN_POINT('Ctrl Pts',(-14.63234318965,0.670163818076842,-13.3648356571087));
#10012=CARTESIAN_POINT('Ctrl Pts',(-13.8273417901588,-4.83907953960708,
-13.2430507689905));
#10013=CARTESIAN_POINT('Ctrl Pts',(-11.0190354249012,-9.65047779219765,
-13.1212658808721));
#10014=CARTESIAN_POINT('Ctrl Pts',(-6.13290617714495,-13.4506096866041,
-12.9859493385185));
#10015=CARTESIAN_POINT('Ctrl Pts',(0.61512639004835,-14.9184115758858,-12.8371011419295));
#10016=CARTESIAN_POINT('Ctrl Pts',(7.82039291667293,-12.7184957228415,-12.6747212911051));
#10017=CARTESIAN_POINT('Ctrl Pts',(12.6030614400263,-7.73081301587241,-12.525873094516));
#10018=CARTESIAN_POINT('Ctrl Pts',(14.5226575396339,-1.85328349763984,-12.3905565521624));
#10019=CARTESIAN_POINT('Ctrl Pts',(14.0745393219709,5.56844080052911,-12.228176701338));
#10020=CARTESIAN_POINT('Ctrl Pts',(8.24443793705073,13.4436437416343,-12.0252018878075));
#10021=CARTESIAN_POINT('Ctrl Pts',(-3.37517767169649,15.4045564478379,-11.7816321115709));
#10022=CARTESIAN_POINT('Ctrl Pts',(-13.0987378454754,8.77250383464577,-11.5380623353343));
#10023=CARTESIAN_POINT('Ctrl Pts',(-15.5294863774186,-2.7436621706503,-11.2944925590977));
#10024=CARTESIAN_POINT('Ctrl Pts',(-9.2924274166181,-12.7418225121428,-11.0509227828611));
#10025=CARTESIAN_POINT('Ctrl Pts',(0.209126953361759,-15.1344598165563,
-10.8479479693307));
#10026=CARTESIAN_POINT('Ctrl Pts',(7.24285241901748,-12.7236516033613,-10.6855681185062));
#10027=CARTESIAN_POINT('Ctrl Pts',(11.9463303293084,-8.71023834859859,-10.5502515761526));
#10028=CARTESIAN_POINT('Ctrl Pts',(14.7391685623883,-2.39054097860172,-10.4014033795636));
#10029=CARTESIAN_POINT('Ctrl Pts',(14.0272971596077,5.1131165613834,-10.2390235287392));
#10030=CARTESIAN_POINT('Ctrl Pts',(9.74907873086911,11.3035940125213,-10.0766436779148));
#10031=CARTESIAN_POINT('Ctrl Pts',(2.22780721178331,15.012383397967,-9.89622162144322));
#10032=CARTESIAN_POINT('Ctrl Pts',(-5.40910870458522,13.943817107633,-9.73384177061885));
#10033=CARTESIAN_POINT('Ctrl Pts',(-11.3021982127556,9.4496483072353,-9.57146191979445));
#10034=CARTESIAN_POINT('Ctrl Pts',(-14.4987439537158,3.57694279661084,-9.42712427461722));
#10035=CARTESIAN_POINT('Ctrl Pts',(-14.394890998486,-3.96259697339389,-9.26474442379282));
#10036=CARTESIAN_POINT('Ctrl Pts',(-10.9414383150416,-9.94394347368473,
-9.1158962272038));
#10037=CARTESIAN_POINT('Ctrl Pts',(-5.83203085466186,-13.4289497837418,
-8.98057968485013));
#10038=CARTESIAN_POINT('Ctrl Pts',(1.41929108659887,-15.0691617578898,-8.81819983402575));
#10039=CARTESIAN_POINT('Ctrl Pts',(10.6091299478491,-11.6683533425523,-8.61522502049525));
#10040=CARTESIAN_POINT('Ctrl Pts',(15.7341955784434,-1.0582079893305,-8.37165524425866));
#10041=CARTESIAN_POINT('Ctrl Pts',(12.0796099221427,10.1312816287499,-8.12808546802206));
#10042=CARTESIAN_POINT('Ctrl Pts',(1.70012622421012,15.6772533499221,-7.88451569178549));
#10043=CARTESIAN_POINT('Ctrl Pts',(-9.64302310738847,12.4793899517129,-7.64094591554889));
#10044=CARTESIAN_POINT('Ctrl Pts',(-14.5916394347246,4.0223967573111,-7.4379711020184));
#10045=CARTESIAN_POINT('Ctrl Pts',(-14.2389375602132,-3.40424922849432,
-7.27559125119401));
#10046=CARTESIAN_POINT('Ctrl Pts',(-11.6992743073004,-9.04143414605522,
-7.14027470884034));
#10047=CARTESIAN_POINT('Ctrl Pts',(-6.40615756670568,-13.4862593109242,
-6.99142651225132));
#10048=CARTESIAN_POINT('Ctrl Pts',(0.990316132130822,-14.8972655104866,
-6.82904666142693));
#10049=CARTESIAN_POINT('Ctrl Pts',(7.54824087643731,-12.7137159608451,-6.6801984648379));
#10050=CARTESIAN_POINT('Ctrl Pts',(11.9850145167327,-8.4080228348515,-6.54488192248424));
#10051=CARTESIAN_POINT('Ctrl Pts',(15.0479058604035,-1.63284852966444,-6.38250207165986));
#10052=CARTESIAN_POINT('Ctrl Pts',(13.5596983047429,8.05199871791544,-6.17952725812935));
#10053=CARTESIAN_POINT('Ctrl Pts',(4.19322179663563,15.2022556907234,-5.93595748189277));
#10054=CARTESIAN_POINT('Ctrl Pts',(-7.50072297018791,13.8663038587581,-5.69238770565618));
#10055=CARTESIAN_POINT('Ctrl Pts',(-15.0184948744783,4.81006085140087,-5.44881792941959));
#10056=CARTESIAN_POINT('Ctrl Pts',(-14.159906349422,-6.94246080894055,-5.205248153183));
#10057=CARTESIAN_POINT('Ctrl Pts',(-6.86851737994931,-13.4880157714766,
-5.00227333965251));
#10058=CARTESIAN_POINT('Ctrl Pts',(0.478285609590588,-14.6325314329246,
-4.83989348882812));
#10059=CARTESIAN_POINT('Ctrl Pts',(6.50996832750122,-13.2749540276286,-4.70457694647446));
#10060=CARTESIAN_POINT('Ctrl Pts',(11.9267778994427,-8.98240168373604,-4.55572874988543));
#10061=CARTESIAN_POINT('Ctrl Pts',(14.7930831201856,-2.01720638403347,-4.39334889906104));
#10062=CARTESIAN_POINT('Ctrl Pts',(13.8948355895841,5.46389504945304,-4.23096904823664));
#10063=CARTESIAN_POINT('Ctrl Pts',(9.45813429137964,11.5532097361887,-4.06858919741226));
#10064=CARTESIAN_POINT('Ctrl Pts',(2.61261467007282,14.6998621865581,-3.90620934658786));
#10065=CARTESIAN_POINT('Ctrl Pts',(-4.89803648199174,14.104342041847,-3.74382949576347));
#10066=CARTESIAN_POINT('Ctrl Pts',(-11.1613647206165,9.91652561654576,-3.58144964493908));
#10067=CARTESIAN_POINT('Ctrl Pts',(-14.5829104788675,3.20433756594844,-3.41906979411468));
#10068=CARTESIAN_POINT('Ctrl Pts',(-14.2902610078805,-4.32429343129699,
-3.25668994329029));
#10069=CARTESIAN_POINT('Ctrl Pts',(-10.3597223112149,-10.7523819955984,
-3.0943100924659));
#10070=CARTESIAN_POINT('Ctrl Pts',(-3.79081804563437,-14.4400922190259,
-2.93193024164151));
#10071=CARTESIAN_POINT('Ctrl Pts',(4.05846534198731,-14.4565354602173,-2.76278456369943));
#10072=CARTESIAN_POINT('Ctrl Pts',(11.1189176866654,-10.2243456141739,-2.58687305863967));
#10073=CARTESIAN_POINT('Ctrl Pts',(14.8876108360178,-2.54823783563639,-2.40419572646223));
#10074=CARTESIAN_POINT('Ctrl Pts',(13.8863824620197,5.94186729239948,-2.22151839428479));
#10075=CARTESIAN_POINT('Ctrl Pts',(8.43554293191173,12.5293721040793,-2.03884106210734));
#10076=CARTESIAN_POINT('Ctrl Pts',(0.281893577982556,15.1015905239874,-1.8561637299299));
#10077=CARTESIAN_POINT('Ctrl Pts',(-7.96212005252877,12.8353272607699,-1.67348639775246));
#10078=CARTESIAN_POINT('Ctrl Pts',(-13.6549171915686,6.4562385553302,-1.49080906557502));
#10079=CARTESIAN_POINT('Ctrl Pts',(-14.972431785152,-1.99147922826212,-1.30813173339757));
#10080=CARTESIAN_POINT('Ctrl Pts',(-11.4925483577197,-9.80108544893295,
-1.12545440122013));
#10081=CARTESIAN_POINT('Ctrl Pts',(-4.33018010335445,-14.4703313292637,
-0.94277706904269));
#10082=CARTESIAN_POINT('Ctrl Pts',(4.21951227661611,-14.502840929742,-0.760099736865247));
#10083=CARTESIAN_POINT('Ctrl Pts',(11.4174756180368,-9.88876833000177,-0.577422404687805));
#10084=CARTESIAN_POINT('Ctrl Pts',(14.9565413680498,-2.10540911351255,-0.394745072510362));
#10085=CARTESIAN_POINT('Ctrl Pts',(13.7043182879871,6.35108468694014,-0.212067740332922));
#10086=CARTESIAN_POINT('Ctrl Pts',(8.0588948764368,12.7755814144673,-0.0293904081554794));
#10087=CARTESIAN_POINT('Ctrl Pts',(2.57692436741723,14.3247783058362,0.0923944799628136));
#10088=CARTESIAN_POINT('Ctrl Pts',(-0.15762663852032,14.2946244465916,0.153286924021961));
#10089=CARTESIAN_POINT('Ctrl Pts',(13.8982667697116,1.91806884173926,-20.1532872229759));
#10090=CARTESIAN_POINT('Ctrl Pts',(13.5313416286412,4.57679691931285,-20.0923947789168));
#10091=CARTESIAN_POINT('Ctrl Pts',(11.2333224601571,9.67355144693934,-19.9706098907985));
#10092=CARTESIAN_POINT('Ctrl Pts',(4.17928850967957,14.2226093159527,-19.787932558621));
#10093=CARTESIAN_POINT('Ctrl Pts',(-4.2106389939484,14.2128930621155,-19.6052552264436));
#10094=CARTESIAN_POINT('Ctrl Pts',(-11.2529999584881,9.64992264854078,-19.4225778942662));
#10095=CARTESIAN_POINT('Ctrl Pts',(-14.6888717945449,1.99453191510065,-19.2399005620887));
#10096=CARTESIAN_POINT('Ctrl Pts',(-13.4186269581856,-6.29972398511101,
-19.0572232299113));
#10097=CARTESIAN_POINT('Ctrl Pts',(-7.84852977222649,-12.5755569421554,
-18.8745458977338));
#10098=CARTESIAN_POINT('Ctrl Pts',(0.236120879784308,-14.8218862183802,
-18.6918685655564));
#10099=CARTESIAN_POINT('Ctrl Pts',(8.24544670947295,-12.3190868789074,-18.5091912333789));
#10100=CARTESIAN_POINT('Ctrl Pts',(13.6122241982999,-5.86895393779422,-18.3265139012015));
#10101=CARTESIAN_POINT('Ctrl Pts',(14.6184540052666,2.46155744594409,-18.1438365690241));
#10102=CARTESIAN_POINT('Ctrl Pts',(10.9386662202915,10.0035976536118,-17.9611592368466));
#10103=CARTESIAN_POINT('Ctrl Pts',(3.75781780506968,14.3398219497389,-17.7784819046692));
#10104=CARTESIAN_POINT('Ctrl Pts',(-4.63461114497792,14.0822506418002,-17.5958045724917));
#10105=CARTESIAN_POINT('Ctrl Pts',(-11.5275021656121,9.31073829679875,-17.4131272403143));
#10106=CARTESIAN_POINT('Ctrl Pts',(-15.1133128836758,0.697241457599653,
-17.2101524267838));
#10107=CARTESIAN_POINT('Ctrl Pts',(-12.2347282897398,-9.48914182339654,
-16.9868801319003));
#10108=CARTESIAN_POINT('Ctrl Pts',(-3.90386408937268,-14.3343320458047,
-16.7839053183698));
#10109=CARTESIAN_POINT('Ctrl Pts',(3.36671260985107,-13.9621319096036,-16.6215254675454));
#10110=CARTESIAN_POINT('Ctrl Pts',(10.0289643058428,-10.9690835709637,-16.4591456167209));
#10111=CARTESIAN_POINT('Ctrl Pts',(14.5034029252254,-3.95128096650821,-16.2832341116613));
#10112=CARTESIAN_POINT('Ctrl Pts',(13.8830013461569,4.67055364721326,-16.0937909523661));
#10113=CARTESIAN_POINT('Ctrl Pts',(9.8477032933124,10.8509909699102,-15.9314111015417));
#10114=CARTESIAN_POINT('Ctrl Pts',(3.01518181805677,14.4254639217442,-15.7622654235996));
#10115=CARTESIAN_POINT('Ctrl Pts',(-5.04540296568107,13.9385946712592,-15.5863539185399));
#10116=CARTESIAN_POINT('Ctrl Pts',(-11.8064829351759,8.96481283434996,-15.4036765863624));
#10117=CARTESIAN_POINT('Ctrl Pts',(-14.7810494478202,1.11938766961715,-15.220999254185));
#10118=CARTESIAN_POINT('Ctrl Pts',(-13.0212158047223,-7.08487874376359,
-15.0383219220075));
#10119=CARTESIAN_POINT('Ctrl Pts',(-7.08845504451713,-13.0194367163951,
-14.8556445898301));
#10120=CARTESIAN_POINT('Ctrl Pts',(1.11555710591742,-14.7811586930011,-14.6729672576527));
#10121=CARTESIAN_POINT('Ctrl Pts',(8.96144979389089,-11.8092516957016,-14.4902899254752));
#10122=CARTESIAN_POINT('Ctrl Pts',(13.3847780614072,-5.7994072689555,-14.3279100746508));
#10123=CARTESIAN_POINT('Ctrl Pts',(14.3582184486335,0.499919120863178,-14.1858277051795));
#10124=CARTESIAN_POINT('Ctrl Pts',(12.756477643182,7.61364907666482,-14.0234478543551));
#10125=CARTESIAN_POINT('Ctrl Pts',(5.85708697186301,14.3300263766483,-13.8204730408246));
#10126=CARTESIAN_POINT('Ctrl Pts',(-3.76677674539715,14.3720479599378,-13.6174982272941));
#10127=CARTESIAN_POINT('Ctrl Pts',(-9.8977833478437,10.4144347764078,-13.4551183764697));
#10128=CARTESIAN_POINT('Ctrl Pts',(-13.0791529390343,5.97824116954562,-13.3333334883514));
#10129=CARTESIAN_POINT('Ctrl Pts',(-14.3606003885577,0.657499328719747,
-13.2115486002331));
#10130=CARTESIAN_POINT('Ctrl Pts',(-13.5704673838166,-4.74941401428614,
-13.0897637121148));
#10131=CARTESIAN_POINT('Ctrl Pts',(-10.8142453231703,-9.47141280631017,
-12.9679788239965));
#10132=CARTESIAN_POINT('Ctrl Pts',(-6.01880491434403,-13.2008955623399,
-12.8326622816429));
#10133=CARTESIAN_POINT('Ctrl Pts',(0.603924654472806,-14.6413367314369,
-12.6838140850538));
#10134=CARTESIAN_POINT('Ctrl Pts',(7.67534172015587,-12.4821704243021,-12.5214342342295));
#10135=CARTESIAN_POINT('Ctrl Pts',(12.3691118592572,-7.58704796405825,-12.3725860376404));
#10136=CARTESIAN_POINT('Ctrl Pts',(14.2529694673491,-1.81864767096895,-12.2372694952868));
#10137=CARTESIAN_POINT('Ctrl Pts',(13.8130630729833,5.46523321790197,-12.0748896444624));
#10138=CARTESIAN_POINT('Ctrl Pts',(8.09112127817441,13.1940904718078,-11.8719148309319));
#10139=CARTESIAN_POINT('Ctrl Pts',(-3.31272333936798,15.1184117386584,-11.6283450546953));
#10140=CARTESIAN_POINT('Ctrl Pts',(-12.8555980628732,8.60938504535352,-11.3847752784587));
#10141=CARTESIAN_POINT('Ctrl Pts',(-15.2410308775292,-2.69293824639128,
-11.1412055022221));
#10142=CARTESIAN_POINT('Ctrl Pts',(-9.11965789556392,-12.5053191353827,
-10.8976357259855));
#10143=CARTESIAN_POINT('Ctrl Pts',(0.205468685953402,-14.853378564032,-10.694660912455));
#10144=CARTESIAN_POINT('Ctrl Pts',(7.10852741762832,-12.4872391604894,-10.5322810616306));
#10145=CARTESIAN_POINT('Ctrl Pts',(11.7245922028228,-8.54829313994763,-10.396964519277));
#10146=CARTESIAN_POINT('Ctrl Pts',(14.4654674442352,-2.34592394425429,-10.248116322688));
#10147=CARTESIAN_POINT('Ctrl Pts',(13.7667050838029,5.0183645846415,-10.0857364718636));
#10148=CARTESIAN_POINT('Ctrl Pts',(9.56784969671066,11.0938083140027,-9.92335662103917));
#10149=CARTESIAN_POINT('Ctrl Pts',(2.18620840555891,14.7336056904695,-9.74293456456761));
#10150=CARTESIAN_POINT('Ctrl Pts',(-5.30885829857419,13.6847710154004,-9.58055471374323));
#10151=CARTESIAN_POINT('Ctrl Pts',(-11.0924339726714,9.27398033444306,-9.41817486291883));
#10152=CARTESIAN_POINT('Ctrl Pts',(-14.2295257054289,3.51029541815791,-9.27383721774161));
#10153=CARTESIAN_POINT('Ctrl Pts',(-14.1274891009024,-3.88921799915582,
-9.11145736691719));
#10154=CARTESIAN_POINT('Ctrl Pts',(-10.7380849761791,-9.75942706784655,
-8.96260917032819));
#10155=CARTESIAN_POINT('Ctrl Pts',(-5.72351779011716,-13.1796334425642,
-8.82729262797451));
#10156=CARTESIAN_POINT('Ctrl Pts',(1.39315660162399,-14.789275181706,-8.66491277715013));
#10157=CARTESIAN_POINT('Ctrl Pts',(10.4122704953431,-11.4514897745455,-8.46193796361963));
#10158=CARTESIAN_POINT('Ctrl Pts',(15.4419948915091,-1.03832029097482,-8.21836818738304));
#10159=CARTESIAN_POINT('Ctrl Pts',(11.8551155958255,9.94330293686752,-7.97479841114644));
#10160=CARTESIAN_POINT('Ctrl Pts',(1.66831762923327,15.3861197684753,-7.73122863490987));
#10161=CARTESIAN_POINT('Ctrl Pts',(-9.46411834393498,12.2474781655022,-7.48765885867327));
#10162=CARTESIAN_POINT('Ctrl Pts',(-14.3207025673736,3.94747499498224,-7.28468404514278));
#10163=CARTESIAN_POINT('Ctrl Pts',(-13.9744403644817,-3.34123759827246,
-7.12230419431839));
#10164=CARTESIAN_POINT('Ctrl Pts',(-11.4818598471999,-8.87369049907704,
-6.98698765196472));
#10165=CARTESIAN_POINT('Ctrl Pts',(-6.28698093047406,-13.2358871737253,
-6.83813945537571));
#10166=CARTESIAN_POINT('Ctrl Pts',(0.972146033908742,-14.6205777980867,
-6.6757596045513));
#10167=CARTESIAN_POINT('Ctrl Pts',(7.40824403337519,-12.4774834900755,-6.52691140796228));
#10168=CARTESIAN_POINT('Ctrl Pts',(11.7625534391341,-8.25168981485635,-6.39159486560862));
#10169=CARTESIAN_POINT('Ctrl Pts',(14.768459556805,-1.60229880367146,-6.22921501478424));
#10170=CARTESIAN_POINT('Ctrl Pts',(13.3077466860425,7.90265866611554,-6.02624020125373));
#10171=CARTESIAN_POINT('Ctrl Pts',(4.1151183568347,14.919980967025,-5.78267042501715));
#10172=CARTESIAN_POINT('Ctrl Pts',(-7.3616258174819,13.6086661619251,-5.53910064878055));
#10173=CARTESIAN_POINT('Ctrl Pts',(-14.7396421650899,4.72050417792024,-5.29553087254397));
#10174=CARTESIAN_POINT('Ctrl Pts',(-13.8968241723288,-6.81373611356373,
-5.05196109630738));
#10175=CARTESIAN_POINT('Ctrl Pts',(-6.74075374215642,-13.2376179068682,
-4.84898628277689));
#10176=CARTESIAN_POINT('Ctrl Pts',(0.469621027139742,-14.3607680126393,
-4.6866064319525));
#10177=CARTESIAN_POINT('Ctrl Pts',(6.38926271510325,-13.028313688783,-4.55128988959883));
#10178=CARTESIAN_POINT('Ctrl Pts',(11.7054069598054,-8.81540213212438,-4.40244169300981));
#10179=CARTESIAN_POINT('Ctrl Pts',(14.5183751311545,-1.97952213927447,-4.24006184218541));
#10180=CARTESIAN_POINT('Ctrl Pts',(13.6366983683182,5.36262641771129,-4.07768199136103));
#10181=CARTESIAN_POINT('Ctrl Pts',(9.28230497383184,11.3387838209191,-3.91530214053663));
#10182=CARTESIAN_POINT('Ctrl Pts',(2.56387385528576,14.4268943799423,-3.75292228971224));
#10183=CARTESIAN_POINT('Ctrl Pts',(-4.80728013466185,13.8423222904659,-3.59054243888784));
#10184=CARTESIAN_POINT('Ctrl Pts',(-10.954223010002,9.73218886896001,-3.42816258806346));
#10185=CARTESIAN_POINT('Ctrl Pts',(-14.3121235291383,3.14460898024073,-3.26578273723906));
#10186=CARTESIAN_POINT('Ctrl Pts',(-14.0247969122203,-4.24419544780554,
-3.10340288641467));
#10187=CARTESIAN_POINT('Ctrl Pts',(-10.1671605847227,-10.5528425456991,
-2.94102303559028));
#10188=CARTESIAN_POINT('Ctrl Pts',(-3.72019943716446,-14.1719664432533,
-2.77864318476589));
#10189=CARTESIAN_POINT('Ctrl Pts',(3.983306813518,-14.1879872684572,-2.60949750682381));
#10190=CARTESIAN_POINT('Ctrl Pts',(10.9125688945459,-10.0342926472089,-2.43358600176405));
#10191=CARTESIAN_POINT('Ctrl Pts',(14.6111551898976,-2.50068983215232,-2.25090866958661));
#10192=CARTESIAN_POINT('Ctrl Pts',(13.6283951063039,5.83172160422845,-2.06823133740916));
#10193=CARTESIAN_POINT('Ctrl Pts',(8.27869069070121,12.2968015936327,-1.88555400523172));
#10194=CARTESIAN_POINT('Ctrl Pts',(0.276433071439703,14.8211270430234,-1.70287667305428));
#10195=CARTESIAN_POINT('Ctrl Pts',(-7.81443843271325,12.5968300464815,-1.52019934087684));
#10196=CARTESIAN_POINT('Ctrl Pts',(-13.4014134763545,6.33612929719379,-1.3375220086994));
#10197=CARTESIAN_POINT('Ctrl Pts',(-14.6943331528794,-1.95471658710144,
-1.15484467652195));
#10198=CARTESIAN_POINT('Ctrl Pts',(-11.2789618986524,-9.61923042819746,
-0.972167344344511));
#10199=CARTESIAN_POINT('Ctrl Pts',(-4.24954397814531,-14.201651992611,-0.789490012167068));
#10200=CARTESIAN_POINT('Ctrl Pts',(4.14136346480466,-14.2334303487343,-0.606812679989626));
#10201=CARTESIAN_POINT('Ctrl Pts',(11.2055769859566,-9.70494327391427,-0.424135347812182));
#10202=CARTESIAN_POINT('Ctrl Pts',(14.6787989372973,-2.06608432502681,-0.24145801563474));
#10203=CARTESIAN_POINT('Ctrl Pts',(13.4497061381612,6.23333627319592,-0.0587806834572998));
#10204=CARTESIAN_POINT('Ctrl Pts',(7.90903409554651,12.5384326735359,0.123896648720142));
#10205=CARTESIAN_POINT('Ctrl Pts',(2.52885198758205,14.0587760484321,0.245681536838435));
#10206=CARTESIAN_POINT('Ctrl Pts',(-0.154912316418959,14.0291414369498,
0.306573980897583));
#10207=CARTESIAN_POINT('Ctrl Pts',(13.6352322894854,1.88199379958088,-19.9999999999976));
#10208=CARTESIAN_POINT('Ctrl Pts',(13.2752082778703,4.49040357715709,-19.9391075559385));
#10209=CARTESIAN_POINT('Ctrl Pts',(11.0205944396585,9.49067301938736,-19.8173226678202));
#10210=CARTESIAN_POINT('Ctrl Pts',(4.09997501621591,13.9535343313796,-19.6346453356428));
#10211=CARTESIAN_POINT('Ctrl Pts',(-4.13118550679613,13.9438682059798,-19.4519680034653));
#10212=CARTESIAN_POINT('Ctrl Pts',(-11.0402075911365,9.46713292438183,-19.2692906712879));
#10213=CARTESIAN_POINT('Ctrl Pts',(-14.4109386646759,1.95655423908969,-19.0866133391104));
#10214=CARTESIAN_POINT('Ctrl Pts',(-13.1645990993701,-6.18072502904345,
-18.903936006933));
#10215=CARTESIAN_POINT('Ctrl Pts',(-7.69980763142467,-12.3377084480348,
-18.7212586747555));
#10216=CARTESIAN_POINT('Ctrl Pts',(0.231888909140632,-14.5414004324679,
-18.5385813425781));
#10217=CARTESIAN_POINT('Ctrl Pts',(8.08961033490265,-12.085835155921,-18.3559040104006));
#10218=CARTESIAN_POINT('Ctrl Pts',(13.3547267724597,-5.75767578338783,-18.1732266782232));
#10219=CARTESIAN_POINT('Ctrl Pts',(14.3417823957476,2.41520917494119,-17.9905493460458));
#10220=CARTESIAN_POINT('Ctrl Pts',(10.7315088677939,9.81446889857134,-17.8078720138683));
#10221=CARTESIAN_POINT('Ctrl Pts',(3.68647814551945,14.0685221730652,-17.6251946816909));
#10222=CARTESIAN_POINT('Ctrl Pts',(-4.54713253658016,13.8156912398451,-17.4425173495134));
#10223=CARTESIAN_POINT('Ctrl Pts',(-11.3095098480541,9.13436275341216,-17.259840017336));
#10224=CARTESIAN_POINT('Ctrl Pts',(-14.8273271621184,0.683806297016582,
-17.0568652038055));
#10225=CARTESIAN_POINT('Ctrl Pts',(-12.0030531021078,-9.30976903480931,
-16.833592908922));
#10226=CARTESIAN_POINT('Ctrl Pts',(-3.82976080986909,-14.0631384852792,
-16.6306180953915));
#10227=CARTESIAN_POINT('Ctrl Pts',(3.30322516961859,-13.6978657854968,-16.4682382445671));
#10228=CARTESIAN_POINT('Ctrl Pts',(9.83935600978457,-10.7613502112771,-16.3058583937427));
#10229=CARTESIAN_POINT('Ctrl Pts',(14.2290107070903,-3.87627769855313,-16.1299468886829));
#10230=CARTESIAN_POINT('Ctrl Pts',(13.6202118660967,4.58239170465333,-15.9405037293878));
#10231=CARTESIAN_POINT('Ctrl Pts',(9.66117727445233,10.6458091739807,-15.7781238785634));
#10232=CARTESIAN_POINT('Ctrl Pts',(2.95789406838148,14.1525316611291,-15.6089782006213));
#10233=CARTESIAN_POINT('Ctrl Pts',(-4.95014844674723,13.6747471955131,-15.4330666955616));
#10234=CARTESIAN_POINT('Ctrl Pts',(-11.5832058098144,8.79497896581987,-15.2503893633841));
#10235=CARTESIAN_POINT('Ctrl Pts',(-14.5013580437666,1.09796931984726,-15.0677120312067));
#10236=CARTESIAN_POINT('Ctrl Pts',(-12.7746958419295,-6.95101557372403,
-14.8850346990292));
#10237=CARTESIAN_POINT('Ctrl Pts',(-6.95410910526896,-12.7731763458861,
-14.7023573668518));
#10238=CARTESIAN_POINT('Ctrl Pts',(1.0946824711737,-14.5014295961841,-14.5196800346744));
#10239=CARTESIAN_POINT('Ctrl Pts',(8.7920560052899,-11.5856364275938,-14.3370027024969));
#10240=CARTESIAN_POINT('Ctrl Pts',(13.1315836048006,-5.68944880671881,-14.1746228516725));
#10241=CARTESIAN_POINT('Ctrl Pts',(14.0865026765856,0.490687772192082,-14.0325404822012));
#10242=CARTESIAN_POINT('Ctrl Pts',(12.5149590254009,7.46977549923248,-13.8701606313768));
#10243=CARTESIAN_POINT('Ctrl Pts',(5.74602194008242,14.0589454292467,-13.6671858178463));
#10244=CARTESIAN_POINT('Ctrl Pts',(-3.69572522407682,14.1000184107157,-13.4642110043158));
#10245=CARTESIAN_POINT('Ctrl Pts',(-9.71064861388869,10.2171994064118,-13.3018311534914));
#10246=CARTESIAN_POINT('Ctrl Pts',(-12.8317448313174,5.86490341503489,-13.1800462653731));
#10247=CARTESIAN_POINT('Ctrl Pts',(-14.0888579913443,0.644828226825663,
-13.0582613772548));
#10248=CARTESIAN_POINT('Ctrl Pts',(-13.3135908843617,-4.65975477540585,
-12.9364764891365));
#10249=CARTESIAN_POINT('Ctrl Pts',(-10.6094509331502,-9.29235287003773,
-12.8146916010182));
#10250=CARTESIAN_POINT('Ctrl Pts',(-5.90469761103846,-12.9511843041967,
-12.6793750586646));
#10251=CARTESIAN_POINT('Ctrl Pts',(0.592729669635524,-14.3642617115702,
-12.5305268620755));
#10252=CARTESIAN_POINT('Ctrl Pts',(7.53029632921555,-12.2458416768259,-12.3681470112512));
#10253=CARTESIAN_POINT('Ctrl Pts',(12.1351658613713,-7.44327726602989,-12.2192988146621));
#10254=CARTESIAN_POINT('Ctrl Pts',(13.9832823332152,-1.78400528952022,-12.0839822723085));
#10255=CARTESIAN_POINT('Ctrl Pts',(13.5515844028396,5.36203203855865,-11.9216024214841));
#10256=CARTESIAN_POINT('Ctrl Pts',(7.93779859645948,12.9445410229474,-11.7186276079536));
#10257=CARTESIAN_POINT('Ctrl Pts',(-3.25027599663899,14.8322656092693,-11.475057831717));
#10258=CARTESIAN_POINT('Ctrl Pts',(-12.6124623376946,8.44626039286772,-11.2314880554804));
#10259=CARTESIAN_POINT('Ctrl Pts',(-14.9525742438618,-2.64222136387488,
-10.9879182792438));
#10260=CARTESIAN_POINT('Ctrl Pts',(-8.94688267632181,-12.2688200487495,
-10.7443485030072));
#10261=CARTESIAN_POINT('Ctrl Pts',(0.201817264205108,-14.5722973211137,
-10.5413736894767));
#10262=CARTESIAN_POINT('Ctrl Pts',(6.9742082201224,-12.2508235298641,-10.3789938386524));
#10263=CARTESIAN_POINT('Ctrl Pts',(11.5028580976836,-8.38634258886272,-10.2436772962987));
#10264=CARTESIAN_POINT('Ctrl Pts',(14.1917675086794,-2.3013002608997,-10.0948290997097));
#10265=CARTESIAN_POINT('Ctrl Pts',(13.5061107923525,4.92361898664922,-9.93244924888526));
#10266=CARTESIAN_POINT('Ctrl Pts',(9.38661561788352,10.8840271021466,-9.77006939806088));
#10267=CARTESIAN_POINT('Ctrl Pts',(2.14460282568123,14.4548290938912,-9.58964734158932));
#10268=CARTESIAN_POINT('Ctrl Pts',(-5.20861423559675,13.425722573057,-9.42726749076494));
#10269=CARTESIAN_POINT('Ctrl Pts',(-10.8826740839103,9.09830731562429,-9.26488763994054));
#10270=CARTESIAN_POINT('Ctrl Pts',(-13.9603091745286,3.44364150760605,-9.12054999476331));
#10271=CARTESIAN_POINT('Ctrl Pts',(-13.8600855105043,-3.81584556199923,
-8.9581701439389));
#10272=CARTESIAN_POINT('Ctrl Pts',(-10.5347272158093,-9.57491567854942,
-8.80932194734989));
#10273=CARTESIAN_POINT('Ctrl Pts',(-5.6149986927801,-12.9303198312892,-8.67400540499622));
#10274=CARTESIAN_POINT('Ctrl Pts',(1.36702894110248,-14.5093880675834,-8.51162555417184));
#10275=CARTESIAN_POINT('Ctrl Pts',(10.2154163926818,-11.2346214891506,-8.30865074064133));
#10276=CARTESIAN_POINT('Ctrl Pts',(15.1497947915395,-1.01842548445367,-8.06508096440476));
#10277=CARTESIAN_POINT('Ctrl Pts',(11.6306167710473,9.75532977746198,-7.82151118816815));
#10278=CARTESIAN_POINT('Ctrl Pts',(1.63650195629808,15.0949870639259,-7.57794141193157));
#10279=CARTESIAN_POINT('Ctrl Pts',(-9.28521929049101,12.0155621044149,-7.33437163569497));
#10280=CARTESIAN_POINT('Ctrl Pts',(-14.0497676194907,3.87254666161425,-7.13139682216449));
#10281=CARTESIAN_POINT('Ctrl Pts',(-13.7099417273813,-3.27823243075564,
-6.96901697134009));
#10282=CARTESIAN_POINT('Ctrl Pts',(-11.2644413788833,-8.70595220511933,
-6.83370042898644));
#10283=CARTESIAN_POINT('Ctrl Pts',(-6.16779823952776,-12.9855180264549,
-6.6848522323974));
#10284=CARTESIAN_POINT('Ctrl Pts',(0.953982679487167,-14.3438897405258,
-6.52247238157302));
#10285=CARTESIAN_POINT('Ctrl Pts',(7.26825299179112,-12.2412476933383,-6.37362418498399));
#10286=CARTESIAN_POINT('Ctrl Pts',(11.5400962464383,-8.09535143283018,-6.23830764263032));
#10287=CARTESIAN_POINT('Ctrl Pts',(14.4890140953805,-1.57174228386498,-6.07592779180595));
#10288=CARTESIAN_POINT('Ctrl Pts',(13.0557915193722,7.75332480186952,-5.87295297827543));
#10289=CARTESIAN_POINT('Ctrl Pts',(4.03700807106483,14.6377082443522,-5.62938320203887));
#10290=CARTESIAN_POINT('Ctrl Pts',(-7.22253498719745,13.3510251685772,-5.38581342580225));
#10291=CARTESIAN_POINT('Ctrl Pts',(-14.4607917343955,4.63094074581587,-5.14224364956569));
#10292=CARTESIAN_POINT('Ctrl Pts',(-13.6337389532378,-6.68501786956293,
-4.89867387332908));
#10293=CARTESIAN_POINT('Ctrl Pts',(-6.61298405198969,-12.9872232412399,
-4.6956990597986));
#10294=CARTESIAN_POINT('Ctrl Pts',(0.460963065213112,-14.0890044768718,
-4.5333192089742));
#10295=CARTESIAN_POINT('Ctrl Pts',(6.26856315087857,-12.7816704974428,-4.39800266662055));
#10296=CARTESIAN_POINT('Ctrl Pts',(11.4840401644168,-8.64839724874443,-4.24915447003152));
#10297=CARTESIAN_POINT('Ctrl Pts',(14.243668156286,-1.94183121860203,-4.08677461920712));
#10298=CARTESIAN_POINT('Ctrl Pts',(13.3785587717998,5.2613641072795,-3.92439476838274));
#10299=CARTESIAN_POINT('Ctrl Pts',(9.10647049681586,11.1243622624288,-3.76201491755834));
#10300=CARTESIAN_POINT('Ctrl Pts',(2.51512641077172,14.1539278561371,-3.59963506673395));
#10301=CARTESIAN_POINT('Ctrl Pts',(-4.71653019943444,13.5803004212373,-3.43725521590955));
#10302=CARTESIAN_POINT('Ctrl Pts',(-10.7470858607722,9.54784714215688,-3.27487536508516));
#10303=CARTESIAN_POINT('Ctrl Pts',(-14.0413381290523,3.08487382186828,-3.11249551426077));
#10304=CARTESIAN_POINT('Ctrl Pts',(-13.7593309593404,-4.16410395657407,
-2.95011566343637));
#10305=CARTESIAN_POINT('Ctrl Pts',(-9.97459406718692,-10.3533078548566,
-2.78773581261199));
#10306=CARTESIAN_POINT('Ctrl Pts',(-3.64957432454015,-13.9038424812578,
-2.62535596178759));
#10307=CARTESIAN_POINT('Ctrl Pts',(3.90815485062844,-13.9194373409647,-2.45621028384552));
#10308=CARTESIAN_POINT('Ctrl Pts',(10.7062248027773,-9.84423472238749,-2.28029877878576));
#10309=CARTESIAN_POINT('Ctrl Pts',(14.3347007987194,-2.45313511363677,-2.09762144660832));
#10310=CARTESIAN_POINT('Ctrl Pts',(13.3704051591819,5.72158223680498,-1.91494411443088));
#10311=CARTESIAN_POINT('Ctrl Pts',(8.12183284147254,12.064234984291,-1.73226678225343));
#10312=CARTESIAN_POINT('Ctrl Pts',(0.27096573747984,14.5406637935806,-1.54958945007599));
#10313=CARTESIAN_POINT('Ctrl Pts',(-7.66676267224468,12.3583293199257,-1.36691211789855));
#10314=CARTESIAN_POINT('Ctrl Pts',(-13.1479127749042,6.21601390840493,-1.18423478572111));
#10315=CARTESIAN_POINT('Ctrl Pts',(-14.4162337231548,-1.91796073061636,
-1.00155745354366));
#10316=CARTESIAN_POINT('Ctrl Pts',(-11.0653710864365,-9.43738067222657,
-0.81888012136622));
#10317=CARTESIAN_POINT('Ctrl Pts',(-4.16890133888204,-13.9329747138945,
-0.636202789188776));
#10318=CARTESIAN_POINT('Ctrl Pts',(4.06322124065359,-13.9640179594269,-0.453525457011335));
#10319=CARTESIAN_POINT('Ctrl Pts',(10.9936829045082,-9.52111312271759,-0.270848124833892));
#10320=CARTESIAN_POINT('Ctrl Pts',(14.4010575617169,-2.02675278715547,-0.0881707926564494));
#10321=CARTESIAN_POINT('Ctrl Pts',(13.1950912105973,6.11559410043319,0.0945065395209912));
#10322=CARTESIAN_POINT('Ctrl Pts',(7.75916759273202,12.3012876656022,0.277183871698433));
#10323=CARTESIAN_POINT('Ctrl Pts',(2.48077314739226,13.7927750542724,0.398968759816726));
#10324=CARTESIAN_POINT('Ctrl Pts',(-0.152204459863958,13.7636584545056,
0.459861203875874));
#10325=CARTESIAN_POINT('Ctrl Pts',(13.6332558744351,1.88150727185927,-6.7168492989822E-15));
#10326=CARTESIAN_POINT('Ctrl Pts',(13.6025798425896,2.19593101801236,-6.44073381586409E-15));
#10327=CARTESIAN_POINT('Ctrl Pts',(13.5612811259955,2.50881448826788,-1.92577850478157E-11));
#10328=CARTESIAN_POINT('Ctrl Pts',(13.5095312351456,2.81960154546771,-5.3848925318789E-11));
#10329=CARTESIAN_POINT('Ctrl Pts',(13.4571930181755,3.13392183028561,-8.883331997187E-11));
#10330=CARTESIAN_POINT('Ctrl Pts',(13.3941646853517,3.446098357764,-1.39505860765316E-10));
#10331=CARTESIAN_POINT('Ctrl Pts',(13.3205711495931,3.75556347928493,-1.99877281392702E-10));
#10332=CARTESIAN_POINT('Ctrl Pts',(13.2469474328538,4.06515551359455,-2.6027346056254E-10));
#10333=CARTESIAN_POINT('Ctrl Pts',(13.1627497994587,4.37203453612311,-3.30368387676896E-10));
#10334=CARTESIAN_POINT('Ctrl Pts',(13.0680512423784,4.67563068026778,-4.02249900055551E-10));
#10335=CARTESIAN_POINT('Ctrl Pts',(12.9740918028503,4.97685727152994,-4.73570380786932E-10));
#10336=CARTESIAN_POINT('Ctrl Pts',(12.8697946129669,5.27485262237581,-5.46646271374382E-10));
#10337=CARTESIAN_POINT('Ctrl Pts',(12.75518095478,5.56904959114961,-6.11950656814741E-10));
#10338=CARTESIAN_POINT('Ctrl Pts',(12.7174679055319,5.665853627837,-6.3343873723367E-10));
#10339=CARTESIAN_POINT('Ctrl Pts',(12.6786374877007,5.76224628819263,-6.54074625087102E-10));
#10340=CARTESIAN_POINT('Ctrl Pts',(12.6386892903735,5.8582069480808,-6.73471001189085E-10));
#10341=CARTESIAN_POINT('Ctrl Pts',(12.5166280005522,6.15141371839171,-7.32736416565959E-10));
#10342=CARTESIAN_POINT('Ctrl Pts',(12.3841344868935,6.44058921506907,-7.8058780222287E-10));
#10343=CARTESIAN_POINT('Ctrl Pts',(12.2415549982822,6.72530420825214,-8.05007116522205E-10));
#10344=CARTESIAN_POINT('Ctrl Pts',(12.1924647692948,6.82333180217645,-8.1341470545626E-10));
#10345=CARTESIAN_POINT('Ctrl Pts',(12.1421785237362,6.92083040859099,-8.19028262206047E-10));
#10346=CARTESIAN_POINT('Ctrl Pts',(12.0907091892143,7.01778174047286,-8.21311019194582E-10));
#10347=CARTESIAN_POINT('Ctrl Pts',(12.0067379376073,7.17595601567387,-8.2503629962975E-10));
#10348=CARTESIAN_POINT('Ctrl Pts',(11.9197757029854,7.33237641681948,-3.44184978827024E-10));
#10349=CARTESIAN_POINT('Ctrl Pts',(11.8299105766758,7.48697762558607,-9.49138545536243E-11));
#10350=CARTESIAN_POINT('Ctrl Pts',(13.6352322894854,1.8819937995809,-19.9999999999976));
#10351=CARTESIAN_POINT('Ctrl Pts',(13.2752082778703,4.49040357715711,-19.9391075559385));
#10352=CARTESIAN_POINT('Ctrl Pts',(12.1479013587644,6.99053829827223,-19.8782151118793));
#10353=CARTESIAN_POINT('Ctrl Pts',(10.4308113286377,8.98441587749517,-19.8173226678202));
#10354=CARTESIAN_POINT('Ctrl Pts',(8.71372129851097,10.9782934567181,-19.756430223761));
#10355=CARTESIAN_POINT('Ctrl Pts',(6.40684815736344,12.4659138940489,-19.6955377797019));
#10356=CARTESIAN_POINT('Ctrl Pts',(3.88155149962101,13.2081130918143,-19.6346453356428));
#10357=CARTESIAN_POINT('Ctrl Pts',(1.35625484187856,13.9503122895797,-19.5737528915836));
#10358=CARTESIAN_POINT('Ctrl Pts',(-1.3874653324588,13.9470902477797,-19.5128604475244));
#10359=CARTESIAN_POINT('Ctrl Pts',(-3.91082910035087,13.1993566799467,-19.4519680034653));
#10360=CARTESIAN_POINT('Ctrl Pts',(-6.43419286824292,12.4516231121138,-19.3910755594061));
#10361=CARTESIAN_POINT('Ctrl Pts',(-8.73720022968969,10.9593780182478,-19.330183115347));
#10362=CARTESIAN_POINT('Ctrl Pts',(-10.4504924226696,8.96149235709946,-19.2692906712879));
#10363=CARTESIAN_POINT('Ctrl Pts',(-12.1637846156496,6.96360669595111,-19.2083982272287));
#10364=CARTESIAN_POINT('Ctrl Pts',(-13.2873616401627,4.4600804675204,-19.1475057831696));
#10365=CARTESIAN_POINT('Ctrl Pts',(-13.641426891535,1.85210414194952,-19.0866133391104));
#10366=CARTESIAN_POINT('Ctrl Pts',(-13.7246816606683,1.23886557632087,-19.0722951128726));
#10367=CARTESIAN_POINT('Ctrl Pts',(-13.7653896302085,0.619851897814661,
-19.0579768866347));
#10368=CARTESIAN_POINT('Ctrl Pts',(-13.7644145418833,0.000712042111044221,
-19.0436586603969));
#10369=CARTESIAN_POINT('Origin',(0.,0.,-23.69717978381));
#10370=CARTESIAN_POINT('Origin',(0.,0.,0.));
#10371=CARTESIAN_POINT('',(-11.75,1.43895998899814E-15,0.));
#10372=CARTESIAN_POINT('',(-11.75,1.43895998899814E-15,0.));
#10373=CARTESIAN_POINT('Origin',(0.,0.,0.));
#10374=CARTESIAN_POINT('Origin',(0.,0.,0.));
#10375=CARTESIAN_POINT('Origin',(0.,0.,0.));
#10376=CARTESIAN_POINT('Origin',(0.,0.,0.));
#10377=CARTESIAN_POINT('Origin',(-11.,13.,87.8548332189717));
#10378=CARTESIAN_POINT('',(-2.24999999999999,-5.,87.8548332189717));
#10379=CARTESIAN_POINT('',(-5.,-5.,87.8548332189717));
#10380=CARTESIAN_POINT('',(8.,-5.,87.8548332189717));
#10381=CARTESIAN_POINT('',(-5.,-7.5,87.8548332189717));
#10382=CARTESIAN_POINT('',(-5.,4.5,87.8548332189717));
#10383=CARTESIAN_POINT('',(-2.24999999999999,-7.5,87.8548332189717));
#10384=CARTESIAN_POINT('',(-0.499999999999985,-7.5,87.8548332189717));
#10385=CARTESIAN_POINT('',(-2.24999999999999,-4.5,87.8548332189717));
#10386=CARTESIAN_POINT('Origin',(-11.,13.,87.8548332189717));
#10387=CARTESIAN_POINT('',(-5.74999999999999,13.,87.8548332189717));
#10388=CARTESIAN_POINT('Origin',(-11.,13.,87.8548332189717));
#10389=CARTESIAN_POINT('',(4.75000000000001,1.00000000000001,87.8548332189717));
#10390=CARTESIAN_POINT('',(4.75000000000002,13.,87.8548332189717));
#10391=CARTESIAN_POINT('',(-5.74999999999999,1.,87.8548332189717));
#10392=CARTESIAN_POINT('Origin',(-11.,13.,87.8548332189717));
#10393=CARTESIAN_POINT('',(1.25000000000002,-5.,87.8548332189717));
#10394=CARTESIAN_POINT('',(8.,-5.,87.8548332189717));
#10395=CARTESIAN_POINT('',(1.25000000000002,-7.5,87.8548332189717));
#10396=CARTESIAN_POINT('',(1.25000000000002,-4.5,87.8548332189717));
#10397=CARTESIAN_POINT('',(-0.499999999999985,-7.5,87.8548332189717));
#10398=CARTESIAN_POINT('Origin',(-11.,13.,12.8548332189717));
#10399=CARTESIAN_POINT('',(1.25000000000002,-7.5,12.8548332189717));
#10400=CARTESIAN_POINT('',(-0.49999999999998,-7.5,12.8548332189717));
#10401=CARTESIAN_POINT('',(1.25000000000002,-5.,12.8548332189717));
#10402=CARTESIAN_POINT('',(1.25000000000002,-4.5,12.8548332189717));
#10403=CARTESIAN_POINT('',(-3.,-5.,12.8548332189717));
#10404=CARTESIAN_POINT('Origin',(-11.,13.,12.8548332189717));
#10405=CARTESIAN_POINT('',(-5.,-7.5,12.8548332189717));
#10406=CARTESIAN_POINT('',(-5.,-5.,12.8548332189717));
#10407=CARTESIAN_POINT('',(-5.,4.5,12.8548332189717));
#10408=CARTESIAN_POINT('',(-2.24999999999998,-5.,12.8548332189717));
#10409=CARTESIAN_POINT('',(-3.,-5.,12.8548332189717));
#10410=CARTESIAN_POINT('',(-2.24999999999998,-7.5,12.8548332189717));
#10411=CARTESIAN_POINT('',(-2.24999999999998,-4.5,12.8548332189717));
#10412=CARTESIAN_POINT('',(-0.49999999999998,-7.5,12.8548332189717));
#10413=CARTESIAN_POINT('Origin',(-2.00522406003006,9.,52.1063370922261));
#10414=CARTESIAN_POINT('',(4.75000000000002,9.,87.8548332189717));
#10415=CARTESIAN_POINT('',(4.75000000000002,9.,32.4805851555989));
#10416=CARTESIAN_POINT('',(8.33333333333335,9.,87.8548332189717));
#10417=CARTESIAN_POINT('',(4.49738796998497,9.00000000000001,87.8548332189717));
#10418=CARTESIAN_POINT('',(8.33333333333335,9.,84.8548332189717));
#10419=CARTESIAN_POINT('',(8.33333333333335,9.,32.4805851555989));
#10420=CARTESIAN_POINT('',(3.99738796998497,9.,84.8548332189717));
#10421=CARTESIAN_POINT('Origin',(-2.00522406003006,9.,52.1063370922261));
#10422=CARTESIAN_POINT('',(4.75000000000002,9.,15.8548332189717));
#10423=CARTESIAN_POINT('',(4.75000000000002,9.,32.4805851555989));
#10424=CARTESIAN_POINT('',(8.33333333333335,9.,15.8548332189717));
#10425=CARTESIAN_POINT('',(3.99738796998498,9.,15.8548332189717));
#10426=CARTESIAN_POINT('',(8.33333333333335,9.,12.8548332189717));
#10427=CARTESIAN_POINT('',(8.33333333333335,9.,32.4805851555989));
#10428=CARTESIAN_POINT('',(-6.50261203001503,9.00000000000001,12.8548332189717));
#10429=CARTESIAN_POINT('Origin',(-2.00522406003006,9.,52.1063370922261));
#10430=CARTESIAN_POINT('',(-5.74999999999999,9.,84.8548332189717));
#10431=CARTESIAN_POINT('',(-5.74999999999998,9.,32.4805851555989));
#10432=CARTESIAN_POINT('',(-9.33333333333333,9.,84.8548332189717));
#10433=CARTESIAN_POINT('',(3.99738796998497,9.,84.8548332189717));
#10434=CARTESIAN_POINT('',(-9.33333333333332,9.,87.8548332189717));
#10435=CARTESIAN_POINT('',(-9.33333333333332,9.,32.4805851555989));
#10436=CARTESIAN_POINT('',(-5.74999999999999,9.,87.8548332189717));
#10437=CARTESIAN_POINT('',(4.49738796998497,9.00000000000001,87.8548332189717));
#10438=CARTESIAN_POINT('',(-5.74999999999998,9.,32.4805851555989));
#10439=CARTESIAN_POINT('Origin',(-2.00522406003006,9.,52.1063370922261));
#10440=CARTESIAN_POINT('',(-5.74999999999998,9.,12.8548332189717));
#10441=CARTESIAN_POINT('',(-5.74999999999998,9.,32.4805851555989));
#10442=CARTESIAN_POINT('',(-9.33333333333331,9.,12.8548332189717));
#10443=CARTESIAN_POINT('',(-6.50261203001503,9.00000000000001,12.8548332189717));
#10444=CARTESIAN_POINT('',(-9.33333333333332,9.,15.8548332189717));
#10445=CARTESIAN_POINT('',(-9.33333333333332,9.,32.4805851555989));
#10446=CARTESIAN_POINT('',(3.99738796998498,9.,15.8548332189717));
#10447=CARTESIAN_POINT('Origin',(10.,-8.,15.8548332189717));
#10448=CARTESIAN_POINT('',(-11.,4.,15.8548332189717));
#10449=CARTESIAN_POINT('',(-12.5,-0.499999999999995,15.8548332189717));
#10450=CARTESIAN_POINT('',(-11.,3.,15.8548332189717));
#10451=CARTESIAN_POINT('',(-11.,3.,15.8548332189718));
#10452=CARTESIAN_POINT('',(-9.98683298050512,3.,15.8548332189717));
#10453=CARTESIAN_POINT('',(10.,3.,15.8548332189717));
#10454=CARTESIAN_POINT('',(-2.24999999999998,-5.83742469849155,15.8548332189717));
#10455=CARTESIAN_POINT('Origin',(-0.49999999999998,3.5,15.8548332189717));
#10456=CARTESIAN_POINT('',(-2.24999999999998,1.,15.8548332189717));
#10457=CARTESIAN_POINT('',(-2.24999999999998,-8.,15.8548332189717));
#10458=CARTESIAN_POINT('',(-5.74999999999998,1.,15.8548332189717));
#10459=CARTESIAN_POINT('Origin',(-7.99999999999998,13.,12.8548332189717));
#10460=CARTESIAN_POINT('',(-11.,4.,12.8548332189717));
#10461=CARTESIAN_POINT('',(-7.99999999999998,13.,12.8548332189717));
#10462=CARTESIAN_POINT('',(-11.,3.99999999999995,50.3548332189717));
#10463=CARTESIAN_POINT('Origin',(-5.74999999999998,13.,12.8548332189717));
#10464=CARTESIAN_POINT('',(-5.74999999999999,1.,84.8548332189717));
#10465=CARTESIAN_POINT('',(-5.74999999999998,1.,12.8548332189717));
#10466=CARTESIAN_POINT('',(-5.74999999999999,-8.,84.8548332189717));
#10467=CARTESIAN_POINT('Origin',(4.75000000000002,13.,12.8548332189717));
#10468=CARTESIAN_POINT('',(4.75000000000002,1.00000000000001,15.8548332189717));
#10469=CARTESIAN_POINT('',(4.75000000000002,1.00000000000001,12.8548332189717));
#10470=CARTESIAN_POINT('',(4.75000000000002,-8.,15.8548332189717));
#10471=CARTESIAN_POINT('Origin',(10.,-8.,84.8548332189717));
#10472=CARTESIAN_POINT('',(10.,4.,84.8548332189717));
#10473=CARTESIAN_POINT('',(13.6,-6.8,84.8548332189717));
#10474=CARTESIAN_POINT('',(10.,3.,84.8548332189717));
#10475=CARTESIAN_POINT('',(10.,-8.,84.8548332189717));
#10476=CARTESIAN_POINT('',(8.98683298050515,3.,84.8548332189717));
#10477=CARTESIAN_POINT('',(10.,3.,84.8548332189717));
#10478=CARTESIAN_POINT('',(1.25000000000001,-5.83742469849155,84.8548332189717));
#10479=CARTESIAN_POINT('Origin',(-0.499999999999985,3.5,84.8548332189717));
#10480=CARTESIAN_POINT('',(1.25000000000002,1.,84.8548332189717));
#10481=CARTESIAN_POINT('',(1.25000000000002,-8.,84.8548332189717));
#10482=CARTESIAN_POINT('',(-5.74999999999999,1.,84.8548332189717));
#10483=CARTESIAN_POINT('Origin',(7.00000000000002,13.,12.8548332189717));
#10484=CARTESIAN_POINT('',(10.,4.,87.8548332189717));
#10485=CARTESIAN_POINT('',(7.05000000000001,12.85,87.8548332189717));
#10486=CARTESIAN_POINT('',(10.,4.,12.8548332189717));
#10487=CARTESIAN_POINT('Origin',(-0.499999999999994,-3.5,77.3548332189717));
#10488=CARTESIAN_POINT('',(2.25,-5.59326673973661,77.3548332189717));
#10489=CARTESIAN_POINT('',(-3.24999999999999,-5.5932667397366,77.3548332189717));
#10490=CARTESIAN_POINT('Ctrl Pts',(2.25,-5.59326673973661,77.3548332189718));
#10491=CARTESIAN_POINT('Ctrl Pts',(2.25,-5.59326673973661,77.0073366976603));
#10492=CARTESIAN_POINT('Ctrl Pts',(2.18014374517921,-5.61526882005357,76.6381401415772));
#10493=CARTESIAN_POINT('Ctrl Pts',(1.89890370795695,-5.69328865913628,75.9612474122392));
#10494=CARTESIAN_POINT('Ctrl Pts',(1.68761777617537,-5.74802666875614,75.6533636986211));
#10495=CARTESIAN_POINT('Ctrl Pts',(1.20153190619793,-5.849675198737,75.1672778286437));
#10496=CARTESIAN_POINT('Ctrl Pts',(0.893622697977881,-5.90339427846968,
74.9559435091576));
#10497=CARTESIAN_POINT('Ctrl Pts',(0.216637818739382,-5.97905261147507,
74.6746678442663));
#10498=CARTESIAN_POINT('Ctrl Pts',(-0.152592664917838,-6.,74.6048332189717));
#10499=CARTESIAN_POINT('Ctrl Pts',(-0.847407335082151,-6.,74.6048332189717));
#10500=CARTESIAN_POINT('Ctrl Pts',(-1.21663781873937,-5.97905261147507,
74.6746678442663));
#10501=CARTESIAN_POINT('Ctrl Pts',(-1.89362269797787,-5.90339427846968,
74.9559435091576));
#10502=CARTESIAN_POINT('Ctrl Pts',(-2.20153190619792,-5.849675198737,75.1672778286437));
#10503=CARTESIAN_POINT('Ctrl Pts',(-2.68761777617536,-5.74802666875613,
75.6533636986211));
#10504=CARTESIAN_POINT('Ctrl Pts',(-2.89890370795694,-5.69328865913627,
75.9612474122392));
#10505=CARTESIAN_POINT('Ctrl Pts',(-3.1801437451792,-5.61526882005357,76.6381401415771));
#10506=CARTESIAN_POINT('Ctrl Pts',(-3.24999999999999,-5.5932667397366,77.0073366976603));
#10507=CARTESIAN_POINT('Ctrl Pts',(-3.24999999999999,-5.5932667397366,77.3548332189717));
#10508=CARTESIAN_POINT('',(-3.24999999999999,-6.5,77.3548332189717));
#10509=CARTESIAN_POINT('',(-3.24999999999999,-3.5,77.3548332189717));
#10510=CARTESIAN_POINT('Origin',(-0.499999999999994,-6.5,77.3548332189717));
#10511=CARTESIAN_POINT('Ctrl Pts',(-3.24999999999999,-5.5932667397366,77.3548332189717));
#10512=CARTESIAN_POINT('Ctrl Pts',(-3.24999999999999,-5.5932667397366,77.7023297402832));
#10513=CARTESIAN_POINT('Ctrl Pts',(-3.1801437451792,-5.61526882005357,78.0715262963663));
#10514=CARTESIAN_POINT('Ctrl Pts',(-2.89890370795694,-5.69328865913627,
78.7484190257043));
#10515=CARTESIAN_POINT('Ctrl Pts',(-2.68761777617536,-5.74802666875613,
79.0563027393224));
#10516=CARTESIAN_POINT('Ctrl Pts',(-2.20153190619792,-5.849675198737,79.5423886092998));
#10517=CARTESIAN_POINT('Ctrl Pts',(-1.89362269797787,-5.90339427846968,
79.7537229287859));
#10518=CARTESIAN_POINT('Ctrl Pts',(-1.21663781873937,-5.97905261147507,
80.0349985936772));
#10519=CARTESIAN_POINT('Ctrl Pts',(-0.84740733508215,-6.,80.1048332189717));
#10520=CARTESIAN_POINT('Ctrl Pts',(-0.152592664917836,-6.,80.1048332189717));
#10521=CARTESIAN_POINT('Ctrl Pts',(0.216637818739384,-5.97905261147507,
80.0349985936772));
#10522=CARTESIAN_POINT('Ctrl Pts',(0.893622697977882,-5.90339427846968,
79.7537229287859));
#10523=CARTESIAN_POINT('Ctrl Pts',(1.20153190619793,-5.849675198737,79.5423886092998));
#10524=CARTESIAN_POINT('Ctrl Pts',(1.68761777617537,-5.74802666875614,79.0563027393224));
#10525=CARTESIAN_POINT('Ctrl Pts',(1.89890370795696,-5.69328865913627,78.7484190257043));
#10526=CARTESIAN_POINT('Ctrl Pts',(2.18014374517921,-5.61526882005357,78.0715262963663));
#10527=CARTESIAN_POINT('Ctrl Pts',(2.25,-5.59326673973661,77.7023297402832));
#10528=CARTESIAN_POINT('Ctrl Pts',(2.25,-5.59326673973661,77.3548332189717));
#10529=CARTESIAN_POINT('Origin',(-0.499999999999981,-3.5,23.3548332189717));
#10530=CARTESIAN_POINT('',(1.38745860881771,-5.81061222476803,25.3548332189717));
#10531=CARTESIAN_POINT('',(-2.38745860881768,-5.81061222476803,25.3548332189717));
#10532=CARTESIAN_POINT('Ctrl Pts',(1.38745860881807,-5.81061222476796,25.3548332189714));
#10533=CARTESIAN_POINT('Ctrl Pts',(1.40684817175669,-5.80668154903942,25.3365347202265));
#10534=CARTESIAN_POINT('Ctrl Pts',(1.42587950323323,-5.80276043562234,25.3180410122646));
#10535=CARTESIAN_POINT('Ctrl Pts',(1.68761777617539,-5.74802666875614,25.0563027393224));
#10536=CARTESIAN_POINT('Ctrl Pts',(1.89890370795696,-5.69328865913627,24.7484190257043));
#10537=CARTESIAN_POINT('Ctrl Pts',(2.18014374517922,-5.61526882005357,24.0715262963663));
#10538=CARTESIAN_POINT('Ctrl Pts',(2.25000000000002,-5.5932667397366,23.7023297402832));
#10539=CARTESIAN_POINT('Ctrl Pts',(2.25000000000002,-5.5932667397366,23.0073366976603));
#10540=CARTESIAN_POINT('Ctrl Pts',(2.18014374517922,-5.61526882005357,22.6381401415771));
#10541=CARTESIAN_POINT('Ctrl Pts',(1.89890370795696,-5.69328865913627,21.9612474122392));
#10542=CARTESIAN_POINT('Ctrl Pts',(1.68761777617538,-5.74802666875614,21.6533636986211));
#10543=CARTESIAN_POINT('Ctrl Pts',(1.20153190619794,-5.849675198737,21.1672778286437));
#10544=CARTESIAN_POINT('Ctrl Pts',(0.893622697977892,-5.90339427846968,
20.9559435091576));
#10545=CARTESIAN_POINT('Ctrl Pts',(0.216637818739392,-5.97905261147507,
20.6746678442663));
#10546=CARTESIAN_POINT('Ctrl Pts',(-0.152592664917825,-6.,20.6048332189717));
#10547=CARTESIAN_POINT('Ctrl Pts',(-0.847407335082138,-6.,20.6048332189717));
#10548=CARTESIAN_POINT('Ctrl Pts',(-1.21663781873935,-5.97905261147507,
20.6746678442663));
#10549=CARTESIAN_POINT('Ctrl Pts',(-1.89362269797786,-5.90339427846968,
20.9559435091576));
#10550=CARTESIAN_POINT('Ctrl Pts',(-2.20153190619791,-5.849675198737,21.1672778286437));
#10551=CARTESIAN_POINT('Ctrl Pts',(-2.68761777617535,-5.74802666875614,
21.6533636986211));
#10552=CARTESIAN_POINT('Ctrl Pts',(-2.89890370795693,-5.69328865913627,
21.9612474122392));
#10553=CARTESIAN_POINT('Ctrl Pts',(-3.18014374517918,-5.61526882005357,
22.6381401415771));
#10554=CARTESIAN_POINT('Ctrl Pts',(-3.24999999999998,-5.5932667397366,23.0073366976603));
#10555=CARTESIAN_POINT('Ctrl Pts',(-3.24999999999998,-5.5932667397366,23.3548332189717));
#10556=CARTESIAN_POINT('Ctrl Pts',(-3.24999999999998,-5.5932667397366,23.7023297402832));
#10557=CARTESIAN_POINT('Ctrl Pts',(-3.18014374517918,-5.61526882005357,
24.0715262963663));
#10558=CARTESIAN_POINT('Ctrl Pts',(-2.89890370795693,-5.69328865913627,
24.7484190257043));
#10559=CARTESIAN_POINT('Ctrl Pts',(-2.68761777617535,-5.74802666875614,
25.0563027393224));
#10560=CARTESIAN_POINT('Ctrl Pts',(-2.42587950323319,-5.80276043562234,
25.3180410122646));
#10561=CARTESIAN_POINT('Ctrl Pts',(-2.40684817175665,-5.80668154903942,
25.3365347202265));
#10562=CARTESIAN_POINT('Ctrl Pts',(-2.38745860881803,-5.81061222476796,
25.3548332189714));
#10563=CARTESIAN_POINT('',(-2.38745860881768,-6.5,25.3548332189717));
#10564=CARTESIAN_POINT('',(-2.38745860881768,-3.5,25.3548332189717));
#10565=CARTESIAN_POINT('',(1.38745860881771,-6.5,25.3548332189717));
#10566=CARTESIAN_POINT('Origin',(-0.499999999999981,-6.5,23.3548332189717));
#10567=CARTESIAN_POINT('',(1.38745860881771,-3.5,25.3548332189717));
#10568=CARTESIAN_POINT('Origin',(-0.499999999999981,13.,23.3548332189717));
#10569=CARTESIAN_POINT('',(-1.99999999999998,-6.5,23.3548332189717));
#10570=CARTESIAN_POINT('Origin',(-0.499999999999981,-6.5,23.3548332189717));
#10571=CARTESIAN_POINT('',(-1.99999999999998,-7.5,23.3548332189717));
#10572=CARTESIAN_POINT('',(-1.99999999999998,13.,23.3548332189717));
#10573=CARTESIAN_POINT('Origin',(-0.499999999999981,-7.5,23.3548332189717));
#10574=CARTESIAN_POINT('Origin',(-0.499999999999984,13.,77.3548332189717));
#10575=CARTESIAN_POINT('',(-1.99999999999999,-6.5,77.3548332189717));
#10576=CARTESIAN_POINT('Origin',(-0.499999999999984,-6.5,77.3548332189717));
#10577=CARTESIAN_POINT('',(-1.99999999999999,-7.5,77.3548332189717));
#10578=CARTESIAN_POINT('',(-1.99999999999999,13.,77.3548332189717));
#10579=CARTESIAN_POINT('Origin',(-0.499999999999984,-7.5,77.3548332189717));
#10580=CARTESIAN_POINT('Origin',(-5.74999999999998,1.,12.8548332189717));
#10581=CARTESIAN_POINT('',(1.25000000000002,1.,15.8548332189717));
#10582=CARTESIAN_POINT('',(1.25000000000002,1.00000000000001,12.8548332189717));
#10583=CARTESIAN_POINT('',(-5.74999999999998,1.,15.8548332189717));
#10584=CARTESIAN_POINT('Origin',(-5.74999999999998,1.,12.8548332189717));
#10585=CARTESIAN_POINT('',(-2.24999999999999,1.,84.8548332189717));
#10586=CARTESIAN_POINT('',(-2.24999999999998,1.,12.8548332189717));
#10587=CARTESIAN_POINT('',(-5.74999999999999,1.,84.8548332189717));
#10588=CARTESIAN_POINT('Origin',(10.,-8.,15.8548332189717));
#10589=CARTESIAN_POINT('',(1.25000000000003,-5.83742469849154,15.8548332189717));
#10590=CARTESIAN_POINT('',(1.25000000000002,-8.,15.8548332189717));
#10591=CARTESIAN_POINT('',(8.98683298050516,3.,15.8548332189717));
#10592=CARTESIAN_POINT('Origin',(-0.49999999999998,3.5,15.8548332189717));
#10593=CARTESIAN_POINT('',(10.,3.,15.8548332189717));
#10594=CARTESIAN_POINT('',(10.,3.,15.8548332189717));
#10595=CARTESIAN_POINT('',(10.,4.,15.8548332189717));
#10596=CARTESIAN_POINT('',(10.,-8.,15.8548332189717));
#10597=CARTESIAN_POINT('',(13.6,-6.8,15.8548332189717));
#10598=CARTESIAN_POINT('Origin',(10.,-8.,84.8548332189717));
#10599=CARTESIAN_POINT('',(-2.24999999999999,-5.83742469849155,84.8548332189717));
#10600=CARTESIAN_POINT('',(-2.24999999999999,-8.,84.8548332189717));
#10601=CARTESIAN_POINT('',(-9.98683298050512,3.,84.8548332189717));
#10602=CARTESIAN_POINT('Origin',(-0.499999999999985,3.5,84.8548332189717));
#10603=CARTESIAN_POINT('',(-11.,3.,84.8548332189717));
#10604=CARTESIAN_POINT('',(10.,3.,84.8548332189717));
#10605=CARTESIAN_POINT('',(-11.,4.,84.8548332189717));
#10606=CARTESIAN_POINT('',(-11.,3.,84.8548332189717));
#10607=CARTESIAN_POINT('',(-12.5,-0.499999999999995,84.8548332189717));
#10608=CARTESIAN_POINT('Origin',(-0.499999999999983,-6.,50.3548332189717));
#10609=CARTESIAN_POINT('',(-2.24999999999998,-6.,14.8548332189717));
#10610=CARTESIAN_POINT('',(-2.24999999999998,-6.,50.3548332189717));
#10611=CARTESIAN_POINT('',(-7.24999999999998,-6.,14.8548332189717));
#10612=CARTESIAN_POINT('',(-7.24999999999998,-6.,14.8548332189717));
#10613=CARTESIAN_POINT('',(-7.24999999999998,-6.,14.8548332189717));
#10614=CARTESIAN_POINT('Origin',(-0.499999999999983,-6.,50.3548332189717));
#10615=CARTESIAN_POINT('',(-2.24999999999998,-6.,50.3548332189717));
#10616=CARTESIAN_POINT('Origin',(-5.74999999999998,1.,12.8548332189717));
#10617=CARTESIAN_POINT('',(-2.24999999999998,1.,14.8548332189717));
#10618=CARTESIAN_POINT('',(-2.24999999999998,1.,12.8548332189717));
#10619=CARTESIAN_POINT('',(-5.74999999999998,1.,14.8548332189717));
#10620=CARTESIAN_POINT('Origin',(-5.74999999999998,1.,12.8548332189717));
#10621=CARTESIAN_POINT('',(1.25000000000002,1.,85.8548332189717));
#10622=CARTESIAN_POINT('',(1.25000000000004,1.00000000000001,12.8548332189717));
#10623=CARTESIAN_POINT('',(-5.74999999999999,1.,85.8548332189717));
#10624=CARTESIAN_POINT('Origin',(10.,3.,50.3548332189717));
#10625=CARTESIAN_POINT('',(-9.98683298050512,3.,111.724890904061));
#10626=CARTESIAN_POINT('',(-11.,3.,69.1048332189717));
#10627=CARTESIAN_POINT('Origin',(4.50000000000002,13.,50.3548332189717));
#10628=CARTESIAN_POINT('',(4.50000000000002,-4.57774721070175,27.3548332189717));
#10629=CARTESIAN_POINT('',(4.50000000000002,-4.57774721070175,74.3548332189717));
#10630=CARTESIAN_POINT('',(4.50000000000001,-4.57774721070175,111.724890904061));
#10631=CARTESIAN_POINT('',(4.50000000000002,-7.5,27.3548332189717));
#10632=CARTESIAN_POINT('',(4.50000000000002,13.,27.3548332189717));
#10633=CARTESIAN_POINT('',(4.50000000000002,-7.5,74.3548332189717));
#10634=CARTESIAN_POINT('',(4.50000000000002,-7.5,50.3548332189717));
#10635=CARTESIAN_POINT('',(4.50000000000002,13.,74.3548332189717));
#10636=CARTESIAN_POINT('Origin',(2.00000000000002,13.,50.3548332189717));
#10637=CARTESIAN_POINT('',(2.00000000000002,-5.66515138991168,27.3548332189717));
#10638=CARTESIAN_POINT('',(2.00000000000002,-7.5,27.3548332189717));
#10639=CARTESIAN_POINT('',(2.00000000000002,13.,27.3548332189717));
#10640=CARTESIAN_POINT('',(2.00000000000002,-5.66515138991168,25.3548332189717));
#10641=CARTESIAN_POINT('',(2.00000000000001,-5.66515138991168,111.724890904061));
#10642=CARTESIAN_POINT('',(2.00000000000002,-7.5,25.3548332189717));
#10643=CARTESIAN_POINT('',(2.00000000000002,13.,25.3548332189717));
#10644=CARTESIAN_POINT('',(2.00000000000002,-7.5,50.3548332189717));
#10645=CARTESIAN_POINT('Origin',(-2.99999999999998,13.,50.3548332189717));
#10646=CARTESIAN_POINT('',(-2.99999999999998,-5.66515138991168,27.3548332189717));
#10647=CARTESIAN_POINT('',(-2.99999999999998,-5.66515138991168,25.3548332189717));
#10648=CARTESIAN_POINT('',(-2.99999999999999,-5.66515138991168,111.724890904061));
#10649=CARTESIAN_POINT('',(-2.99999999999998,-7.5,27.3548332189717));
#10650=CARTESIAN_POINT('',(-2.99999999999998,13.,27.3548332189717));
#10651=CARTESIAN_POINT('',(-2.99999999999998,-7.5,25.3548332189717));
#10652=CARTESIAN_POINT('',(-2.99999999999998,-7.5,50.3548332189717));
#10653=CARTESIAN_POINT('',(-2.99999999999998,13.,25.3548332189717));
#10654=CARTESIAN_POINT('Origin',(-5.49999999999998,13.,50.3548332189717));
#10655=CARTESIAN_POINT('',(-5.49999999999998,-4.57774721070175,27.3548332189717));
#10656=CARTESIAN_POINT('',(-5.49999999999998,-7.5,27.3548332189717));
#10657=CARTESIAN_POINT('',(-5.49999999999998,13.,27.3548332189717));
#10658=CARTESIAN_POINT('',(-5.49999999999998,-4.57774721070175,74.3548332189717));
#10659=CARTESIAN_POINT('',(-5.49999999999999,-4.57774721070175,111.724890904061));
#10660=CARTESIAN_POINT('',(-5.49999999999998,-7.5,74.3548332189717));
#10661=CARTESIAN_POINT('',(-5.49999999999998,13.,74.3548332189717));
#10662=CARTESIAN_POINT('',(-5.49999999999998,-7.5,50.3548332189717));
#10663=CARTESIAN_POINT('Origin',(10.,3.,50.3548332189717));
#10664=CARTESIAN_POINT('',(8.98683298050515,3.,111.724890904061));
#10665=CARTESIAN_POINT('',(10.,3.,50.3548332189717));
#10666=CARTESIAN_POINT('Origin',(-5.74999999999998,13.,12.8548332189717));
#10667=CARTESIAN_POINT('',(-5.74999999999998,1.,12.8548332189717));
#10668=CARTESIAN_POINT('',(-5.74999999999998,1.,12.8548332189717));
#10669=CARTESIAN_POINT('',(-5.74999999999998,13.5,12.8548332189717));
#10670=CARTESIAN_POINT('Origin',(-5.74999999999998,13.,12.8548332189717));
#10671=CARTESIAN_POINT('',(-5.74999999999999,13.5,87.8548332189717));
#10672=CARTESIAN_POINT('',(-5.74999999999999,1.,87.8548332189717));
#10673=CARTESIAN_POINT('',(-5.74999999999999,13.5,87.8548332189717));
#10674=CARTESIAN_POINT('',(-5.74999999999998,1.,12.8548332189717));
#10675=CARTESIAN_POINT('Origin',(4.75000000000002,13.,12.8548332189717));
#10676=CARTESIAN_POINT('',(4.75000000000002,1.00000000000001,12.8548332189717));
#10677=CARTESIAN_POINT('',(4.75000000000002,13.5,87.8548332189717));
#10678=CARTESIAN_POINT('Origin',(-5.74999999999998,1.,12.8548332189717));
#10679=CARTESIAN_POINT('',(-8.37499999999999,1.,12.8548332189717));
#10680=CARTESIAN_POINT('Origin',(-5.74999999999998,1.,12.8548332189717));
#10681=CARTESIAN_POINT('',(2.62500000000001,1.,87.8548332189717));
#10682=CARTESIAN_POINT('Origin',(-0.499999999999983,-7.5,50.3548332189717));
#10683=CARTESIAN_POINT('',(-2.24999999999998,-7.5,16.3548332189717));
#10684=CARTESIAN_POINT('',(-2.24999999999998,-7.5,12.8548332189717));
#10685=CARTESIAN_POINT('',(1.25000000000002,-7.5,16.3548332189717));
#10686=CARTESIAN_POINT('',(-2.24999999999998,-7.5,16.3548332189717));
#10687=CARTESIAN_POINT('',(1.25000000000002,-7.5,12.8548332189717));
#10688=CARTESIAN_POINT('',(8.5,-7.5,14.3548332189717));
#10689=CARTESIAN_POINT('',(-0.49999999999998,-7.5,14.3548332189717));
#10690=CARTESIAN_POINT('',(8.5,-7.5,17.8548332189717));
#10691=CARTESIAN_POINT('',(8.49999999999998,-7.5,50.3548332189718));
#10692=CARTESIAN_POINT('',(10.,-7.5,17.8548332189717));
#10693=CARTESIAN_POINT('',(-0.499999999999981,-7.5,17.8548332189717));
#10694=CARTESIAN_POINT('',(10.,-7.5,47.8548332189717));
#10695=CARTESIAN_POINT('',(10.,-7.5,50.3548332189717));
#10696=CARTESIAN_POINT('',(7.50000000000001,-7.5,47.8548332189717));
#10697=CARTESIAN_POINT('',(10.,-7.5,47.8548332189717));
#10698=CARTESIAN_POINT('',(7.5,-7.5,52.8548332189717));
#10699=CARTESIAN_POINT('',(7.50000000000001,-7.5,47.8548332189717));
#10700=CARTESIAN_POINT('',(10.,-7.5,52.8548332189717));
#10701=CARTESIAN_POINT('',(10.,-7.5,52.8548332189717));
#10702=CARTESIAN_POINT('',(10.,-7.5,82.8548332189717));
#10703=CARTESIAN_POINT('',(10.,-7.5,50.3548332189717));
#10704=CARTESIAN_POINT('',(8.49999999999998,-7.5,82.8548332189717));
#10705=CARTESIAN_POINT('',(-0.499999999999985,-7.5,82.8548332189717));
#10706=CARTESIAN_POINT('',(8.49999999999999,-7.5,86.3548332189717));
#10707=CARTESIAN_POINT('',(8.49999999999997,-7.5,50.3548332189717));
#10708=CARTESIAN_POINT('',(-0.499999999999985,-7.5,86.3548332189717));
#10709=CARTESIAN_POINT('',(1.25000000000002,-7.5,84.3548332189717));
#10710=CARTESIAN_POINT('',(1.25000000000002,-7.5,87.8548332189717));
#10711=CARTESIAN_POINT('',(-2.24999999999999,-7.5,84.3548332189717));
#10712=CARTESIAN_POINT('',(-2.24999999999999,-7.5,84.3548332189717));
#10713=CARTESIAN_POINT('',(-2.24999999999999,-7.5,87.8548332189717));
#10714=CARTESIAN_POINT('',(-5.99999999999999,-7.5,87.8548332189717));
#10715=CARTESIAN_POINT('',(5.25000000000001,-7.5,87.8548332189717));
#10716=CARTESIAN_POINT('',(-5.99999999999999,-7.5,86.3548332189717));
#10717=CARTESIAN_POINT('',(-5.99999999999999,-7.5,50.3548332189717));
#10718=CARTESIAN_POINT('',(-9.49999999999998,-7.5,86.3548332189717));
#10719=CARTESIAN_POINT('',(-0.499999999999985,-7.5,86.3548332189717));
#10720=CARTESIAN_POINT('',(-9.49999999999998,-7.5,82.8548332189717));
#10721=CARTESIAN_POINT('',(-9.49999999999997,-7.5,50.3548332189717));
#10722=CARTESIAN_POINT('',(-11.,-7.5,82.8548332189717));
#10723=CARTESIAN_POINT('',(-0.499999999999985,-7.5,82.8548332189717));
#10724=CARTESIAN_POINT('',(-11.,-7.5,52.8548332189717));
#10725=CARTESIAN_POINT('',(-11.,-7.5,69.1048332189717));
#10726=CARTESIAN_POINT('',(-8.49999999999999,-7.5,52.8548332189717));
#10727=CARTESIAN_POINT('',(-11.,-7.5,52.8548332189717));
#10728=CARTESIAN_POINT('',(-8.49999999999999,-7.5,47.8548332189717));
#10729=CARTESIAN_POINT('',(-8.49999999999999,-7.5,47.8548332189717));
#10730=CARTESIAN_POINT('',(-11.,-7.5,47.8548332189717));
#10731=CARTESIAN_POINT('',(-11.,-7.5,47.8548332189717));
#10732=CARTESIAN_POINT('',(-11.,-7.5,17.8548332189717));
#10733=CARTESIAN_POINT('',(-11.,-7.5,69.1048332189717));
#10734=CARTESIAN_POINT('',(-9.49999999999997,-7.5,17.8548332189717));
#10735=CARTESIAN_POINT('',(-0.499999999999981,-7.5,17.8548332189717));
#10736=CARTESIAN_POINT('',(-9.49999999999997,-7.5,14.3548332189717));
#10737=CARTESIAN_POINT('',(-9.49999999999996,-7.5,50.3548332189717));
#10738=CARTESIAN_POINT('',(-5.99999999999998,-7.5,14.3548332189717));
#10739=CARTESIAN_POINT('',(-0.49999999999998,-7.5,14.3548332189717));
#10740=CARTESIAN_POINT('',(-5.99999999999998,-7.5,12.8548332189717));
#10741=CARTESIAN_POINT('',(-5.99999999999998,-7.5,50.3548332189717));
#10742=CARTESIAN_POINT('',(-5.74999999999999,-7.5,12.8548332189717));
#10743=CARTESIAN_POINT('',(-0.499999999999984,-7.5,74.3548332189717));
#10744=CARTESIAN_POINT('',(-0.499999999999981,-7.5,27.3548332189717));
#10745=CARTESIAN_POINT('',(-0.499999999999981,-7.5,25.3548332189717));
#10746=CARTESIAN_POINT('',(-0.499999999999981,-7.5,27.3548332189717));
#10747=CARTESIAN_POINT('Origin',(10.,13.,12.8548332189717));
#10748=CARTESIAN_POINT('',(10.,4.,12.8548332189717));
#10749=CARTESIAN_POINT('',(10.,-8.,12.8548332189717));
#10750=CARTESIAN_POINT('',(10.,13.5,12.8548332189717));
#10751=CARTESIAN_POINT('',(10.,4.,12.8548332189717));
#10752=CARTESIAN_POINT('',(10.,-8.,87.8548332189717));
#10753=CARTESIAN_POINT('',(10.,13.5,87.8548332189717));
#10754=CARTESIAN_POINT('',(10.,-8.,82.8548332189717));
#10755=CARTESIAN_POINT('',(10.,-8.,31.6048332189717));
#10756=CARTESIAN_POINT('',(10.,-7.5,82.8548332189717));
#10757=CARTESIAN_POINT('',(10.,-5.,52.8548332189717));
#10758=CARTESIAN_POINT('',(10.,-5.,52.8548332189717));
#10759=CARTESIAN_POINT('',(10.,-5.,47.8548332189718));
#10760=CARTESIAN_POINT('',(10.,-5.,47.8548332189717));
#10761=CARTESIAN_POINT('',(10.,-5.,47.8548332189717));
#10762=CARTESIAN_POINT('',(10.,-8.,17.8548332189717));
#10763=CARTESIAN_POINT('',(10.,-7.5,17.8548332189717));
#10764=CARTESIAN_POINT('',(10.,-8.,31.6048332189717));
#10765=CARTESIAN_POINT('Origin',(-0.499999999999985,-7.5,82.8548332189717));
#10766=CARTESIAN_POINT('',(8.49999999999998,-8.,82.8548332189717));
#10767=CARTESIAN_POINT('',(-0.249999999999993,-8.,82.8548332189717));
#10768=CARTESIAN_POINT('',(8.49999999999998,-7.5,82.8548332189717));
#10769=CARTESIAN_POINT('Origin',(-0.499999999999981,-7.5,17.8548332189717));
#10770=CARTESIAN_POINT('',(8.5,-8.,17.8548332189717));
#10771=CARTESIAN_POINT('',(-0.249999999999989,-8.,17.8548332189717));
#10772=CARTESIAN_POINT('',(8.5,-7.5,17.8548332189717));
#10773=CARTESIAN_POINT('Origin',(8.49999999999998,-7.5,50.3548332189718));
#10774=CARTESIAN_POINT('',(8.5,-8.,14.3548332189717));
#10775=CARTESIAN_POINT('',(8.49999999999998,-8.,50.3548332189717));
#10776=CARTESIAN_POINT('',(8.5,-7.5,14.3548332189717));
#10777=CARTESIAN_POINT('Origin',(-0.49999999999998,-7.5,14.3548332189717));
#10778=CARTESIAN_POINT('',(-0.249999999999989,-8.,14.3548332189717));
#10779=CARTESIAN_POINT('Origin',(-5.99999999999998,-7.5,50.3548332189717));
#10780=CARTESIAN_POINT('',(-5.99999999999998,-8.,12.8548332189717));
#10781=CARTESIAN_POINT('',(-5.99999999999998,-8.,14.3548332189717));
#10782=CARTESIAN_POINT('',(-5.99999999999998,-8.,50.3548332189717));
#10783=CARTESIAN_POINT('',(-5.99999999999998,3.25,12.8548332189717));
#10784=CARTESIAN_POINT('',(-5.99999999999998,-7.5,14.3548332189717));
#10785=CARTESIAN_POINT('Origin',(-0.49999999999998,-7.5,14.3548332189717));
#10786=CARTESIAN_POINT('',(-9.49999999999997,-8.,14.3548332189717));
#10787=CARTESIAN_POINT('',(-0.249999999999989,-8.,14.3548332189717));
#10788=CARTESIAN_POINT('',(-9.49999999999997,-7.5,14.3548332189717));
#10789=CARTESIAN_POINT('Origin',(-9.49999999999996,-7.5,50.3548332189717));
#10790=CARTESIAN_POINT('',(-9.49999999999997,-8.,17.8548332189717));
#10791=CARTESIAN_POINT('',(-9.49999999999996,-8.,50.3548332189717));
#10792=CARTESIAN_POINT('',(-9.49999999999997,-7.5,17.8548332189717));
#10793=CARTESIAN_POINT('Origin',(-0.499999999999981,-7.5,17.8548332189717));
#10794=CARTESIAN_POINT('',(-11.,-8.,17.8548332189717));
#10795=CARTESIAN_POINT('',(-0.249999999999989,-8.,17.8548332189717));
#10796=CARTESIAN_POINT('',(-11.,3.25,17.8548332189717));
#10797=CARTESIAN_POINT('Origin',(-0.499999999999985,-7.5,82.8548332189717));
#10798=CARTESIAN_POINT('',(-11.,-8.,82.8548332189717));
#10799=CARTESIAN_POINT('',(-9.49999999999998,-8.,82.8548332189717));
#10800=CARTESIAN_POINT('',(-0.249999999999993,-8.,82.8548332189717));
#10801=CARTESIAN_POINT('',(-11.,3.25,82.8548332189717));
#10802=CARTESIAN_POINT('',(-9.49999999999998,-7.5,82.8548332189717));
#10803=CARTESIAN_POINT('Origin',(-9.49999999999997,-7.5,50.3548332189717));
#10804=CARTESIAN_POINT('',(-9.49999999999998,-8.,86.3548332189717));
#10805=CARTESIAN_POINT('',(-9.49999999999997,-8.,50.3548332189717));
#10806=CARTESIAN_POINT('',(-9.49999999999998,-7.5,86.3548332189717));
#10807=CARTESIAN_POINT('Origin',(-0.499999999999985,-7.5,86.3548332189717));
#10808=CARTESIAN_POINT('',(-5.99999999999999,-8.,86.3548332189717));
#10809=CARTESIAN_POINT('',(-0.249999999999994,-8.,86.3548332189717));
#10810=CARTESIAN_POINT('',(-5.99999999999999,-7.5,86.3548332189717));
#10811=CARTESIAN_POINT('Origin',(-5.99999999999999,-7.5,50.3548332189717));
#10812=CARTESIAN_POINT('',(-5.99999999999999,-8.,87.8548332189717));
#10813=CARTESIAN_POINT('',(-5.99999999999999,-8.,50.3548332189717));
#10814=CARTESIAN_POINT('',(-5.99999999999999,3.25,87.8548332189717));
#10815=CARTESIAN_POINT('Origin',(-0.499999999999985,-7.5,86.3548332189717));
#10816=CARTESIAN_POINT('',(8.49999999999999,-8.,86.3548332189717));
#10817=CARTESIAN_POINT('',(-0.249999999999994,-8.,86.3548332189717));
#10818=CARTESIAN_POINT('',(8.49999999999999,-7.5,86.3548332189717));
#10819=CARTESIAN_POINT('Origin',(8.49999999999997,-7.5,50.3548332189717));
#10820=CARTESIAN_POINT('',(8.49999999999997,-8.,50.3548332189717));
#10821=CARTESIAN_POINT('Origin',(-0.499999999999984,13.,74.3548332189717));
#10822=CARTESIAN_POINT('Origin',(-0.499999999999984,3.5,74.3548332189717));
#10823=CARTESIAN_POINT('Origin',(-0.499999999999981,13.,27.3548332189717));
#10824=CARTESIAN_POINT('Origin',(-0.499999999999981,3.5,27.3548332189717));
#10825=CARTESIAN_POINT('Origin',(-0.499999999999981,13.,25.3548332189717));
#10826=CARTESIAN_POINT('Origin',(-0.499999999999981,3.5,25.3548332189717));
#10827=CARTESIAN_POINT('Origin',(-0.499999999999981,3.5,25.3548332189717));
#10828=CARTESIAN_POINT('',(-0.499999999999981,-6.5,25.3548332189717));
#10829=CARTESIAN_POINT('Origin',(-0.499999999999981,13.,27.3548332189717));
#10830=CARTESIAN_POINT('Origin',(-0.499999999999981,3.5,27.3548332189717));
#10831=CARTESIAN_POINT('Origin',(-11.,-5.,47.8548332189717));
#10832=CARTESIAN_POINT('',(-8.49999999999999,-5.,47.8548332189717));
#10833=CARTESIAN_POINT('',(-8.49999999999999,-5.,47.8548332189717));
#10834=CARTESIAN_POINT('',(-11.,-5.,47.8548332189717));
#10835=CARTESIAN_POINT('',(-11.,-5.,47.8548332189717));
#10836=CARTESIAN_POINT('',(-11.,4.5,47.8548332189717));
#10837=CARTESIAN_POINT('Origin',(-11.,-5.,52.8548332189717));
#10838=CARTESIAN_POINT('',(-11.,-5.,52.8548332189717));
#10839=CARTESIAN_POINT('',(-11.,4.5,52.8548332189717));
#10840=CARTESIAN_POINT('',(-8.49999999999999,-5.,52.8548332189717));
#10841=CARTESIAN_POINT('',(-11.,-5.,52.8548332189717));
#10842=CARTESIAN_POINT('',(-8.49999999999999,-5.,52.8548332189717));
#10843=CARTESIAN_POINT('Origin',(-8.49999999999999,-5.,47.8548332189717));
#10844=CARTESIAN_POINT('',(-8.49999999999999,-5.,47.8548332189717));
#10845=CARTESIAN_POINT('Origin',(-0.499999999999983,-5.,50.3548332189717));
#10846=CARTESIAN_POINT('',(-11.,-5.,69.1048332189717));
#10847=CARTESIAN_POINT('Origin',(10.,-5.,47.8548332189717));
#10848=CARTESIAN_POINT('',(7.50000000000001,-5.,47.8548332189717));
#10849=CARTESIAN_POINT('',(10.,-5.,47.8548332189717));
#10850=CARTESIAN_POINT('',(7.50000000000001,-5.,47.8548332189717));
#10851=CARTESIAN_POINT('Origin',(7.50000000000001,-5.,47.8548332189717));
#10852=CARTESIAN_POINT('',(7.5,-5.,52.8548332189717));
#10853=CARTESIAN_POINT('',(7.50000000000001,-5.,47.8548332189717));
#10854=CARTESIAN_POINT('',(7.5,-5.,52.8548332189717));
#10855=CARTESIAN_POINT('Origin',(10.,-5.,52.8548332189717));
#10856=CARTESIAN_POINT('',(10.,-5.,52.8548332189717));
#10857=CARTESIAN_POINT('Origin',(-0.499999999999983,-5.,50.3548332189717));
#10858=CARTESIAN_POINT('Origin',(-7.99999999999998,13.,12.8548332189717));
#10859=CARTESIAN_POINT('',(-11.,4.,87.8548332189717));
#10860=CARTESIAN_POINT('',(-11.,3.99999999999995,50.3548332189717));
#10861=CARTESIAN_POINT('',(-6.89999999999999,16.3,87.8548332189717));
#10862=CARTESIAN_POINT('Origin',(7.00000000000002,13.,12.8548332189717));
#10863=CARTESIAN_POINT('',(5.95000000000002,16.15,12.8548332189717));
#10864=CARTESIAN_POINT('Origin',(-0.499999999999986,3.5,111.724890904061));
#10865=CARTESIAN_POINT('',(-2.24999999999998,-5.83742469849155,16.3548332189717));
#10866=CARTESIAN_POINT('',(-2.24999999999999,-5.83742469849155,111.724890904061));
#10867=CARTESIAN_POINT('',(-2.24999999999999,-5.83742469849155,84.3548332189717));
#10868=CARTESIAN_POINT('',(-2.24999999999999,-5.83742469849155,111.724890904061));
#10869=CARTESIAN_POINT('',(1.25000000000002,-5.83742469849155,84.3548332189717));
#10870=CARTESIAN_POINT('Origin',(-0.499999999999985,3.5,84.3548332189717));
#10871=CARTESIAN_POINT('',(1.25000000000001,-5.83742469849155,111.724890904061));
#10872=CARTESIAN_POINT('',(1.25000000000003,-5.83742469849154,16.3548332189717));
#10873=CARTESIAN_POINT('',(1.25000000000003,-5.83742469849154,111.724890904061));
#10874=CARTESIAN_POINT('Origin',(-0.499999999999981,3.5,16.3548332189717));
#10875=CARTESIAN_POINT('Origin',(-7.24999999999998,-6.,14.8548332189717));
#10876=CARTESIAN_POINT('',(-2.24999999999998,-6.,14.8548332189717));
#10877=CARTESIAN_POINT('',(-7.24999999999998,-6.,14.8548332189717));
#10878=CARTESIAN_POINT('Origin',(-7.24999999999998,-6.,14.8548332189717));
#10879=CARTESIAN_POINT('Origin',(-0.499999999999983,-6.,50.3548332189717));
#10880=CARTESIAN_POINT('',(1.25000000000002,-6.,50.3548332189717));
#10881=CARTESIAN_POINT('Origin',(-7.24999999999998,-6.,85.8548332189717));
#10882=CARTESIAN_POINT('',(1.25000000000002,-6.,85.8548332189717));
#10883=CARTESIAN_POINT('',(1.25000000000002,-6.,85.8548332189717));
#10884=CARTESIAN_POINT('',(6.25000000000002,-6.,85.8548332189717));
#10885=CARTESIAN_POINT('',(-7.24999999999998,-6.,85.8548332189717));
#10886=CARTESIAN_POINT('',(6.25000000000002,-6.,85.8548332189717));
#10887=CARTESIAN_POINT('Origin',(6.25000000000002,-6.,85.8548332189717));
#10888=CARTESIAN_POINT('',(6.25000000000002,-6.,85.8548332189717));
#10889=CARTESIAN_POINT('Origin',(-0.499999999999983,-6.,50.3548332189717));
#10890=CARTESIAN_POINT('',(1.25000000000002,-6.,50.3548332189717));
#10891=CARTESIAN_POINT('Origin',(-0.499999999999983,-4.5,50.3548332189717));
#10892=CARTESIAN_POINT('',(1.25000000000002,-4.5,87.8548332189717));
#10893=CARTESIAN_POINT('',(1.25000000000002,-4.5,87.8548332189717));
#10894=CARTESIAN_POINT('',(-2.24999999999999,-4.5,87.8548332189717));
#10895=CARTESIAN_POINT('',(5.25000000000001,-4.5,87.8548332189717));
#10896=CARTESIAN_POINT('',(-2.24999999999999,-4.5,87.8548332189717));
#10897=CARTESIAN_POINT('Origin',(-2.24999999999999,-4.5,87.8548332189717));
#10898=CARTESIAN_POINT('',(-2.24999999999999,4.75,87.8548332189717));
#10899=CARTESIAN_POINT('',(-2.24999999999999,-4.5,84.3548332189717));
#10900=CARTESIAN_POINT('Origin',(1.25000000000002,-4.5,87.8548332189717));
#10901=CARTESIAN_POINT('',(1.25000000000002,-4.5,84.3548332189717));
#10902=CARTESIAN_POINT('',(1.25000000000002,4.75,87.8548332189717));
#10903=CARTESIAN_POINT('Origin',(-2.24999999999999,-4.5,84.3548332189717));
#10904=CARTESIAN_POINT('Origin',(-0.499999999999983,-4.5,50.3548332189717));
#10905=CARTESIAN_POINT('',(-2.24999999999998,-4.5,12.8548332189717));
#10906=CARTESIAN_POINT('',(-2.24999999999998,-4.5,12.8548332189717));
#10907=CARTESIAN_POINT('',(1.25000000000002,-4.5,12.8548332189717));
#10908=CARTESIAN_POINT('',(-5.74999999999999,-4.5,12.8548332189717));
#10909=CARTESIAN_POINT('',(1.25000000000002,-4.5,12.8548332189717));
#10910=CARTESIAN_POINT('Origin',(-2.24999999999998,-4.5,12.8548332189717));
#10911=CARTESIAN_POINT('',(-2.24999999999998,-4.5,16.3548332189717));
#10912=CARTESIAN_POINT('',(-2.24999999999998,4.75,12.8548332189717));
#10913=CARTESIAN_POINT('Origin',(1.25000000000002,-4.5,12.8548332189717));
#10914=CARTESIAN_POINT('',(1.25000000000002,4.75,12.8548332189717));
#10915=CARTESIAN_POINT('',(1.25000000000002,-4.5,16.3548332189717));
#10916=CARTESIAN_POINT('Origin',(-2.24999999999998,-4.5,16.3548332189717));
#10917=CARTESIAN_POINT('Origin',(-0.499999999999981,-6.5,23.3548332189717));
#10918=CARTESIAN_POINT('Origin',(-0.499999999999994,-6.5,77.3548332189717));
#10919=CARTESIAN_POINT('Origin',(11.,14.,87.8548332189717));
#10920=CARTESIAN_POINT('Origin',(11.,14.,87.8548332189717));
#10921=CARTESIAN_POINT('',(-5.,-8.,87.8548332189717));
#10922=CARTESIAN_POINT('',(-5.,4.5,87.8548332189717));
#10923=CARTESIAN_POINT('',(11.,-8.,87.8548332189717));
#10924=CARTESIAN_POINT('Origin',(11.,14.,87.8548332189717));
#10925=CARTESIAN_POINT('',(8.,-5.,87.8548332189717));
#10926=CARTESIAN_POINT('Origin',(11.,14.,87.8548332189717));
#10927=CARTESIAN_POINT('',(-11.,8.66025403784439,87.8548332189717));
#10928=CARTESIAN_POINT('',(-11.,14.,87.8548332189717));
#10929=CARTESIAN_POINT('',(11.,8.66025403784439,87.8548332189717));
#10930=CARTESIAN_POINT('Origin',(0.,0.,87.8548332189717));
#10931=CARTESIAN_POINT('',(11.,-8.,87.8548332189717));
#10932=CARTESIAN_POINT('',(11.,14.,87.8548332189717));
#10933=CARTESIAN_POINT('',(11.,-8.,87.8548332189717));
#10934=CARTESIAN_POINT('Origin',(-11.,14.,87.8548332189717));
#10935=CARTESIAN_POINT('',(-11.,8.66025403784439,12.8548332189717));
#10936=CARTESIAN_POINT('',(-11.,14.,12.8548332189717));
#10937=CARTESIAN_POINT('',(-11.,8.66025403784439,0.));
#10938=CARTESIAN_POINT('Origin',(0.,-8.,50.3548332189717));
#10939=CARTESIAN_POINT('',(11.,-8.,12.8548332189717));
#10940=CARTESIAN_POINT('',(11.,-8.,12.8548332189717));
#10941=CARTESIAN_POINT('',(-11.,-8.,12.8548332189717));
#10942=CARTESIAN_POINT('Origin',(-11.,14.,12.8548332189717));
#10943=CARTESIAN_POINT('',(-3.,-5.,12.8548332189717));
#10944=CARTESIAN_POINT('Origin',(-11.,14.,12.8548332189717));
#10945=CARTESIAN_POINT('',(-5.,-8.,12.8548332189717));
#10946=CARTESIAN_POINT('',(-11.,-8.,12.8548332189717));
#10947=CARTESIAN_POINT('',(-5.,4.5,12.8548332189717));
#10948=CARTESIAN_POINT('Origin',(-11.,14.,12.8548332189717));
#10949=CARTESIAN_POINT('',(11.,8.66025403784439,12.8548332189717));
#10950=CARTESIAN_POINT('',(11.,14.,12.8548332189717));
#10951=CARTESIAN_POINT('Origin',(0.,0.,12.8548332189717));
#10952=CARTESIAN_POINT('Origin',(-8.5,-1.50000001490116,101.85));
#10953=CARTESIAN_POINT('',(-8.5,-1.50000001490116,95.85));
#10954=CARTESIAN_POINT('',(-8.5,-1.50000001490116,95.85));
#10955=CARTESIAN_POINT('',(-8.5,-1.50000001490116,101.85));
#10956=CARTESIAN_POINT('',(-8.5,-1.50000001490116,100.35));
#10957=CARTESIAN_POINT('',(-8.5,-1.50000001490116,101.85));
#10958=CARTESIAN_POINT('Origin',(-8.5,-1.50000001490116,101.85));
#10959=CARTESIAN_POINT('',(6.5,-1.50000001490116,101.85));
#10960=CARTESIAN_POINT('',(-8.5,-1.50000001490116,101.85));
#10961=CARTESIAN_POINT('',(6.5,-1.50000001490116,95.85));
#10962=CARTESIAN_POINT('',(6.5,-1.50000001490116,101.85));
#10963=CARTESIAN_POINT('',(-8.5,-1.50000001490116,95.85));
#10964=CARTESIAN_POINT('Origin',(-8.5,-1.50000001490116,95.85));
#10965=CARTESIAN_POINT('',(-8.5,1.49999998509884,95.85));
#10966=CARTESIAN_POINT('',(-8.5,1.49999998509884,95.85));
#10967=CARTESIAN_POINT('',(-8.5,-0.750000007450581,95.85));
#10968=CARTESIAN_POINT('Origin',(-8.5,-1.50000001490116,95.85));
#10969=CARTESIAN_POINT('',(6.5,1.49999998509884,95.85));
#10970=CARTESIAN_POINT('',(6.5,-1.50000001490116,95.85));
#10971=CARTESIAN_POINT('',(-8.5,1.49999998509884,95.85));
#10972=CARTESIAN_POINT('Origin',(-8.5,1.49999998509884,101.85));
#10973=CARTESIAN_POINT('',(-8.5,1.49999998509884,101.85));
#10974=CARTESIAN_POINT('',(-8.5,0.74999999254942,101.85));
#10975=CARTESIAN_POINT('',(-8.5,1.49999998509884,101.85));
#10976=CARTESIAN_POINT('Origin',(-8.5,1.49999998509884,95.85));
#10977=CARTESIAN_POINT('',(-8.5,1.49999998509884,97.35));
#10978=CARTESIAN_POINT('Origin',(-8.5,1.49999998509884,95.85));
#10979=CARTESIAN_POINT('',(6.5,1.49999998509884,101.85));
#10980=CARTESIAN_POINT('',(6.5,1.49999998509884,95.85));
#10981=CARTESIAN_POINT('',(-8.5,1.49999998509884,101.85));
#10982=CARTESIAN_POINT('Origin',(-8.5,1.49999998509884,101.85));
#10983=CARTESIAN_POINT('',(6.5,1.49999998509884,101.85));
#10984=CARTESIAN_POINT('Origin',(6.5,-1.49011608607807E-8,98.85));
#10985=CARTESIAN_POINT('Origin',(-14.,1.9,103.2));
#10986=CARTESIAN_POINT('',(-13.8704722342103,1.9,103.2));
#10987=CARTESIAN_POINT('',(-14.,-1.71450551880629E-15,103.2));
#10988=CARTESIAN_POINT('Origin',(0.,0.,103.2));
#10989=CARTESIAN_POINT('',(-8.5,1.9,103.2));
#10990=CARTESIAN_POINT('',(-14.,1.9,103.2));
#10991=CARTESIAN_POINT('',(-8.5,-1.9,103.2));
#10992=CARTESIAN_POINT('',(-8.5,1.9,103.2));
#10993=CARTESIAN_POINT('',(-13.8704722342103,-1.9,103.2));
#10994=CARTESIAN_POINT('',(-14.,-1.9,103.2));
#10995=CARTESIAN_POINT('Origin',(0.,0.,103.2));
#10996=CARTESIAN_POINT('Origin',(-14.,-1.9,103.2));
#10997=CARTESIAN_POINT('',(-13.8704722342103,-1.9,94.5));
#10998=CARTESIAN_POINT('',(-13.8704722342103,-1.9,0.));
#10999=CARTESIAN_POINT('',(-8.5,-1.9,94.5));
#11000=CARTESIAN_POINT('',(-8.5,-1.9,103.2));
#11001=CARTESIAN_POINT('',(-14.,-1.9,94.5));
#11002=CARTESIAN_POINT('Origin',(-14.,1.9,94.5));
#11003=CARTESIAN_POINT('',(-13.8704722342103,1.9,94.5));
#11004=CARTESIAN_POINT('',(-13.8704722342103,1.9,0.));
#11005=CARTESIAN_POINT('',(-8.5,1.9,94.5));
#11006=CARTESIAN_POINT('',(-14.,1.9,94.5));
#11007=CARTESIAN_POINT('',(-8.5,1.9,94.5));
#11008=CARTESIAN_POINT('Origin',(-14.,-1.9,94.5));
#11009=CARTESIAN_POINT('',(-14.,-1.71450551880629E-15,94.5));
#11010=CARTESIAN_POINT('Origin',(0.,0.,94.5));
#11011=CARTESIAN_POINT('',(-8.5,-1.9,94.5));
#11012=CARTESIAN_POINT('Origin',(0.,0.,94.5));
#11013=CARTESIAN_POINT('Origin',(-8.5,0.,98.85));
#11014=CARTESIAN_POINT('Origin',(5.,-5.,0.));
#11015=CARTESIAN_POINT('',(-5.,-5.,0.));
#11016=CARTESIAN_POINT('',(-5.,-5.,0.));
#11017=CARTESIAN_POINT('',(2.5,-5.,0.));
#11018=CARTESIAN_POINT('Origin',(5.,-5.,0.));
#11019=CARTESIAN_POINT('',(-5.,-5.,160.));
#11020=CARTESIAN_POINT('',(2.5,-5.,160.));
#11021=CARTESIAN_POINT('',(-5.,-5.,0.));
#11022=CARTESIAN_POINT('Origin',(-5.,-10.,180.));
#11023=CARTESIAN_POINT('',(-5.,-2.5,0.));
#11024=CARTESIAN_POINT('',(-5.,-8.,25.1774166094859));
#11025=CARTESIAN_POINT('',(-5.,-0.316624790355401,160.));
#11026=CARTESIAN_POINT('',(-5.,-10.,160.));
#11027=CARTESIAN_POINT('',(-5.,-0.316624790355401,87.8548332189717));
#11028=CARTESIAN_POINT('Origin',(0.,0.,160.));
#11029=CARTESIAN_POINT('Origin',(0.,3.,160.));
#11030=CARTESIAN_POINT('Origin',(0.,-8.,50.3548332189717));
#11031=CARTESIAN_POINT('',(-11.,-8.,87.8548332189717));
#11032=CARTESIAN_POINT('Origin',(0.,3.,87.8548332189717));
#11033=CARTESIAN_POINT('',(-6.,3.,87.8548332189717));
#11034=CARTESIAN_POINT('',(5.,6.3166247903554,160.));
#11035=CARTESIAN_POINT('',(5.,6.3166247903554,87.8548332189717));
#11036=CARTESIAN_POINT('Origin',(0.,3.,160.));
#11037=CARTESIAN_POINT('Origin',(5.,10.,180.));
#11038=CARTESIAN_POINT('',(5.,10.,160.));
#11039=CARTESIAN_POINT('Origin',(0.,0.,180.));
#11040=CARTESIAN_POINT('',(-14.,-1.71450551880629E-15,180.));
#11041=CARTESIAN_POINT('Origin',(0.,0.,180.));
#11042=CARTESIAN_POINT('Origin',(0.,0.,160.));
#11043=CARTESIAN_POINT('Origin',(11.,14.,12.8548332189717));
#11044=CARTESIAN_POINT('',(11.,8.66025403784439,0.));
#11045=CARTESIAN_POINT('Origin',(-11.,14.,87.8548332189717));
#11046=CARTESIAN_POINT('Origin',(0.,0.,0.));
#11047=CARTESIAN_POINT('',(-14.,-1.71450551880629E-15,0.));
#11048=CARTESIAN_POINT('',(-14.,-1.71450551880629E-15,0.));
#11049=CARTESIAN_POINT('Origin',(0.,0.,0.));
#11050=UNCERTAINTY_MEASURE_WITH_UNIT(LENGTH_MEASURE(0.01),#11054,
'DISTANCE_ACCURACY_VALUE',
'Maximum model space distance between geometric entities at asserted c
onnectivities');
#11051=UNCERTAINTY_MEASURE_WITH_UNIT(LENGTH_MEASURE(0.01),#11054,
'DISTANCE_ACCURACY_VALUE',
'Maximum model space distance between geometric entities at asserted c
onnectivities');
#11052=(
GEOMETRIC_REPRESENTATION_CONTEXT(3)
GLOBAL_UNCERTAINTY_ASSIGNED_CONTEXT((#11050))
GLOBAL_UNIT_ASSIGNED_CONTEXT((#11054,#11055,#11056))
REPRESENTATION_CONTEXT('','3D')
);
#11053=(
GEOMETRIC_REPRESENTATION_CONTEXT(3)
GLOBAL_UNCERTAINTY_ASSIGNED_CONTEXT((#11051))
GLOBAL_UNIT_ASSIGNED_CONTEXT((#11054,#11055,#11056))
REPRESENTATION_CONTEXT('','3D')
);
#11054=(
LENGTH_UNIT()
NAMED_UNIT(*)
SI_UNIT(.MILLI.,.METRE.)
);
#11055=(
NAMED_UNIT(*)
PLANE_ANGLE_UNIT()
SI_UNIT($,.RADIAN.)
);
#11056=(
NAMED_UNIT(*)
SI_UNIT($,.STERADIAN.)
SOLID_ANGLE_UNIT()
);
#11057=SHAPE_DEFINITION_REPRESENTATION(#11058,#11059);
#11058=PRODUCT_DEFINITION_SHAPE('',$,#11061);
#11059=SHAPE_REPRESENTATION('',(#4631),#11052);
#11060=PRODUCT_DEFINITION_CONTEXT('part definition',#11065,'design');
#11061=PRODUCT_DEFINITION('Chasis','Chasis v33',#11062,#11060);
#11062=PRODUCT_DEFINITION_FORMATION('',$,#11067);
#11063=PRODUCT_RELATED_PRODUCT_CATEGORY('Chasis v33','Chasis v33',(#11067));
#11064=APPLICATION_PROTOCOL_DEFINITION('international standard',
'automotive_design',2009,#11065);
#11065=APPLICATION_CONTEXT(
'Core Data for Automotive Mechanical Design Process');
#11066=PRODUCT_CONTEXT('part definition',#11065,'mechanical');
#11067=PRODUCT('Chasis','Chasis v33',$,(#11066));
#11068=PRESENTATION_STYLE_ASSIGNMENT((#11069));
#11069=SURFACE_STYLE_USAGE(.BOTH.,#11070);
#11070=SURFACE_SIDE_STYLE('',(#11071));
#11071=SURFACE_STYLE_FILL_AREA(#11072);
#11072=FILL_AREA_STYLE('Steel - Satin',(#11073));
#11073=FILL_AREA_STYLE_COLOUR('Steel - Satin',#11074);
#11074=COLOUR_RGB('Steel - Satin',0.627450980392157,0.627450980392157,0.627450980392157);
ENDSEC;
END-ISO-10303-21;
