ISO-10303-21;
HEADER;
/* Generated by software containing ST-Developer
 * from STEP Tools, Inc. (www.steptools.com) 
 */

FILE_DESCRIPTION(
/* description */ (''),
/* implementation_level */ '2;1');

FILE_NAME(
/* name */ 'c58d1459-375c-4d12-8a5d-f2ecab3c813e.stp',
/* time_stamp */ '2026-05-26T03:27:34Z',
/* author */ (''),
/* organization */ (''),
/* preprocessor_version */ 'ST-DEVELOPER v20.1',
/* originating_system */ 'Autodesk Translation Framework v15.8.0.0',
/* authorisation */ '');

FILE_SCHEMA (('AUTOMOTIVE_DESIGN { 1 0 10303 214 3 1 1 }'));
ENDSEC;

DATA;
#10=MECHANICAL_DESIGN_GEOMETRIC_PRESENTATION_REPRESENTATION('',(#13),#4628);
#11=SHAPE_REPRESENTATION_RELATIONSHIP('SRR','None',#4634,#12);
#12=ADVANCED_BREP_SHAPE_REPRESENTATION('',(#14),#4627);
#13=STYLED_ITEM('',(#4643),#14);
#14=MANIFOLD_SOLID_BREP('Body1',#925);
#15=FACE_BOUND('',#131,.T.);
#16=FACE_BOUND('',#145,.T.);
#17=FACE_BOUND('',#147,.T.);
#18=FACE_BOUND('',#149,.T.);
#19=FACE_BOUND('',#153,.T.);
#20=FACE_BOUND('',#158,.T.);
#21=FACE_BOUND('',#160,.T.);
#22=FACE_BOUND('',#163,.T.);
#23=FACE_BOUND('',#165,.T.);
#24=FACE_BOUND('',#167,.T.);
#25=FACE_BOUND('',#168,.T.);
#26=FACE_BOUND('',#170,.T.);
#27=FACE_BOUND('',#172,.T.);
#28=FACE_BOUND('',#173,.T.);
#29=FACE_BOUND('',#177,.T.);
#30=PLANE('',#948);
#31=PLANE('',#950);
#32=PLANE('',#951);
#33=PLANE('',#952);
#34=PLANE('',#953);
#35=PLANE('',#954);
#36=PLANE('',#955);
#37=PLANE('',#956);
#38=PLANE('',#957);
#39=PLANE('',#958);
#40=PLANE('',#959);
#41=PLANE('',#960);
#42=PLANE('',#961);
#43=PLANE('',#962);
#44=PLANE('',#963);
#45=PLANE('',#965);
#46=PLANE('',#970);
#47=PLANE('',#978);
#48=PLANE('',#980);
#49=PLANE('',#984);
#50=PLANE('',#985);
#51=PLANE('',#989);
#52=PLANE('',#996);
#53=B_SPLINE_SURFACE_WITH_KNOTS('',3,3,((#1852,#1853,#1854,#1855,#1856,
#1857,#1858,#1859,#1860,#1861,#1862,#1863,#1864,#1865,#1866,#1867,#1868,
#1869,#1870,#1871,#1872,#1873,#1874,#1875,#1876,#1877,#1878,#1879,#1880,
#1881,#1882,#1883,#1884,#1885,#1886,#1887,#1888,#1889,#1890,#1891,#1892,
#1893,#1894,#1895,#1896,#1897,#1898,#1899,#1900,#1901,#1902,#1903,#1904,
#1905,#1906,#1907,#1908,#1909,#1910,#1911,#1912,#1913,#1914,#1915,#1916,
#1917,#1918,#1919,#1920,#1921,#1922,#1923,#1924,#1925,#1926,#1927,#1928,
#1929,#1930,#1931,#1932,#1933,#1934,#1935,#1936,#1937,#1938,#1939,#1940,
#1941),(#1942,#1943,#1944,#1945,#1946,#1947,#1948,#1949,#1950,#1951,#1952,
#1953,#1954,#1955,#1956,#1957,#1958,#1959,#1960,#1961,#1962,#1963,#1964,
#1965,#1966,#1967,#1968,#1969,#1970,#1971,#1972,#1973,#1974,#1975,#1976,
#1977,#1978,#1979,#1980,#1981,#1982,#1983,#1984,#1985,#1986,#1987,#1988,
#1989,#1990,#1991,#1992,#1993,#1994,#1995,#1996,#1997,#1998,#1999,#2000,
#2001,#2002,#2003,#2004,#2005,#2006,#2007,#2008,#2009,#2010,#2011,#2012,
#2013,#2014,#2015,#2016,#2017,#2018,#2019,#2020,#2021,#2022,#2023,#2024,
#2025,#2026,#2027,#2028,#2029,#2030,#2031),(#2032,#2033,#2034,#2035,#2036,
#2037,#2038,#2039,#2040,#2041,#2042,#2043,#2044,#2045,#2046,#2047,#2048,
#2049,#2050,#2051,#2052,#2053,#2054,#2055,#2056,#2057,#2058,#2059,#2060,
#2061,#2062,#2063,#2064,#2065,#2066,#2067,#2068,#2069,#2070,#2071,#2072,
#2073,#2074,#2075,#2076,#2077,#2078,#2079,#2080,#2081,#2082,#2083,#2084,
#2085,#2086,#2087,#2088,#2089,#2090,#2091,#2092,#2093,#2094,#2095,#2096,
#2097,#2098,#2099,#2100,#2101,#2102,#2103,#2104,#2105,#2106,#2107,#2108,
#2109,#2110,#2111,#2112,#2113,#2114,#2115,#2116,#2117,#2118,#2119,#2120,
#2121),(#2122,#2123,#2124,#2125,#2126,#2127,#2128,#2129,#2130,#2131,#2132,
#2133,#2134,#2135,#2136,#2137,#2138,#2139,#2140,#2141,#2142,#2143,#2144,
#2145,#2146,#2147,#2148,#2149,#2150,#2151,#2152,#2153,#2154,#2155,#2156,
#2157,#2158,#2159,#2160,#2161,#2162,#2163,#2164,#2165,#2166,#2167,#2168,
#2169,#2170,#2171,#2172,#2173,#2174,#2175,#2176,#2177,#2178,#2179,#2180,
#2181,#2182,#2183,#2184,#2185,#2186,#2187,#2188,#2189,#2190,#2191,#2192,
#2193,#2194,#2195,#2196,#2197,#2198,#2199,#2200,#2201,#2202,#2203,#2204,
#2205,#2206,#2207,#2208,#2209,#2210,#2211),(#2212,#2213,#2214,#2215,#2216,
#2217,#2218,#2219,#2220,#2221,#2222,#2223,#2224,#2225,#2226,#2227,#2228,
#2229,#2230,#2231,#2232,#2233,#2234,#2235,#2236,#2237,#2238,#2239,#2240,
#2241,#2242,#2243,#2244,#2245,#2246,#2247,#2248,#2249,#2250,#2251,#2252,
#2253,#2254,#2255,#2256,#2257,#2258,#2259,#2260,#2261,#2262,#2263,#2264,
#2265,#2266,#2267,#2268,#2269,#2270,#2271,#2272,#2273,#2274,#2275,#2276,
#2277,#2278,#2279,#2280,#2281,#2282,#2283,#2284,#2285,#2286,#2287,#2288,
#2289,#2290,#2291,#2292,#2293,#2294,#2295,#2296,#2297,#2298,#2299,#2300,
#2301)),.UNSPECIFIED.,.F.,.F.,.F.,(4,1,4),(4,1,1,1,1,1,1,1,1,1,1,1,1,1,
1,1,1,1,1,1,1,1,1,1,1,1,1,1,1,1,1,1,1,1,1,1,1,1,1,1,1,1,1,1,1,1,1,1,1,1,
1,1,1,1,1,1,1,1,1,1,1,1,1,1,1,1,1,1,1,1,1,1,1,1,1,1,1,1,1,1,1,1,1,1,1,1,
1,4),(0.,0.571428571428571,1.),(-0.386409784315365,0.216740164633149,0.819890113581664,
1.42304006253018,2.02619001147869,2.62933996042721,3.23248990937572,3.83563985832424,
4.43878980727275,5.04193975622127,5.64508970516978,6.2482396541183,6.85138960306681,
7.45453955201532,8.05768950096384,8.66083944991235,9.26398939886087,10.3362559747693,
11.4085225506778,12.4807891265863,13.5530557024947,14.6253222784032,15.6975888543117,
16.501788786243,17.3059887181744,18.1101886501057,18.9143885820371,19.7185885139685,
20.5227884458998,21.3269883778312,22.1311883097625,22.9353882416939,23.7395881736252,
24.5437881055566,25.3479880374879,26.4202546133964,27.4925211893049,28.5647877652133,
29.6370543411218,30.173187629076,31.0667431089998,31.7815874929387,32.8538540688472,
33.9261206447557,34.9983872206642,35.8025871525955,36.6067870845269,37.4109870164582,
38.2151869483896,39.0193868803209,39.8235868122523,40.6277867441836,41.431986676115,
42.5042532520234,43.5765198279319,44.6487864038404,45.4529863357717,46.2571862677031,
47.0613861996344,47.8655861315658,48.6697860634972,49.4739859954285,49.8760859613942,
50.6802858933255,51.0823858592912,51.8865857912226,52.6907857231539,53.4949856550853,
54.2991855870166,55.103385518948,55.9075854508793,56.7117853828107,57.515985314742,
58.1191352636906,58.7222852126391,59.3254351615876,59.9285851105361,60.5317350594846,
61.1348850084331,62.0396099318559,62.3411849063302,63.5474848042272,64.7537847021242,
64.9045721893613,65.3569346510727,65.9600846000212,66.5632345489698,67.1663844979183),
 .UNSPECIFIED.);
#54=B_SPLINE_SURFACE_WITH_KNOTS('',3,3,((#2472,#2473,#2474,#2475,#2476,
#2477,#2478,#2479,#2480,#2481,#2482,#2483,#2484,#2485,#2486,#2487,#2488,
#2489,#2490,#2491,#2492,#2493,#2494,#2495,#2496,#2497,#2498,#2499,#2500,
#2501,#2502,#2503,#2504,#2505,#2506,#2507,#2508,#2509,#2510,#2511,#2512,
#2513,#2514,#2515,#2516,#2517,#2518,#2519,#2520,#2521,#2522,#2523,#2524,
#2525,#2526,#2527,#2528,#2529,#2530,#2531,#2532,#2533,#2534,#2535,#2536,
#2537,#2538,#2539,#2540,#2541,#2542,#2543,#2544,#2545,#2546,#2547,#2548,
#2549,#2550,#2551,#2552,#2553,#2554,#2555,#2556,#2557,#2558,#2559,#2560,
#2561,#2562),(#2563,#2564,#2565,#2566,#2567,#2568,#2569,#2570,#2571,#2572,
#2573,#2574,#2575,#2576,#2577,#2578,#2579,#2580,#2581,#2582,#2583,#2584,
#2585,#2586,#2587,#2588,#2589,#2590,#2591,#2592,#2593,#2594,#2595,#2596,
#2597,#2598,#2599,#2600,#2601,#2602,#2603,#2604,#2605,#2606,#2607,#2608,
#2609,#2610,#2611,#2612,#2613,#2614,#2615,#2616,#2617,#2618,#2619,#2620,
#2621,#2622,#2623,#2624,#2625,#2626,#2627,#2628,#2629,#2630,#2631,#2632,
#2633,#2634,#2635,#2636,#2637,#2638,#2639,#2640,#2641,#2642,#2643,#2644,
#2645,#2646,#2647,#2648,#2649,#2650,#2651,#2652,#2653),(#2654,#2655,#2656,
#2657,#2658,#2659,#2660,#2661,#2662,#2663,#2664,#2665,#2666,#2667,#2668,
#2669,#2670,#2671,#2672,#2673,#2674,#2675,#2676,#2677,#2678,#2679,#2680,
#2681,#2682,#2683,#2684,#2685,#2686,#2687,#2688,#2689,#2690,#2691,#2692,
#2693,#2694,#2695,#2696,#2697,#2698,#2699,#2700,#2701,#2702,#2703,#2704,
#2705,#2706,#2707,#2708,#2709,#2710,#2711,#2712,#2713,#2714,#2715,#2716,
#2717,#2718,#2719,#2720,#2721,#2722,#2723,#2724,#2725,#2726,#2727,#2728,
#2729,#2730,#2731,#2732,#2733,#2734,#2735,#2736,#2737,#2738,#2739,#2740,
#2741,#2742,#2743,#2744),(#2745,#2746,#2747,#2748,#2749,#2750,#2751,#2752,
#2753,#2754,#2755,#2756,#2757,#2758,#2759,#2760,#2761,#2762,#2763,#2764,
#2765,#2766,#2767,#2768,#2769,#2770,#2771,#2772,#2773,#2774,#2775,#2776,
#2777,#2778,#2779,#2780,#2781,#2782,#2783,#2784,#2785,#2786,#2787,#2788,
#2789,#2790,#2791,#2792,#2793,#2794,#2795,#2796,#2797,#2798,#2799,#2800,
#2801,#2802,#2803,#2804,#2805,#2806,#2807,#2808,#2809,#2810,#2811,#2812,
#2813,#2814,#2815,#2816,#2817,#2818,#2819,#2820,#2821,#2822,#2823,#2824,
#2825,#2826,#2827,#2828,#2829,#2830,#2831,#2832,#2833,#2834,#2835)),
 .UNSPECIFIED.,.F.,.F.,.F.,(4,4),(4,1,1,1,1,1,1,1,1,1,1,1,1,1,1,1,1,1,1,
1,1,1,1,1,1,1,1,1,1,1,1,1,1,1,1,1,1,1,1,1,1,1,1,1,1,1,1,1,1,1,1,1,1,1,1,
1,1,1,1,1,1,1,1,1,1,1,1,1,1,1,1,1,1,1,1,1,1,1,1,1,1,1,1,1,1,1,1,1,4),(0.0346449264527957,
0.198296723455869),(11.6150328478183,12.1118808087815,12.6087287697448,
13.105576730708,13.6024246916713,14.0992726526345,14.5961206135978,15.092968574561,
15.5898165355243,16.0866644964875,16.5835124574508,17.080360418414,17.5772083793773,
18.0740563403405,18.5709043013037,19.067752262267,19.5646002232302,20.0614481841935,
20.5582961451567,21.05514410612,21.5519920670832,22.0488400280465,22.5456879890097,
23.042535949973,23.5393839109362,24.0362318718994,24.5330798328627,25.0299277938259,
25.5267757547892,26.0236237157524,26.5204716767157,27.0173196376789,27.5141675986422,
28.0110155596054,28.5078635205687,29.0047114815319,29.5015594424951,29.9984074034584,
30.4952553644216,30.9921033253849,31.4889512863481,31.9857992473114,32.4826472082746,
32.9794951692379,33.4763431302011,33.9731910911644,34.4700390521276,34.9668870130908,
35.4637349740541,35.9605829350173,36.4574308959806,36.9542788569438,37.4511268179071,
37.9479747788703,38.4448227398336,38.9416707007968,39.4385186617601,39.9353666227233,
40.4322145836866,40.9290625446498,41.425910505613,41.9227584665763,42.4196064275395,
42.9164543885028,43.413302349466,43.9101503104293,44.4069982713925,44.9038462323558,
45.400694193319,45.8975421542822,46.3943901152455,46.8912380762087,47.388086037172,
47.8849339981352,48.3817819590985,48.8786299200617,49.375477881025,49.8723258419882,
50.3691738029515,50.8660217639147,51.362869724878,51.8597176858412,52.3565656468044,
52.8534136077677,53.3502615687309,53.8471095296942,54.3439574906574,54.8408054516207,
55.3376534125839),.UNSPECIFIED.);
#55=B_SPLINE_SURFACE_WITH_KNOTS('',3,3,((#3070,#3071,#3072,#3073,#3074,
#3075,#3076,#3077,#3078,#3079,#3080,#3081,#3082,#3083,#3084,#3085,#3086,
#3087,#3088,#3089,#3090,#3091,#3092,#3093,#3094,#3095,#3096,#3097,#3098,
#3099,#3100,#3101,#3102,#3103,#3104,#3105,#3106,#3107,#3108,#3109,#3110,
#3111,#3112,#3113,#3114,#3115,#3116,#3117,#3118,#3119,#3120,#3121,#3122,
#3123,#3124,#3125,#3126,#3127,#3128,#3129,#3130,#3131,#3132,#3133,#3134,
#3135,#3136,#3137,#3138,#3139,#3140,#3141,#3142,#3143,#3144,#3145,#3146,
#3147,#3148,#3149,#3150,#3151,#3152,#3153,#3154,#3155,#3156,#3157),(#3158,
#3159,#3160,#3161,#3162,#3163,#3164,#3165,#3166,#3167,#3168,#3169,#3170,
#3171,#3172,#3173,#3174,#3175,#3176,#3177,#3178,#3179,#3180,#3181,#3182,
#3183,#3184,#3185,#3186,#3187,#3188,#3189,#3190,#3191,#3192,#3193,#3194,
#3195,#3196,#3197,#3198,#3199,#3200,#3201,#3202,#3203,#3204,#3205,#3206,
#3207,#3208,#3209,#3210,#3211,#3212,#3213,#3214,#3215,#3216,#3217,#3218,
#3219,#3220,#3221,#3222,#3223,#3224,#3225,#3226,#3227,#3228,#3229,#3230,
#3231,#3232,#3233,#3234,#3235,#3236,#3237,#3238,#3239,#3240,#3241,#3242,
#3243,#3244,#3245),(#3246,#3247,#3248,#3249,#3250,#3251,#3252,#3253,#3254,
#3255,#3256,#3257,#3258,#3259,#3260,#3261,#3262,#3263,#3264,#3265,#3266,
#3267,#3268,#3269,#3270,#3271,#3272,#3273,#3274,#3275,#3276,#3277,#3278,
#3279,#3280,#3281,#3282,#3283,#3284,#3285,#3286,#3287,#3288,#3289,#3290,
#3291,#3292,#3293,#3294,#3295,#3296,#3297,#3298,#3299,#3300,#3301,#3302,
#3303,#3304,#3305,#3306,#3307,#3308,#3309,#3310,#3311,#3312,#3313,#3314,
#3315,#3316,#3317,#3318,#3319,#3320,#3321,#3322,#3323,#3324,#3325,#3326,
#3327,#3328,#3329,#3330,#3331,#3332,#3333),(#3334,#3335,#3336,#3337,#3338,
#3339,#3340,#3341,#3342,#3343,#3344,#3345,#3346,#3347,#3348,#3349,#3350,
#3351,#3352,#3353,#3354,#3355,#3356,#3357,#3358,#3359,#3360,#3361,#3362,
#3363,#3364,#3365,#3366,#3367,#3368,#3369,#3370,#3371,#3372,#3373,#3374,
#3375,#3376,#3377,#3378,#3379,#3380,#3381,#3382,#3383,#3384,#3385,#3386,
#3387,#3388,#3389,#3390,#3391,#3392,#3393,#3394,#3395,#3396,#3397,#3398,
#3399,#3400,#3401,#3402,#3403,#3404,#3405,#3406,#3407,#3408,#3409,#3410,
#3411,#3412,#3413,#3414,#3415,#3416,#3417,#3418,#3419,#3420,#3421),(#3422,
#3423,#3424,#3425,#3426,#3427,#3428,#3429,#3430,#3431,#3432,#3433,#3434,
#3435,#3436,#3437,#3438,#3439,#3440,#3441,#3442,#3443,#3444,#3445,#3446,
#3447,#3448,#3449,#3450,#3451,#3452,#3453,#3454,#3455,#3456,#3457,#3458,
#3459,#3460,#3461,#3462,#3463,#3464,#3465,#3466,#3467,#3468,#3469,#3470,
#3471,#3472,#3473,#3474,#3475,#3476,#3477,#3478,#3479,#3480,#3481,#3482,
#3483,#3484,#3485,#3486,#3487,#3488,#3489,#3490,#3491,#3492,#3493,#3494,
#3495,#3496,#3497,#3498,#3499,#3500,#3501,#3502,#3503,#3504,#3505,#3506,
#3507,#3508,#3509)),.UNSPECIFIED.,.F.,.F.,.F.,(4,1,4),(4,1,1,1,1,1,1,1,
1,1,1,1,1,1,1,1,1,1,1,1,1,1,1,1,1,1,1,1,1,1,1,1,1,1,1,1,1,1,1,1,1,1,1,1,
1,1,1,1,1,1,1,1,1,1,1,1,1,1,1,1,1,1,1,1,1,1,1,1,1,1,1,1,1,1,1,1,1,1,1,1,
1,1,1,1,1,4),(0.,0.571428571428571,1.),(-0.386406664444952,0.216743305634059,
0.81989327571307,1.42304324579208,2.02619321587109,2.6293431859501,3.23249315602911,
3.83564312610812,4.43879309618714,5.04194306626615,5.64509303634516,6.24824300642417,
6.85139297650318,7.45454294658219,8.0576929166612,8.66084288674021,9.26399285681922,
10.336259470293,11.4085260837668,12.4807926972406,13.284992657346,14.0891926174513,
14.8933925775567,15.697592537662,16.5017924977674,17.3059924578727,18.1101924179781,
18.9143923780834,19.7185923381887,20.5227922982941,21.3269922583994,22.1311922185048,
23.2034588319786,24.2757254454524,25.3479920589262,25.8841253656631,26.9563919791369,
27.7605919392422,28.5647918993476,29.3689918594529,30.1731918195583,31.2454584330321,
31.781591739769,32.8538583532428,33.9261249667166,34.9983915801904,35.8025915402957,
36.6067915004011,37.4109914605064,38.2151914206117,39.0193913807171,39.8235913408224,
40.6277913009278,41.4319912610331,42.5042578745069,43.5765244879807,44.6487911014545,
45.4529910615599,46.2571910216652,47.0613909817706,47.8655909418759,48.6697909019813,
49.4739908620866,50.278190822192,51.0823907822973,51.8865907424027,52.690790702508,
53.4949906626134,54.2991906227187,55.103390582824,55.9075905429294,56.7117905030347,
57.5159904631401,58.1191404332191,58.7222904032981,59.3254403733771,59.9285903434561,
61.1348902836142,62.3411902237722,63.5474901639302,64.1506401340092,64.7537901040882,
65.3569400741673,65.9600900442463,66.5632400143253,67.1663899844043),
 .UNSPECIFIED.);
#56=B_SPLINE_SURFACE_WITH_KNOTS('',3,3,((#3681,#3682,#3683,#3684,#3685,
#3686,#3687,#3688,#3689,#3690,#3691,#3692,#3693,#3694,#3695,#3696,#3697,
#3698,#3699,#3700,#3701,#3702,#3703,#3704,#3705,#3706,#3707,#3708,#3709,
#3710,#3711,#3712,#3713,#3714,#3715,#3716,#3717,#3718,#3719,#3720,#3721,
#3722,#3723,#3724,#3725,#3726,#3727,#3728,#3729,#3730,#3731,#3732,#3733,
#3734,#3735,#3736,#3737,#3738,#3739,#3740,#3741,#3742,#3743,#3744,#3745,
#3746,#3747,#3748,#3749,#3750,#3751,#3752,#3753,#3754,#3755,#3756,#3757,
#3758,#3759,#3760,#3761,#3762,#3763,#3764,#3765,#3766,#3767,#3768,#3769,
#3770,#3771,#3772,#3773,#3774,#3775,#3776,#3777,#3778,#3779,#3780,#3781,
#3782,#3783,#3784),(#3785,#3786,#3787,#3788,#3789,#3790,#3791,#3792,#3793,
#3794,#3795,#3796,#3797,#3798,#3799,#3800,#3801,#3802,#3803,#3804,#3805,
#3806,#3807,#3808,#3809,#3810,#3811,#3812,#3813,#3814,#3815,#3816,#3817,
#3818,#3819,#3820,#3821,#3822,#3823,#3824,#3825,#3826,#3827,#3828,#3829,
#3830,#3831,#3832,#3833,#3834,#3835,#3836,#3837,#3838,#3839,#3840,#3841,
#3842,#3843,#3844,#3845,#3846,#3847,#3848,#3849,#3850,#3851,#3852,#3853,
#3854,#3855,#3856,#3857,#3858,#3859,#3860,#3861,#3862,#3863,#3864,#3865,
#3866,#3867,#3868,#3869,#3870,#3871,#3872,#3873,#3874,#3875,#3876,#3877,
#3878,#3879,#3880,#3881,#3882,#3883,#3884,#3885,#3886,#3887,#3888),(#3889,
#3890,#3891,#3892,#3893,#3894,#3895,#3896,#3897,#3898,#3899,#3900,#3901,
#3902,#3903,#3904,#3905,#3906,#3907,#3908,#3909,#3910,#3911,#3912,#3913,
#3914,#3915,#3916,#3917,#3918,#3919,#3920,#3921,#3922,#3923,#3924,#3925,
#3926,#3927,#3928,#3929,#3930,#3931,#3932,#3933,#3934,#3935,#3936,#3937,
#3938,#3939,#3940,#3941,#3942,#3943,#3944,#3945,#3946,#3947,#3948,#3949,
#3950,#3951,#3952,#3953,#3954,#3955,#3956,#3957,#3958,#3959,#3960,#3961,
#3962,#3963,#3964,#3965,#3966,#3967,#3968,#3969,#3970,#3971,#3972,#3973,
#3974,#3975,#3976,#3977,#3978,#3979,#3980,#3981,#3982,#3983,#3984,#3985,
#3986,#3987,#3988,#3989,#3990,#3991,#3992),(#3993,#3994,#3995,#3996,#3997,
#3998,#3999,#4000,#4001,#4002,#4003,#4004,#4005,#4006,#4007,#4008,#4009,
#4010,#4011,#4012,#4013,#4014,#4015,#4016,#4017,#4018,#4019,#4020,#4021,
#4022,#4023,#4024,#4025,#4026,#4027,#4028,#4029,#4030,#4031,#4032,#4033,
#4034,#4035,#4036,#4037,#4038,#4039,#4040,#4041,#4042,#4043,#4044,#4045,
#4046,#4047,#4048,#4049,#4050,#4051,#4052,#4053,#4054,#4055,#4056,#4057,
#4058,#4059,#4060,#4061,#4062,#4063,#4064,#4065,#4066,#4067,#4068,#4069,
#4070,#4071,#4072,#4073,#4074,#4075,#4076,#4077,#4078,#4079,#4080,#4081,
#4082,#4083,#4084,#4085,#4086,#4087,#4088,#4089,#4090,#4091,#4092,#4093,
#4094,#4095,#4096)),.UNSPECIFIED.,.F.,.F.,.F.,(4,4),(4,1,1,1,1,1,1,1,1,
1,1,1,1,1,1,1,1,1,1,1,1,1,1,1,1,1,1,1,1,1,1,1,1,1,1,1,1,1,1,1,1,1,1,1,1,
1,1,1,1,1,1,1,1,1,1,1,1,1,1,1,1,1,1,1,1,1,1,1,1,1,1,1,1,1,1,1,1,1,1,1,1,
1,1,1,1,1,1,1,1,1,1,1,1,1,1,1,1,1,1,1,1,4),(0.0115423564304331,0.175194799790625),
(8.17883857256482,8.56813937817349,8.95744018378215,9.34674098939082,9.73604179499949,
10.1253426006082,10.5146434062168,10.9039442118255,11.2932450174342,11.6825458230428,
12.0718466286515,12.4611474342602,12.8504482398688,13.2397490454775,13.6290498510862,
14.0183506566948,14.4076514623035,14.926719203115,15.4457869439266,15.9648546847382,
16.4839224255497,16.8299675860907,17.5220579071728,17.9113587127815,18.3006595183902,
18.6899603239988,19.0792611296075,19.4685619352162,19.8578627408248,20.2471635464335,
20.6364643520422,21.0257651576508,21.4150659632595,21.8043667688682,22.1936675744768,
22.5829683800855,22.9722691856942,23.3615699913028,23.7508707969115,24.1401716025202,
24.5294724081288,24.9187732137375,25.3080740193462,25.6973748249548,26.0866756305635,
26.2813260333678,26.4759764361722,26.8652772417808,27.2545780473895,27.6438788529982,
28.0331796586068,28.4224804642155,28.8117812698242,29.2010820754328,29.5903828810415,
29.9796836866502,30.4987514274617,31.0178191682733,31.5368869090848,31.9261877146935,
32.3154885203022,32.7047893259108,33.0940901315195,33.6131578723311,34.1322256131426,
34.6512933539542,35.1703610947657,35.6894288355773,36.2084965763888,36.7275643172004,
37.2466320580119,37.7656997988235,38.2847675396351,38.8038352804466,39.3229030212582,
39.8419707620697,40.1015046324755,40.3610385028813,40.8801062436928,41.3991739845044,
42.0912643055865,42.7833546266685,43.4754449477506,44.1675352688327,44.8596255899147,
45.5517159109968,45.9410167166055,46.3303175222142,46.7196183278228,47.1089191334315,
47.4982199390402,47.8875207446488,48.2768215502575,48.6661223558662,49.0554231614748,
49.4447239670835,49.8340247726922,50.2233255783008,50.6126263839095,51.0019271895182,
51.3912279951268,51.7805288007355),.UNSPECIFIED.);
#57=FACE_OUTER_BOUND('',#110,.T.);
#58=FACE_OUTER_BOUND('',#111,.T.);
#59=FACE_OUTER_BOUND('',#112,.T.);
#60=FACE_OUTER_BOUND('',#113,.T.);
#61=FACE_OUTER_BOUND('',#114,.T.);
#62=FACE_OUTER_BOUND('',#115,.T.);
#63=FACE_OUTER_BOUND('',#116,.T.);
#64=FACE_OUTER_BOUND('',#117,.T.);
#65=FACE_OUTER_BOUND('',#118,.T.);
#66=FACE_OUTER_BOUND('',#119,.T.);
#67=FACE_OUTER_BOUND('',#120,.T.);
#68=FACE_OUTER_BOUND('',#121,.T.);
#69=FACE_OUTER_BOUND('',#122,.T.);
#70=FACE_OUTER_BOUND('',#123,.T.);
#71=FACE_OUTER_BOUND('',#124,.T.);
#72=FACE_OUTER_BOUND('',#125,.T.);
#73=FACE_OUTER_BOUND('',#126,.T.);
#74=FACE_OUTER_BOUND('',#127,.T.);
#75=FACE_OUTER_BOUND('',#128,.T.);
#76=FACE_OUTER_BOUND('',#129,.T.);
#77=FACE_OUTER_BOUND('',#130,.T.);
#78=FACE_OUTER_BOUND('',#132,.T.);
#79=FACE_OUTER_BOUND('',#133,.T.);
#80=FACE_OUTER_BOUND('',#134,.T.);
#81=FACE_OUTER_BOUND('',#135,.T.);
#82=FACE_OUTER_BOUND('',#136,.T.);
#83=FACE_OUTER_BOUND('',#137,.T.);
#84=FACE_OUTER_BOUND('',#138,.T.);
#85=FACE_OUTER_BOUND('',#139,.T.);
#86=FACE_OUTER_BOUND('',#140,.T.);
#87=FACE_OUTER_BOUND('',#141,.T.);
#88=FACE_OUTER_BOUND('',#142,.T.);
#89=FACE_OUTER_BOUND('',#143,.T.);
#90=FACE_OUTER_BOUND('',#144,.T.);
#91=FACE_OUTER_BOUND('',#146,.T.);
#92=FACE_OUTER_BOUND('',#148,.T.);
#93=FACE_OUTER_BOUND('',#150,.T.);
#94=FACE_OUTER_BOUND('',#151,.T.);
#95=FACE_OUTER_BOUND('',#152,.T.);
#96=FACE_OUTER_BOUND('',#154,.T.);
#97=FACE_OUTER_BOUND('',#155,.T.);
#98=FACE_OUTER_BOUND('',#156,.T.);
#99=FACE_OUTER_BOUND('',#157,.T.);
#100=FACE_OUTER_BOUND('',#159,.T.);
#101=FACE_OUTER_BOUND('',#161,.T.);
#102=FACE_OUTER_BOUND('',#162,.T.);
#103=FACE_OUTER_BOUND('',#164,.T.);
#104=FACE_OUTER_BOUND('',#166,.T.);
#105=FACE_OUTER_BOUND('',#169,.T.);
#106=FACE_OUTER_BOUND('',#171,.T.);
#107=FACE_OUTER_BOUND('',#174,.T.);
#108=FACE_OUTER_BOUND('',#175,.T.);
#109=FACE_OUTER_BOUND('',#176,.T.);
#110=EDGE_LOOP('',(#586,#587,#588));
#111=EDGE_LOOP('',(#589,#590,#591,#592,#593));
#112=EDGE_LOOP('',(#594,#595,#596,#597));
#113=EDGE_LOOP('',(#598,#599,#600,#601));
#114=EDGE_LOOP('',(#602,#603,#604,#605));
#115=EDGE_LOOP('',(#606,#607,#608,#609));
#116=EDGE_LOOP('',(#610,#611,#612,#613));
#117=EDGE_LOOP('',(#614,#615,#616,#617));
#118=EDGE_LOOP('',(#618,#619,#620,#621));
#119=EDGE_LOOP('',(#622,#623,#624,#625));
#120=EDGE_LOOP('',(#626,#627,#628,#629));
#121=EDGE_LOOP('',(#630,#631,#632,#633));
#122=EDGE_LOOP('',(#634,#635,#636,#637));
#123=EDGE_LOOP('',(#638,#639,#640,#641));
#124=EDGE_LOOP('',(#642,#643,#644,#645,#646,#647,#648,#649,#650,#651,#652));
#125=EDGE_LOOP('',(#653,#654,#655,#656,#657,#658,#659,#660,#661,#662,#663));
#126=EDGE_LOOP('',(#664,#665,#666,#667,#668,#669,#670,#671,#672,#673,#674));
#127=EDGE_LOOP('',(#675,#676,#677,#678));
#128=EDGE_LOOP('',(#679,#680,#681,#682,#683,#684,#685,#686,#687,#688));
#129=EDGE_LOOP('',(#689,#690,#691,#692));
#130=EDGE_LOOP('',(#693,#694,#695,#696,#697,#698));
#131=EDGE_LOOP('',(#699));
#132=EDGE_LOOP('',(#700,#701,#702,#703));
#133=EDGE_LOOP('',(#704,#705,#706,#707));
#134=EDGE_LOOP('',(#708,#709,#710,#711));
#135=EDGE_LOOP('',(#712,#713,#714,#715));
#136=EDGE_LOOP('',(#716,#717,#718,#719));
#137=EDGE_LOOP('',(#720,#721,#722,#723));
#138=EDGE_LOOP('',(#724,#725,#726,#727));
#139=EDGE_LOOP('',(#728,#729,#730,#731));
#140=EDGE_LOOP('',(#732,#733,#734,#735));
#141=EDGE_LOOP('',(#736,#737,#738,#739));
#142=EDGE_LOOP('',(#740,#741,#742,#743));
#143=EDGE_LOOP('',(#744,#745,#746,#747));
#144=EDGE_LOOP('',(#748,#749,#750,#751,#752,#753));
#145=EDGE_LOOP('',(#754,#755,#756,#757,#758,#759));
#146=EDGE_LOOP('',(#760));
#147=EDGE_LOOP('',(#761,#762,#763,#764,#765,#766));
#148=EDGE_LOOP('',(#767));
#149=EDGE_LOOP('',(#768));
#150=EDGE_LOOP('',(#769,#770,#771,#772,#773));
#151=EDGE_LOOP('',(#774,#775,#776,#777,#778));
#152=EDGE_LOOP('',(#779));
#153=EDGE_LOOP('',(#780));
#154=EDGE_LOOP('',(#781,#782,#783,#784,#785,#786));
#155=EDGE_LOOP('',(#787,#788,#789,#790));
#156=EDGE_LOOP('',(#791,#792,#793,#794));
#157=EDGE_LOOP('',(#795));
#158=EDGE_LOOP('',(#796));
#159=EDGE_LOOP('',(#797));
#160=EDGE_LOOP('',(#798));
#161=EDGE_LOOP('',(#799,#800,#801,#802));
#162=EDGE_LOOP('',(#803,#804,#805,#806,#807,#808));
#163=EDGE_LOOP('',(#809));
#164=EDGE_LOOP('',(#810));
#165=EDGE_LOOP('',(#811));
#166=EDGE_LOOP('',(#812,#813,#814,#815));
#167=EDGE_LOOP('',(#816,#817));
#168=EDGE_LOOP('',(#818,#819,#820));
#169=EDGE_LOOP('',(#821));
#170=EDGE_LOOP('',(#822));
#171=EDGE_LOOP('',(#823,#824,#825,#826));
#172=EDGE_LOOP('',(#827,#828));
#173=EDGE_LOOP('',(#829));
#174=EDGE_LOOP('',(#830,#831,#832,#833));
#175=EDGE_LOOP('',(#834,#835,#836,#837));
#176=EDGE_LOOP('',(#838));
#177=EDGE_LOOP('',(#839,#840,#841,#842,#843,#844,#845));
#178=CIRCLE('',#928,14.66495);
#179=CIRCLE('',#930,14.66495);
#180=CIRCLE('',#937,16.18225);
#181=CIRCLE('',#945,16.18225);
#182=CIRCLE('',#947,14.66495);
#183=CIRCLE('',#949,14.);
#184=CIRCLE('',#964,35.);
#185=CIRCLE('',#966,2.);
#186=CIRCLE('',#967,1.5);
#187=CIRCLE('',#971,2.);
#188=CIRCLE('',#972,1.5);
#189=CIRCLE('',#976,17.5);
#190=CIRCLE('',#977,17.5);
#191=CIRCLE('',#979,13.25);
#192=CIRCLE('',#981,35.);
#193=CIRCLE('',#982,18.);
#194=CIRCLE('',#986,18.);
#195=CIRCLE('',#987,16.5);
#196=CIRCLE('',#990,14.);
#197=CIRCLE('',#991,13.25);
#198=CIRCLE('',#994,16.5);
#199=B_SPLINE_CURVE_WITH_KNOTS('',3,(#1205,#1206,#1207,#1208),
 .UNSPECIFIED.,.F.,.F.,(4,4),(53.4070751110265,53.5029348956822),
 .UNSPECIFIED.);
#200=B_SPLINE_CURVE_WITH_KNOTS('',3,(#1214,#1215,#1216,#1217,#1218,#1219,
#1220,#1221,#1222,#1223,#1224,#1225,#1226,#1227,#1228,#1229,#1230),
 .UNSPECIFIED.,.F.,.F.,(4,1,1,1,1,1,1,1,1,1,1,1,1,1,4),(47.1238898038469,
47.388086037172,47.8849339981352,48.3817819590985,48.8786299200617,49.375477881025,
49.8723258419882,50.3691738029515,50.8660217639147,51.362869724878,51.8597176858412,
52.3565656468044,52.8534136077677,53.3502615687309,53.4070751110265),
 .UNSPECIFIED.);
#201=B_SPLINE_CURVE_WITH_KNOTS('',3,(#1233,#1234,#1235,#1236,#1237,#1238,
#1239,#1240,#1241,#1242,#1243,#1244,#1245,#1246,#1247,#1248,#1249,#1250,
#1251,#1252,#1253,#1254,#1255,#1256,#1257,#1258,#1259,#1260,#1261,#1262,
#1263,#1264,#1265,#1266,#1267,#1268,#1269),.UNSPECIFIED.,.F.,.F.,(4,3,3,
3,3,3,3,3,3,3,3,3,4),(0.711475993631935,1.28448648852734,1.85749698342274,
2.43050747831813,3.00351797321354,3.57652846810895,4.14953896300434,4.72254945789974,
5.29555995279515,5.86857044769055,6.44158094258595,7.01459143748134,7.5650047062353),
 .UNSPECIFIED.);
#202=B_SPLINE_CURVE_WITH_KNOTS('',3,(#1274,#1275,#1276,#1277,#1278,#1279,
#1280,#1281,#1282,#1283,#1284,#1285,#1286,#1287,#1288,#1289,#1290),
 .UNSPECIFIED.,.F.,.F.,(4,1,1,1,1,1,1,1,1,1,1,1,1,1,4),(40.8407044966673,
40.9290625446498,41.425910505613,41.9227584665763,42.4196064275395,42.9164543885028,
43.413302349466,43.9101503104293,44.4069982713925,44.9038462323558,45.400694193319,
45.8975421542822,46.3943901152455,46.8912380762087,47.1238898038469),
 .UNSPECIFIED.);
#203=B_SPLINE_CURVE_WITH_KNOTS('',3,(#1291,#1292,#1293,#1294,#1295,#1296,
#1297,#1298,#1299,#1300,#1301,#1302,#1303,#1304,#1305,#1306,#1307,#1308,
#1309,#1310,#1311,#1312,#1313,#1314,#1315,#1316,#1317,#1318,#1319,#1320,
#1321,#1322,#1323,#1324,#1325,#1326,#1327,#1328,#1329,#1330),
 .UNSPECIFIED.,.F.,.F.,(4,3,3,3,3,3,3,3,3,3,3,3,3,4),(7.5650047062353,7.58760201041417,
8.16061448414797,8.73362695788177,9.30663943161557,9.87965190534935,10.8983407475428,
11.9170295897362,12.9357184319296,13.954407274123,14.9730961163164,15.9917849585098,
16.7558015901549,16.8132351337275),.UNSPECIFIED.);
#204=B_SPLINE_CURVE_WITH_KNOTS('',3,(#1335,#1336,#1337,#1338,#1339,#1340,
#1341,#1342,#1343,#1344,#1345,#1346,#1347,#1348,#1349,#1350),
 .UNSPECIFIED.,.F.,.F.,(4,1,1,1,1,1,1,1,1,1,1,1,1,4),(34.5575191894877,
34.9668870130908,35.4637349740541,35.9605829350173,36.4574308959806,36.9542788569438,
37.4511268179071,37.9479747788703,38.4448227398336,38.9416707007968,39.4385186617601,
39.9353666227233,40.4322145836866,40.8407044966673),.UNSPECIFIED.);
#205=B_SPLINE_CURVE_WITH_KNOTS('',3,(#1351,#1352,#1353,#1354,#1355,#1356,
#1357,#1358,#1359,#1360,#1361,#1362,#1363,#1364,#1365,#1366,#1367,#1368,
#1369,#1370,#1371,#1372,#1373,#1374,#1375,#1376,#1377,#1378,#1379,#1380,
#1381,#1382,#1383,#1384,#1385,#1386,#1387,#1388,#1389,#1390,#1391,#1392,
#1393),.UNSPECIFIED.,.F.,.F.,(4,3,3,3,3,3,3,3,3,3,3,3,3,3,4),(16.8132351337275,
17.5198229717847,17.9018338556473,18.2838447395099,19.0478665072351,19.8118882749603,
20.5759100426855,21.3399318104107,22.1039535781359,22.8679753458611,23.6319971135864,
24.3960188813116,25.1600406490368,25.924062416762,26.0615277310617),
 .UNSPECIFIED.);
#206=B_SPLINE_CURVE_WITH_KNOTS('',3,(#1398,#1399,#1400,#1401,#1402,#1403,
#1404,#1405,#1406,#1407,#1408,#1409,#1410,#1411,#1412,#1413,#1414),
 .UNSPECIFIED.,.F.,.F.,(4,1,1,1,1,1,1,1,1,1,1,1,1,1,4),(28.2743338823081,
28.5078635205687,29.0047114815319,29.5015594424951,29.9984074034584,30.4952553644216,
30.9921033253849,31.4889512863481,31.9857992473114,32.4826472082746,32.9794951692379,
33.4763431302011,33.9731910911644,34.4700390521276,34.5575191894877),
 .UNSPECIFIED.);
#207=B_SPLINE_CURVE_WITH_KNOTS('',3,(#1415,#1416,#1417,#1418,#1419,#1420,
#1421,#1422,#1423,#1424,#1425,#1426,#1427,#1428,#1429,#1430,#1431,#1432,
#1433,#1434,#1435,#1436,#1437,#1438,#1439,#1440,#1441,#1442,#1443,#1444,
#1445,#1446,#1447,#1448,#1449,#1450,#1451,#1452,#1453,#1454,#1455,#1456,
#1457,#1458,#1459,#1460),.UNSPECIFIED.,.F.,.F.,(4,3,3,3,3,3,3,3,3,3,3,3,
3,3,3,4),(26.0615277310617,26.6880854744138,27.4521088150732,28.2161321557326,
28.7891496612271,29.3621671667216,29.9351846722162,30.5082021777107,31.2722255183701,
32.0362488590294,32.8002721996888,33.3732897051833,33.9463072106779,34.5193247161724,
35.0923422216669,35.3098393679282),.UNSPECIFIED.);
#208=B_SPLINE_CURVE_WITH_KNOTS('',3,(#1465,#1466,#1467,#1468,#1469,#1470,
#1471,#1472,#1473,#1474,#1475,#1476,#1477,#1478,#1479,#1480,#1481),
 .UNSPECIFIED.,.F.,.F.,(4,1,1,1,1,1,1,1,1,1,1,1,1,1,4),(21.9911485751285,
22.0488400280465,22.5456879890097,23.042535949973,23.5393839109362,24.0362318718994,
24.5330798328627,25.0299277938259,25.5267757547892,26.0236237157524,26.5204716767157,
27.0173196376789,27.5141675986422,28.0110155596054,28.2743338823081),
 .UNSPECIFIED.);
#209=B_SPLINE_CURVE_WITH_KNOTS('',3,(#1482,#1483,#1484,#1485,#1486,#1487,
#1488,#1489,#1490,#1491,#1492,#1493,#1494,#1495,#1496,#1497,#1498,#1499,
#1500,#1501,#1502,#1503,#1504,#1505,#1506,#1507,#1508,#1509,#1510,#1511,
#1512,#1513,#1514,#1515,#1516,#1517,#1518,#1519,#1520,#1521,#1522,#1523,
#1524,#1525,#1526,#1527,#1528,#1529,#1530,#1531,#1532,#1533,#1534,#1535,
#1536),.UNSPECIFIED.,.F.,.F.,(4,3,3,3,3,3,3,3,3,3,3,3,3,3,3,3,3,3,4),(35.3098393679282,
35.6653588078664,36.2383748316675,36.8113908554686,37.3844068792698,37.9574229030709,
38.2439309149715,38.5304389268721,39.1034549506732,39.6764709744743,40.2494869982755,
40.8225030220766,41.3955190458778,41.9685350696789,42.54155109348,43.1145671172812,
43.6875831410823,44.2605991648835,44.5581270913058),.UNSPECIFIED.);
#210=B_SPLINE_CURVE_WITH_KNOTS('',3,(#1541,#1542,#1543,#1544,#1545,#1546,
#1547,#1548,#1549,#1550,#1551,#1552,#1553,#1554,#1555,#1556),
 .UNSPECIFIED.,.F.,.F.,(4,1,1,1,1,1,1,1,1,1,1,1,1,4),(15.7079632679489,
16.0866644964875,16.5835124574508,17.080360418414,17.5772083793773,18.0740563403405,
18.5709043013037,19.067752262267,19.5646002232302,20.0614481841935,20.5582961451567,
21.05514410612,21.5519920670832,21.9911485751285),.UNSPECIFIED.);
#211=B_SPLINE_CURVE_WITH_KNOTS('',3,(#1557,#1558,#1559,#1560,#1561,#1562,
#1563,#1564,#1565,#1566,#1567,#1568,#1569,#1570,#1571,#1572,#1573,#1574,
#1575,#1576,#1577,#1578,#1579,#1580,#1581,#1582,#1583,#1584,#1585,#1586,
#1587,#1588,#1589,#1590,#1591,#1592,#1593,#1594,#1595,#1596,#1597,#1598,
#1599,#1600,#1601,#1602,#1603,#1604,#1605),.UNSPECIFIED.,.F.,.F.,(4,3,3,
3,3,3,3,3,3,3,3,3,3,3,3,3,4),(44.5581270913058,44.8336131902072,45.4066250571698,
45.9796369241323,46.5526487910949,47.1256606580574,47.69867252502,48.2716843919825,
48.8446962589451,49.4177081259076,49.9907199928702,50.5637318598327,51.1367437267953,
52.1554314902843,52.6647753720288,53.4287911946455,53.8063477258451),
 .UNSPECIFIED.);
#212=B_SPLINE_CURVE_WITH_KNOTS('',3,(#1611,#1612,#1613,#1614,#1615,#1616,
#1617,#1618,#1619,#1620),.UNSPECIFIED.,.F.,.F.,(4,1,1,1,1,1,1,4),(-66.5866015974625,
-66.5632345489698,-65.9600846000212,-65.3569346510727,-64.9045721893613,
-64.7537847021242,-63.5474848042272,-63.3626720184969),.UNSPECIFIED.);
#213=B_SPLINE_CURVE_WITH_KNOTS('',3,(#1623,#1624,#1625,#1626,#1627,#1628,
#1629,#1630),.UNSPECIFIED.,.F.,.F.,(4,1,1,1,1,4),(-2.18653734059515,-2.02619321587109,
-1.42304324579208,-0.81989327571307,-0.216743305634059,0.386406664444952),
 .UNSPECIFIED.);
#214=B_SPLINE_CURVE_WITH_KNOTS('',3,(#1635,#1636,#1637,#1638,#1639,#1640,
#1641,#1642,#1643,#1644,#1645,#1646,#1647,#1648,#1649,#1650,#1651,#1652),
 .UNSPECIFIED.,.F.,.F.,(4,1,1,1,1,1,1,1,1,1,1,1,1,1,1,4),(-63.3626720184969,
-62.3411849063302,-62.0396099318559,-61.1348850084331,-60.5317350594846,
-59.9285851105361,-59.3254351615876,-58.7222852126391,-58.1191352636906,
-57.515985314742,-56.7117853828107,-55.9075854508793,-55.103385518948,-54.2991855870166,
-53.4949856550853,-53.3169535397926),.UNSPECIFIED.);
#215=B_SPLINE_CURVE_WITH_KNOTS('',3,(#1653,#1654,#1655,#1656,#1657,#1658,
#1659,#1660,#1661,#1662,#1663,#1664,#1665,#1666,#1667,#1668,#1669,#1670),
 .UNSPECIFIED.,.F.,.F.,(4,1,1,1,1,1,1,1,1,1,1,1,1,1,1,4),(-12.2323536167588,
-11.4085260837668,-10.336259470293,-9.26399285681922,-8.66084288674021,
-8.0576929166612,-7.45454294658219,-6.85139297650318,-6.24824300642417,
-5.64509303634516,-5.04194306626615,-4.43879309618714,-3.83564312610812,
-3.23249315602911,-2.6293431859501,-2.18653734059515),.UNSPECIFIED.);
#216=B_SPLINE_CURVE_WITH_KNOTS('',3,(#1675,#1676,#1677,#1678,#1679,#1680,
#1681,#1682,#1683,#1684,#1685,#1686,#1687,#1688,#1689,#1690,#1691),
 .UNSPECIFIED.,.F.,.F.,(4,1,1,1,1,1,1,1,1,1,1,1,1,1,4),(-53.3169535397926,
-52.6907857231539,-51.8865857912226,-51.0823858592912,-50.6802858933255,
-49.8760859613942,-49.4739859954285,-48.6697860634972,-47.8655861315658,
-47.0613861996344,-46.2571862677031,-45.4529863357717,-44.6487864038404,
-43.5765198279319,-43.270823948932),.UNSPECIFIED.);
#217=B_SPLINE_CURVE_WITH_KNOTS('',3,(#1692,#1693,#1694,#1695,#1696,#1697,
#1698,#1699,#1700,#1701,#1702,#1703,#1704,#1705,#1706,#1707,#1708),
 .UNSPECIFIED.,.F.,.F.,(4,1,1,1,1,1,1,1,1,1,1,1,1,1,4),(-22.2784816810747,
-22.1311922185048,-21.3269922583994,-20.5227922982941,-19.7185923381887,
-18.9143923780834,-18.1101924179781,-17.3059924578727,-16.5017924977674,
-15.697592537662,-14.8933925775567,-14.0891926174513,-13.284992657346,-12.4807926972406,
-12.2323536167588),.UNSPECIFIED.);
#218=B_SPLINE_CURVE_WITH_KNOTS('',3,(#1713,#1714,#1715,#1716,#1717,#1718,
#1719,#1720,#1721,#1722,#1723,#1724,#1725,#1726,#1727),.UNSPECIFIED.,.F.,
 .F.,(4,1,1,1,1,1,1,1,1,1,1,1,4),(-43.270823948932,-42.5042532520234,-41.431986676115,
-40.6277867441836,-39.8235868122523,-39.0193868803209,-38.2151869483896,
-37.4109870164582,-36.6067870845269,-35.8025871525955,-34.9983872206642,
-33.9261206447557,-33.2254452080432),.UNSPECIFIED.);
#219=B_SPLINE_CURVE_WITH_KNOTS('',3,(#1728,#1729,#1730,#1731,#1732,#1733,
#1734,#1735,#1736,#1737,#1738,#1739,#1740,#1741,#1742),.UNSPECIFIED.,.F.,
 .F.,(4,1,1,1,1,1,1,1,1,1,1,1,4),(-32.3240064617015,-31.781591739769,-31.2454584330321,
-30.1731918195583,-29.3689918594529,-28.5647918993476,-27.7605919392422,
-26.9563919791369,-25.8841253656631,-25.3479920589262,-24.2757254454524,
-23.2034588319786,-22.2784816810747),.UNSPECIFIED.);
#220=B_SPLINE_CURVE_WITH_KNOTS('',3,(#1747,#1748,#1749,#1750,#1751,#1752,
#1753,#1754,#1755,#1756,#1757,#1758,#1759,#1760,#1761),.UNSPECIFIED.,.F.,
 .F.,(4,1,1,1,1,1,1,1,1,1,1,1,4),(-33.2254452080432,-32.8538540688472,-31.7815874929387,
-31.0667431089998,-30.173187629076,-29.6370543411218,-28.5647877652133,
-27.4925211893049,-26.4202546133964,-25.3479880374879,-24.5437881055566,
-23.7395881736252,-23.17916885417),.UNSPECIFIED.);
#221=B_SPLINE_CURVE_WITH_KNOTS('',3,(#1762,#1763,#1764,#1765,#1766,#1767,
#1768,#1769,#1770,#1771,#1772,#1773,#1774,#1775,#1776),.UNSPECIFIED.,.F.,
 .F.,(4,1,1,1,1,1,1,1,1,1,1,1,4),(-42.3702764290151,-41.4319912610331,-40.6277913009278,
-39.8235913408224,-39.0193913807171,-38.2151914206117,-37.4109914605064,
-36.6067915004011,-35.8025915402957,-34.9983915801904,-33.9261249667166,
-32.8538583532428,-32.3240064617015),.UNSPECIFIED.);
#222=B_SPLINE_CURVE_WITH_KNOTS('',3,(#1781,#1782,#1783,#1784,#1785,#1786,
#1787,#1788,#1789,#1790,#1791,#1792,#1793,#1794,#1795,#1796),
 .UNSPECIFIED.,.F.,.F.,(4,1,1,1,1,1,1,1,1,1,1,1,1,4),(-23.17916885417,-22.9353882416939,
-22.1311883097625,-21.3269883778312,-20.5227884458998,-19.7185885139685,
-18.9143885820371,-18.1101886501057,-17.3059887181744,-16.501788786243,
-15.6975888543117,-14.6253222784032,-13.5530557024947,-13.1331681535235),
 .UNSPECIFIED.);
#223=B_SPLINE_CURVE_WITH_KNOTS('',3,(#1797,#1798,#1799,#1800,#1801,#1802,
#1803,#1804,#1805,#1806,#1807,#1808,#1809,#1810,#1811,#1812),
 .UNSPECIFIED.,.F.,.F.,(4,1,1,1,1,1,1,1,1,1,1,1,1,4),(-52.4162294932935,
-51.8865907424027,-51.0823907822973,-50.278190822192,-49.4739908620866,
-48.6697909019813,-47.8655909418759,-47.0613909817706,-46.2571910216652,
-45.4529910615599,-44.6487911014545,-43.5765244879807,-42.5042578745069,
-42.3702764290151),.UNSPECIFIED.);
#224=B_SPLINE_CURVE_WITH_KNOTS('',3,(#1817,#1818,#1819,#1820,#1821,#1822,
#1823,#1824,#1825,#1826,#1827,#1828,#1829,#1830,#1831,#1832,#1833,#1834),
 .UNSPECIFIED.,.F.,.F.,(4,1,1,1,1,1,1,1,1,1,1,1,1,1,1,4),(-13.1331681535235,
-12.4807891265863,-11.4085225506778,-10.3362559747693,-9.26398939886087,
-8.66083944991235,-8.05768950096384,-7.45453955201532,-6.85138960306681,
-6.2482396541183,-5.64508970516978,-5.04193975622127,-4.43878980727275,
-3.83563985832424,-3.23248990937572,-3.08724825974289),.UNSPECIFIED.);
#225=B_SPLINE_CURVE_WITH_KNOTS('',3,(#1835,#1836,#1837,#1838,#1839,#1840,
#1841,#1842,#1843,#1844,#1845,#1846,#1847,#1848,#1849,#1850,#1851),
 .UNSPECIFIED.,.F.,.F.,(4,1,1,1,1,1,1,1,1,1,1,1,1,1,4),(-62.4622387277909,
-62.3411902237722,-61.1348902836142,-59.9285903434561,-59.3254403733771,
-58.7222904032981,-58.1191404332191,-57.5159904631401,-56.7117905030347,
-55.9075905429294,-55.103390582824,-54.2991906227187,-53.4949906626134,
-52.690790702508,-52.4162294932935),.UNSPECIFIED.);
#226=B_SPLINE_CURVE_WITH_KNOTS('',3,(#2303,#2304,#2305,#2306,#2307,#2308,
#2309,#2310,#2311,#2312,#2313,#2314,#2315,#2316,#2317,#2318,#2319,#2320,
#2321,#2322,#2323,#2324,#2325,#2326,#2327,#2328,#2329,#2330,#2331,#2332,
#2333,#2334,#2335,#2336),.UNSPECIFIED.,.F.,.F.,(4,3,3,3,3,3,3,3,3,3,3,4),
(0.,0.0329768765790087,0.0667242776916193,0.100471659031394,0.133703079240854,
0.16600112836659,0.177240088335847,0.202714911588577,0.250331150356167,
0.301045399618251,0.354961243085284,0.370170070003867),.UNSPECIFIED.);
#227=B_SPLINE_CURVE_WITH_KNOTS('',3,(#2338,#2339,#2340,#2341,#2342,#2343,
#2344,#2345,#2346),.UNSPECIFIED.,.F.,.F.,(4,1,1,1,1,1,4),(-3.08724825974289,
-2.62933996042721,-2.02619001147869,-1.42304006253018,-0.819890113581664,
-0.216740164633149,0.386409784315365),.UNSPECIFIED.);
#228=B_SPLINE_CURVE_WITH_KNOTS('',3,(#2348,#2349,#2350,#2351,#2352,#2353,
#2354,#2355,#2356,#2357,#2358,#2359,#2360,#2361,#2362,#2363,#2364,#2365,
#2366,#2367,#2368,#2369,#2370,#2371,#2372,#2373,#2374,#2375,#2376,#2377,
#2378,#2379,#2380,#2381),.UNSPECIFIED.,.F.,.F.,(4,3,3,3,3,3,3,3,3,3,3,4),
(0.,0.032975483875173,0.0667328304864102,0.100522810274998,0.133812826923183,
0.166184050403244,0.17724008184367,0.202714903833409,0.250366890025356,
0.301164468365968,0.35521306471676,0.370170054042245),.UNSPECIFIED.);
#229=B_SPLINE_CURVE_WITH_KNOTS('',3,(#2382,#2383,#2384,#2385,#2386,#2387,
#2388,#2389,#2390,#2391,#2392,#2393,#2394,#2395,#2396,#2397,#2398,#2399,
#2400,#2401,#2402,#2403,#2404,#2405,#2406,#2407,#2408,#2409,#2410,#2411,
#2412,#2413,#2414,#2415,#2416,#2417,#2418,#2419,#2420,#2421,#2422,#2423,
#2424,#2425,#2426,#2427,#2428,#2429,#2430,#2431,#2432,#2433,#2434,#2435,
#2436,#2437,#2438,#2439,#2440,#2441,#2442,#2443,#2444,#2445,#2446,#2447,
#2448,#2449,#2450,#2451,#2452,#2453,#2454,#2455,#2456,#2457,#2458,#2459,
#2460,#2461,#2462,#2463,#2464,#2465,#2466,#2467,#2468,#2469,#2470,#2471),
 .UNSPECIFIED.,.F.,.F.,(4,1,1,1,1,1,1,1,1,1,1,1,1,1,1,1,1,1,1,1,1,1,1,1,
1,1,1,1,1,1,1,1,1,1,1,1,1,1,1,1,1,1,1,1,1,1,1,1,1,1,1,1,1,1,1,1,1,1,1,1,
1,1,1,1,1,1,1,1,1,1,1,1,1,1,1,1,1,1,1,1,1,1,1,1,1,1,1,4),(0.193407652377131,
0.216740164633149,0.819890113581664,1.42304006253018,2.02619001147869,2.62933996042721,
3.23248990937572,3.83563985832424,4.43878980727275,5.04193975622127,5.64508970516978,
6.2482396541183,6.85138960306681,7.45453955201532,8.05768950096384,8.66083944991235,
9.26398939886087,10.3362559747693,11.4085225506778,12.4807891265863,13.5530557024947,
14.6253222784032,15.6975888543117,16.501788786243,17.3059887181744,18.1101886501057,
18.9143885820371,19.7185885139685,20.5227884458998,21.3269883778312,22.1311883097625,
22.9353882416939,23.7395881736252,24.5437881055566,25.3479880374879,26.4202546133964,
27.4925211893049,28.5647877652133,29.6370543411218,30.173187629076,31.0667431089998,
31.7815874929387,32.8538540688472,33.9261206447557,34.9983872206642,35.8025871525955,
36.6067870845269,37.4109870164582,38.2151869483896,39.0193868803209,39.8235868122523,
40.6277867441836,41.431986676115,42.5042532520234,43.5765198279319,44.6487864038404,
45.4529863357717,46.2571862677031,47.0613861996344,47.8655861315658,48.6697860634972,
49.4739859954285,49.8760859613942,50.6802858933255,51.0823858592912,51.8865857912226,
52.6907857231539,53.4949856550853,54.2991855870166,55.103385518948,55.9075854508793,
56.7117853828107,57.515985314742,58.1191352636906,58.7222852126391,59.3254351615876,
59.9285851105361,60.5317350594846,61.1348850084331,62.0396099318559,62.3411849063302,
63.5474848042272,64.7537847021242,64.9045721893613,65.3569346510727,65.9600846000212,
66.5632345489698,67.1663844979183),.UNSPECIFIED.);
#230=B_SPLINE_CURVE_WITH_KNOTS('',3,(#2836,#2837,#2838,#2839,#2840,#2841,
#2842,#2843,#2844,#2845,#2846,#2847,#2848,#2849,#2850,#2851,#2852,#2853,
#2854,#2855,#2856,#2857,#2858,#2859,#2860,#2861,#2862,#2863,#2864,#2865,
#2866,#2867,#2868,#2869,#2870,#2871,#2872,#2873,#2874,#2875,#2876,#2877,
#2878,#2879,#2880,#2881,#2882,#2883,#2884,#2885,#2886,#2887,#2888,#2889,
#2890,#2891,#2892,#2893,#2894,#2895,#2896,#2897,#2898,#2899,#2900,#2901,
#2902,#2903,#2904,#2905,#2906,#2907,#2908,#2909,#2910,#2911,#2912,#2913,
#2914,#2915,#2916,#2917,#2918,#2919,#2920,#2921,#2922,#2923,#2924,#2925,
#2926,#2927,#2928,#2929,#2930,#2931,#2932,#2933,#2934,#2935,#2936,#2937,
#2938,#2939,#2940,#2941),.UNSPECIFIED.,.F.,.F.,(4,3,3,3,3,3,3,3,3,3,3,3,
3,3,3,3,3,3,3,3,3,3,3,3,3,3,3,3,3,3,3,3,3,3,3,4),(0.,0.0985761751101006,
0.201955267048807,0.302486796809733,0.407289669837329,0.50672160985794,
0.512092542864925,0.559320735617514,0.577857514475358,0.587994983329696,
0.687710575350023,0.788692476372252,0.890520232339263,0.992539328644682,
1.0940357904434,1.13746274955913,1.16825276709284,1.17805850079326,1.26774362690634,
1.36960124174304,1.47255595485232,1.57612660249418,1.67971983347079,1.77074707760681,
1.78097405917249,1.88554999681217,1.99080096703553,2.04382881001488,2.14823075277007,
2.25327565950756,2.35091049777382,2.38517582564153,2.39649088832653,2.50230883344887,
2.6088257785789,2.64381501257258),.UNSPECIFIED.);
#231=B_SPLINE_CURVE_WITH_KNOTS('',3,(#2943,#2944,#2945,#2946,#2947,#2948,
#2949,#2950,#2951,#2952,#2953,#2954),.UNSPECIFIED.,.F.,.F.,(4,1,1,1,1,1,
1,1,1,4),(11.6150328478183,12.1118808087815,12.6087287697448,13.105576730708,
13.6024246916713,14.0992726526345,14.5961206135978,15.092968574561,15.5898165355243,
15.7079632679489),.UNSPECIFIED.);
#232=B_SPLINE_CURVE_WITH_KNOTS('',3,(#2955,#2956,#2957,#2958,#2959,#2960,
#2961,#2962,#2963,#2964,#2965,#2966,#2967,#2968,#2969,#2970,#2971,#2972,
#2973,#2974,#2975,#2976,#2977,#2978,#2979,#2980,#2981,#2982,#2983,#2984,
#2985,#2986,#2987,#2988,#2989,#2990,#2991,#2992,#2993,#2994,#2995,#2996,
#2997,#2998,#2999,#3000,#3001,#3002,#3003,#3004,#3005,#3006,#3007,#3008,
#3009,#3010,#3011,#3012,#3013,#3014,#3015,#3016,#3017,#3018,#3019,#3020,
#3021,#3022,#3023,#3024,#3025,#3026,#3027,#3028,#3029,#3030,#3031,#3032,
#3033,#3034,#3035,#3036,#3037,#3038,#3039,#3040,#3041,#3042,#3043,#3044,
#3045,#3046,#3047,#3048,#3049,#3050,#3051,#3052,#3053,#3054,#3055,#3056,
#3057,#3058,#3059,#3060,#3061,#3062,#3063,#3064,#3065,#3066,#3067,#3068,
#3069),.UNSPECIFIED.,.F.,.F.,(4,3,3,3,3,3,3,3,3,3,3,3,3,3,3,3,3,3,3,3,3,
3,3,3,3,3,3,3,3,3,3,3,3,3,3,3,3,3,4),(0.591777607429721,0.618963719610152,
0.632036122133541,0.641526308833821,0.747448057201569,0.853017076761185,
0.950409910490569,1.05646524018386,1.16208049011663,1.23363844854944,1.24926567457253,
1.26061460262613,1.36465614012262,1.46906165099321,1.57305989249183,1.67571687874318,
1.73454415757912,1.8299971891043,1.85263278695457,1.86328491139619,1.96537906293601,
2.06816538815298,2.17566614355987,2.27751116029177,2.37829552629171,2.43823196803613,
2.45603861708931,2.46580840086597,2.49816840978054,2.5993957221651,2.70092202697897,
2.80211787754518,2.83307223603058,2.84771386985416,2.86030489365403,2.9606518337377,
3.060620704933,3.15920815319938,3.2406563034426),.UNSPECIFIED.);
#233=B_SPLINE_CURVE_WITH_KNOTS('',3,(#3511,#3512,#3513,#3514,#3515,#3516,
#3517,#3518,#3519,#3520,#3521,#3522,#3523,#3524,#3525,#3526,#3527,#3528,
#3529,#3530,#3531,#3532,#3533,#3534,#3535,#3536,#3537,#3538,#3539,#3540,
#3541,#3542,#3543,#3544),.UNSPECIFIED.,.F.,.F.,(4,3,3,3,3,3,3,3,3,3,3,4),
(0.,0.0946762382394024,0.185078238903619,0.267249823250421,0.294384400528744,
0.339149105890626,0.396079311542953,0.454300630455202,0.513906276900622,
0.57343629497772,0.631396848742202,0.650761130769284),.UNSPECIFIED.);
#234=B_SPLINE_CURVE_WITH_KNOTS('',3,(#3546,#3547,#3548,#3549,#3550,#3551,
#3552,#3553,#3554,#3555,#3556,#3557,#3558,#3559,#3560,#3561,#3562,#3563,
#3564,#3565,#3566,#3567,#3568,#3569,#3570,#3571,#3572,#3573,#3574,#3575,
#3576,#3577,#3578,#3579,#3580,#3581,#3582,#3583,#3584,#3585,#3586,#3587,
#3588,#3589,#3590,#3591,#3592,#3593,#3594,#3595,#3596,#3597,#3598,#3599,
#3600,#3601,#3602,#3603,#3604,#3605,#3606,#3607,#3608,#3609,#3610,#3611,
#3612,#3613,#3614,#3615,#3616,#3617,#3618,#3619,#3620,#3621,#3622,#3623,
#3624,#3625,#3626,#3627,#3628,#3629,#3630,#3631,#3632,#3633),
 .UNSPECIFIED.,.F.,.F.,(4,1,1,1,1,1,1,1,1,1,1,1,1,1,1,1,1,1,1,1,1,1,1,1,
1,1,1,1,1,1,1,1,1,1,1,1,1,1,1,1,1,1,1,1,1,1,1,1,1,1,1,1,1,1,1,1,1,1,1,1,
1,1,1,1,1,1,1,1,1,1,1,1,1,1,1,1,1,1,1,1,1,1,1,1,1,4),(0.193412928898107,
0.216743305634059,0.81989327571307,1.42304324579208,2.02619321587109,2.6293431859501,
3.23249315602911,3.83564312610812,4.43879309618714,5.04194306626615,5.64509303634516,
6.24824300642417,6.85139297650318,7.45454294658219,8.0576929166612,8.66084288674021,
9.26399285681922,10.336259470293,11.4085260837668,12.4807926972406,13.284992657346,
14.0891926174513,14.8933925775567,15.697592537662,16.5017924977674,17.3059924578727,
18.1101924179781,18.9143923780834,19.7185923381887,20.5227922982941,21.3269922583994,
22.1311922185048,23.2034588319786,24.2757254454524,25.3479920589262,25.8841253656631,
26.9563919791369,27.7605919392422,28.5647918993476,29.3689918594529,30.1731918195583,
31.2454584330321,31.781591739769,32.8538583532428,33.9261249667166,34.9983915801904,
35.8025915402957,36.6067915004011,37.4109914605064,38.2151914206117,39.0193913807171,
39.8235913408224,40.6277913009278,41.4319912610331,42.5042578745069,43.5765244879807,
44.6487911014545,45.4529910615599,46.2571910216652,47.0613909817706,47.8655909418759,
48.6697909019813,49.4739908620866,50.278190822192,51.0823907822973,51.8865907424027,
52.690790702508,53.4949906626134,54.2991906227187,55.103390582824,55.9075905429294,
56.7117905030347,57.5159904631401,58.1191404332191,58.7222904032981,59.3254403733771,
59.9285903434561,61.1348902836142,62.3411902237722,63.5474901639302,64.1506401340092,
64.7537901040882,65.3569400741673,65.9600900442463,66.5632400143253,67.1663899844043),
 .UNSPECIFIED.);
#235=B_SPLINE_CURVE_WITH_KNOTS('',3,(#3635,#3636,#3637,#3638,#3639,#3640,
#3641,#3642,#3643,#3644,#3645,#3646,#3647,#3648,#3649,#3650,#3651,#3652,
#3653,#3654,#3655,#3656,#3657,#3658,#3659,#3660,#3661,#3662,#3663,#3664,
#3665,#3666,#3667,#3668),.UNSPECIFIED.,.F.,.F.,(4,3,3,3,3,3,3,3,3,3,3,4),
(0.,0.0944368985512819,0.184690271341395,0.266831861756079,0.294384403534672,
0.339149108338167,0.396123788430949,0.454418195007938,0.514119875401134,
0.573734443485951,0.631738036535353,0.650761154976484),.UNSPECIFIED.);
#236=B_SPLINE_CURVE_WITH_KNOTS('',3,(#3669,#3670,#3671,#3672,#3673,#3674,
#3675,#3676,#3677,#3678),.UNSPECIFIED.,.F.,.F.,(4,1,1,1,1,1,1,4),(-66.5865557020379,
-66.5632400143253,-65.9600900442463,-65.3569400741673,-64.7537901040882,
-64.1506401340092,-63.5474901639302,-62.4622387277909),.UNSPECIFIED.);
#237=B_SPLINE_CURVE_WITH_KNOTS('',3,(#4098,#4099,#4100,#4101,#4102,#4103,
#4104,#4105,#4106,#4107,#4108,#4109,#4110,#4111,#4112,#4113,#4114,#4115,
#4116,#4117,#4118,#4119,#4120,#4121,#4122,#4123,#4124,#4125,#4126,#4127,
#4128,#4129,#4130,#4131,#4132,#4133,#4134,#4135,#4136,#4137,#4138,#4139,
#4140,#4141,#4142,#4143,#4144,#4145,#4146,#4147,#4148,#4149,#4150,#4151,
#4152,#4153,#4154,#4155,#4156,#4157,#4158,#4159,#4160,#4161,#4162,#4163,
#4164,#4165,#4166,#4167,#4168,#4169,#4170,#4171,#4172,#4173,#4174,#4175,
#4176,#4177,#4178,#4179,#4180,#4181,#4182,#4183,#4184,#4185,#4186,#4187,
#4188,#4189,#4190,#4191,#4192,#4193,#4194),.UNSPECIFIED.,.F.,.F.,(4,3,3,
3,3,3,3,3,3,3,3,3,3,3,3,3,3,3,3,3,3,3,3,3,3,3,3,3,3,3,3,3,4),(0.504716005541879,
0.611399684304666,0.631351716291193,0.736326616737869,0.842049773769989,
0.947573966951511,1.05196110558982,1.12767963684201,1.23280014331761,1.25040263254734,
1.35378159412375,1.45792380184974,1.56187229606116,1.66468970070192,1.73833679859017,
1.84187471476749,1.85714813646179,1.95897215412385,2.06152969727351,2.16388414890611,
2.26510928807767,2.33669221986238,2.43863716846689,2.45158355062998,2.551829612472,
2.65279131117604,2.75354182649573,2.85315931589241,2.92274112150373,3.02308701441343,
3.03370413198839,3.13238709325299,3.15463221591988),.UNSPECIFIED.);
#238=B_SPLINE_CURVE_WITH_KNOTS('',3,(#4195,#4196,#4197,#4198,#4199,#4200,
#4201,#4202,#4203,#4204,#4205,#4206,#4207,#4208,#4209,#4210,#4211,#4212,
#4213,#4214,#4215,#4216,#4217,#4218,#4219,#4220,#4221,#4222,#4223,#4224,
#4225,#4226,#4227,#4228,#4229,#4230,#4231,#4232,#4233,#4234,#4235,#4236,
#4237,#4238,#4239,#4240),.UNSPECIFIED.,.F.,.F.,(4,3,3,3,3,3,3,3,3,3,3,3,
3,3,3,4),(53.8063477258451,54.1928061298529,54.9568201980939,55.7208342663349,
56.2938448175156,56.8668553686963,57.4398659198771,58.0128764710579,58.5858870222386,
59.1588975734194,59.7319081246001,60.3049186757808,60.8779292269616,61.4509397781423,
62.0239503293231,62.3664840057473),.UNSPECIFIED.);
#239=B_SPLINE_CURVE_WITH_KNOTS('',3,(#4241,#4242,#4243,#4244,#4245,#4246,
#4247,#4248,#4249,#4250,#4251,#4252,#4253,#4254,#4255,#4256,#4257,#4258,
#4259,#4260,#4261,#4262,#4263,#4264,#4265,#4266,#4267,#4268,#4269,#4270,
#4271,#4272,#4273,#4274,#4275,#4276,#4277,#4278,#4279,#4280,#4281,#4282,
#4283,#4284,#4285,#4286,#4287,#4288,#4289,#4290,#4291,#4292,#4293,#4294,
#4295,#4296,#4297,#4298,#4299,#4300,#4301,#4302,#4303,#4304,#4305,#4306,
#4307,#4308,#4309,#4310,#4311,#4312,#4313,#4314,#4315,#4316,#4317,#4318,
#4319,#4320,#4321,#4322,#4323,#4324,#4325,#4326,#4327,#4328,#4329,#4330,
#4331,#4332,#4333,#4334),.UNSPECIFIED.,.F.,.F.,(4,3,3,3,3,3,3,3,3,3,3,3,
3,3,3,3,3,3,3,3,3,3,3,3,3,3,3,3,3,3,3,4),(0.702345514979623,0.800860729869943,
0.900608781811711,1.00054516969283,1.09996316898976,1.13721336506368,1.23821362643676,
1.28174837929834,1.3817957462036,1.48311482138642,1.58463847804489,1.68565400263641,
1.72424709624967,1.82680074691596,1.87343607967703,1.97510024060503,2.07802228941933,
2.18113666031059,2.28372337747682,2.32355902111977,2.42770966808731,2.47739186947526,
2.5806300185695,2.68513210810976,2.78982342686481,2.89397443604642,2.93514435279596,
3.04097596984081,3.09351232090562,3.19868606661676,3.3045951739428,3.34457931526514),
 .UNSPECIFIED.);
#240=B_SPLINE_CURVE_WITH_KNOTS('',3,(#4424,#4425,#4426,#4427,#4428,#4429,
#4430,#4431,#4432,#4433,#4434,#4435,#4436,#4437,#4438,#4439,#4440,#4441),
 .UNSPECIFIED.,.F.,.F.,(4,2,2,2,2,2,2,2,4),(0.301616805591308,0.377020810963282,
0.452424816335256,0.527829213758936,0.603233611182616,0.678638008606296,
0.754042406029976,0.82944641140195,0.904850416773924),.UNSPECIFIED.);
#241=B_SPLINE_CURVE_WITH_KNOTS('',3,(#4443,#4444,#4445,#4446,#4447,#4448,
#4449,#4450,#4451,#4452,#4453,#4454,#4455,#4456,#4457,#4458,#4459,#4460,
#4461),.UNSPECIFIED.,.F.,.F.,(4,2,2,2,3,2,2,2,4),(0.904850416773924,0.980254422145898,
1.05565842751787,1.13106282494155,1.20646722236523,1.28187161978891,1.35727601721259,
1.43268002258457,1.50808402795654),.UNSPECIFIED.);
#242=B_SPLINE_CURVE_WITH_KNOTS('',3,(#4466,#4467,#4468,#4469,#4470,#4471,
#4472,#4473,#4474,#4475,#4476,#4477,#4478,#4479,#4480,#4481,#4482,#4483,
#4484,#4485,#4486,#4487,#4488,#4489,#4490,#4491),.UNSPECIFIED.,.F.,.F.,
(4,2,2,2,2,2,2,2,2,2,2,2,4),(0.,0.0565552316083977,0.113110463216795,0.169665377807649,
0.226220292398502,0.282775206989355,0.339330121580209,0.395885353188606,
0.452440584797004,0.508995816405402,0.5655510480138,0.622105962604653,0.678660877195507),
 .UNSPECIFIED.);
#243=B_SPLINE_CURVE_WITH_KNOTS('',3,(#4492,#4493,#4494,#4495,#4496,#4497,
#4498,#4499,#4500,#4501),.UNSPECIFIED.,.F.,.F.,(4,2,2,2,4),(0.678660877195507,
0.73521579178636,0.791770706377213,0.848325937985611,0.904881169594009),
 .UNSPECIFIED.);
#244=B_SPLINE_CURVE_WITH_KNOTS('',3,(#4510,#4511,#4512,#4513,#4514,#4515,
#4516,#4517,#4518,#4519,#4520,#4521,#4522,#4523,#4524,#4525,#4526,#4527),
 .UNSPECIFIED.,.F.,.F.,(4,2,2,2,2,2,2,2,4),(0.301616805591308,0.377020810963282,
0.452424816335256,0.527829213758936,0.603233611182616,0.678638008606296,
0.754042406029976,0.82944641140195,0.904850416773924),.UNSPECIFIED.);
#245=B_SPLINE_CURVE_WITH_KNOTS('',3,(#4529,#4530,#4531,#4532,#4533,#4534,
#4535,#4536,#4537,#4538),.UNSPECIFIED.,.F.,.F.,(4,2,2,2,4),(1.20646722236523,
1.28187161978891,1.35727601721259,1.43268002258457,1.50808402795654),
 .UNSPECIFIED.);
#246=B_SPLINE_CURVE_WITH_KNOTS('',3,(#4540,#4541,#4542,#4543,#4544,#4545,
#4546,#4547,#4548,#4549),.UNSPECIFIED.,.F.,.F.,(4,2,2,2,4),(0.904850416773924,
0.980254422145898,1.05565842751787,1.13106282494155,1.20646722236523),
 .UNSPECIFIED.);
#247=B_SPLINE_CURVE_WITH_KNOTS('',3,(#4553,#4554,#4555,#4556,#4557,#4558,
#4559,#4560,#4561,#4562,#4563,#4564,#4565,#4566,#4567,#4568,#4569,#4570,
#4571,#4572,#4573,#4574,#4575,#4576,#4577,#4578,#4579,#4580,#4581,#4582,
#4583,#4584,#4585,#4586),.UNSPECIFIED.,.T.,.F.,(4,2,2,2,2,2,2,2,2,2,2,2,
2,2,2,2,4),(0.,0.0565552316083977,0.113110463216795,0.169665377807649,0.226220292398502,
0.282775206989356,0.339330121580209,0.395885353188607,0.452440584797004,
0.508995816405402,0.5655510480138,0.622105962604653,0.678660877195507,0.73521579178636,
0.791770706377213,0.848325937985611,0.904881169594009),.UNSPECIFIED.);
#248=LINE('',#1203,#308);
#249=LINE('',#1213,#309);
#250=LINE('',#1273,#310);
#251=LINE('',#1334,#311);
#252=LINE('',#1397,#312);
#253=LINE('',#1464,#313);
#254=LINE('',#1540,#314);
#255=LINE('',#1609,#315);
#256=LINE('',#1634,#316);
#257=LINE('',#1674,#317);
#258=LINE('',#1712,#318);
#259=LINE('',#1746,#319);
#260=LINE('',#1780,#320);
#261=LINE('',#1816,#321);
#262=LINE('',#4343,#322);
#263=LINE('',#4345,#323);
#264=LINE('',#4347,#324);
#265=LINE('',#4348,#325);
#266=LINE('',#4351,#326);
#267=LINE('',#4353,#327);
#268=LINE('',#4354,#328);
#269=LINE('',#4357,#329);
#270=LINE('',#4359,#330);
#271=LINE('',#4360,#331);
#272=LINE('',#4363,#332);
#273=LINE('',#4365,#333);
#274=LINE('',#4366,#334);
#275=LINE('',#4369,#335);
#276=LINE('',#4371,#336);
#277=LINE('',#4372,#337);
#278=LINE('',#4374,#338);
#279=LINE('',#4375,#339);
#280=LINE('',#4379,#340);
#281=LINE('',#4381,#341);
#282=LINE('',#4383,#342);
#283=LINE('',#4384,#343);
#284=LINE('',#4387,#344);
#285=LINE('',#4389,#345);
#286=LINE('',#4390,#346);
#287=LINE('',#4393,#347);
#288=LINE('',#4395,#348);
#289=LINE('',#4396,#349);
#290=LINE('',#4399,#350);
#291=LINE('',#4401,#351);
#292=LINE('',#4402,#352);
#293=LINE('',#4405,#353);
#294=LINE('',#4407,#354);
#295=LINE('',#4408,#355);
#296=LINE('',#4410,#356);
#297=LINE('',#4411,#357);
#298=LINE('',#4442,#358);
#299=LINE('',#4464,#359);
#300=LINE('',#4539,#360);
#301=LINE('',#4552,#361);
#302=LINE('',#4591,#362);
#303=LINE('',#4602,#363);
#304=LINE('',#4610,#364);
#305=LINE('',#4617,#365);
#306=LINE('',#4620,#366);
#307=LINE('',#4623,#367);
#308=VECTOR('',#1001,14.66495);
#309=VECTOR('',#1006,14.66495);
#310=VECTOR('',#1011,14.66495);
#311=VECTOR('',#1014,14.66495);
#312=VECTOR('',#1017,14.66495);
#313=VECTOR('',#1020,14.66495);
#314=VECTOR('',#1023,14.66495);
#315=VECTOR('',#1026,16.5);
#316=VECTOR('',#1031,16.5);
#317=VECTOR('',#1034,16.5);
#318=VECTOR('',#1037,16.5);
#319=VECTOR('',#1040,16.5);
#320=VECTOR('',#1043,16.5);
#321=VECTOR('',#1046,16.5);
#322=VECTOR('',#1061,10.);
#323=VECTOR('',#1062,10.);
#324=VECTOR('',#1063,10.);
#325=VECTOR('',#1064,10.);
#326=VECTOR('',#1067,10.);
#327=VECTOR('',#1068,10.);
#328=VECTOR('',#1069,10.);
#329=VECTOR('',#1072,10.);
#330=VECTOR('',#1073,10.);
#331=VECTOR('',#1074,10.);
#332=VECTOR('',#1077,10.);
#333=VECTOR('',#1078,10.);
#334=VECTOR('',#1079,10.);
#335=VECTOR('',#1082,10.);
#336=VECTOR('',#1083,10.);
#337=VECTOR('',#1084,10.);
#338=VECTOR('',#1087,10.);
#339=VECTOR('',#1088,10.);
#340=VECTOR('',#1091,10.);
#341=VECTOR('',#1092,10.);
#342=VECTOR('',#1093,10.);
#343=VECTOR('',#1094,10.);
#344=VECTOR('',#1097,10.);
#345=VECTOR('',#1098,10.);
#346=VECTOR('',#1099,10.);
#347=VECTOR('',#1102,10.);
#348=VECTOR('',#1103,10.);
#349=VECTOR('',#1104,10.);
#350=VECTOR('',#1107,10.);
#351=VECTOR('',#1108,10.);
#352=VECTOR('',#1109,10.);
#353=VECTOR('',#1112,10.);
#354=VECTOR('',#1113,10.);
#355=VECTOR('',#1114,10.);
#356=VECTOR('',#1117,10.);
#357=VECTOR('',#1118,10.);
#358=VECTOR('',#1133,2.);
#359=VECTOR('',#1136,1.5);
#360=VECTOR('',#1145,2.);
#361=VECTOR('',#1148,1.5);
#362=VECTOR('',#1153,17.5);
#363=VECTOR('',#1168,35.);
#364=VECTOR('',#1179,18.);
#365=VECTOR('',#1188,13.25);
#366=VECTOR('',#1191,16.5);
#367=VECTOR('',#1196,14.);
#368=VERTEX_POINT('',#1201);
#369=VERTEX_POINT('',#1202);
#370=VERTEX_POINT('',#1204);
#371=VERTEX_POINT('',#1211);
#372=VERTEX_POINT('',#1212);
#373=VERTEX_POINT('',#1231);
#374=VERTEX_POINT('',#1271);
#375=VERTEX_POINT('',#1272);
#376=VERTEX_POINT('',#1332);
#377=VERTEX_POINT('',#1333);
#378=VERTEX_POINT('',#1395);
#379=VERTEX_POINT('',#1396);
#380=VERTEX_POINT('',#1462);
#381=VERTEX_POINT('',#1463);
#382=VERTEX_POINT('',#1538);
#383=VERTEX_POINT('',#1539);
#384=VERTEX_POINT('',#1607);
#385=VERTEX_POINT('',#1608);
#386=VERTEX_POINT('',#1610);
#387=VERTEX_POINT('',#1621);
#388=VERTEX_POINT('',#1632);
#389=VERTEX_POINT('',#1633);
#390=VERTEX_POINT('',#1672);
#391=VERTEX_POINT('',#1673);
#392=VERTEX_POINT('',#1710);
#393=VERTEX_POINT('',#1711);
#394=VERTEX_POINT('',#1744);
#395=VERTEX_POINT('',#1745);
#396=VERTEX_POINT('',#1778);
#397=VERTEX_POINT('',#1779);
#398=VERTEX_POINT('',#1814);
#399=VERTEX_POINT('',#1815);
#400=VERTEX_POINT('',#2302);
#401=VERTEX_POINT('',#2337);
#402=VERTEX_POINT('',#2347);
#403=VERTEX_POINT('',#2942);
#404=VERTEX_POINT('',#3510);
#405=VERTEX_POINT('',#3545);
#406=VERTEX_POINT('',#3634);
#407=VERTEX_POINT('',#4097);
#408=VERTEX_POINT('',#4338);
#409=VERTEX_POINT('',#4341);
#410=VERTEX_POINT('',#4342);
#411=VERTEX_POINT('',#4344);
#412=VERTEX_POINT('',#4346);
#413=VERTEX_POINT('',#4350);
#414=VERTEX_POINT('',#4352);
#415=VERTEX_POINT('',#4356);
#416=VERTEX_POINT('',#4358);
#417=VERTEX_POINT('',#4362);
#418=VERTEX_POINT('',#4364);
#419=VERTEX_POINT('',#4368);
#420=VERTEX_POINT('',#4370);
#421=VERTEX_POINT('',#4377);
#422=VERTEX_POINT('',#4378);
#423=VERTEX_POINT('',#4380);
#424=VERTEX_POINT('',#4382);
#425=VERTEX_POINT('',#4386);
#426=VERTEX_POINT('',#4388);
#427=VERTEX_POINT('',#4392);
#428=VERTEX_POINT('',#4394);
#429=VERTEX_POINT('',#4398);
#430=VERTEX_POINT('',#4400);
#431=VERTEX_POINT('',#4404);
#432=VERTEX_POINT('',#4406);
#433=VERTEX_POINT('',#4414);
#434=VERTEX_POINT('',#4417);
#435=VERTEX_POINT('',#4419);
#436=VERTEX_POINT('',#4422);
#437=VERTEX_POINT('',#4423);
#438=VERTEX_POINT('',#4463);
#439=VERTEX_POINT('',#4465);
#440=VERTEX_POINT('',#4503);
#441=VERTEX_POINT('',#4505);
#442=VERTEX_POINT('',#4508);
#443=VERTEX_POINT('',#4509);
#444=VERTEX_POINT('',#4528);
#445=VERTEX_POINT('',#4551);
#446=VERTEX_POINT('',#4588);
#447=VERTEX_POINT('',#4590);
#448=VERTEX_POINT('',#4594);
#449=VERTEX_POINT('',#4597);
#450=VERTEX_POINT('',#4599);
#451=VERTEX_POINT('',#4605);
#452=VERTEX_POINT('',#4607);
#453=VERTEX_POINT('',#4612);
#454=VERTEX_POINT('',#4614);
#455=VERTEX_POINT('',#4619);
#456=EDGE_CURVE('',#368,#369,#248,.T.);
#457=EDGE_CURVE('',#368,#370,#199,.T.);
#458=EDGE_CURVE('',#369,#370,#178,.T.);
#459=EDGE_CURVE('',#371,#372,#249,.T.);
#460=EDGE_CURVE('',#371,#368,#200,.T.);
#461=EDGE_CURVE('',#373,#369,#179,.T.);
#462=EDGE_CURVE('',#372,#373,#201,.F.);
#463=EDGE_CURVE('',#374,#375,#250,.T.);
#464=EDGE_CURVE('',#374,#371,#202,.T.);
#465=EDGE_CURVE('',#375,#372,#203,.F.);
#466=EDGE_CURVE('',#376,#377,#251,.T.);
#467=EDGE_CURVE('',#376,#374,#204,.T.);
#468=EDGE_CURVE('',#377,#375,#205,.F.);
#469=EDGE_CURVE('',#378,#379,#252,.T.);
#470=EDGE_CURVE('',#378,#376,#206,.T.);
#471=EDGE_CURVE('',#379,#377,#207,.F.);
#472=EDGE_CURVE('',#380,#381,#253,.T.);
#473=EDGE_CURVE('',#380,#378,#208,.T.);
#474=EDGE_CURVE('',#381,#379,#209,.F.);
#475=EDGE_CURVE('',#382,#383,#254,.T.);
#476=EDGE_CURVE('',#382,#380,#210,.T.);
#477=EDGE_CURVE('',#383,#381,#211,.F.);
#478=EDGE_CURVE('',#384,#385,#255,.T.);
#479=EDGE_CURVE('',#386,#384,#212,.T.);
#480=EDGE_CURVE('',#386,#387,#180,.F.);
#481=EDGE_CURVE('',#385,#387,#213,.T.);
#482=EDGE_CURVE('',#388,#389,#256,.T.);
#483=EDGE_CURVE('',#384,#388,#214,.T.);
#484=EDGE_CURVE('',#389,#385,#215,.T.);
#485=EDGE_CURVE('',#390,#391,#257,.T.);
#486=EDGE_CURVE('',#388,#390,#216,.T.);
#487=EDGE_CURVE('',#391,#389,#217,.T.);
#488=EDGE_CURVE('',#392,#393,#258,.T.);
#489=EDGE_CURVE('',#390,#392,#218,.T.);
#490=EDGE_CURVE('',#393,#391,#219,.T.);
#491=EDGE_CURVE('',#394,#395,#259,.T.);
#492=EDGE_CURVE('',#392,#394,#220,.T.);
#493=EDGE_CURVE('',#395,#393,#221,.T.);
#494=EDGE_CURVE('',#396,#397,#260,.T.);
#495=EDGE_CURVE('',#394,#396,#222,.T.);
#496=EDGE_CURVE('',#397,#395,#223,.T.);
#497=EDGE_CURVE('',#398,#399,#261,.T.);
#498=EDGE_CURVE('',#396,#398,#224,.T.);
#499=EDGE_CURVE('',#399,#397,#225,.T.);
#500=EDGE_CURVE('',#400,#386,#226,.T.);
#501=EDGE_CURVE('',#398,#401,#227,.T.);
#502=EDGE_CURVE('',#401,#402,#228,.F.);
#503=EDGE_CURVE('',#402,#400,#229,.T.);
#504=EDGE_CURVE('',#370,#402,#230,.T.);
#505=EDGE_CURVE('',#403,#382,#231,.T.);
#506=EDGE_CURVE('',#400,#403,#232,.T.);
#507=EDGE_CURVE('',#387,#404,#233,.T.);
#508=EDGE_CURVE('',#404,#405,#234,.T.);
#509=EDGE_CURVE('',#405,#406,#235,.F.);
#510=EDGE_CURVE('',#406,#399,#236,.T.);
#511=EDGE_CURVE('',#401,#406,#181,.T.);
#512=EDGE_CURVE('',#407,#404,#237,.F.);
#513=EDGE_CURVE('',#407,#383,#238,.F.);
#514=EDGE_CURVE('',#405,#373,#239,.F.);
#515=EDGE_CURVE('',#403,#407,#182,.T.);
#516=EDGE_CURVE('',#408,#408,#183,.T.);
#517=EDGE_CURVE('',#409,#410,#262,.T.);
#518=EDGE_CURVE('',#409,#411,#263,.T.);
#519=EDGE_CURVE('',#411,#412,#264,.T.);
#520=EDGE_CURVE('',#410,#412,#265,.T.);
#521=EDGE_CURVE('',#413,#409,#266,.T.);
#522=EDGE_CURVE('',#413,#414,#267,.T.);
#523=EDGE_CURVE('',#414,#411,#268,.T.);
#524=EDGE_CURVE('',#415,#413,#269,.T.);
#525=EDGE_CURVE('',#415,#416,#270,.T.);
#526=EDGE_CURVE('',#416,#414,#271,.T.);
#527=EDGE_CURVE('',#417,#415,#272,.T.);
#528=EDGE_CURVE('',#417,#418,#273,.T.);
#529=EDGE_CURVE('',#418,#416,#274,.T.);
#530=EDGE_CURVE('',#419,#417,#275,.T.);
#531=EDGE_CURVE('',#419,#420,#276,.T.);
#532=EDGE_CURVE('',#420,#418,#277,.T.);
#533=EDGE_CURVE('',#410,#419,#278,.T.);
#534=EDGE_CURVE('',#412,#420,#279,.T.);
#535=EDGE_CURVE('',#421,#422,#280,.T.);
#536=EDGE_CURVE('',#421,#423,#281,.T.);
#537=EDGE_CURVE('',#423,#424,#282,.T.);
#538=EDGE_CURVE('',#422,#424,#283,.T.);
#539=EDGE_CURVE('',#425,#421,#284,.T.);
#540=EDGE_CURVE('',#425,#426,#285,.T.);
#541=EDGE_CURVE('',#426,#423,#286,.T.);
#542=EDGE_CURVE('',#427,#425,#287,.T.);
#543=EDGE_CURVE('',#427,#428,#288,.T.);
#544=EDGE_CURVE('',#428,#426,#289,.T.);
#545=EDGE_CURVE('',#429,#427,#290,.T.);
#546=EDGE_CURVE('',#429,#430,#291,.T.);
#547=EDGE_CURVE('',#430,#428,#292,.T.);
#548=EDGE_CURVE('',#431,#429,#293,.T.);
#549=EDGE_CURVE('',#431,#432,#294,.T.);
#550=EDGE_CURVE('',#432,#430,#295,.T.);
#551=EDGE_CURVE('',#422,#431,#296,.T.);
#552=EDGE_CURVE('',#424,#432,#297,.T.);
#553=EDGE_CURVE('',#433,#433,#184,.T.);
#554=EDGE_CURVE('',#434,#434,#185,.T.);
#555=EDGE_CURVE('',#435,#435,#186,.T.);
#556=EDGE_CURVE('',#436,#437,#240,.T.);
#557=EDGE_CURVE('',#436,#434,#298,.T.);
#558=EDGE_CURVE('',#437,#436,#241,.T.);
#559=EDGE_CURVE('',#435,#438,#299,.T.);
#560=EDGE_CURVE('',#439,#438,#242,.T.);
#561=EDGE_CURVE('',#438,#439,#243,.T.);
#562=EDGE_CURVE('',#440,#440,#187,.T.);
#563=EDGE_CURVE('',#441,#441,#188,.T.);
#564=EDGE_CURVE('',#442,#443,#244,.T.);
#565=EDGE_CURVE('',#444,#442,#245,.T.);
#566=EDGE_CURVE('',#444,#440,#300,.T.);
#567=EDGE_CURVE('',#443,#444,#246,.T.);
#568=EDGE_CURVE('',#441,#445,#301,.T.);
#569=EDGE_CURVE('',#445,#445,#247,.T.);
#570=EDGE_CURVE('',#446,#446,#189,.T.);
#571=EDGE_CURVE('',#446,#447,#302,.T.);
#572=EDGE_CURVE('',#447,#447,#190,.T.);
#573=EDGE_CURVE('',#448,#448,#191,.T.);
#574=EDGE_CURVE('',#449,#449,#192,.T.);
#575=EDGE_CURVE('',#450,#450,#193,.T.);
#576=EDGE_CURVE('',#433,#449,#303,.T.);
#577=EDGE_CURVE('',#451,#451,#194,.T.);
#578=EDGE_CURVE('',#452,#452,#195,.T.);
#579=EDGE_CURVE('',#450,#451,#304,.T.);
#580=EDGE_CURVE('',#453,#453,#196,.T.);
#581=EDGE_CURVE('',#454,#454,#197,.T.);
#582=EDGE_CURVE('',#448,#454,#305,.T.);
#583=EDGE_CURVE('',#452,#455,#306,.T.);
#584=EDGE_CURVE('',#455,#455,#198,.T.);
#585=EDGE_CURVE('',#453,#408,#307,.T.);
#586=ORIENTED_EDGE('',*,*,#456,.F.);
#587=ORIENTED_EDGE('',*,*,#457,.T.);
#588=ORIENTED_EDGE('',*,*,#458,.F.);
#589=ORIENTED_EDGE('',*,*,#459,.F.);
#590=ORIENTED_EDGE('',*,*,#460,.T.);
#591=ORIENTED_EDGE('',*,*,#456,.T.);
#592=ORIENTED_EDGE('',*,*,#461,.F.);
#593=ORIENTED_EDGE('',*,*,#462,.F.);
#594=ORIENTED_EDGE('',*,*,#463,.F.);
#595=ORIENTED_EDGE('',*,*,#464,.T.);
#596=ORIENTED_EDGE('',*,*,#459,.T.);
#597=ORIENTED_EDGE('',*,*,#465,.F.);
#598=ORIENTED_EDGE('',*,*,#466,.F.);
#599=ORIENTED_EDGE('',*,*,#467,.T.);
#600=ORIENTED_EDGE('',*,*,#463,.T.);
#601=ORIENTED_EDGE('',*,*,#468,.F.);
#602=ORIENTED_EDGE('',*,*,#469,.F.);
#603=ORIENTED_EDGE('',*,*,#470,.T.);
#604=ORIENTED_EDGE('',*,*,#466,.T.);
#605=ORIENTED_EDGE('',*,*,#471,.F.);
#606=ORIENTED_EDGE('',*,*,#472,.F.);
#607=ORIENTED_EDGE('',*,*,#473,.T.);
#608=ORIENTED_EDGE('',*,*,#469,.T.);
#609=ORIENTED_EDGE('',*,*,#474,.F.);
#610=ORIENTED_EDGE('',*,*,#475,.F.);
#611=ORIENTED_EDGE('',*,*,#476,.T.);
#612=ORIENTED_EDGE('',*,*,#472,.T.);
#613=ORIENTED_EDGE('',*,*,#477,.F.);
#614=ORIENTED_EDGE('',*,*,#478,.F.);
#615=ORIENTED_EDGE('',*,*,#479,.F.);
#616=ORIENTED_EDGE('',*,*,#480,.T.);
#617=ORIENTED_EDGE('',*,*,#481,.F.);
#618=ORIENTED_EDGE('',*,*,#482,.F.);
#619=ORIENTED_EDGE('',*,*,#483,.F.);
#620=ORIENTED_EDGE('',*,*,#478,.T.);
#621=ORIENTED_EDGE('',*,*,#484,.F.);
#622=ORIENTED_EDGE('',*,*,#485,.F.);
#623=ORIENTED_EDGE('',*,*,#486,.F.);
#624=ORIENTED_EDGE('',*,*,#482,.T.);
#625=ORIENTED_EDGE('',*,*,#487,.F.);
#626=ORIENTED_EDGE('',*,*,#488,.F.);
#627=ORIENTED_EDGE('',*,*,#489,.F.);
#628=ORIENTED_EDGE('',*,*,#485,.T.);
#629=ORIENTED_EDGE('',*,*,#490,.F.);
#630=ORIENTED_EDGE('',*,*,#491,.F.);
#631=ORIENTED_EDGE('',*,*,#492,.F.);
#632=ORIENTED_EDGE('',*,*,#488,.T.);
#633=ORIENTED_EDGE('',*,*,#493,.F.);
#634=ORIENTED_EDGE('',*,*,#494,.F.);
#635=ORIENTED_EDGE('',*,*,#495,.F.);
#636=ORIENTED_EDGE('',*,*,#491,.T.);
#637=ORIENTED_EDGE('',*,*,#496,.F.);
#638=ORIENTED_EDGE('',*,*,#497,.F.);
#639=ORIENTED_EDGE('',*,*,#498,.F.);
#640=ORIENTED_EDGE('',*,*,#494,.T.);
#641=ORIENTED_EDGE('',*,*,#499,.F.);
#642=ORIENTED_EDGE('',*,*,#500,.T.);
#643=ORIENTED_EDGE('',*,*,#479,.T.);
#644=ORIENTED_EDGE('',*,*,#483,.T.);
#645=ORIENTED_EDGE('',*,*,#486,.T.);
#646=ORIENTED_EDGE('',*,*,#489,.T.);
#647=ORIENTED_EDGE('',*,*,#492,.T.);
#648=ORIENTED_EDGE('',*,*,#495,.T.);
#649=ORIENTED_EDGE('',*,*,#498,.T.);
#650=ORIENTED_EDGE('',*,*,#501,.T.);
#651=ORIENTED_EDGE('',*,*,#502,.T.);
#652=ORIENTED_EDGE('',*,*,#503,.T.);
#653=ORIENTED_EDGE('',*,*,#503,.F.);
#654=ORIENTED_EDGE('',*,*,#504,.F.);
#655=ORIENTED_EDGE('',*,*,#457,.F.);
#656=ORIENTED_EDGE('',*,*,#460,.F.);
#657=ORIENTED_EDGE('',*,*,#464,.F.);
#658=ORIENTED_EDGE('',*,*,#467,.F.);
#659=ORIENTED_EDGE('',*,*,#470,.F.);
#660=ORIENTED_EDGE('',*,*,#473,.F.);
#661=ORIENTED_EDGE('',*,*,#476,.F.);
#662=ORIENTED_EDGE('',*,*,#505,.F.);
#663=ORIENTED_EDGE('',*,*,#506,.F.);
#664=ORIENTED_EDGE('',*,*,#507,.T.);
#665=ORIENTED_EDGE('',*,*,#508,.T.);
#666=ORIENTED_EDGE('',*,*,#509,.T.);
#667=ORIENTED_EDGE('',*,*,#510,.T.);
#668=ORIENTED_EDGE('',*,*,#499,.T.);
#669=ORIENTED_EDGE('',*,*,#496,.T.);
#670=ORIENTED_EDGE('',*,*,#493,.T.);
#671=ORIENTED_EDGE('',*,*,#490,.T.);
#672=ORIENTED_EDGE('',*,*,#487,.T.);
#673=ORIENTED_EDGE('',*,*,#484,.T.);
#674=ORIENTED_EDGE('',*,*,#481,.T.);
#675=ORIENTED_EDGE('',*,*,#497,.T.);
#676=ORIENTED_EDGE('',*,*,#510,.F.);
#677=ORIENTED_EDGE('',*,*,#511,.F.);
#678=ORIENTED_EDGE('',*,*,#501,.F.);
#679=ORIENTED_EDGE('',*,*,#508,.F.);
#680=ORIENTED_EDGE('',*,*,#512,.F.);
#681=ORIENTED_EDGE('',*,*,#513,.T.);
#682=ORIENTED_EDGE('',*,*,#477,.T.);
#683=ORIENTED_EDGE('',*,*,#474,.T.);
#684=ORIENTED_EDGE('',*,*,#471,.T.);
#685=ORIENTED_EDGE('',*,*,#468,.T.);
#686=ORIENTED_EDGE('',*,*,#465,.T.);
#687=ORIENTED_EDGE('',*,*,#462,.T.);
#688=ORIENTED_EDGE('',*,*,#514,.F.);
#689=ORIENTED_EDGE('',*,*,#475,.T.);
#690=ORIENTED_EDGE('',*,*,#513,.F.);
#691=ORIENTED_EDGE('',*,*,#515,.F.);
#692=ORIENTED_EDGE('',*,*,#505,.T.);
#693=ORIENTED_EDGE('',*,*,#500,.F.);
#694=ORIENTED_EDGE('',*,*,#506,.T.);
#695=ORIENTED_EDGE('',*,*,#515,.T.);
#696=ORIENTED_EDGE('',*,*,#512,.T.);
#697=ORIENTED_EDGE('',*,*,#507,.F.);
#698=ORIENTED_EDGE('',*,*,#480,.F.);
#699=ORIENTED_EDGE('',*,*,#516,.F.);
#700=ORIENTED_EDGE('',*,*,#517,.F.);
#701=ORIENTED_EDGE('',*,*,#518,.T.);
#702=ORIENTED_EDGE('',*,*,#519,.T.);
#703=ORIENTED_EDGE('',*,*,#520,.F.);
#704=ORIENTED_EDGE('',*,*,#521,.F.);
#705=ORIENTED_EDGE('',*,*,#522,.T.);
#706=ORIENTED_EDGE('',*,*,#523,.T.);
#707=ORIENTED_EDGE('',*,*,#518,.F.);
#708=ORIENTED_EDGE('',*,*,#524,.F.);
#709=ORIENTED_EDGE('',*,*,#525,.T.);
#710=ORIENTED_EDGE('',*,*,#526,.T.);
#711=ORIENTED_EDGE('',*,*,#522,.F.);
#712=ORIENTED_EDGE('',*,*,#527,.F.);
#713=ORIENTED_EDGE('',*,*,#528,.T.);
#714=ORIENTED_EDGE('',*,*,#529,.T.);
#715=ORIENTED_EDGE('',*,*,#525,.F.);
#716=ORIENTED_EDGE('',*,*,#530,.F.);
#717=ORIENTED_EDGE('',*,*,#531,.T.);
#718=ORIENTED_EDGE('',*,*,#532,.T.);
#719=ORIENTED_EDGE('',*,*,#528,.F.);
#720=ORIENTED_EDGE('',*,*,#533,.F.);
#721=ORIENTED_EDGE('',*,*,#520,.T.);
#722=ORIENTED_EDGE('',*,*,#534,.T.);
#723=ORIENTED_EDGE('',*,*,#531,.F.);
#724=ORIENTED_EDGE('',*,*,#535,.F.);
#725=ORIENTED_EDGE('',*,*,#536,.T.);
#726=ORIENTED_EDGE('',*,*,#537,.T.);
#727=ORIENTED_EDGE('',*,*,#538,.F.);
#728=ORIENTED_EDGE('',*,*,#539,.F.);
#729=ORIENTED_EDGE('',*,*,#540,.T.);
#730=ORIENTED_EDGE('',*,*,#541,.T.);
#731=ORIENTED_EDGE('',*,*,#536,.F.);
#732=ORIENTED_EDGE('',*,*,#542,.F.);
#733=ORIENTED_EDGE('',*,*,#543,.T.);
#734=ORIENTED_EDGE('',*,*,#544,.T.);
#735=ORIENTED_EDGE('',*,*,#540,.F.);
#736=ORIENTED_EDGE('',*,*,#545,.F.);
#737=ORIENTED_EDGE('',*,*,#546,.T.);
#738=ORIENTED_EDGE('',*,*,#547,.T.);
#739=ORIENTED_EDGE('',*,*,#543,.F.);
#740=ORIENTED_EDGE('',*,*,#548,.F.);
#741=ORIENTED_EDGE('',*,*,#549,.T.);
#742=ORIENTED_EDGE('',*,*,#550,.T.);
#743=ORIENTED_EDGE('',*,*,#546,.F.);
#744=ORIENTED_EDGE('',*,*,#551,.F.);
#745=ORIENTED_EDGE('',*,*,#538,.T.);
#746=ORIENTED_EDGE('',*,*,#552,.T.);
#747=ORIENTED_EDGE('',*,*,#549,.F.);
#748=ORIENTED_EDGE('',*,*,#552,.F.);
#749=ORIENTED_EDGE('',*,*,#537,.F.);
#750=ORIENTED_EDGE('',*,*,#541,.F.);
#751=ORIENTED_EDGE('',*,*,#544,.F.);
#752=ORIENTED_EDGE('',*,*,#547,.F.);
#753=ORIENTED_EDGE('',*,*,#550,.F.);
#754=ORIENTED_EDGE('',*,*,#534,.F.);
#755=ORIENTED_EDGE('',*,*,#519,.F.);
#756=ORIENTED_EDGE('',*,*,#523,.F.);
#757=ORIENTED_EDGE('',*,*,#526,.F.);
#758=ORIENTED_EDGE('',*,*,#529,.F.);
#759=ORIENTED_EDGE('',*,*,#532,.F.);
#760=ORIENTED_EDGE('',*,*,#553,.T.);
#761=ORIENTED_EDGE('',*,*,#535,.T.);
#762=ORIENTED_EDGE('',*,*,#551,.T.);
#763=ORIENTED_EDGE('',*,*,#548,.T.);
#764=ORIENTED_EDGE('',*,*,#545,.T.);
#765=ORIENTED_EDGE('',*,*,#542,.T.);
#766=ORIENTED_EDGE('',*,*,#539,.T.);
#767=ORIENTED_EDGE('',*,*,#554,.F.);
#768=ORIENTED_EDGE('',*,*,#555,.T.);
#769=ORIENTED_EDGE('',*,*,#556,.F.);
#770=ORIENTED_EDGE('',*,*,#557,.T.);
#771=ORIENTED_EDGE('',*,*,#554,.T.);
#772=ORIENTED_EDGE('',*,*,#557,.F.);
#773=ORIENTED_EDGE('',*,*,#558,.F.);
#774=ORIENTED_EDGE('',*,*,#555,.F.);
#775=ORIENTED_EDGE('',*,*,#559,.T.);
#776=ORIENTED_EDGE('',*,*,#560,.F.);
#777=ORIENTED_EDGE('',*,*,#561,.F.);
#778=ORIENTED_EDGE('',*,*,#559,.F.);
#779=ORIENTED_EDGE('',*,*,#562,.F.);
#780=ORIENTED_EDGE('',*,*,#563,.T.);
#781=ORIENTED_EDGE('',*,*,#564,.F.);
#782=ORIENTED_EDGE('',*,*,#565,.F.);
#783=ORIENTED_EDGE('',*,*,#566,.T.);
#784=ORIENTED_EDGE('',*,*,#562,.T.);
#785=ORIENTED_EDGE('',*,*,#566,.F.);
#786=ORIENTED_EDGE('',*,*,#567,.F.);
#787=ORIENTED_EDGE('',*,*,#563,.F.);
#788=ORIENTED_EDGE('',*,*,#568,.T.);
#789=ORIENTED_EDGE('',*,*,#569,.F.);
#790=ORIENTED_EDGE('',*,*,#568,.F.);
#791=ORIENTED_EDGE('',*,*,#570,.F.);
#792=ORIENTED_EDGE('',*,*,#571,.T.);
#793=ORIENTED_EDGE('',*,*,#572,.F.);
#794=ORIENTED_EDGE('',*,*,#571,.F.);
#795=ORIENTED_EDGE('',*,*,#570,.T.);
#796=ORIENTED_EDGE('',*,*,#573,.T.);
#797=ORIENTED_EDGE('',*,*,#574,.F.);
#798=ORIENTED_EDGE('',*,*,#575,.T.);
#799=ORIENTED_EDGE('',*,*,#553,.F.);
#800=ORIENTED_EDGE('',*,*,#576,.T.);
#801=ORIENTED_EDGE('',*,*,#574,.T.);
#802=ORIENTED_EDGE('',*,*,#576,.F.);
#803=ORIENTED_EDGE('',*,*,#517,.T.);
#804=ORIENTED_EDGE('',*,*,#533,.T.);
#805=ORIENTED_EDGE('',*,*,#530,.T.);
#806=ORIENTED_EDGE('',*,*,#527,.T.);
#807=ORIENTED_EDGE('',*,*,#524,.T.);
#808=ORIENTED_EDGE('',*,*,#521,.T.);
#809=ORIENTED_EDGE('',*,*,#572,.T.);
#810=ORIENTED_EDGE('',*,*,#577,.F.);
#811=ORIENTED_EDGE('',*,*,#578,.T.);
#812=ORIENTED_EDGE('',*,*,#575,.F.);
#813=ORIENTED_EDGE('',*,*,#579,.T.);
#814=ORIENTED_EDGE('',*,*,#577,.T.);
#815=ORIENTED_EDGE('',*,*,#579,.F.);
#816=ORIENTED_EDGE('',*,*,#556,.T.);
#817=ORIENTED_EDGE('',*,*,#558,.T.);
#818=ORIENTED_EDGE('',*,*,#564,.T.);
#819=ORIENTED_EDGE('',*,*,#567,.T.);
#820=ORIENTED_EDGE('',*,*,#565,.T.);
#821=ORIENTED_EDGE('',*,*,#580,.T.);
#822=ORIENTED_EDGE('',*,*,#581,.F.);
#823=ORIENTED_EDGE('',*,*,#573,.F.);
#824=ORIENTED_EDGE('',*,*,#582,.T.);
#825=ORIENTED_EDGE('',*,*,#581,.T.);
#826=ORIENTED_EDGE('',*,*,#582,.F.);
#827=ORIENTED_EDGE('',*,*,#560,.T.);
#828=ORIENTED_EDGE('',*,*,#561,.T.);
#829=ORIENTED_EDGE('',*,*,#569,.T.);
#830=ORIENTED_EDGE('',*,*,#578,.F.);
#831=ORIENTED_EDGE('',*,*,#583,.T.);
#832=ORIENTED_EDGE('',*,*,#584,.F.);
#833=ORIENTED_EDGE('',*,*,#583,.F.);
#834=ORIENTED_EDGE('',*,*,#580,.F.);
#835=ORIENTED_EDGE('',*,*,#585,.T.);
#836=ORIENTED_EDGE('',*,*,#516,.T.);
#837=ORIENTED_EDGE('',*,*,#585,.F.);
#838=ORIENTED_EDGE('',*,*,#584,.T.);
#839=ORIENTED_EDGE('',*,*,#514,.T.);
#840=ORIENTED_EDGE('',*,*,#461,.T.);
#841=ORIENTED_EDGE('',*,*,#458,.T.);
#842=ORIENTED_EDGE('',*,*,#504,.T.);
#843=ORIENTED_EDGE('',*,*,#502,.F.);
#844=ORIENTED_EDGE('',*,*,#511,.T.);
#845=ORIENTED_EDGE('',*,*,#509,.F.);
#846=CYLINDRICAL_SURFACE('',#927,14.66495);
#847=CYLINDRICAL_SURFACE('',#929,14.66495);
#848=CYLINDRICAL_SURFACE('',#931,14.66495);
#849=CYLINDRICAL_SURFACE('',#932,14.66495);
#850=CYLINDRICAL_SURFACE('',#933,14.66495);
#851=CYLINDRICAL_SURFACE('',#934,14.66495);
#852=CYLINDRICAL_SURFACE('',#935,14.66495);
#853=CYLINDRICAL_SURFACE('',#936,16.18225);
#854=CYLINDRICAL_SURFACE('',#938,16.18225);
#855=CYLINDRICAL_SURFACE('',#939,16.18225);
#856=CYLINDRICAL_SURFACE('',#940,16.18225);
#857=CYLINDRICAL_SURFACE('',#941,16.18225);
#858=CYLINDRICAL_SURFACE('',#942,16.18225);
#859=CYLINDRICAL_SURFACE('',#943,16.18225);
#860=CYLINDRICAL_SURFACE('',#944,16.18225);
#861=CYLINDRICAL_SURFACE('',#946,14.66495);
#862=CYLINDRICAL_SURFACE('',#968,2.);
#863=CYLINDRICAL_SURFACE('',#969,1.5);
#864=CYLINDRICAL_SURFACE('',#973,2.);
#865=CYLINDRICAL_SURFACE('',#974,1.5);
#866=CYLINDRICAL_SURFACE('',#975,17.5);
#867=CYLINDRICAL_SURFACE('',#983,35.);
#868=CYLINDRICAL_SURFACE('',#988,18.);
#869=CYLINDRICAL_SURFACE('',#992,13.25);
#870=CYLINDRICAL_SURFACE('',#993,16.5);
#871=CYLINDRICAL_SURFACE('',#995,14.);
#872=ADVANCED_FACE('',(#57),#846,.T.);
#873=ADVANCED_FACE('',(#58),#847,.T.);
#874=ADVANCED_FACE('',(#59),#848,.T.);
#875=ADVANCED_FACE('',(#60),#849,.T.);
#876=ADVANCED_FACE('',(#61),#850,.T.);
#877=ADVANCED_FACE('',(#62),#851,.T.);
#878=ADVANCED_FACE('',(#63),#852,.T.);
#879=ADVANCED_FACE('',(#64),#853,.T.);
#880=ADVANCED_FACE('',(#65),#854,.T.);
#881=ADVANCED_FACE('',(#66),#855,.T.);
#882=ADVANCED_FACE('',(#67),#856,.T.);
#883=ADVANCED_FACE('',(#68),#857,.T.);
#884=ADVANCED_FACE('',(#69),#858,.T.);
#885=ADVANCED_FACE('',(#70),#859,.T.);
#886=ADVANCED_FACE('',(#71),#53,.F.);
#887=ADVANCED_FACE('',(#72),#54,.F.);
#888=ADVANCED_FACE('',(#73),#55,.F.);
#889=ADVANCED_FACE('',(#74),#860,.T.);
#890=ADVANCED_FACE('',(#75),#56,.F.);
#891=ADVANCED_FACE('',(#76),#861,.T.);
#892=ADVANCED_FACE('',(#77,#15),#30,.F.);
#893=ADVANCED_FACE('',(#78),#31,.F.);
#894=ADVANCED_FACE('',(#79),#32,.F.);
#895=ADVANCED_FACE('',(#80),#33,.F.);
#896=ADVANCED_FACE('',(#81),#34,.F.);
#897=ADVANCED_FACE('',(#82),#35,.F.);
#898=ADVANCED_FACE('',(#83),#36,.F.);
#899=ADVANCED_FACE('',(#84),#37,.F.);
#900=ADVANCED_FACE('',(#85),#38,.F.);
#901=ADVANCED_FACE('',(#86),#39,.F.);
#902=ADVANCED_FACE('',(#87),#40,.F.);
#903=ADVANCED_FACE('',(#88),#41,.F.);
#904=ADVANCED_FACE('',(#89),#42,.F.);
#905=ADVANCED_FACE('',(#90,#16),#43,.F.);
#906=ADVANCED_FACE('',(#91,#17),#44,.T.);
#907=ADVANCED_FACE('',(#92,#18),#45,.F.);
#908=ADVANCED_FACE('',(#93),#862,.F.);
#909=ADVANCED_FACE('',(#94),#863,.F.);
#910=ADVANCED_FACE('',(#95,#19),#46,.F.);
#911=ADVANCED_FACE('',(#96),#864,.F.);
#912=ADVANCED_FACE('',(#97),#865,.F.);
#913=ADVANCED_FACE('',(#98),#866,.T.);
#914=ADVANCED_FACE('',(#99,#20),#47,.T.);
#915=ADVANCED_FACE('',(#100,#21),#48,.F.);
#916=ADVANCED_FACE('',(#101),#867,.T.);
#917=ADVANCED_FACE('',(#102,#22),#49,.T.);
#918=ADVANCED_FACE('',(#103,#23),#50,.F.);
#919=ADVANCED_FACE('',(#104,#24,#25),#868,.T.);
#920=ADVANCED_FACE('',(#105,#26),#51,.F.);
#921=ADVANCED_FACE('',(#106,#27,#28),#869,.F.);
#922=ADVANCED_FACE('',(#107),#870,.T.);
#923=ADVANCED_FACE('',(#108),#871,.F.);
#924=ADVANCED_FACE('',(#109,#29),#52,.T.);
#925=CLOSED_SHELL('',(#872,#873,#874,#875,#876,#877,#878,#879,#880,#881,
#882,#883,#884,#885,#886,#887,#888,#889,#890,#891,#892,#893,#894,#895,#896,
#897,#898,#899,#900,#901,#902,#903,#904,#905,#906,#907,#908,#909,#910,#911,
#912,#913,#914,#915,#916,#917,#918,#919,#920,#921,#922,#923,#924));
#926=AXIS2_PLACEMENT_3D('',#1199,#997,#998);
#927=AXIS2_PLACEMENT_3D('',#1200,#999,#1000);
#928=AXIS2_PLACEMENT_3D('',#1209,#1002,#1003);
#929=AXIS2_PLACEMENT_3D('',#1210,#1004,#1005);
#930=AXIS2_PLACEMENT_3D('',#1232,#1007,#1008);
#931=AXIS2_PLACEMENT_3D('',#1270,#1009,#1010);
#932=AXIS2_PLACEMENT_3D('',#1331,#1012,#1013);
#933=AXIS2_PLACEMENT_3D('',#1394,#1015,#1016);
#934=AXIS2_PLACEMENT_3D('',#1461,#1018,#1019);
#935=AXIS2_PLACEMENT_3D('',#1537,#1021,#1022);
#936=AXIS2_PLACEMENT_3D('',#1606,#1024,#1025);
#937=AXIS2_PLACEMENT_3D('',#1622,#1027,#1028);
#938=AXIS2_PLACEMENT_3D('',#1631,#1029,#1030);
#939=AXIS2_PLACEMENT_3D('',#1671,#1032,#1033);
#940=AXIS2_PLACEMENT_3D('',#1709,#1035,#1036);
#941=AXIS2_PLACEMENT_3D('',#1743,#1038,#1039);
#942=AXIS2_PLACEMENT_3D('',#1777,#1041,#1042);
#943=AXIS2_PLACEMENT_3D('',#1813,#1044,#1045);
#944=AXIS2_PLACEMENT_3D('',#3679,#1047,#1048);
#945=AXIS2_PLACEMENT_3D('',#3680,#1049,#1050);
#946=AXIS2_PLACEMENT_3D('',#4335,#1051,#1052);
#947=AXIS2_PLACEMENT_3D('',#4336,#1053,#1054);
#948=AXIS2_PLACEMENT_3D('',#4337,#1055,#1056);
#949=AXIS2_PLACEMENT_3D('',#4339,#1057,#1058);
#950=AXIS2_PLACEMENT_3D('',#4340,#1059,#1060);
#951=AXIS2_PLACEMENT_3D('',#4349,#1065,#1066);
#952=AXIS2_PLACEMENT_3D('',#4355,#1070,#1071);
#953=AXIS2_PLACEMENT_3D('',#4361,#1075,#1076);
#954=AXIS2_PLACEMENT_3D('',#4367,#1080,#1081);
#955=AXIS2_PLACEMENT_3D('',#4373,#1085,#1086);
#956=AXIS2_PLACEMENT_3D('',#4376,#1089,#1090);
#957=AXIS2_PLACEMENT_3D('',#4385,#1095,#1096);
#958=AXIS2_PLACEMENT_3D('',#4391,#1100,#1101);
#959=AXIS2_PLACEMENT_3D('',#4397,#1105,#1106);
#960=AXIS2_PLACEMENT_3D('',#4403,#1110,#1111);
#961=AXIS2_PLACEMENT_3D('',#4409,#1115,#1116);
#962=AXIS2_PLACEMENT_3D('',#4412,#1119,#1120);
#963=AXIS2_PLACEMENT_3D('',#4413,#1121,#1122);
#964=AXIS2_PLACEMENT_3D('',#4415,#1123,#1124);
#965=AXIS2_PLACEMENT_3D('',#4416,#1125,#1126);
#966=AXIS2_PLACEMENT_3D('',#4418,#1127,#1128);
#967=AXIS2_PLACEMENT_3D('',#4420,#1129,#1130);
#968=AXIS2_PLACEMENT_3D('',#4421,#1131,#1132);
#969=AXIS2_PLACEMENT_3D('',#4462,#1134,#1135);
#970=AXIS2_PLACEMENT_3D('',#4502,#1137,#1138);
#971=AXIS2_PLACEMENT_3D('',#4504,#1139,#1140);
#972=AXIS2_PLACEMENT_3D('',#4506,#1141,#1142);
#973=AXIS2_PLACEMENT_3D('',#4507,#1143,#1144);
#974=AXIS2_PLACEMENT_3D('',#4550,#1146,#1147);
#975=AXIS2_PLACEMENT_3D('',#4587,#1149,#1150);
#976=AXIS2_PLACEMENT_3D('',#4589,#1151,#1152);
#977=AXIS2_PLACEMENT_3D('',#4592,#1154,#1155);
#978=AXIS2_PLACEMENT_3D('',#4593,#1156,#1157);
#979=AXIS2_PLACEMENT_3D('',#4595,#1158,#1159);
#980=AXIS2_PLACEMENT_3D('',#4596,#1160,#1161);
#981=AXIS2_PLACEMENT_3D('',#4598,#1162,#1163);
#982=AXIS2_PLACEMENT_3D('',#4600,#1164,#1165);
#983=AXIS2_PLACEMENT_3D('',#4601,#1166,#1167);
#984=AXIS2_PLACEMENT_3D('',#4603,#1169,#1170);
#985=AXIS2_PLACEMENT_3D('',#4604,#1171,#1172);
#986=AXIS2_PLACEMENT_3D('',#4606,#1173,#1174);
#987=AXIS2_PLACEMENT_3D('',#4608,#1175,#1176);
#988=AXIS2_PLACEMENT_3D('',#4609,#1177,#1178);
#989=AXIS2_PLACEMENT_3D('',#4611,#1180,#1181);
#990=AXIS2_PLACEMENT_3D('',#4613,#1182,#1183);
#991=AXIS2_PLACEMENT_3D('',#4615,#1184,#1185);
#992=AXIS2_PLACEMENT_3D('',#4616,#1186,#1187);
#993=AXIS2_PLACEMENT_3D('',#4618,#1189,#1190);
#994=AXIS2_PLACEMENT_3D('',#4621,#1192,#1193);
#995=AXIS2_PLACEMENT_3D('',#4622,#1194,#1195);
#996=AXIS2_PLACEMENT_3D('',#4624,#1197,#1198);
#997=DIRECTION('axis',(0.,0.,1.));
#998=DIRECTION('refdir',(1.,0.,0.));
#999=DIRECTION('center_axis',(0.,0.,1.));
#1000=DIRECTION('ref_axis',(-0.998852020405054,-0.0479024146859203,0.));
#1001=DIRECTION('',(0.,0.,1.));
#1002=DIRECTION('center_axis',(0.,0.,1.));
#1003=DIRECTION('ref_axis',(1.,2.01173350286032E-14,0.));
#1004=DIRECTION('center_axis',(0.,0.,1.));
#1005=DIRECTION('ref_axis',(1.,2.01173350286032E-14,0.));
#1006=DIRECTION('',(0.,0.,1.));
#1007=DIRECTION('center_axis',(0.,0.,1.));
#1008=DIRECTION('ref_axis',(1.,2.01173350286032E-14,0.));
#1009=DIRECTION('center_axis',(0.,0.,1.));
#1010=DIRECTION('ref_axis',(1.,2.01173350286032E-14,0.));
#1011=DIRECTION('',(0.,0.,1.));
#1012=DIRECTION('center_axis',(0.,0.,1.));
#1013=DIRECTION('ref_axis',(1.,2.01173350286032E-14,0.));
#1014=DIRECTION('',(0.,0.,1.));
#1015=DIRECTION('center_axis',(0.,0.,1.));
#1016=DIRECTION('ref_axis',(1.,2.01173350286032E-14,0.));
#1017=DIRECTION('',(0.,0.,1.));
#1018=DIRECTION('center_axis',(0.,0.,1.));
#1019=DIRECTION('ref_axis',(1.,2.01173350286032E-14,0.));
#1020=DIRECTION('',(0.,0.,1.));
#1021=DIRECTION('center_axis',(0.,0.,1.));
#1022=DIRECTION('ref_axis',(1.,2.01173350286032E-14,0.));
#1023=DIRECTION('',(0.,0.,1.));
#1024=DIRECTION('center_axis',(0.,0.,1.));
#1025=DIRECTION('ref_axis',(-0.533464294777429,0.845822585532936,0.));
#1026=DIRECTION('',(0.,0.,-1.));
#1027=DIRECTION('center_axis',(0.,0.,-1.));
#1028=DIRECTION('ref_axis',(1.,0.,0.));
#1029=DIRECTION('center_axis',(0.,0.,1.));
#1030=DIRECTION('ref_axis',(1.,0.,0.));
#1031=DIRECTION('',(0.,0.,-1.));
#1032=DIRECTION('center_axis',(0.,0.,1.));
#1033=DIRECTION('ref_axis',(1.,0.,0.));
#1034=DIRECTION('',(0.,0.,-1.));
#1035=DIRECTION('center_axis',(0.,0.,1.));
#1036=DIRECTION('ref_axis',(1.,0.,0.));
#1037=DIRECTION('',(0.,0.,-1.));
#1038=DIRECTION('center_axis',(0.,0.,1.));
#1039=DIRECTION('ref_axis',(1.,0.,0.));
#1040=DIRECTION('',(0.,0.,-1.));
#1041=DIRECTION('center_axis',(0.,0.,1.));
#1042=DIRECTION('ref_axis',(1.,0.,0.));
#1043=DIRECTION('',(0.,0.,-1.));
#1044=DIRECTION('center_axis',(0.,0.,1.));
#1045=DIRECTION('ref_axis',(1.,0.,0.));
#1046=DIRECTION('',(0.,0.,-1.));
#1047=DIRECTION('center_axis',(0.,0.,1.));
#1048=DIRECTION('ref_axis',(-0.277327444172958,-0.960775462170269,0.));
#1049=DIRECTION('center_axis',(0.,0.,1.));
#1050=DIRECTION('ref_axis',(1.,0.,0.));
#1051=DIRECTION('center_axis',(0.,0.,1.));
#1052=DIRECTION('ref_axis',(1.,2.01173350286032E-14,0.));
#1053=DIRECTION('center_axis',(0.,0.,-1.));
#1054=DIRECTION('ref_axis',(1.,2.01173350286032E-14,0.));
#1055=DIRECTION('center_axis',(0.,0.,1.));
#1056=DIRECTION('ref_axis',(1.,0.,0.));
#1057=DIRECTION('center_axis',(0.,0.,-1.));
#1058=DIRECTION('ref_axis',(1.,0.,0.));
#1059=DIRECTION('center_axis',(1.,-3.84592537276713E-16,0.));
#1060=DIRECTION('ref_axis',(-3.84592537276713E-16,-1.,0.));
#1061=DIRECTION('',(-3.84592537276713E-16,-1.,0.));
#1062=DIRECTION('',(0.,0.,-1.));
#1063=DIRECTION('',(-3.84592537276713E-16,-1.,0.));
#1064=DIRECTION('',(0.,0.,-1.));
#1065=DIRECTION('center_axis',(0.5,-0.866025403784439,0.));
#1066=DIRECTION('ref_axis',(-0.866025403784439,-0.5,0.));
#1067=DIRECTION('',(-0.866025403784439,-0.5,0.));
#1068=DIRECTION('',(0.,0.,-1.));
#1069=DIRECTION('',(-0.866025403784439,-0.5,0.));
#1070=DIRECTION('center_axis',(-0.5,-0.866025403784439,0.));
#1071=DIRECTION('ref_axis',(-0.866025403784439,0.5,0.));
#1072=DIRECTION('',(-0.866025403784439,0.5,0.));
#1073=DIRECTION('',(0.,0.,-1.));
#1074=DIRECTION('',(-0.866025403784439,0.5,0.));
#1075=DIRECTION('center_axis',(-1.,1.92296268638356E-16,0.));
#1076=DIRECTION('ref_axis',(1.92296268638356E-16,1.,0.));
#1077=DIRECTION('',(1.92296268638356E-16,1.,0.));
#1078=DIRECTION('',(0.,0.,-1.));
#1079=DIRECTION('',(1.92296268638356E-16,1.,0.));
#1080=DIRECTION('center_axis',(-0.5,0.866025403784439,0.));
#1081=DIRECTION('ref_axis',(0.866025403784439,0.5,0.));
#1082=DIRECTION('',(0.866025403784439,0.5,0.));
#1083=DIRECTION('',(0.,0.,-1.));
#1084=DIRECTION('',(0.866025403784439,0.5,0.));
#1085=DIRECTION('center_axis',(0.5,0.866025403784439,0.));
#1086=DIRECTION('ref_axis',(0.866025403784439,-0.5,0.));
#1087=DIRECTION('',(0.866025403784439,-0.5,0.));
#1088=DIRECTION('',(0.866025403784439,-0.5,0.));
#1089=DIRECTION('center_axis',(0.5,-0.866025403784439,0.));
#1090=DIRECTION('ref_axis',(-0.866025403784439,-0.5,0.));
#1091=DIRECTION('',(-0.866025403784439,-0.5,0.));
#1092=DIRECTION('',(0.,0.,-1.));
#1093=DIRECTION('',(-0.866025403784439,-0.5,0.));
#1094=DIRECTION('',(0.,0.,-1.));
#1095=DIRECTION('center_axis',(1.,-1.53837014910685E-16,0.));
#1096=DIRECTION('ref_axis',(-1.53837014910685E-16,-1.,0.));
#1097=DIRECTION('',(-1.53837014910685E-16,-1.,0.));
#1098=DIRECTION('',(0.,0.,-1.));
#1099=DIRECTION('',(-1.53837014910685E-16,-1.,0.));
#1100=DIRECTION('center_axis',(0.5,0.866025403784438,0.));
#1101=DIRECTION('ref_axis',(0.866025403784438,-0.5,0.));
#1102=DIRECTION('',(0.866025403784438,-0.5,0.));
#1103=DIRECTION('',(0.,0.,-1.));
#1104=DIRECTION('',(0.866025403784438,-0.5,0.));
#1105=DIRECTION('center_axis',(-0.5,0.866025403784439,0.));
#1106=DIRECTION('ref_axis',(0.866025403784439,0.5,0.));
#1107=DIRECTION('',(0.866025403784439,0.5,0.));
#1108=DIRECTION('',(0.,0.,-1.));
#1109=DIRECTION('',(0.866025403784439,0.5,0.));
#1110=DIRECTION('center_axis',(-1.,6.15348059642741E-16,0.));
#1111=DIRECTION('ref_axis',(6.15348059642741E-16,1.,0.));
#1112=DIRECTION('',(6.15348059642741E-16,1.,0.));
#1113=DIRECTION('',(0.,0.,-1.));
#1114=DIRECTION('',(6.15348059642741E-16,1.,0.));
#1115=DIRECTION('center_axis',(-0.5,-0.866025403784439,0.));
#1116=DIRECTION('ref_axis',(-0.866025403784438,0.5,0.));
#1117=DIRECTION('',(-0.866025403784438,0.5,0.));
#1118=DIRECTION('',(-0.866025403784439,0.5,0.));
#1119=DIRECTION('center_axis',(0.,0.,-1.));
#1120=DIRECTION('ref_axis',(-1.,0.,0.));
#1121=DIRECTION('center_axis',(0.,0.,1.));
#1122=DIRECTION('ref_axis',(-1.,0.,0.));
#1123=DIRECTION('center_axis',(0.,0.,1.));
#1124=DIRECTION('ref_axis',(-1.,0.,0.));
#1125=DIRECTION('center_axis',(6.12323399573677E-17,1.,0.));
#1126=DIRECTION('ref_axis',(0.,0.,-1.));
#1127=DIRECTION('center_axis',(6.12323399573677E-17,1.,0.));
#1128=DIRECTION('ref_axis',(0.,0.,-1.));
#1129=DIRECTION('center_axis',(6.12323399573677E-17,1.,0.));
#1130=DIRECTION('ref_axis',(0.,0.,-1.));
#1131=DIRECTION('center_axis',(6.12323399573677E-17,1.,0.));
#1132=DIRECTION('ref_axis',(0.,0.,-1.));
#1133=DIRECTION('',(6.12323399573677E-17,1.,0.));
#1134=DIRECTION('center_axis',(6.12323399573677E-17,1.,0.));
#1135=DIRECTION('ref_axis',(0.,0.,-1.));
#1136=DIRECTION('',(6.12323399573677E-17,1.,0.));
#1137=DIRECTION('center_axis',(1.,0.,0.));
#1138=DIRECTION('ref_axis',(0.,-1.,0.));
#1139=DIRECTION('center_axis',(1.,0.,0.));
#1140=DIRECTION('ref_axis',(0.,-1.,0.));
#1141=DIRECTION('center_axis',(1.,0.,0.));
#1142=DIRECTION('ref_axis',(0.,-1.,0.));
#1143=DIRECTION('center_axis',(1.,0.,0.));
#1144=DIRECTION('ref_axis',(0.,-1.,0.));
#1145=DIRECTION('',(1.,0.,0.));
#1146=DIRECTION('center_axis',(1.,0.,0.));
#1147=DIRECTION('ref_axis',(0.,-1.,0.));
#1148=DIRECTION('',(1.,0.,0.));
#1149=DIRECTION('center_axis',(0.,0.,1.));
#1150=DIRECTION('ref_axis',(-1.,0.,0.));
#1151=DIRECTION('center_axis',(0.,0.,1.));
#1152=DIRECTION('ref_axis',(-1.,0.,0.));
#1153=DIRECTION('',(0.,0.,-1.));
#1154=DIRECTION('center_axis',(0.,0.,-1.));
#1155=DIRECTION('ref_axis',(-1.,0.,0.));
#1156=DIRECTION('center_axis',(0.,0.,1.));
#1157=DIRECTION('ref_axis',(-1.,0.,0.));
#1158=DIRECTION('center_axis',(0.,0.,-1.));
#1159=DIRECTION('ref_axis',(-1.,0.,0.));
#1160=DIRECTION('center_axis',(0.,0.,1.));
#1161=DIRECTION('ref_axis',(-1.,0.,0.));
#1162=DIRECTION('center_axis',(0.,0.,1.));
#1163=DIRECTION('ref_axis',(-1.,0.,0.));
#1164=DIRECTION('center_axis',(0.,0.,1.));
#1165=DIRECTION('ref_axis',(-1.,0.,0.));
#1166=DIRECTION('center_axis',(0.,0.,1.));
#1167=DIRECTION('ref_axis',(-1.,0.,0.));
#1168=DIRECTION('',(0.,0.,-1.));
#1169=DIRECTION('center_axis',(0.,0.,1.));
#1170=DIRECTION('ref_axis',(-1.,0.,0.));
#1171=DIRECTION('center_axis',(0.,0.,1.));
#1172=DIRECTION('ref_axis',(-1.,0.,0.));
#1173=DIRECTION('center_axis',(0.,0.,1.));
#1174=DIRECTION('ref_axis',(-1.,0.,0.));
#1175=DIRECTION('center_axis',(0.,0.,1.));
#1176=DIRECTION('ref_axis',(-1.,0.,0.));
#1177=DIRECTION('center_axis',(0.,0.,1.));
#1178=DIRECTION('ref_axis',(-1.,0.,0.));
#1179=DIRECTION('',(0.,0.,-1.));
#1180=DIRECTION('center_axis',(0.,0.,1.));
#1181=DIRECTION('ref_axis',(-1.,0.,0.));
#1182=DIRECTION('center_axis',(0.,0.,-1.));
#1183=DIRECTION('ref_axis',(-1.,0.,0.));
#1184=DIRECTION('center_axis',(0.,0.,-1.));
#1185=DIRECTION('ref_axis',(-1.,0.,0.));
#1186=DIRECTION('center_axis',(0.,0.,1.));
#1187=DIRECTION('ref_axis',(-1.,0.,0.));
#1188=DIRECTION('',(0.,0.,-1.));
#1189=DIRECTION('center_axis',(0.,0.,1.));
#1190=DIRECTION('ref_axis',(1.,0.,0.));
#1191=DIRECTION('',(0.,0.,-1.));
#1192=DIRECTION('center_axis',(0.,0.,-1.));
#1193=DIRECTION('ref_axis',(1.,0.,0.));
#1194=DIRECTION('center_axis',(0.,0.,1.));
#1195=DIRECTION('ref_axis',(1.,0.,0.));
#1196=DIRECTION('',(0.,0.,-1.));
#1197=DIRECTION('center_axis',(0.,0.,-1.));
#1198=DIRECTION('ref_axis',(-1.,0.,0.));
#1199=CARTESIAN_POINT('',(0.,0.,0.));
#1200=CARTESIAN_POINT('Origin',(0.,0.,-5.54576967571505));
#1201=CARTESIAN_POINT('',(-14.6658017289188,0.000268058272116453,19.9542303242849));
#1202=CARTESIAN_POINT('',(-14.66495,-2.96815650735429E-13,20.));
#1203=CARTESIAN_POINT('',(-14.66495,-2.96815650735429E-13,-5.54576967571505));
#1204=CARTESIAN_POINT('',(-14.5970993344728,-1.40324126861949,20.));
#1205=CARTESIAN_POINT('Ctrl Pts',(-14.6658017289188,0.000268058272116928,
19.9542303242849));
#1206=CARTESIAN_POINT('Ctrl Pts',(-14.6654087712448,-0.468243125948326,
19.9694868828566));
#1207=CARTESIAN_POINT('Ctrl Pts',(-14.6423694130245,-0.936791727432041,
19.9847434414283));
#1208=CARTESIAN_POINT('Ctrl Pts',(-14.5970993344728,-1.40324126861949,20.));
#1209=CARTESIAN_POINT('Origin',(0.,0.,20.));
#1210=CARTESIAN_POINT('Origin',(0.,0.,-5.54576967571505));
#1211=CARTESIAN_POINT('',(-14.6637361384167,7.03817188323229E-5,16.9542303242849));
#1212=CARTESIAN_POINT('',(-14.6653796242722,0.000254999864066889,17.7768009454805));
#1213=CARTESIAN_POINT('',(-14.66495,-2.96815650735429E-13,-5.54576967571505));
#1214=CARTESIAN_POINT('Ctrl Pts',(-14.6637361384167,7.03817188319605E-5,
16.9542303242849));
#1215=CARTESIAN_POINT('Ctrl Pts',(-14.6635183251133,-1.29168597258668,16.9962784607649));
#1216=CARTESIAN_POINT('Ctrl Pts',(-14.1765607990264,-5.01288300600883,17.1174024061973));
#1217=CARTESIAN_POINT('Ctrl Pts',(-11.0660265726466,-10.5397365206868,17.3176021605821));
#1218=CARTESIAN_POINT('Ctrl Pts',(-4.7041874169316,-14.5400691186774,17.5548295874394));
#1219=CARTESIAN_POINT('Ctrl Pts',(2.79522472328621,-15.0243041313356,17.7920570142966));
#1220=CARTESIAN_POINT('Ctrl Pts',(9.61869122971764,-11.8753423110974,18.0292844411539));
#1221=CARTESIAN_POINT('Ctrl Pts',(14.1161553480441,-5.85467140472584,18.2665118680112));
#1222=CARTESIAN_POINT('Ctrl Pts',(15.2000296181971,1.58178591292591,18.5037392948685));
#1223=CARTESIAN_POINT('Ctrl Pts',(12.6082200281872,8.63572910019683,18.7409667217258));
#1224=CARTESIAN_POINT('Ctrl Pts',(6.96746191053956,13.6013785245523,18.9781941485831));
#1225=CARTESIAN_POINT('Ctrl Pts',(-0.35815144431781,15.2779073729429,19.2154215754404));
#1226=CARTESIAN_POINT('Ctrl Pts',(-7.59720574164368,13.2599487918287,19.4526490022977));
#1227=CARTESIAN_POINT('Ctrl Pts',(-12.9989966439933,8.0353829193572,19.689876429155));
#1228=CARTESIAN_POINT('Ctrl Pts',(-14.5907826909529,2.98381438523174,19.8570702031507));
#1229=CARTESIAN_POINT('Ctrl Pts',(-14.6660346244705,0.277942164011456,19.9451881681941));
#1230=CARTESIAN_POINT('Ctrl Pts',(-14.6658017289188,0.000268058272116928,
19.9542303242849));
#1231=CARTESIAN_POINT('',(0.82273739588335,14.6418530821722,20.));
#1232=CARTESIAN_POINT('Origin',(0.,0.,20.));
#1233=CARTESIAN_POINT('Ctrl Pts',(0.822737395882968,14.6418530821669,19.9999999999969));
#1234=CARTESIAN_POINT('Ctrl Pts',(2.72276579604675,14.5350889718263,19.9380408524347));
#1235=CARTESIAN_POINT('Ctrl Pts',(4.60141558094143,14.0541545110795,19.8760817048724));
#1236=CARTESIAN_POINT('Ctrl Pts',(6.31854177424011,13.2344382647152,19.8141225573101));
#1237=CARTESIAN_POINT('Ctrl Pts',(8.03566796753876,12.414722018351,19.7521634097478));
#1238=CARTESIAN_POINT('Ctrl Pts',(9.59127056924142,11.2562239863692,19.6902042621856));
#1239=CARTESIAN_POINT('Ctrl Pts',(10.8688047898313,9.84596338467338,19.6282451146233));
#1240=CARTESIAN_POINT('Ctrl Pts',(12.1463390104211,8.43570278297756,19.566285967061));
#1241=CARTESIAN_POINT('Ctrl Pts',(13.1458048498981,6.77367961156769,19.5043268194987));
#1242=CARTESIAN_POINT('Ctrl Pts',(13.7924849676081,4.98411869245829,19.4423676719365));
#1243=CARTESIAN_POINT('Ctrl Pts',(14.4391650853182,3.19455777334886,19.3804085243742));
#1244=CARTESIAN_POINT('Ctrl Pts',(14.7330594812612,1.27745910653989,19.3184493768119));
#1245=CARTESIAN_POINT('Ctrl Pts',(14.652143556688,-0.623665665589476,19.2564902292496));
#1246=CARTESIAN_POINT('Ctrl Pts',(14.5712276321148,-2.52479043771884,19.1945310816873));
#1247=CARTESIAN_POINT('Ctrl Pts',(14.1155013870254,-4.40994131516862,19.1325719341251));
#1248=CARTESIAN_POINT('Ctrl Pts',(13.3190818313056,-6.13808791725821,19.0706127865628));
#1249=CARTESIAN_POINT('Ctrl Pts',(12.5226622755858,-7.86623451934777,19.0086536390005));
#1250=CARTESIAN_POINT('Ctrl Pts',(11.3855494092356,-9.43737684607716,18.9466944914382));
#1251=CARTESIAN_POINT('Ctrl Pts',(9.99281918138283,-10.7339509625972,18.884735343876));
#1252=CARTESIAN_POINT('Ctrl Pts',(8.60008895353007,-12.0305250791173,18.8227761963137));
#1253=CARTESIAN_POINT('Ctrl Pts',(6.95174136417476,-13.052530985428,18.7608170487514));
#1254=CARTESIAN_POINT('Ctrl Pts',(5.17111964077508,-13.7234767534892,18.6988579011891));
#1255=CARTESIAN_POINT('Ctrl Pts',(3.39049791737538,-14.3944225215503,18.6368987536269));
#1256=CARTESIAN_POINT('Ctrl Pts',(1.47760205993129,-14.7143081513618,18.5749396060646));
#1257=CARTESIAN_POINT('Ctrl Pts',(-0.424438537645537,-14.6592505538939,
18.5129804585023));
#1258=CARTESIAN_POINT('Ctrl Pts',(-2.32647913522237,-14.604192956426,18.45102131094));
#1259=CARTESIAN_POINT('Ctrl Pts',(-4.21766447293195,-14.1741921316787,18.3890621633778));
#1260=CARTESIAN_POINT('Ctrl Pts',(-5.95648182903055,-13.401312345163,18.3271030158155));
#1261=CARTESIAN_POINT('Ctrl Pts',(-7.69529918512912,-12.6284325586474,18.2651438682532));
#1262=CARTESIAN_POINT('Ctrl Pts',(-9.28174855961672,-11.5126738103633,18.2031847206909));
#1263=CARTESIAN_POINT('Ctrl Pts',(-10.5971299468058,-10.1377463960997,18.1412255731286));
#1264=CARTESIAN_POINT('Ctrl Pts',(-11.9125113339949,-8.76281898183603,18.0792664255664));
#1265=CARTESIAN_POINT('Ctrl Pts',(-12.9568247338856,-7.12872290159283,18.0173072780041));
#1266=CARTESIAN_POINT('Ctrl Pts',(-13.6519167096881,-5.35728450411029,17.9553481304418));
#1267=CARTESIAN_POINT('Ctrl Pts',(-14.3195970574206,-3.65570450262599,17.8958324021214));
#1268=CARTESIAN_POINT('Ctrl Pts',(-14.6650566463086,-1.82740104539182,17.8363166738009));
#1269=CARTESIAN_POINT('Ctrl Pts',(-14.6653796242722,0.000254999864066889,
17.7768009454805));
#1270=CARTESIAN_POINT('Origin',(0.,0.,-5.54576967571505));
#1271=CARTESIAN_POINT('',(-14.6653508333777,-0.000344761767239753,13.9542303242849));
#1272=CARTESIAN_POINT('',(-14.6650257324798,0.000757479877998968,14.7768009454148));
#1273=CARTESIAN_POINT('',(-14.66495,-2.96815650735429E-13,-5.54576967571505));
#1274=CARTESIAN_POINT('Ctrl Pts',(-14.6653508333777,-0.000344761767240298,
13.9542303242849));
#1275=CARTESIAN_POINT('Ctrl Pts',(-14.6657817224093,-0.432224402595908,
13.9682929443833));
#1276=CARTESIAN_POINT('Ctrl Pts',(-14.5419237645779,-3.29236906512175,14.0614313734341));
#1277=CARTESIAN_POINT('Ctrl Pts',(-12.7391439180515,-8.44139814468189,14.2336456114373));
#1278=CARTESIAN_POINT('Ctrl Pts',(-7.17519456772044,-13.4929453166161,14.4708730382946));
#1279=CARTESIAN_POINT('Ctrl Pts',(0.123869404371808,-15.281611393166,14.7081004651519));
#1280=CARTESIAN_POINT('Ctrl Pts',(7.39297912062346,-13.3748588824644,14.9453278920092));
#1281=CARTESIAN_POINT('Ctrl Pts',(12.8743092788675,-8.23378108704372,15.1825553188665));
#1282=CARTESIAN_POINT('Ctrl Pts',(15.2423576910566,-1.1015999397024,15.4197827457238));
#1283=CARTESIAN_POINT('Ctrl Pts',(13.9244798947819,6.29697149849816,15.6570101725811));
#1284=CARTESIAN_POINT('Ctrl Pts',(9.23936676784635,12.1728013263976,15.8942375994383));
#1285=CARTESIAN_POINT('Ctrl Pts',(2.31997828412245,15.1049889504481,16.1314650262957));
#1286=CARTESIAN_POINT('Ctrl Pts',(-5.16043027383449,14.3844690441632,16.3686924531529));
#1287=CARTESIAN_POINT('Ctrl Pts',(-11.3929370735624,10.1854786582075,16.6059198800102));
#1288=CARTESIAN_POINT('Ctrl Pts',(-14.2540172017261,4.70426037037245,16.8010991703875));
#1289=CARTESIAN_POINT('Ctrl Pts',(-14.6639279452441,1.1375935921536,16.9172026518125));
#1290=CARTESIAN_POINT('Ctrl Pts',(-14.6637361384167,7.03817188319605E-5,
16.9542303242849));
#1291=CARTESIAN_POINT('Ctrl Pts',(-14.6653796242775,0.000254999864062941,
17.7768009454835));
#1292=CARTESIAN_POINT('Ctrl Pts',(-14.6653928841433,0.0752894499908793,
17.7743575262417));
#1293=CARTESIAN_POINT('Ctrl Pts',(-14.6648244112724,0.15032280889547,17.7719141069999));
#1294=CARTESIAN_POINT('Ctrl Pts',(-14.6636726199148,0.225346262663629,17.769470687758));
#1295=CARTESIAN_POINT('Ctrl Pts',(-14.634466002619,2.12775791723367,17.7075115401958));
#1296=CARTESIAN_POINT('Ctrl Pts',(-14.2301822163129,4.02380051165113,17.6455523926335));
#1297=CARTESIAN_POINT('Ctrl Pts',(-13.4810237597926,5.77336268905848,17.5835932450712));
#1298=CARTESIAN_POINT('Ctrl Pts',(-12.7318653032723,7.52292486646583,17.521634097509));
#1299=CARTESIAN_POINT('Ctrl Pts',(-11.6378321765379,9.12600662686307,17.4596749499467));
#1300=CARTESIAN_POINT('Ctrl Pts',(-10.2808863544237,10.4591741824852,17.3977158023844));
#1301=CARTESIAN_POINT('Ctrl Pts',(-8.92394053230961,11.7923417381073,17.3357566548221));
#1302=CARTESIAN_POINT('Ctrl Pts',(-7.3040820148158,12.8555950889543,17.2737975072598));
#1303=CARTESIAN_POINT('Ctrl Pts',(-5.54225332680537,13.5760509793771,17.2118383596976));
#1304=CARTESIAN_POINT('Ctrl Pts',(-3.78042463879497,14.2965068698,17.1498792121353));
#1305=CARTESIAN_POINT('Ctrl Pts',(-1.87662578026796,14.6741652997987,17.087920064573));
#1306=CARTESIAN_POINT('Ctrl Pts',(0.0255483517545119,14.668681167834,17.0259609170107));
#1307=CARTESIAN_POINT('Ctrl Pts',(3.40719125312781,14.6589315998967,16.9158113213444));
#1308=CARTESIAN_POINT('Ctrl Pts',(6.78369921641269,13.4382623299514,16.8056617256782));
#1309=CARTESIAN_POINT('Ctrl Pts',(9.38166725252719,11.2780739647837,16.6955121300119));
#1310=CARTESIAN_POINT('Ctrl Pts',(11.9796352886417,9.11788559961592,16.5853625343457));
#1311=CARTESIAN_POINT('Ctrl Pts',(13.7990633975858,6.01817813922568,16.4752129386794));
#1312=CARTESIAN_POINT('Ctrl Pts',(14.4203571233331,2.6955788634174,16.3650633430131));
#1313=CARTESIAN_POINT('Ctrl Pts',(15.0416508490804,-0.62702041239089,16.2549137473468));
#1314=CARTESIAN_POINT('Ctrl Pts',(14.4648101916309,-4.17251150361722,16.1447641516806));
#1315=CARTESIAN_POINT('Ctrl Pts',(12.8232001859779,-7.12624295457829,16.0346145560143));
#1316=CARTESIAN_POINT('Ctrl Pts',(11.1815901803248,-10.0799744055393,15.9244649603481));
#1317=CARTESIAN_POINT('Ctrl Pts',(8.47521082646823,-12.4419462162351,15.8143153646818));
#1318=CARTESIAN_POINT('Ctrl Pts',(5.32525859028318,-13.6690699368298,15.7041657690155));
#1319=CARTESIAN_POINT('Ctrl Pts',(2.1753063540981,-14.8961936574246,15.5940161733492));
#1320=CARTESIAN_POINT('Ctrl Pts',(-1.41821876441545,-14.9884692879182,15.483866577683));
#1321=CARTESIAN_POINT('Ctrl Pts',(-4.6243903315293,-13.9230127757797,15.3737169820167));
#1322=CARTESIAN_POINT('Ctrl Pts',(-7.83056189864312,-12.8575562636411,15.2635673863504));
#1323=CARTESIAN_POINT('Ctrl Pts',(-10.6493799143573,-10.6343676088704,15.1534177906842));
#1324=CARTESIAN_POINT('Ctrl Pts',(-12.4428494995555,-7.76788954363623,15.0432681950179));
#1325=CARTESIAN_POINT('Ctrl Pts',(-13.7879516884542,-5.6180309947106,14.9606559982682));
#1326=CARTESIAN_POINT('Ctrl Pts',(-14.5562953851877,-3.10632215239933,14.8780438015185));
#1327=CARTESIAN_POINT('Ctrl Pts',(-14.6542657961568,-0.571214495040271,
14.7954316047688));
#1328=CARTESIAN_POINT('Ctrl Pts',(-14.6616305414178,-0.380642444551532,
14.7892213849841));
#1329=CARTESIAN_POINT('Ctrl Pts',(-14.6652070046913,-0.189938167269963,
14.7830111651995));
#1330=CARTESIAN_POINT('Ctrl Pts',(-14.6650257324798,0.000757479877998968,
14.7768009454148));
#1331=CARTESIAN_POINT('Origin',(0.,0.,-5.54576967571505));
#1332=CARTESIAN_POINT('',(-14.6653639634633,0.000343121311030409,10.9542303242849));
#1333=CARTESIAN_POINT('',(-14.6653975720884,-0.000250019939228565,11.7768009457109));
#1334=CARTESIAN_POINT('',(-14.66495,-2.96815650735429E-13,-5.54576967571505));
#1335=CARTESIAN_POINT('Ctrl Pts',(-14.6653639634633,0.000343121311030536,
10.9542303242849));
#1336=CARTESIAN_POINT('Ctrl Pts',(-14.6633725195572,-2.00057446173035,11.0193832369541));
#1337=CARTESIAN_POINT('Ctrl Pts',(-13.7497427808182,-6.43175984648924,11.1636119585758));
#1338=CARTESIAN_POINT('Ctrl Pts',(-9.42492252518576,-12.0297059729657,11.3869164891499));
#1339=CARTESIAN_POINT('Ctrl Pts',(-2.5513057804594,-15.067641793471,11.6241439160072));
#1340=CARTESIAN_POINT('Ctrl Pts',(4.93927095366477,-14.4619014257477,11.8613713428644));
#1341=CARTESIAN_POINT('Ctrl Pts',(11.2354269411479,-10.3589657713446,12.0985987697217));
#1342=CARTESIAN_POINT('Ctrl Pts',(14.814617780987,-3.75101191747249,12.335826196579));
#1343=CARTESIAN_POINT('Ctrl Pts',(14.81131901919,3.76401638061537,12.5730536234363));
#1344=CARTESIAN_POINT('Ctrl Pts',(11.2263283665047,10.3688254787691,12.8102810502936));
#1345=CARTESIAN_POINT('Ctrl Pts',(4.92657279499938,14.4662320905386,13.0475084771509));
#1346=CARTESIAN_POINT('Ctrl Pts',(-2.56453283836562,15.0653961687942,13.2847359040082));
#1347=CARTESIAN_POINT('Ctrl Pts',(-9.43547989846494,12.0214270986179,13.5219633308655));
#1348=CARTESIAN_POINT('Ctrl Pts',(-13.752680985758,6.42319138788065,13.7451281376244));
#1349=CARTESIAN_POINT('Ctrl Pts',(-14.6633587814133,1.99628690822196,13.8892171354309));
#1350=CARTESIAN_POINT('Ctrl Pts',(-14.6653508333777,-0.000344761767240298,
13.9542303242849));
#1351=CARTESIAN_POINT('Ctrl Pts',(-14.6650257324798,0.00075747987799897,
14.7768009454148));
#1352=CARTESIAN_POINT('Ctrl Pts',(-14.6627956092624,2.34681364953647,14.7003989684498));
#1353=CARTESIAN_POINT('Ctrl Pts',(-14.0918154228971,4.69156360989646,14.6239969914847));
#1354=CARTESIAN_POINT('Ctrl Pts',(-13.0089644897232,6.77272379141661,14.5475950145197));
#1355=CARTESIAN_POINT('Ctrl Pts',(-12.4235300684196,7.89788586976213,14.5062889161448));
#1356=CARTESIAN_POINT('Ctrl Pts',(-11.6884791551631,8.94600236917869,14.46498281777));
#1357=CARTESIAN_POINT('Ctrl Pts',(-10.8330595312526,9.88356760653103,14.4236767193951));
#1358=CARTESIAN_POINT('Ctrl Pts',(-9.97763990734216,10.8211328438833,14.3823706210203));
#1359=CARTESIAN_POINT('Ctrl Pts',(-9.00185157277784,11.6481468191714,14.3410645226454));
#1360=CARTESIAN_POINT('Ctrl Pts',(-7.93510938646506,12.3339884038908,14.2997584242706));
#1361=CARTESIAN_POINT('Ctrl Pts',(-5.80162501383941,13.7056715733298,14.2171462275209));
#1362=CARTESIAN_POINT('Ctrl Pts',(-3.3043252342199,14.5126651804942,14.1345340307712));
#1363=CARTESIAN_POINT('Ctrl Pts',(-0.771359564696777,14.6463337216265,14.0519218340215));
#1364=CARTESIAN_POINT('Ctrl Pts',(1.76160610482635,14.7800022627588,13.9693096372718));
#1365=CARTESIAN_POINT('Ctrl Pts',(4.33023766425308,14.2403457378589,13.8866974405221));
#1366=CARTESIAN_POINT('Ctrl Pts',(6.5958631394096,13.0994791453478,13.8040852437724));
#1367=CARTESIAN_POINT('Ctrl Pts',(8.86148861456609,11.9586125528368,13.7214730470227));
#1368=CARTESIAN_POINT('Ctrl Pts',(10.8241080054524,10.2165358927145,13.638860850273));
#1369=CARTESIAN_POINT('Ctrl Pts',(12.2253512972406,8.10220778487037,13.5562486535233));
#1370=CARTESIAN_POINT('Ctrl Pts',(13.6265945890289,5.98787967702622,13.4736364567736));
#1371=CARTESIAN_POINT('Ctrl Pts',(14.4664617817191,3.50130012146018,13.3910242600239));
#1372=CARTESIAN_POINT('Ctrl Pts',(14.6343008190421,0.970262067957355,13.3084120632742));
#1373=CARTESIAN_POINT('Ctrl Pts',(14.8021398563651,-1.5607759855455,13.2257998665244));
#1374=CARTESIAN_POINT('Ctrl Pts',(14.2979507383209,-4.13627253698513,13.1431876697747));
#1375=CARTESIAN_POINT('Ctrl Pts',(13.1880501398652,-6.41711485904521,13.060575473025));
#1376=CARTESIAN_POINT('Ctrl Pts',(12.0781495414094,-8.69795718110526,12.9779632762753));
#1377=CARTESIAN_POINT('Ctrl Pts',(10.3625374625421,-10.6841452737857,12.8953510795257));
#1378=CARTESIAN_POINT('Ctrl Pts',(8.26741304109335,-12.1141118760897,12.8127388827759));
#1379=CARTESIAN_POINT('Ctrl Pts',(6.17228861964456,-13.5440784783936,12.7301266860262));
#1380=CARTESIAN_POINT('Ctrl Pts',(3.69765185561428,-14.417823590321,12.6475144892765));
#1381=CARTESIAN_POINT('Ctrl Pts',(1.16919221973695,-14.6199791578214,12.5649022925268));
#1382=CARTESIAN_POINT('Ctrl Pts',(-1.35926741614035,-14.8221347253217,12.4822900957771));
#1383=CARTESIAN_POINT('Ctrl Pts',(-3.94154992386468,-14.3527007483949,12.3996778990274));
#1384=CARTESIAN_POINT('Ctrl Pts',(-6.23733170193021,-13.2739504950772,12.3170657022777));
#1385=CARTESIAN_POINT('Ctrl Pts',(-8.53311347999577,-12.1952002417595,12.234453505528));
#1386=CARTESIAN_POINT('Ctrl Pts',(-10.5423945284025,-10.5071337120508,12.1518413087783));
#1387=CARTESIAN_POINT('Ctrl Pts',(-12.0005737357617,-8.43157580989826,12.0692291120286));
#1388=CARTESIAN_POINT('Ctrl Pts',(-13.4587529431209,-6.35601790774574,11.9866169152789));
#1389=CARTESIAN_POINT('Ctrl Pts',(-14.3658303094326,-3.89296863314933,11.9040047185292));
#1390=CARTESIAN_POINT('Ctrl Pts',(-14.6024556968271,-1.36750227685139,11.8213925217795));
#1391=CARTESIAN_POINT('Ctrl Pts',(-14.6450301163313,-0.913112047295998,
11.80652866309));
#1392=CARTESIAN_POINT('Ctrl Pts',(-14.6659004013748,-0.456701227487324,
11.7916648044005));
#1393=CARTESIAN_POINT('Ctrl Pts',(-14.6653975720884,-0.000250019939228565,
11.7768009457109));
#1394=CARTESIAN_POINT('Origin',(0.,0.,-5.54576967571505));
#1395=CARTESIAN_POINT('',(-14.6637339621639,-6.6502651322569E-5,7.95423032428494));
#1396=CARTESIAN_POINT('',(-14.664584946579,-0.000127242385840339,8.7768009461507));
#1397=CARTESIAN_POINT('',(-14.66495,-2.96815650735429E-13,-5.54576967571505));
#1398=CARTESIAN_POINT('Ctrl Pts',(-14.6637339621639,-6.65026513233663E-5,
7.95423032428494));
#1399=CARTESIAN_POINT('Ctrl Pts',(-14.6639158600092,-1.14188263955777,7.99139772057257));
#1400=CARTESIAN_POINT('Ctrl Pts',(-14.251933416467,-4.71285025309657,8.10764092581262));
#1401=CARTESIAN_POINT('Ctrl Pts',(-11.383990737499,-10.1954767073589,8.30295994000511));
#1402=CARTESIAN_POINT('Ctrl Pts',(-5.14780001214311,-14.3889938993919,8.54018736686239));
#1403=CARTESIAN_POINT('Ctrl Pts',(2.33323822041437,-15.1029463949442,8.77741479371968));
#1404=CARTESIAN_POINT('Ctrl Pts',(9.25004983664276,-12.1646852989046,9.01464222057698));
#1405=CARTESIAN_POINT('Ctrl Pts',(13.930002706713,-6.28474462430477,9.25186964743426));
#1406=CARTESIAN_POINT('Ctrl Pts',(15.2413847108098,1.11498094102687,9.48909707429155));
#1407=CARTESIAN_POINT('Ctrl Pts',(12.8670757947472,8.24508040555035,9.72632450114885));
#1408=CARTESIAN_POINT('Ctrl Pts',(7.3812343424009,13.3813441023061,9.96355192800612));
#1409=CARTESIAN_POINT('Ctrl Pts',(0.110453469421717,15.2817142504646,10.2007793548634));
#1410=CARTESIAN_POINT('Ctrl Pts',(-7.1870374011772,13.4866409381965,10.4380067817207));
#1411=CARTESIAN_POINT('Ctrl Pts',(-12.7465498009895,8.43021106335155,10.675234208578));
#1412=CARTESIAN_POINT('Ctrl Pts',(-14.5433495718507,3.28378016989683,10.8473087227661));
#1413=CARTESIAN_POINT('Ctrl Pts',(-14.6657895264324,0.427930574252611,10.9403074280017));
#1414=CARTESIAN_POINT('Ctrl Pts',(-14.6653639634633,0.000343121311030536,
10.9542303242849));
#1415=CARTESIAN_POINT('Ctrl Pts',(-14.6653975720885,-0.000250019939228567,
11.7768009457109));
#1416=CARTESIAN_POINT('Ctrl Pts',(-14.663105714423,2.08021988783296,11.7090526076508));
#1417=CARTESIAN_POINT('Ctrl Pts',(-14.2167944367905,4.16152883760688,11.6413042695906));
#1418=CARTESIAN_POINT('Ctrl Pts',(-13.3578078273776,6.05617269770972,11.5735559315304));
#1419=CARTESIAN_POINT('Ctrl Pts',(-12.3103611620564,8.36649787797335,11.4909437347807));
#1420=CARTESIAN_POINT('Ctrl Pts',(-10.6492944229367,10.3992648005011,11.408331538031));
#1421=CARTESIAN_POINT('Ctrl Pts',(-8.59375290877643,11.8851896509471,11.3257193412813));
#1422=CARTESIAN_POINT('Ctrl Pts',(-6.53821139461619,13.3711145013931,11.2431071445316));
#1423=CARTESIAN_POINT('Ctrl Pts',(-4.0881951054154,14.3101972797574,11.1604949477819));
#1424=CARTESIAN_POINT('Ctrl Pts',(-1.56604421905916,14.5821874503766,11.0778827510322));
#1425=CARTESIAN_POINT('Ctrl Pts',(0.325568945708039,14.786180078341,11.0159236034699));
#1426=CARTESIAN_POINT('Ctrl Pts',(2.25775782137517,14.6149331144488,10.9539644559077));
#1427=CARTESIAN_POINT('Ctrl Pts',(4.08547397343395,14.0844763387449,10.8920053083454));
#1428=CARTESIAN_POINT('Ctrl Pts',(5.91319012549266,13.5540195630409,10.8300461607831));
#1429=CARTESIAN_POINT('Ctrl Pts',(7.63643355394301,12.6643529755254,10.7680870132208));
#1430=CARTESIAN_POINT('Ctrl Pts',(9.12574714178313,11.4805048642482,10.7061278656586));
#1431=CARTESIAN_POINT('Ctrl Pts',(10.6150607296233,10.2966567529709,10.6441687180963));
#1432=CARTESIAN_POINT('Ctrl Pts',(11.8704444768532,8.81862711793206,10.582209570534));
#1433=CARTESIAN_POINT('Ctrl Pts',(12.7995961402329,7.15770146661724,10.5202504229717));
#1434=CARTESIAN_POINT('Ctrl Pts',(13.7287478036126,5.49677581530242,10.4582912754094));
#1435=CARTESIAN_POINT('Ctrl Pts',(14.331667383142,3.65295414771164,10.3963321278472));
#1436=CARTESIAN_POINT('Ctrl Pts',(14.5597602599723,1.76410682769521,10.3343729802849));
#1437=CARTESIAN_POINT('Ctrl Pts',(14.8638840957461,-0.75435626566004,10.2517607835352));
#1438=CARTESIAN_POINT('Ctrl Pts',(14.5016493489436,-3.35286496332758,10.1691485867855));
#1439=CARTESIAN_POINT('Ctrl Pts',(13.5176955319091,-5.69069484255699,10.0865363900358));
#1440=CARTESIAN_POINT('Ctrl Pts',(12.5337417148747,-8.0285247217864,10.0039241932861));
#1441=CARTESIAN_POINT('Ctrl Pts',(10.9280688276083,-10.1056757825777,9.92131199653638));
#1442=CARTESIAN_POINT('Ctrl Pts',(8.91358346524614,-11.646979841124,9.83869979978668));
#1443=CARTESIAN_POINT('Ctrl Pts',(6.89909810288402,-13.1882838996704,9.75608760303698));
#1444=CARTESIAN_POINT('Ctrl Pts',(4.47580026542626,-14.1937409559718,9.67347540628728));
#1445=CARTESIAN_POINT('Ctrl Pts',(1.96191671229224,-14.5342245296309,9.59086320953758));
#1446=CARTESIAN_POINT('Ctrl Pts',(0.0765040474417486,-14.7895872098752,
9.5289040619753));
#1447=CARTESIAN_POINT('Ctrl Pts',(-1.85986308247669,-14.6709023061332,9.46694491441302));
#1448=CARTESIAN_POINT('Ctrl Pts',(-3.70122093341419,-14.1903215896386,9.40498576685074));
#1449=CARTESIAN_POINT('Ctrl Pts',(-5.54257878435173,-13.7097408731439,9.34302661928847));
#1450=CARTESIAN_POINT('Ctrl Pts',(-7.28892735630839,-12.8672643438966,9.28106747172619));
#1451=CARTESIAN_POINT('Ctrl Pts',(-8.81008155249808,-11.7243334189452,9.21910832416391));
#1452=CARTESIAN_POINT('Ctrl Pts',(-10.3312357486878,-10.5814024939937,9.15714917660164));
#1453=CARTESIAN_POINT('Ctrl Pts',(-11.6271955691104,-9.13801717333819,9.09519002903936));
#1454=CARTESIAN_POINT('Ctrl Pts',(-12.6007462953953,-7.50297823735869,9.03323088147708));
#1455=CARTESIAN_POINT('Ctrl Pts',(-13.5742970216802,-5.86793930137919,8.97127173391481));
#1456=CARTESIAN_POINT('Ctrl Pts',(-14.2254386538272,-4.04124675007577,8.90931258635253));
#1457=CARTESIAN_POINT('Ctrl Pts',(-14.5055765728172,-2.15919619179192,8.84735343879026));
#1458=CARTESIAN_POINT('Ctrl Pts',(-14.6119070031368,-1.44483647045498,8.82383594124374));
#1459=CARTESIAN_POINT('Ctrl Pts',(-14.6647872004403,-0.722501361628693,
8.80031844369722));
#1460=CARTESIAN_POINT('Ctrl Pts',(-14.664584946579,-0.000127242385840339,
8.7768009461507));
#1461=CARTESIAN_POINT('Origin',(0.,0.,-5.54576967571505));
#1462=CARTESIAN_POINT('',(-14.6657780030575,-0.000262007479560981,4.95423032428494));
#1463=CARTESIAN_POINT('',(-14.664502648239,1.65937545914378E-5,5.77680094641248));
#1464=CARTESIAN_POINT('',(-14.66495,-2.96815650735429E-13,-5.54576967571505));
#1465=CARTESIAN_POINT('Ctrl Pts',(-14.6657780030575,-0.000262007479559824,
4.95423032428494));
#1466=CARTESIAN_POINT('Ctrl Pts',(-14.6660125770519,-0.282224622141587,
4.96341220419098));
#1467=CARTESIAN_POINT('Ctrl Pts',(-14.5894420358312,-2.99236676430639,5.05166989304945));
#1468=CARTESIAN_POINT('Ctrl Pts',(-12.9919825523776,-8.04682420286398,5.21900339086035));
#1469=CARTESIAN_POINT('Ctrl Pts',(-7.58553874895414,-13.2665968619455,5.45623081771765));
#1470=CARTESIAN_POINT('Ctrl Pts',(-0.344750375042413,-15.2782242939486,
5.69345824457493));
#1471=CARTESIAN_POINT('Ctrl Pts',(6.97940597044143,-13.5952522118414,5.93068567143222));
#1472=CARTESIAN_POINT('Ctrl Pts',(12.6157935402144,-8.62465905133438,6.16791309828951));
#1473=CARTESIAN_POINT('Ctrl Pts',(15.2014139661908,-1.56843993520224,6.4051405251468));
#1474=CARTESIAN_POINT('Ctrl Pts',(14.1110092480034,5.8670613090906,6.64236795200408));
#1475=CARTESIAN_POINT('Ctrl Pts',(9.60826243318587,11.8837823699642,6.87959537886139));
#1476=CARTESIAN_POINT('Ctrl Pts',(2.78203344923217,15.0267521537153,7.11682280571866));
#1477=CARTESIAN_POINT('Ctrl Pts',(-4.71695038068625,14.5359337336088,7.35405023257596));
#1478=CARTESIAN_POINT('Ctrl Pts',(-11.0752753059971,10.5300174405432,7.59127765943324));
#1479=CARTESIAN_POINT('Ctrl Pts',(-14.1787886612383,5.00429454981025,7.79133769000291));
#1480=CARTESIAN_POINT('Ctrl Pts',(-14.6635288617069,1.28739795901012,7.91232191162014));
#1481=CARTESIAN_POINT('Ctrl Pts',(-14.6637339621639,-6.65026513233663E-5,
7.95423032428494));
#1482=CARTESIAN_POINT('Ctrl Pts',(-14.664584946579,-0.000127242385840339,
8.7768009461507));
#1483=CARTESIAN_POINT('Ctrl Pts',(-14.66425434286,1.18066391183665,8.73835929613494));
#1484=CARTESIAN_POINT('Ctrl Pts',(-14.5220922068071,2.36155929838146,8.69991764611918));
#1485=CARTESIAN_POINT('Ctrl Pts',(-14.239704825011,3.50789680430892,8.66147599610342));
#1486=CARTESIAN_POINT('Ctrl Pts',(-13.7845609523818,5.3555306768616,8.59951684854115));
#1487=CARTESIAN_POINT('Ctrl Pts',(-12.9651390012905,7.11338985670259,8.53755770097887));
#1488=CARTESIAN_POINT('Ctrl Pts',(-11.8428082048845,8.64996661523688,8.47559855341659));
#1489=CARTESIAN_POINT('Ctrl Pts',(-10.7204774084785,10.1865433737711,8.41363940585432));
#1490=CARTESIAN_POINT('Ctrl Pts',(-9.29523776675781,11.5018377109987,8.35168025829204));
#1491=CARTESIAN_POINT('Ctrl Pts',(-7.67366754126859,12.4975377200519,8.28972111072977));
#1492=CARTESIAN_POINT('Ctrl Pts',(-6.05209731577932,13.4932377291051,8.22776196316749));
#1493=CARTESIAN_POINT('Ctrl Pts',(-4.23419650652145,14.169343409984,8.16580281560521));
#1494=CARTESIAN_POINT('Ctrl Pts',(-2.35610413986599,14.4749567719062,8.10384366804293));
#1495=CARTESIAN_POINT('Ctrl Pts',(-0.478011773210545,14.7805701338284,8.04188452048066));
#1496=CARTESIAN_POINT('Ctrl Pts',(1.4602721508425,14.7156911767938,7.97992537291838));
#1497=CARTESIAN_POINT('Ctrl Pts',(3.31398668766777,14.2859363939864,7.91796622535611));
#1498=CARTESIAN_POINT('Ctrl Pts',(4.24084395608039,14.0710590025827,7.88698665157497));
#1499=CARTESIAN_POINT('Ctrl Pts',(5.14655887768608,13.7649626547358,7.85600707779383));
#1500=CARTESIAN_POINT('Ctrl Pts',(6.01442232582566,13.3746955323966,7.82502750401269));
#1501=CARTESIAN_POINT('Ctrl Pts',(6.88228577396528,12.9844284100573,7.79404793023155));
#1502=CARTESIAN_POINT('Ctrl Pts',(7.71229774863879,12.5099905132258,7.76306835645041));
#1503=CARTESIAN_POINT('Ctrl Pts',(8.4881012187568,11.9592045681414,7.73208878266927));
#1504=CARTESIAN_POINT('Ctrl Pts',(10.0397081589928,10.8576326779726,7.670129635107));
#1505=CARTESIAN_POINT('Ctrl Pts',(11.3744810810067,9.45066859479248,7.60817048754473));
#1506=CARTESIAN_POINT('Ctrl Pts',(12.3921370405941,7.84287303633685,7.54621133998245));
#1507=CARTESIAN_POINT('Ctrl Pts',(13.4097930001815,6.23507747788123,7.48425219242018));
#1508=CARTESIAN_POINT('Ctrl Pts',(14.1103319973422,4.42645044415017,7.4222930448579));
#1509=CARTESIAN_POINT('Ctrl Pts',(14.4415203984205,2.55262685308278,7.36033389729562));
#1510=CARTESIAN_POINT('Ctrl Pts',(14.7727087994988,0.678803262015406,7.29837474973334));
#1511=CARTESIAN_POINT('Ctrl Pts',(14.7345466044945,-1.2602168863883,7.23641560217107));
#1512=CARTESIAN_POINT('Ctrl Pts',(14.3297983090759,-3.11949278706238,7.17445645460879));
#1513=CARTESIAN_POINT('Ctrl Pts',(13.9250500136572,-4.9787686877365,7.11249730704652));
#1514=CARTESIAN_POINT('Ctrl Pts',(13.1537156178242,-6.75830034068103,7.05053815948424));
#1515=CARTESIAN_POINT('Ctrl Pts',(12.0735644338257,-8.32485308128184,6.98857901192197));
#1516=CARTESIAN_POINT('Ctrl Pts',(10.9934132498274,-9.89140582188265,6.92661986435969));
#1517=CARTESIAN_POINT('Ctrl Pts',(9.6044452776636,-11.2449796501397,6.86466071679741));
#1518=CARTESIAN_POINT('Ctrl Pts',(8.0105463223533,-12.2843479808025,6.80270156923513));
#1519=CARTESIAN_POINT('Ctrl Pts',(6.41664736704302,-13.3237163114652,6.74074242167286));
#1520=CARTESIAN_POINT('Ctrl Pts',(4.61781742858618,-14.0488791445336,6.67878327411058));
#1521=CARTESIAN_POINT('Ctrl Pts',(2.74871067806333,-14.4055194709408,6.6168241265483));
#1522=CARTESIAN_POINT('Ctrl Pts',(0.879603927540479,-14.762159797348,6.55486497898603));
#1523=CARTESIAN_POINT('Ctrl Pts',(-1.0597796350484,-14.750277617094,6.49290583142375));
#1524=CARTESIAN_POINT('Ctrl Pts',(-2.92441966489116,-14.3708460979996,6.43094668386147));
#1525=CARTESIAN_POINT('Ctrl Pts',(-4.78905969473397,-13.9914145789052,6.3689875362992));
#1526=CARTESIAN_POINT('Ctrl Pts',(-6.57895619183064,-13.2444337209703,6.30702838873692));
#1527=CARTESIAN_POINT('Ctrl Pts',(-8.16003362728266,-12.185684991468,6.24506924117464));
#1528=CARTESIAN_POINT('Ctrl Pts',(-9.74111106273464,-11.1269362619659,6.18311009361237));
#1529=CARTESIAN_POINT('Ctrl Pts',(-11.1133694365419,-9.7564196608964,6.12115094605009));
#1530=CARTESIAN_POINT('Ctrl Pts',(-12.174284311012,-8.17677515940885,6.05919179848781));
#1531=CARTESIAN_POINT('Ctrl Pts',(-13.235199185482,-6.5971306579213,5.99723265092554));
#1532=CARTESIAN_POINT('Ctrl Pts',(-13.9847705606148,-4.80835825601566,5.93527350336326));
#1533=CARTESIAN_POINT('Ctrl Pts',(-14.3668098336912,-2.94426812850856,5.87331435580098));
#1534=CARTESIAN_POINT('Ctrl Pts',(-14.5651766297474,-1.97637395580746,5.84114321933815));
#1535=CARTESIAN_POINT('Ctrl Pts',(-14.6644563034375,-0.988174028449113,
5.80897208287531));
#1536=CARTESIAN_POINT('Ctrl Pts',(-14.664502648239,1.65937545914378E-5,
5.77680094641248));
#1537=CARTESIAN_POINT('Origin',(0.,0.,-5.54576967571505));
#1538=CARTESIAN_POINT('',(-14.6648968784567,0.000375776562936913,1.95423032428494));
#1539=CARTESIAN_POINT('',(-14.6636906494412,-0.00142923498487948,2.77680094630066));
#1540=CARTESIAN_POINT('',(-14.66495,-2.96815650735429E-13,-5.54576967571505));
#1541=CARTESIAN_POINT('Ctrl Pts',(-14.6648968784567,0.000375776562936622,
1.95423032428494));
#1542=CARTESIAN_POINT('Ctrl Pts',(-14.6630288383397,-1.85081909798143,2.01450249676182));
#1543=CARTESIAN_POINT('Ctrl Pts',(-13.8497559998987,-6.13234178490152,2.15385047819114));
#1544=CARTESIAN_POINT('Ctrl Pts',(-9.78934344191837,-11.735062933132,2.37227426857289));
#1545=CARTESIAN_POINT('Ctrl Pts',(-3.01210701883863,-14.9823306055664,2.60950169543018));
#1546=CARTESIAN_POINT('Ctrl Pts',(4.49352081290024,-14.6065480755181,2.84672912228746));
#1547=CARTESIAN_POINT('Ctrl Pts',(10.9125198209955,-10.6985936945431,3.08395654914475));
#1548=CARTESIAN_POINT('Ctrl Pts',(14.6926394587709,-4.20349080694877,3.32118397600204));
#1549=CARTESIAN_POINT('Ctrl Pts',(14.9197664626229,3.30810500631595,3.55841140285933));
#1550=CARTESIAN_POINT('Ctrl Pts',(11.538976669765,10.0197309569705,3.79563882971662));
#1551=CARTESIAN_POINT('Ctrl Pts',(5.367816954156,14.308372761341,4.03286625657391));
#1552=CARTESIAN_POINT('Ctrl Pts',(-2.10139504578932,15.1369458451989,4.2700936834312));
#1553=CARTESIAN_POINT('Ctrl Pts',(-9.0624450379638,12.3050835116012,4.50732111028849));
#1554=CARTESIAN_POINT('Ctrl Pts',(-13.6473975225916,6.72236918010971,4.73536665723973));
#1555=CARTESIAN_POINT('Ctrl Pts',(-14.6639923885334,2.14608222535589,4.88433639523855));
#1556=CARTESIAN_POINT('Ctrl Pts',(-14.6657780030575,-0.000262007479559824,
4.95423032428494));
#1557=CARTESIAN_POINT('Ctrl Pts',(-14.664502648239,1.65937545914372E-5,
5.77680094641248));
#1558=CARTESIAN_POINT('Ctrl Pts',(-14.6645455599796,0.915005508012342,5.74701293531304));
#1559=CARTESIAN_POINT('Ctrl Pts',(-14.5795123333863,1.82998644464169,5.7172249242136));
#1560=CARTESIAN_POINT('Ctrl Pts',(-14.4092869059222,2.72883278122295,5.68743691311416));
#1561=CARTESIAN_POINT('Ctrl Pts',(-14.0552175340568,4.5984357103388,5.62547776555188));
#1562=CARTESIAN_POINT('Ctrl Pts',(-13.3325716193061,6.39823371546187,5.56351861798961));
#1563=CARTESIAN_POINT('Ctrl Pts',(-12.2954056278336,7.99356861358918,5.50155947042733));
#1564=CARTESIAN_POINT('Ctrl Pts',(-11.2582396363611,9.58890351171648,5.43960032286505));
#1565=CARTESIAN_POINT('Ctrl Pts',(-9.90655356816692,10.979775302848,5.37764117530278));
#1566=CARTESIAN_POINT('Ctrl Pts',(-8.34150022034024,12.062076499155,5.3156820277405));
#1567=CARTESIAN_POINT('Ctrl Pts',(-6.77644687251353,13.144377695462,5.25372288017822));
#1568=CARTESIAN_POINT('Ctrl Pts',(-4.99802624505432,13.9181082969444,5.19176373261594));
#1569=CARTESIAN_POINT('Ctrl Pts',(-3.13929312445907,14.3254492988474,5.12980458505367));
#1570=CARTESIAN_POINT('Ctrl Pts',(-1.28056000386384,14.7327903007504,5.06784543749139));
#1571=CARTESIAN_POINT('Ctrl Pts',(0.65848560986745,14.7737417030739,5.00588628992912));
#1572=CARTESIAN_POINT('Ctrl Pts',(2.53272610526019,14.4450858344624,4.94392714236684));
#1573=CARTESIAN_POINT('Ctrl Pts',(4.40696660065295,14.1164299658509,4.88196799480457));
#1574=CARTESIAN_POINT('Ctrl Pts',(6.21640197770718,13.4181668263045,4.82000884724229));
#1575=CARTESIAN_POINT('Ctrl Pts',(7.82569388645257,12.402850828805,4.75804969968001));
#1576=CARTESIAN_POINT('Ctrl Pts',(9.43498579519795,11.3875348313054,4.69609055211773));
#1577=CARTESIAN_POINT('Ctrl Pts',(10.8441342356345,10.055165975853,4.63413140455546));
#1578=CARTESIAN_POINT('Ctrl Pts',(11.9475943718242,8.5048288847985,4.57217225699318));
#1579=CARTESIAN_POINT('Ctrl Pts',(13.0510545080139,6.95449179374408,4.51021310943091));
#1580=CARTESIAN_POINT('Ctrl Pts',(13.8488263399569,5.18618646708768,4.44825396186863));
#1581=CARTESIAN_POINT('Ctrl Pts',(14.2814241238838,3.33344042702868,4.38629481430635));
#1582=CARTESIAN_POINT('Ctrl Pts',(14.7140219078106,1.48069438696967,4.32433566674408));
#1583=CARTESIAN_POINT('Ctrl Pts',(14.7814456437213,-0.456492366491951,4.2623765191818));
#1584=CARTESIAN_POINT('Ctrl Pts',(14.4782379900435,-2.33557908079139,4.20041737161953));
#1585=CARTESIAN_POINT('Ctrl Pts',(14.1750303363658,-4.21466579509082,4.13845822405725));
#1586=CARTESIAN_POINT('Ctrl Pts',(13.5011912930996,-6.03565247022802,4.07649907649497));
#1587=CARTESIAN_POINT('Ctrl Pts',(12.5079546185542,-7.65752391776249,4.0145399289327));
#1588=CARTESIAN_POINT('Ctrl Pts',(11.5147179440087,-9.27939536529693,3.95258078137042));
#1589=CARTESIAN_POINT('Ctrl Pts',(10.202083638184,-10.7021515852287,3.89062163380814));
#1590=CARTESIAN_POINT('Ctrl Pts',(8.66673594538558,-11.8283591236666,3.82866248624587));
#1591=CARTESIAN_POINT('Ctrl Pts',(7.13138825258714,-12.9545666621047,3.76670333868359));
#1592=CARTESIAN_POINT('Ctrl Pts',(5.37332717281501,-13.7842255190489,3.70474419112132));
#1593=CARTESIAN_POINT('Ctrl Pts',(3.52663866442489,-14.2398822261483,3.64278504355904));
#1594=CARTESIAN_POINT('Ctrl Pts',(0.243636871731359,-15.0499385943249,3.53263544789277));
#1595=CARTESIAN_POINT('Ctrl Pts',(-3.31947136202638,-14.6779634765718,3.4224858522265));
#1596=CARTESIAN_POINT('Ctrl Pts',(-6.36820297170512,-13.213623491193,3.31233625656023));
#1597=CARTESIAN_POINT('Ctrl Pts',(-7.8925687765445,-12.4814534985036,3.2572614587271));
#1598=CARTESIAN_POINT('Ctrl Pts',(-9.28834042536412,-11.4761922889077,3.20218666089396));
#1599=CARTESIAN_POINT('Ctrl Pts',(-10.4715527416154,-10.266011957843,3.14711186306083));
#1600=CARTESIAN_POINT('Ctrl Pts',(-12.2463712159924,-8.45074146124592,3.06449966631113));
#1601=CARTESIAN_POINT('Ctrl Pts',(-13.5429311920906,-6.17440294134383,2.98188746956142));
#1602=CARTESIAN_POINT('Ctrl Pts',(-14.1868548355051,-3.72250584358963,2.89927527281172));
#1603=CARTESIAN_POINT('Ctrl Pts',(-14.5050649693375,-2.51084276583328,2.85845049730803));
#1604=CARTESIAN_POINT('Ctrl Pts',(-14.6638963163638,-1.25630693988586,2.81762572180435));
#1605=CARTESIAN_POINT('Ctrl Pts',(-14.6636906494412,-0.00142923498487948,
2.77680094630066));
#1606=CARTESIAN_POINT('Origin',(0.,0.,0.));
#1607=CARTESIAN_POINT('',(-16.1855342293613,-1.01437950830036E-5,0.962745707275502));
#1608=CARTESIAN_POINT('',(-16.1821589480925,1.1859236682954E-7,0.768348727249251));
#1609=CARTESIAN_POINT('',(-16.18225,-1.98175406655023E-15,0.));
#1610=CARTESIAN_POINT('',(6.97211491662784,14.6039667656368,-9.39136588506848E-6));
#1611=CARTESIAN_POINT('Ctrl Pts',(6.97211491662784,14.6039667656368,-9.39136588507016E-6));
#1612=CARTESIAN_POINT('Ctrl Pts',(6.90099433027581,14.6379352299251,0.00231663455768682));
#1613=CARTESIAN_POINT('Ctrl Pts',(4.98740685199754,15.5345928770189,0.0646819969869276));
#1614=CARTESIAN_POINT('Ctrl Pts',(0.888589309696168,16.5451732118,0.187085725555449));
#1615=CARTESIAN_POINT('Ctrl Pts',(-4.7592334162929,15.7842814547584,0.352193814943148));
#1616=CARTESIAN_POINT('Ctrl Pts',(-8.42698005493846,13.9291599227794,0.472271339011708));
#1617=CARTESIAN_POINT('Ctrl Pts',(-13.2940387904317,10.2374948461275,0.65239081217203));
#1618=CARTESIAN_POINT('Ctrl Pts',(-15.9316529988904,5.30808960162449,0.805873744810226));
#1619=CARTESIAN_POINT('Ctrl Pts',(-16.1878848694727,0.622623872096943,0.944348915056315));
#1620=CARTESIAN_POINT('Ctrl Pts',(-16.1855342293613,-1.01437950833505E-5,
0.962745707275502));
#1621=CARTESIAN_POINT('',(0.62163181992092,16.1703057776581,2.62376925741492E-16));
#1622=CARTESIAN_POINT('Origin',(0.,0.,0.));
#1623=CARTESIAN_POINT('Ctrl Pts',(-16.1821589480925,1.18592366871173E-7,
0.768348727249251));
#1624=CARTESIAN_POINT('Ctrl Pts',(-16.1823884533592,0.540958977421316,0.752387642969657));
#1625=CARTESIAN_POINT('Ctrl Pts',(-16.0545841804701,3.11668528717823,0.676387419167547));
#1626=CARTESIAN_POINT('Ctrl Pts',(-14.717393771611,7.61572715681765,0.540348426444367));
#1627=CARTESIAN_POINT('Ctrl Pts',(-10.8773685604413,12.5012868825792,0.360230019115746));
#1628=CARTESIAN_POINT('Ctrl Pts',(-5.5074435454383,15.6292947723691,0.180114183154434));
#1629=CARTESIAN_POINT('Ctrl Pts',(-1.41178998632218,16.2484762040843,0.0600413751547461));
#1630=CARTESIAN_POINT('Ctrl Pts',(0.621631819920921,16.1703057776581,4.9439619065339E-16));
#1631=CARTESIAN_POINT('Origin',(0.,0.,0.));
#1632=CARTESIAN_POINT('',(-16.182326198843,1.32896919996517E-7,3.96267812633674));
#1633=CARTESIAN_POINT('',(-16.180384980891,-6.13953560074654E-6,3.76831005073121));
#1634=CARTESIAN_POINT('',(-16.18225,-1.98175406655023E-15,0.));
#1635=CARTESIAN_POINT('Ctrl Pts',(-16.1855342293613,-1.01437950833505E-5,
0.962745707275502));
#1636=CARTESIAN_POINT('Ctrl Pts',(-16.1725419000176,-3.44139879186453,1.06442745014221));
#1637=CARTESIAN_POINT('Ctrl Pts',(-14.7157511893827,-7.90505365522869,1.19612965240305));
#1638=CARTESIAN_POINT('Ctrl Pts',(-9.64061479590602,-13.5055074807056,1.41788759858425));
#1639=CARTESIAN_POINT('Ctrl Pts',(-3.96700970355488,-16.3334039086185,1.59800687919166));
#1640=CARTESIAN_POINT('Ctrl Pts',(3.29631976170387,-16.2355712653152,1.80814280572434));
#1641=CARTESIAN_POINT('Ctrl Pts',(9.03997080829886,-13.8892736885789,1.98826041061109));
#1642=CARTESIAN_POINT('Ctrl Pts',(13.5228035867448,-9.57802540775162,2.16837784686115));
#1643=CARTESIAN_POINT('Ctrl Pts',(16.0995051072759,-3.92523932536234,2.34849522890704));
#1644=CARTESIAN_POINT('Ctrl Pts',(16.4123978154633,2.28086398838671,2.52861284526832));
#1645=CARTESIAN_POINT('Ctrl Pts',(14.1998011275574,8.82257649190754,2.72874290400492));
#1646=CARTESIAN_POINT('Ctrl Pts',(8.86010130481876,14.3697548337768,2.94888682370903));
#1647=CARTESIAN_POINT('Ctrl Pts',(0.834249013319735,16.8598295620738,3.18904335974046));
#1648=CARTESIAN_POINT('Ctrl Pts',(-7.39519936545035,15.174060493253,3.42919969636348));
#1649=CARTESIAN_POINT('Ctrl Pts',(-13.7945945127815,9.7305725309642,3.66935679406844));
#1650=CARTESIAN_POINT('Ctrl Pts',(-16.0019504348336,3.91320754293184,3.84718233243824));
#1651=CARTESIAN_POINT('Ctrl Pts',(-16.1829325619253,0.600490403482671,3.94495632774115));
#1652=CARTESIAN_POINT('Ctrl Pts',(-16.182326198843,1.32896920190806E-7,
3.96267812633674));
#1653=CARTESIAN_POINT('Ctrl Pts',(-16.180384980891,-6.13953560113512E-6,
3.76831005073121));
#1654=CARTESIAN_POINT('Ctrl Pts',(-16.172818724147,2.77915321684786,3.68630405921228));
#1655=CARTESIAN_POINT('Ctrl Pts',(-14.5176457476566,9.18014021162736,3.49756202448083));
#1656=CARTESIAN_POINT('Ctrl Pts',(-6.54467161389745,16.1761741541618,3.20208475951737));
#1657=CARTESIAN_POINT('Ctrl Pts',(3.24091085201703,16.6485239682744,2.92857114674043));
#1658=CARTESIAN_POINT('Ctrl Pts',(10.1992103588922,13.0544429883692,2.70175781159679));
#1659=CARTESIAN_POINT('Ctrl Pts',(14.2939182842703,8.38713997781602,2.52163981441022));
#1660=CARTESIAN_POINT('Ctrl Pts',(16.3766260339109,2.52834320131282,2.34152267492782));
#1661=CARTESIAN_POINT('Ctrl Pts',(16.1572867181257,-3.67985872249249,2.16140509032888));
#1662=CARTESIAN_POINT('Ctrl Pts',(13.66528481153,-9.3736966545054,1.98128773137714));
#1663=CARTESIAN_POINT('Ctrl Pts',(9.25180891052687,-13.7477405539656,1.80117024698725));
#1664=CARTESIAN_POINT('Ctrl Pts',(3.53714147794601,-16.1892699648143,1.62105282936968));
#1665=CARTESIAN_POINT('Ctrl Pts',(-2.67488500634922,-16.3537256370518,1.44093535076419));
#1666=CARTESIAN_POINT('Ctrl Pts',(-8.51077657013277,-14.2185867638066,1.26081793571381));
#1667=CARTESIAN_POINT('Ctrl Pts',(-13.1498033384646,-10.0838233485035,1.08070040789664));
#1668=CARTESIAN_POINT('Ctrl Pts',(-15.692374877655,-5.02307465413186,0.916544156194648));
#1669=CARTESIAN_POINT('Ctrl Pts',(-16.1815251470487,-1.49391021456283,0.812426808871323));
#1670=CARTESIAN_POINT('Ctrl Pts',(-16.1821589480925,1.18592366871173E-7,
0.768348727249251));
#1671=CARTESIAN_POINT('Origin',(0.,0.,0.));
#1672=CARTESIAN_POINT('',(-16.1810348511799,4.82460108322535E-6,6.96273345090506));
#1673=CARTESIAN_POINT('',(-16.1828740342166,-1.01888002430883E-6,6.76836561874573));
#1674=CARTESIAN_POINT('',(-16.18225,-1.98175406655023E-15,0.));
#1675=CARTESIAN_POINT('Ctrl Pts',(-16.182326198843,1.32896920190806E-7,
3.96267812633674));
#1676=CARTESIAN_POINT('Ctrl Pts',(-16.1801935215633,-2.11202151571068,4.02500856551212));
#1677=CARTESIAN_POINT('Ctrl Pts',(-15.2312257016134,-6.93801506566755,4.16739145277998));
#1678=CARTESIAN_POINT('Ctrl Pts',(-10.5627632742121,-13.1706531286731,4.38982585112845));
#1679=CARTESIAN_POINT('Ctrl Pts',(-4.18647827139857,-16.0453355294571,4.58995679403471));
#1680=CARTESIAN_POINT('Ctrl Pts',(2.64866985396698,-16.3733070308528,4.79008681031377));
#1681=CARTESIAN_POINT('Ctrl Pts',(7.94030849909761,-14.5603510663579,4.95019170045931));
#1682=CARTESIAN_POINT('Ctrl Pts',(13.1405060398569,-10.1139750316571,5.15032201772293));
#1683=CARTESIAN_POINT('Ctrl Pts',(16.4187133726345,-3.93559749912201,5.35045206527336));
#1684=CARTESIAN_POINT('Ctrl Pts',(16.2763151082152,4.47234587805071,5.59060933296482));
#1685=CARTESIAN_POINT('Ctrl Pts',(12.1099195589853,11.7598159766517,5.83076578089367));
#1686=CARTESIAN_POINT('Ctrl Pts',(4.93474915605731,16.1455999684465,6.07092197789824));
#1687=CARTESIAN_POINT('Ctrl Pts',(-3.44945676667017,16.5189212794642,6.31107887431894));
#1688=CARTESIAN_POINT('Ctrl Pts',(-11.8393290685509,12.4075420373504,6.5779198217732));
#1689=CARTESIAN_POINT('Ctrl Pts',(-15.7540924324891,5.68074772227824,6.79513765055018));
#1690=CARTESIAN_POINT('Ctrl Pts',(-16.1835323160654,1.03188778504915,6.93230366863414));
#1691=CARTESIAN_POINT('Ctrl Pts',(-16.1810348511799,4.82460108253147E-6,
6.96273345090506));
#1692=CARTESIAN_POINT('Ctrl Pts',(-16.1828740342166,-1.01888002429495E-6,
6.76836561874573));
#1693=CARTESIAN_POINT('Ctrl Pts',(-16.1841501472315,0.49666288921708,6.75370402749383));
#1694=CARTESIAN_POINT('Ctrl Pts',(-16.0436538623322,3.70490498888398,6.65899015614611));
#1695=CARTESIAN_POINT('Ctrl Pts',(-13.9743676329489,9.46357771661353,6.4842234562452));
#1696=CARTESIAN_POINT('Ctrl Pts',(-7.6887500399115,15.0286234426992,6.24406734229581));
#1697=CARTESIAN_POINT('Ctrl Pts',(0.51154624435316,16.8731220041104,6.00391057066148));
#1698=CARTESIAN_POINT('Ctrl Pts',(8.57981190523794,14.5370318167398,5.76375400411312));
#1699=CARTESIAN_POINT('Ctrl Pts',(14.5257183290134,8.60063299871667,5.52359748319883));
#1700=CARTESIAN_POINT('Ctrl Pts',(16.8718089597287,0.533543687300153,5.28344070046221));
#1701=CARTESIAN_POINT('Ctrl Pts',(15.040127931353,-7.6655504606808,5.04328441407368));
#1702=CARTESIAN_POINT('Ctrl Pts',(9.48124042038788,-13.9659631370202,4.80312740801906));
#1703=CARTESIAN_POINT('Ctrl Pts',(1.57659179980072,-16.8067544744157,4.56297134024054));
#1704=CARTESIAN_POINT('Ctrl Pts',(-6.72403937076546,-15.4850938307241,4.32281466164065));
#1705=CARTESIAN_POINT('Ctrl Pts',(-13.3478361985034,-10.3268235467358,4.08265795058421));
#1706=CARTESIAN_POINT('Ctrl Pts',(-15.9181434912545,-4.38839271110055,3.89782287938072));
#1707=CARTESIAN_POINT('Ctrl Pts',(-16.1826667131625,-0.838108493925916,
3.79304033991317));
#1708=CARTESIAN_POINT('Ctrl Pts',(-16.180384980891,-6.13953556549696E-6,
3.76831005073121));
#1709=CARTESIAN_POINT('Origin',(0.,0.,0.));
#1710=CARTESIAN_POINT('',(-16.1798940602187,-8.32705070244466E-6,9.96256464040361));
#1711=CARTESIAN_POINT('',(-16.1738219199845,-1.45795843492502E-5,9.768238995632));
#1712=CARTESIAN_POINT('',(-16.18225,-1.98175406655023E-15,0.));
#1713=CARTESIAN_POINT('Ctrl Pts',(-16.1810348511799,4.82460108253147E-6,
6.96273345090506));
#1714=CARTESIAN_POINT('Ctrl Pts',(-16.1747721452381,-2.58757091474635,7.03903994047408));
#1715=CARTESIAN_POINT('Ctrl Pts',(-14.6850306981403,-8.80291001378785,7.2220828224409));
#1716=CARTESIAN_POINT('Ctrl Pts',(-7.81921996255082,-15.2623507294348,7.48517791062309));
#1717=CARTESIAN_POINT('Ctrl Pts',(1.39271573595224,-16.818709780792,7.75201833264933));
#1718=CARTESIAN_POINT('Ctrl Pts',(9.32524132803795,-14.0721200295793,7.9921750814867));
#1719=CARTESIAN_POINT('Ctrl Pts',(14.9552359300644,-7.83043849386678,8.23233147602216));
#1720=CARTESIAN_POINT('Ctrl Pts',(16.8759492659221,0.347231251359534,8.47248824674874));
#1721=CARTESIAN_POINT('Ctrl Pts',(14.6209070944477,8.43832326836135,8.71264460406552));
#1722=CARTESIAN_POINT('Ctrl Pts',(8.73816049972068,14.4442217176011,8.95280158882322));
#1723=CARTESIAN_POINT('Ctrl Pts',(0.701109253576799,16.8608522550002,9.19295755595732));
#1724=CARTESIAN_POINT('Ctrl Pts',(-8.44064496467818,14.9281122220753,9.45979851411356));
#1725=CARTESIAN_POINT('Ctrl Pts',(-14.8686636896872,8.35994624244469,9.71633425597294));
#1726=CARTESIAN_POINT('Ctrl Pts',(-16.1746809374597,2.36595471164395,9.89281757125481));
#1727=CARTESIAN_POINT('Ctrl Pts',(-16.1798940602187,-8.32705070252793E-6,
9.96256464040361));
#1728=CARTESIAN_POINT('Ctrl Pts',(-16.1738219199845,-1.45795843491392E-5,
9.768238995632));
#1729=CARTESIAN_POINT('Ctrl Pts',(-16.1713414091389,1.82949245445141,9.714245524704));
#1730=CARTESIAN_POINT('Ctrl Pts',(-15.563526246831,5.46971039787455,9.60688399013814));
#1731=CARTESIAN_POINT('Ctrl Pts',(-11.9890558402336,11.9181784855852,9.39278752353127));
#1732=CARTESIAN_POINT('Ctrl Pts',(-4.71783831244599,16.490471594408,9.15262997716525));
#1733=CARTESIAN_POINT('Ctrl Pts',(4.63130854415358,16.2295382821334,8.88578998932607));
#1734=CARTESIAN_POINT('Ctrl Pts',(11.8790270500363,11.9933715782114,8.64563285419695));
#1735=CARTESIAN_POINT('Ctrl Pts',(16.184425860929,4.78658509515198,8.40547687287387));
#1736=CARTESIAN_POINT('Ctrl Pts',(16.5349005666749,-4.55966684202763,8.13863526898913));
#1737=CARTESIAN_POINT('Ctrl Pts',(12.0325081007804,-11.8743132940876,7.89847970481401));
#1738=CARTESIAN_POINT('Ctrl Pts',(4.03843898276392,-16.406184136503,7.63163799419519));
#1739=CARTESIAN_POINT('Ctrl Pts',(-5.50448423267626,-16.5617863957943,7.36479669498769));
#1740=CARTESIAN_POINT('Ctrl Pts',(-14.196842520849,-9.85650903239573,7.05925083184864));
#1741=CARTESIAN_POINT('Ctrl Pts',(-16.1748600503227,-3.11904808886552,6.86044034471235));
#1742=CARTESIAN_POINT('Ctrl Pts',(-16.1828740342166,-1.01888002429495E-6,
6.76836561874573));
#1743=CARTESIAN_POINT('Origin',(0.,0.,0.));
#1744=CARTESIAN_POINT('',(-16.1816680221443,-6.83101702009248E-7,12.9626635930276));
#1745=CARTESIAN_POINT('',(-16.1860143381467,9.48402187964104E-6,12.7683372278311));
#1746=CARTESIAN_POINT('',(-16.18225,-1.98175406655023E-15,0.));
#1747=CARTESIAN_POINT('Ctrl Pts',(-16.1798940602187,-8.32705070252793E-6,
9.96256464040361));
#1748=CARTESIAN_POINT('Ctrl Pts',(-16.182658750007,-1.25475603872897,9.99955379618477));
#1749=CARTESIAN_POINT('Ctrl Pts',(-15.6350358435657,-6.12705400364705,10.1432791677384));
#1750=CARTESIAN_POINT('Ctrl Pts',(-11.4909616001952,-12.6076164395073,10.3581620264462));
#1751=CARTESIAN_POINT('Ctrl Pts',(-3.10015578982563,-16.5966938115157,10.625002515002));
#1752=CARTESIAN_POINT('Ctrl Pts',(4.39270209647685,-16.1529886689551,10.8384751906206));
#1753=CARTESIAN_POINT('Ctrl Pts',(11.8974578023298,-12.0060894216606,11.0875267720253));
#1754=CARTESIAN_POINT('Ctrl Pts',(17.0002411111906,-3.93107278712857,11.3543670384565));
#1755=CARTESIAN_POINT('Ctrl Pts',(15.7579145094125,7.49433324744167,11.6745759598419));
#1756=CARTESIAN_POINT('Ctrl Pts',(7.68630373688192,15.6612977007237,11.994785013365));
#1757=CARTESIAN_POINT('Ctrl Pts',(-2.75746121533665,16.9285476068092,12.2883091395157));
#1758=CARTESIAN_POINT('Ctrl Pts',(-11.0955030138907,12.7134963749232,12.5551501779032));
#1759=CARTESIAN_POINT('Ctrl Pts',(-15.3740278227228,6.50000078390413,12.7710404403746));
#1760=CARTESIAN_POINT('Ctrl Pts',(-16.1800607556491,1.89174739503089,12.9068780374291));
#1761=CARTESIAN_POINT('Ctrl Pts',(-16.1816680221443,-6.8310170187047E-7,
12.9626635930276));
#1762=CARTESIAN_POINT('Ctrl Pts',(-16.1860143381467,9.48402187933572E-6,
12.7683372278311));
#1763=CARTESIAN_POINT('Ctrl Pts',(-16.1778213091714,3.16239060058532,12.6749379773765));
#1764=CARTESIAN_POINT('Ctrl Pts',(-14.4119652263299,9.03861090682382,12.5014866637625));
#1765=CARTESIAN_POINT('Ctrl Pts',(-7.805192531672,14.9640876880707,12.2479815880459));
#1766=CARTESIAN_POINT('Ctrl Pts',(0.369783114350454,16.8771403474641,12.007825620812));
#1767=CARTESIAN_POINT('Ctrl Pts',(8.46216625635922,14.6069321326536,11.7676687770347));
#1768=CARTESIAN_POINT('Ctrl Pts',(14.4536130970958,8.71894565778726,11.5275122551702));
#1769=CARTESIAN_POINT('Ctrl Pts',(16.86773182967,0.673033766397167,11.2873556799692));
#1770=CARTESIAN_POINT('Ctrl Pts',(15.1014518766589,-7.54435990776973,11.0471989906845));
#1771=CARTESIAN_POINT('Ctrl Pts',(9.59707388097313,-13.8830941025729,10.8070425332119));
#1772=CARTESIAN_POINT('Ctrl Pts',(0.835076384504548,-17.1266193354307,10.5402017889258));
#1773=CARTESIAN_POINT('Ctrl Pts',(-9.39430395127774,-14.7046363190785,10.246677120669));
#1774=CARTESIAN_POINT('Ctrl Pts',(-15.3087669070627,-7.18745486856244,9.98046146191464));
#1775=CARTESIAN_POINT('Ctrl Pts',(-16.1762449798876,-1.78714852594617,9.82098192746128));
#1776=CARTESIAN_POINT('Ctrl Pts',(-16.1738219199845,-1.45795843491392E-5,
9.768238995632));
#1777=CARTESIAN_POINT('Origin',(0.,0.,0.));
#1778=CARTESIAN_POINT('',(-16.1785967353998,5.09776544421747E-6,15.9626802693305));
#1779=CARTESIAN_POINT('',(-16.1814229719652,-8.15117729840997E-7,15.7683394675431));
#1780=CARTESIAN_POINT('',(-16.18225,-1.98175406655023E-15,0.));
#1781=CARTESIAN_POINT('Ctrl Pts',(-16.1816680221443,-6.8310170187047E-7,
12.9626635930276));
#1782=CARTESIAN_POINT('Ctrl Pts',(-16.1823671779317,-0.82290504975719,12.9869301313838));
#1783=CARTESIAN_POINT('Ctrl Pts',(-15.917414755985,-4.35984288807603,13.0912487812327));
#1784=CARTESIAN_POINT('Ctrl Pts',(-13.3828236709357,-10.2873936486257,13.2756199015647));
#1785=CARTESIAN_POINT('Ctrl Pts',(-6.76534131836421,-15.4663853878982,13.5157763732515));
#1786=CARTESIAN_POINT('Ctrl Pts',(1.52738533773923,-16.8107008722389,13.7559330982524));
#1787=CARTESIAN_POINT('Ctrl Pts',(9.44208304863651,-13.9936104480651,13.996089517386));
#1788=CARTESIAN_POINT('Ctrl Pts',(15.017736388728,-7.70740345455089,14.2362462669954));
#1789=CARTESIAN_POINT('Ctrl Pts',(16.8736799041431,0.483605006275184,14.4764026332694));
#1790=CARTESIAN_POINT('Ctrl Pts',(14.5496321942915,8.56255559114498,14.7165596206336));
#1791=CARTESIAN_POINT('Ctrl Pts',(8.62219889006353,14.506260099765,14.9567155760663));
#1792=CARTESIAN_POINT('Ctrl Pts',(-0.338187677160744,17.145171720612,15.2235566208004));
#1793=CARTESIAN_POINT('Ctrl Pts',(-10.3848873484613,14.0235585395755,15.5170811879126));
#1794=CARTESIAN_POINT('Ctrl Pts',(-15.5371504910059,6.45332294399478,15.772350420703));
#1795=CARTESIAN_POINT('Ctrl Pts',(-16.180456111652,1.41746063471928,15.9208835159218));
#1796=CARTESIAN_POINT('Ctrl Pts',(-16.1785967353998,5.09776544466156E-6,
15.9626802693305));
#1797=CARTESIAN_POINT('Ctrl Pts',(-16.1814229719652,-8.15117730312842E-7,
15.7683394675431));
#1798=CARTESIAN_POINT('Ctrl Pts',(-16.1800334600391,1.78706719387292,15.7156177348467));
#1799=CARTESIAN_POINT('Ctrl Pts',(-15.4367898604503,6.28868183818182,15.5828435429504));
#1800=CARTESIAN_POINT('Ctrl Pts',(-11.3391226093281,12.5050305486332,15.3700175889023));
#1801=CARTESIAN_POINT('Ctrl Pts',(-3.90664299942472,16.4222623247369,15.1298618081947));
#1802=CARTESIAN_POINT('Ctrl Pts',(4.493201298338,16.2717049147026,14.8897044549284));
#1803=CARTESIAN_POINT('Ctrl Pts',(11.780405660645,12.0906444468092,14.6495479674082));
#1804=CARTESIAN_POINT('Ctrl Pts',(16.1492277858896,4.91367011687799,14.4093913712247));
#1805=CARTESIAN_POINT('Ctrl Pts',(16.5185283359849,-3.47740483362779,14.1692346541927));
#1806=CARTESIAN_POINT('Ctrl Pts',(12.7947707110069,-11.0134389404988,13.9290784629089));
#1807=CARTESIAN_POINT('Ctrl Pts',(5.90464389799532,-15.8102257427261,13.6889217474953));
#1808=CARTESIAN_POINT('Ctrl Pts',(-3.38334649534789,-16.8110992202577,13.422080752874));
#1809=CARTESIAN_POINT('Ctrl Pts',(-12.710563011035,-11.9535982369138,13.128556239845));
#1810=CARTESIAN_POINT('Ctrl Pts',(-16.0246659928777,-4.51674452126457,12.901747023072));
#1811=CARTESIAN_POINT('Ctrl Pts',(-16.1871842531177,-0.451559407453172,
12.7816740757434));
#1812=CARTESIAN_POINT('Ctrl Pts',(-16.1860143381467,9.48402187933572E-6,
12.7683372278311));
#1813=CARTESIAN_POINT('Origin',(0.,0.,0.));
#1814=CARTESIAN_POINT('',(-16.1822161151799,1.00356483886954E-7,18.9626728029118));
#1815=CARTESIAN_POINT('',(-16.1890310767408,-2.05481570171584E-5,18.7683576014921));
#1816=CARTESIAN_POINT('',(-16.18225,-1.98175406655023E-15,0.));
#1817=CARTESIAN_POINT('Ctrl Pts',(-16.1785967353998,5.09776544466156E-6,
15.9626802693305));
#1818=CARTESIAN_POINT('Ctrl Pts',(-16.1757078236589,-2.20229469938329,16.0276198594297));
#1819=CARTESIAN_POINT('Ctrl Pts',(-15.0009692234593,-8.02677155116207,16.1992957960855));
#1820=CARTESIAN_POINT('Ctrl Pts',(-8.24379050494091,-15.3751067615289,16.4777077105703));
#1821=CARTESIAN_POINT('Ctrl Pts',(3.10157541927245,-17.1719366868447,16.7979162705575));
#1822=CARTESIAN_POINT('Ctrl Pts',(11.6335089014012,-12.3457132906933,17.0714282671844));
#1823=CARTESIAN_POINT('Ctrl Pts',(15.5923339887768,-5.58926613567606,17.2982422420892));
#1824=CARTESIAN_POINT('Ctrl Pts',(16.565279815561,0.541627056630818,17.4783603164236));
#1825=CARTESIAN_POINT('Ctrl Pts',(15.1954116536153,6.60834574032002,17.6584773810094));
#1826=CARTESIAN_POINT('Ctrl Pts',(11.6956397853876,11.7394569828694,17.8385949971142));
#1827=CARTESIAN_POINT('Ctrl Pts',(6.54752357177717,15.2229080144167,18.0187123281154));
#1828=CARTESIAN_POINT('Ctrl Pts',(0.480492587017769,16.5639279837861,18.198829817517));
#1829=CARTESIAN_POINT('Ctrl Pts',(-5.65505763363215,15.5764442523417,18.3789472214608));
#1830=CARTESIAN_POINT('Ctrl Pts',(-10.994864093619,12.3980389909983,18.5590646996342));
#1831=CARTESIAN_POINT('Ctrl Pts',(-14.7887249354581,7.47633861761213,18.7391821027311));
#1832=CARTESIAN_POINT('Ctrl Pts',(-16.0689988646966,3.0147546629494,18.8737182040588));
#1833=CARTESIAN_POINT('Ctrl Pts',(-16.1824320472028,0.490001809582186,18.9482150684814));
#1834=CARTESIAN_POINT('Ctrl Pts',(-16.1822161151799,1.00356483900832E-7,
18.9626728029118));
#1835=CARTESIAN_POINT('Ctrl Pts',(-16.1890310767408,-2.05481570173527E-5,
18.7683576014921));
#1836=CARTESIAN_POINT('Ctrl Pts',(-16.1902868059169,0.407665316061296,18.756308117813));
#1837=CARTESIAN_POINT('Ctrl Pts',(-16.0303777098741,4.87784338919284,18.6241804233645));
#1838=CARTESIAN_POINT('Ctrl Pts',(-12.0060004015733,13.14750655127,18.3719751571409));
#1839=CARTESIAN_POINT('Ctrl Pts',(-1.80257773494334,17.00959715631,18.0717790158721));
#1840=CARTESIAN_POINT('Ctrl Pts',(6.31717012801844,15.3109949051644,17.8316228578631));
#1841=CARTESIAN_POINT('Ctrl Pts',(11.5158508917224,11.9206236660542,17.6515053478435));
#1842=CARTESIAN_POINT('Ctrl Pts',(15.0939544608409,6.83420740960486,17.4713878028738));
#1843=CARTESIAN_POINT('Ctrl Pts',(16.7170695254719,0.125185196366286,17.271257654625));
#1844=CARTESIAN_POINT('Ctrl Pts',(15.1647598478364,-7.41831902604373,17.0511137822537));
#1845=CARTESIAN_POINT('Ctrl Pts',(9.70894545959882,-13.8083713432224,16.8109573172099));
#1846=CARTESIAN_POINT('Ctrl Pts',(1.85114942789332,-16.7789418403232,16.5708006622853));
#1847=CARTESIAN_POINT('Ctrl Pts',(-6.46671275758748,-15.5927896791505,16.3306442037019));
#1848=CARTESIAN_POINT('Ctrl Pts',(-13.1819335947275,-10.5446903570209,16.0904872824347));
#1849=CARTESIAN_POINT('Ctrl Pts',(-15.8748296854592,-4.565830898879,15.9030529332306));
#1850=CARTESIAN_POINT('Ctrl Pts',(-16.182143285715,-0.926404996593772,15.7956700634571));
#1851=CARTESIAN_POINT('Ctrl Pts',(-16.1814229719652,-8.15117730312842E-7,
15.7683394675431));
#1852=CARTESIAN_POINT('Ctrl Pts',(9.10008603636615,-13.2599438147075,20.1731478581529));
#1853=CARTESIAN_POINT('Ctrl Pts',(7.43264336542168,-14.4042828841893,20.1131064853285));
#1854=CARTESIAN_POINT('Ctrl Pts',(3.66217204122653,-16.0565017964236,19.9930336005666));
#1855=CARTESIAN_POINT('Ctrl Pts',(-2.51005517664798,-16.2761854647149,19.8129179016838));
#1856=CARTESIAN_POINT('Ctrl Pts',(-8.32882886486922,-14.2072923102643,19.6327994232288));
#1857=CARTESIAN_POINT('Ctrl Pts',(-12.9765529746073,-10.1403023966565,19.4526825380345));
#1858=CARTESIAN_POINT('Ctrl Pts',(-15.7993107087941,-4.64736556953603,19.2725647927403));
#1859=CARTESIAN_POINT('Ctrl Pts',(-16.4002648689512,1.4991332238371,19.0924474928884));
#1860=CARTESIAN_POINT('Ctrl Pts',(-14.6949148191248,7.43484901987626,18.912329960884));
#1861=CARTESIAN_POINT('Ctrl Pts',(-10.9229334466692,12.3249119229384,18.732212557787));
#1862=CARTESIAN_POINT('Ctrl Pts',(-5.61512036551658,15.4819621668362,18.5520950796136));
#1863=CARTESIAN_POINT('Ctrl Pts',(0.482817044443455,16.4613802561932,18.3719776756699));
#1864=CARTESIAN_POINT('Ctrl Pts',(6.51191446944262,15.1267107853969,18.1918601862683));
#1865=CARTESIAN_POINT('Ctrl Pts',(11.6270927896887,11.6631479710186,18.0117428552671));
#1866=CARTESIAN_POINT('Ctrl Pts',(15.1035897415134,6.56263727822669,17.8316252391623));
#1867=CARTESIAN_POINT('Ctrl Pts',(16.4630504570676,0.532983674420511,17.6515081745765));
#1868=CARTESIAN_POINT('Ctrl Pts',(15.4941593710019,-5.55969883442921,17.471390100242));
#1869=CARTESIAN_POINT('Ctrl Pts',(11.557647035242,-12.2731138333561,17.2445761253372));
#1870=CARTESIAN_POINT('Ctrl Pts',(3.0769131438734,-17.0667754251689,16.9710641287103));
#1871=CARTESIAN_POINT('Ctrl Pts',(-8.19774414803967,-15.2774264567918,16.6508555687232));
#1872=CARTESIAN_POINT('Ctrl Pts',(-15.9186032907076,-6.87568041955346,16.3306469552695));
#1873=CARTESIAN_POINT('Ctrl Pts',(-16.7422703381838,4.50488106279036,16.0104378161337));
#1874=CARTESIAN_POINT('Ctrl Pts',(-10.3162078223067,13.9401879266,15.6902290460654));
#1875=CARTESIAN_POINT('Ctrl Pts',(-0.330616541817018,17.0392925823067,15.3967044789532));
#1876=CARTESIAN_POINT('Ctrl Pts',(8.57353557414424,14.4138298315704,15.1298634342192));
#1877=CARTESIAN_POINT('Ctrl Pts',(14.4624270054533,8.50497311031222,14.8897074787865));
#1878=CARTESIAN_POINT('Ctrl Pts',(16.7695255449806,0.475221720461766,14.6495504914223));
#1879=CARTESIAN_POINT('Ctrl Pts',(14.9224367187609,-7.66455867541573,14.4093941251483));
#1880=CARTESIAN_POINT('Ctrl Pts',(9.37924128022743,-13.9101235946031,14.1692373755388));
#1881=CARTESIAN_POINT('Ctrl Pts',(1.51256978977855,-16.7072694837293,13.9290809564052));
#1882=CARTESIAN_POINT('Ctrl Pts',(-6.7284635489959,-15.3686134149783,13.6889242314044));
#1883=CARTESIAN_POINT('Ctrl Pts',(-13.3033827592297,-10.219521618775,13.4487677597176));
#1884=CARTESIAN_POINT('Ctrl Pts',(-16.5819949362936,-2.54512998666221,13.2086109645533));
#1885=CARTESIAN_POINT('Ctrl Pts',(-15.7550786566583,5.7707927097538,12.9684548952165));
#1886=CARTESIAN_POINT('Ctrl Pts',(-11.0228494042745,12.6384513965212,12.7282980360561));
#1887=CARTESIAN_POINT('Ctrl Pts',(-2.73500397002113,16.8247809187922,12.4614569976686));
#1888=CARTESIAN_POINT('Ctrl Pts',(7.64379510869793,15.5620264373797,12.1679328715178));
#1889=CARTESIAN_POINT('Ctrl Pts',(15.6628985532288,7.44296802119997,11.8477238179948));
#1890=CARTESIAN_POINT('Ctrl Pts',(16.8938932073009,-3.91220607474761,11.5275148966094));
#1891=CARTESIAN_POINT('Ctrl Pts',(11.8200728313887,-11.9356738083114,11.2606746301782));
#1892=CARTESIAN_POINT('Ctrl Pts',(4.36038410494911,-16.0545390090031,11.0116230487734));
#1893=CARTESIAN_POINT('Ctrl Pts',(-3.0862966063316,-16.4931061448292,10.7981503731548));
#1894=CARTESIAN_POINT('Ctrl Pts',(-11.4239573864075,-12.526006105497,10.531309884599));
#1895=CARTESIAN_POINT('Ctrl Pts',(-16.8764461492246,-3.99328073545533,10.2466799584595));
#1896=CARTESIAN_POINT('Ctrl Pts',(-15.695488866532,7.37212450766453,9.92647131014718));
#1897=CARTESIAN_POINT('Ctrl Pts',(-8.38369512232021,14.8385283932801,9.63294637226641));
#1898=CARTESIAN_POINT('Ctrl Pts',(0.702164826307948,16.7563984932196,9.36610541411018));
#1899=CARTESIAN_POINT('Ctrl Pts',(8.68876050671649,14.3521378877282,9.12594944697607));
#1900=CARTESIAN_POINT('Ctrl Pts',(14.5332215901778,8.38148597785615,8.88579246221838));
#1901=CARTESIAN_POINT('Ctrl Pts',(16.7717372855514,0.339690269200491,8.64563610490161));
#1902=CARTESIAN_POINT('Ctrl Pts',(14.8602832938044,-7.78681316373623,8.40547933417502));
#1903=CARTESIAN_POINT('Ctrl Pts',(9.26309675046538,-13.9881105001058,8.16532293963955));
#1904=CARTESIAN_POINT('Ctrl Pts',(1.37873012231414,-16.7151858353467,7.9251661908022));
#1905=CARTESIAN_POINT('Ctrl Pts',(-7.77576215344859,-15.1655031709555,7.65832576877592));
#1906=CARTESIAN_POINT('Ctrl Pts',(-15.386022933326,-8.00105873562767,7.36480088410891));
#1907=CARTESIAN_POINT('Ctrl Pts',(-17.022357938792,3.30266191583611,7.04459184749373));
#1908=CARTESIAN_POINT('Ctrl Pts',(-11.7621751087794,12.334626161356,6.75106767992607));
#1909=CARTESIAN_POINT('Ctrl Pts',(-3.42285271392816,16.4179080007533,6.48422673247179));
#1910=CARTESIAN_POINT('Ctrl Pts',(4.90940477237847,16.0442144159476,6.24406983605111));
#1911=CARTESIAN_POINT('Ctrl Pts',(12.0388180953056,11.6832486838437,6.00391363904652));
#1912=CARTESIAN_POINT('Ctrl Pts',(16.177128533041,4.43949612629162,5.76375719111768));
#1913=CARTESIAN_POINT('Ctrl Pts',(16.3159588840881,-3.91651692775533,5.52359992342621));
#1914=CARTESIAN_POINT('Ctrl Pts',(13.0560416740095,-10.0556533516259,5.32346987587579));
#1915=CARTESIAN_POINT('Ctrl Pts',(7.88656917065818,-14.472880711607,5.12333955861216));
#1916=CARTESIAN_POINT('Ctrl Pts',(2.62706261563535,-16.2729379280248,4.96323466846663));
#1917=CARTESIAN_POINT('Ctrl Pts',(-4.16572746455478,-15.9448089757307,4.76310465218757));
#1918=CARTESIAN_POINT('Ctrl Pts',(-10.5016769321331,-13.0858589434592,4.56297370928131));
#1919=CARTESIAN_POINT('Ctrl Pts',(-15.5087747584233,-6.39664224091647,4.32281755347729));
#1920=CARTESIAN_POINT('Ctrl Pts',(-16.6713555326407,1.86792181018741,4.08266037187025));
#1921=CARTESIAN_POINT('Ctrl Pts',(-13.7062092891779,9.67483003378964,3.84250465222129));
#1922=CARTESIAN_POINT('Ctrl Pts',(-7.34463359245937,15.0826220905827,3.60234755451634));
#1923=CARTESIAN_POINT('Ctrl Pts',(0.834481221838394,16.7553395635221,3.36219121789331));
#1924=CARTESIAN_POINT('Ctrl Pts',(8.8099236999772,14.2780923608906,3.12203468186189));
#1925=CARTESIAN_POINT('Ctrl Pts',(14.1148416254916,8.76349845100858,2.90189076215778));
#1926=CARTESIAN_POINT('Ctrl Pts',(16.31166949197,2.26151794003466,2.70176070342118));
#1927=CARTESIAN_POINT('Ctrl Pts',(15.9987271968907,-3.90612074912169,2.5216430870599));
#1928=CARTESIAN_POINT('Ctrl Pts',(13.4361472703812,-9.5231390400713,2.341525705014));
#1929=CARTESIAN_POINT('Ctrl Pts',(8.9796481508053,-13.8063032821031,2.16140826876395));
#1930=CARTESIAN_POINT('Ctrl Pts',(3.27075293861186,-16.1362606357879,1.9812906638772));
#1931=CARTESIAN_POINT('Ctrl Pts',(-3.94770768004525,-16.2311667411593,1.77115473734451));
#1932=CARTESIAN_POINT('Ctrl Pts',(-9.58533598720732,-13.4189380776033,1.5910354567371));
#1933=CARTESIAN_POINT('Ctrl Pts',(-15.0455809804269,-7.38961753937205,1.35088091177584));
#1934=CARTESIAN_POINT('Ctrl Pts',(-17.5690948767691,2.0354535694405,1.08070188070737));
#1935=CARTESIAN_POINT('Ctrl Pts',(-13.2085858390761,10.1784586744644,0.825538670324886));
#1936=CARTESIAN_POINT('Ctrl Pts',(-8.37043400592822,13.845747003756,0.645419197164564));
#1937=CARTESIAN_POINT('Ctrl Pts',(-4.72476747729848,15.68822821589,0.525341673096004));
#1938=CARTESIAN_POINT('Ctrl Pts',(0.888385018327621,16.4426109713899,0.360233583708305));
#1939=CARTESIAN_POINT('Ctrl Pts',(6.88201821028502,14.9628108748303,0.180117001277669));
#1940=CARTESIAN_POINT('Ctrl Pts',(10.2334367267072,12.5699558705038,0.0600374458180244));
#1941=CARTESIAN_POINT('Ctrl Pts',(11.6301249026797,11.107559164215,9.36750677027476E-16));
#1942=CARTESIAN_POINT('Ctrl Pts',(9.12014134626634,-13.288094746773,20.1532132386051));
#1943=CARTESIAN_POINT('Ctrl Pts',(7.44914862025733,-14.4349622511495,20.0931718657807));
#1944=CARTESIAN_POINT('Ctrl Pts',(3.67065405061462,-16.0908638435209,19.9730989810188));
#1945=CARTESIAN_POINT('Ctrl Pts',(-2.51483823778446,-16.3112582088052,19.792983282136));
#1946=CARTESIAN_POINT('Ctrl Pts',(-8.34618935556185,-14.2381358763331,19.612864803681));
#1947=CARTESIAN_POINT('Ctrl Pts',(-13.0040568373594,-10.1625830602404,19.4327479184867));
#1948=CARTESIAN_POINT('Ctrl Pts',(-15.8330864345042,-4.65794810962039,19.2526301731925));
#1949=CARTESIAN_POINT('Ctrl Pts',(-16.4355644781437,1.50173597122906,19.0725128733406));
#1950=CARTESIAN_POINT('Ctrl Pts',(-14.726773345041,7.45027166646746,18.8923953413362));
#1951=CARTESIAN_POINT('Ctrl Pts',(-10.9468709279575,12.350985094013,18.7122779382392));
#1952=CARTESIAN_POINT('Ctrl Pts',(-5.62777075970436,15.5150198781313,18.5321604600658));
#1953=CARTESIAN_POINT('Ctrl Pts',(0.483233580313586,16.4967726048134,18.3520430561221));
#1954=CARTESIAN_POINT('Ctrl Pts',(6.52533752867363,15.1594625743246,18.1719255667205));
#1955=CARTESIAN_POINT('Ctrl Pts',(11.6516383758322,11.68864959672,17.9918082357193));
#1956=CARTESIAN_POINT('Ctrl Pts',(15.1357988672736,6.57730983183127,17.8116906196145));
#1957=CARTESIAN_POINT('Ctrl Pts',(16.4984075785022,0.534749550370398,17.6315735550287));
#1958=CARTESIAN_POINT('Ctrl Pts',(15.5276657796559,-5.57106086985302,17.4514554806942));
#1959=CARTESIAN_POINT('Ctrl Pts',(11.5829452848802,-12.2990521657743,17.2246415057894));
#1960=CARTESIAN_POINT('Ctrl Pts',(3.08417009430735,-17.10333477822,16.9511295091626));
#1961=CARTESIAN_POINT('Ctrl Pts',(-8.21478427215175,-15.3105652464744,16.6309209491754));
#1962=CARTESIAN_POINT('Ctrl Pts',(-15.9525522004783,-6.89105633752136,16.3107123357218));
#1963=CARTESIAN_POINT('Ctrl Pts',(-16.7784177581598,4.51392976392923,15.9905031965859));
#1964=CARTESIAN_POINT('Ctrl Pts',(-10.3389020482164,13.9697560981289,15.6702944265176));
#1965=CARTESIAN_POINT('Ctrl Pts',(-0.331970263789013,17.075895594995,15.3767698594054));
#1966=CARTESIAN_POINT('Ctrl Pts',(8.59141675070057,14.4451275064674,15.1099288146714));
#1967=CARTESIAN_POINT('Ctrl Pts',(14.493184165221,8.52379510340605,14.8697728592387));
#1968=CARTESIAN_POINT('Ctrl Pts',(16.8055443050976,0.476875534656014,14.6296158718745));
#1969=CARTESIAN_POINT('Ctrl Pts',(14.9547927663891,-7.68046632443729,14.3894595056005));
#1970=CARTESIAN_POINT('Ctrl Pts',(9.39992133960853,-13.9396614962238,14.149302755991));
#1971=CARTESIAN_POINT('Ctrl Pts',(1.51645029875126,-16.7431150571703,13.9091463368574));
#1972=CARTESIAN_POINT('Ctrl Pts',(-6.74234261320013,-15.4018930300198,13.6689896118566));
#1973=CARTESIAN_POINT('Ctrl Pts',(-13.3315853875776,-10.2419845624079,13.4288331401698));
#1974=CARTESIAN_POINT('Ctrl Pts',(-16.6175318849227,-2.55122439812678,13.1886763450055));
#1975=CARTESIAN_POINT('Ctrl Pts',(-15.7891534716844,5.78259875253239,12.9485202756687));
#1976=CARTESIAN_POINT('Ctrl Pts',(-11.0470128096347,12.6651946301134,12.7083634165083));
#1977=CARTESIAN_POINT('Ctrl Pts',(-2.74151674595819,16.8608330224751,12.4415223781208));
#1978=CARTESIAN_POINT('Ctrl Pts',(7.65963400234901,15.5957561498652,12.1479982519701));
#1979=CARTESIAN_POINT('Ctrl Pts',(15.696276724501,7.45955288005836,11.827789198447));
#1980=CARTESIAN_POINT('Ctrl Pts',(16.9303438136436,-3.91997589836126,11.5075802770616));
#1981=CARTESIAN_POINT('Ctrl Pts',(11.8459240730095,-11.9608761459438,11.2407400106304));
#1982=CARTESIAN_POINT('Ctrl Pts',(4.37036020452439,-16.0888746188546,10.9916884292256));
#1983=CARTESIAN_POINT('Ctrl Pts',(-3.09230769572414,-16.5286646784242,10.778215753607));
#1984=CARTESIAN_POINT('Ctrl Pts',(-11.448033820532,-12.5533541056256,10.5113752650512));
#1985=CARTESIAN_POINT('Ctrl Pts',(-16.9125618781583,-4.00249930247648,10.2267453389117));
#1986=CARTESIAN_POINT('Ctrl Pts',(-15.7294951481287,7.38737447676471,9.90653669059937));
#1987=CARTESIAN_POINT('Ctrl Pts',(-8.40227046693207,14.8700995188118,9.61301175271865));
#1988=CARTESIAN_POINT('Ctrl Pts',(0.703042186103686,16.7924328157091,9.34617079456238));
#1989=CARTESIAN_POINT('Ctrl Pts',(8.70689024852432,14.3833074115679,9.10601482742829));
#1990=CARTESIAN_POINT('Ctrl Pts',(14.5641363155955,8.40004521642415,8.86585784267059));
#1991=CARTESIAN_POINT('Ctrl Pts',(16.8077655042973,0.341052975848591,8.62570148535382));
#1992=CARTESIAN_POINT('Ctrl Pts',(14.8925105962469,-7.80298594363298,8.38554471462724));
#1993=CARTESIAN_POINT('Ctrl Pts',(9.2835300733536,-14.0178202540296,8.14538832009176));
#1994=CARTESIAN_POINT('Ctrl Pts',(1.382323318688,-16.751053658291,7.90523157125442));
#1995=CARTESIAN_POINT('Ctrl Pts',(-7.79189909126964,-15.1983856410553,7.63839114922814));
#1996=CARTESIAN_POINT('Ctrl Pts',(-15.4187846400407,-8.01883342622159,7.34486626456111));
#1997=CARTESIAN_POINT('Ctrl Pts',(-17.0590620800042,3.30911685024019,7.02465722794595));
#1998=CARTESIAN_POINT('Ctrl Pts',(-11.7879159416531,12.3606893213097,6.73113306037827));
#1999=CARTESIAN_POINT('Ctrl Pts',(-3.4308278621566,16.4530592508888,6.46429211292401));
#2000=CARTESIAN_POINT('Ctrl Pts',(4.91935051293913,16.0788774653741,6.22413521650332));
#2001=CARTESIAN_POINT('Ctrl Pts',(12.0642471175825,11.7088091299428,5.98397901949873));
#2002=CARTESIAN_POINT('Ctrl Pts',(16.2117250323824,4.4496463897167,5.74382257156989));
#2003=CARTESIAN_POINT('Ctrl Pts',(16.3511676246977,-3.92431718745803,5.50366530387843));
#2004=CARTESIAN_POINT('Ctrl Pts',(13.0844786830924,-10.0767688769504,5.303535256328));
#2005=CARTESIAN_POINT('Ctrl Pts',(7.90406193410553,-14.5036845125484,5.10340493906438));
#2006=CARTESIAN_POINT('Ctrl Pts',(2.63332130298516,-16.3078082992776,4.94330004891884));
#2007=CARTESIAN_POINT('Ctrl Pts',(-4.17407786455788,-15.9792301383599,4.74317003263979));
#2008=CARTESIAN_POINT('Ctrl Pts',(-10.5237514156669,-13.114374549409,4.54303908973352));
#2009=CARTESIAN_POINT('Ctrl Pts',(-15.5418601246822,-6.41097464358042,4.30288293392951));
#2010=CARTESIAN_POINT('Ctrl Pts',(-16.7072513884466,1.87130798929582,4.06272575232246));
#2011=CARTESIAN_POINT('Ctrl Pts',(-13.7360277850276,9.69510321393923,3.82257003267351));
#2012=CARTESIAN_POINT('Ctrl Pts',(-7.36098551697845,15.1147564177693,3.58241293496855));
#2013=CARTESIAN_POINT('Ctrl Pts',(0.835642332907951,16.7913769948192,3.34225659834553));
#2014=CARTESIAN_POINT('Ctrl Pts',(8.8283171049161,14.3091069095743,3.1021000623141));
#2015=CARTESIAN_POINT('Ctrl Pts',(14.1448423559687,8.78286348173749,2.88195614261));
#2016=CARTESIAN_POINT('Ctrl Pts',(16.3466368480082,2.26699287426694,2.68182608387339));
#2017=CARTESIAN_POINT('Ctrl Pts',(16.0332542434361,-3.91391111230649,2.50170846751212));
#2018=CARTESIAN_POINT('Ctrl Pts',(13.4653801662123,-9.54309669048881,2.32159108546622));
#2019=CARTESIAN_POINT('Ctrl Pts',(8.99946459866727,-13.8356332086123,2.14147364921616));
#2020=CARTESIAN_POINT('Ctrl Pts',(3.27839181546883,-16.1708127326854,1.96135604432941));
#2021=CARTESIAN_POINT('Ctrl Pts',(-3.95558030200388,-16.2661950472778,1.75122011779673));
#2022=CARTESIAN_POINT('Ctrl Pts',(-9.60542634612665,-13.4481361940964,1.57110083718932));
#2023=CARTESIAN_POINT('Ctrl Pts',(-15.0776362151909,-7.40606416800669,1.33094629222806));
#2024=CARTESIAN_POINT('Ctrl Pts',(-17.606922656306,2.03916565196217,1.06076726115959));
#2025=CARTESIAN_POINT('Ctrl Pts',(-13.2373573276092,10.199831273908,0.805604050777101));
#2026=CARTESIAN_POINT('Ctrl Pts',(-8.38894252731925,13.8751852010589,0.62548457761678));
#2027=CARTESIAN_POINT('Ctrl Pts',(-4.7355099862122,15.7217622362587,0.505407053548219));
#2028=CARTESIAN_POINT('Ctrl Pts',(0.889670383411489,16.4779806165364,0.340298964160521));
#2029=CARTESIAN_POINT('Ctrl Pts',(6.89624856658997,14.9952189786221,0.160182381729884));
#2030=CARTESIAN_POINT('Ctrl Pts',(10.2549451248186,12.597362292009,0.0401028262702402));
#2031=CARTESIAN_POINT('Ctrl Pts',(11.6546978011864,11.1318668397584,-0.0199346195477833));
#2032=CARTESIAN_POINT('Ctrl Pts',(9.14952343693934,-13.3280566940715,20.0997400256154));
#2033=CARTESIAN_POINT('Ctrl Pts',(7.47351894000648,-14.4786103281305,20.039698652791));
#2034=CARTESIAN_POINT('Ctrl Pts',(3.68354490340278,-16.1399966983441,19.9196257680292));
#2035=CARTESIAN_POINT('Ctrl Pts',(-2.52093852684048,-16.3616797178579,19.7395100691463));
#2036=CARTESIAN_POINT('Ctrl Pts',(-8.37044014106247,-14.2827674248112,19.5593915906913));
#2037=CARTESIAN_POINT('Ctrl Pts',(-13.0430393157286,-10.1951422973002,19.379274705497));
#2038=CARTESIAN_POINT('Ctrl Pts',(-15.8813229165237,-4.67385925488757,19.1991569602029));
#2039=CARTESIAN_POINT('Ctrl Pts',(-16.4862692446454,1.50471193131899,19.0190396603509));
#2040=CARTESIAN_POINT('Ctrl Pts',(-14.7728172247549,7.47171559901835,18.8389221283465));
#2041=CARTESIAN_POINT('Ctrl Pts',(-10.9817778421959,12.3878814687668,18.6588047252496));
#2042=CARTESIAN_POINT('Ctrl Pts',(-5.6466329545257,15.5621804286479,18.4786872470761));
#2043=CARTESIAN_POINT('Ctrl Pts',(0.48307046141588,16.5475641421999,18.2985698431324));
#2044=CARTESIAN_POINT('Ctrl Pts',(6.54389313195319,15.2067446486251,18.1184523537308));
#2045=CARTESIAN_POINT('Ctrl Pts',(11.6863095666499,11.7257685107979,17.9383350227296));
#2046=CARTESIAN_POINT('Ctrl Pts',(15.1816976740649,6.59905444045242,17.7582174066248));
#2047=CARTESIAN_POINT('Ctrl Pts',(16.5491030202839,0.538044797602333,17.578100342039));
#2048=CARTESIAN_POINT('Ctrl Pts',(15.5759837700926,-5.58664559966378,17.3979822677045));
#2049=CARTESIAN_POINT('Ctrl Pts',(11.6198051793556,-12.3357246367726,17.1711682927998));
#2050=CARTESIAN_POINT('Ctrl Pts',(3.09536555747599,-17.1556348958294,16.8976562961729));
#2051=CARTESIAN_POINT('Ctrl Pts',(-8.23852135874383,-15.3584816660954,16.5774477361857));
#2052=CARTESIAN_POINT('Ctrl Pts',(-16.000931661919,-6.91384779572148,16.2572391227321));
#2053=CARTESIAN_POINT('Ctrl Pts',(-16.8304790134219,4.52613712304186,15.9370299835962));
#2054=CARTESIAN_POINT('Ctrl Pts',(-10.3721012620333,14.011691153054,15.6168212135279));
#2055=CARTESIAN_POINT('Ctrl Pts',(-0.334698204496254,17.1283876904597,15.3232966464158));
#2056=CARTESIAN_POINT('Ctrl Pts',(8.61639762944247,14.4904188638932,15.0564556016817));
#2057=CARTESIAN_POINT('Ctrl Pts',(14.5369128816155,8.5514631362803,14.816299646249));
#2058=CARTESIAN_POINT('Ctrl Pts',(16.8571891041258,0.480022799940991,14.5761426588848));
#2059=CARTESIAN_POINT('Ctrl Pts',(15.0015611327176,-7.70259557936779,14.3359862926108));
#2060=CARTESIAN_POINT('Ctrl Pts',(9.43022871239361,-13.9815992273613,14.0958295430013));
#2061=CARTESIAN_POINT('Ctrl Pts',(1.52278917634453,-16.7944642415467,13.8556731238677));
#2062=CARTESIAN_POINT('Ctrl Pts',(-6.76154176060267,-15.4499427369738,13.6155163988669));
#2063=CARTESIAN_POINT('Ctrl Pts',(-13.3715681593006,-10.2748211673664,13.3753599271801));
#2064=CARTESIAN_POINT('Ctrl Pts',(-16.6683919408425,-2.56073397627327,13.1352031320158));
#2065=CARTESIAN_POINT('Ctrl Pts',(-15.8382972725462,5.79880771036484,12.895047062679));
#2066=CARTESIAN_POINT('Ctrl Pts',(-11.0822599980167,12.7030474001686,12.6548902035186));
#2067=CARTESIAN_POINT('Ctrl Pts',(-2.75163439470774,16.9124216419783,12.3880491651311));
#2068=CARTESIAN_POINT('Ctrl Pts',(7.6816350986351,15.6444939723277,12.0945250389804));
#2069=CARTESIAN_POINT('Ctrl Pts',(15.7438108491146,7.48406800459397,11.7743159854573));
#2070=CARTESIAN_POINT('Ctrl Pts',(16.9828133708064,-3.93034048882005,11.4541070640719));
#2071=CARTESIAN_POINT('Ctrl Pts',(11.8835566623435,-11.9964834063986,11.1872667976407));
#2072=CARTESIAN_POINT('Ctrl Pts',(4.38541147408165,-16.137925853176,10.9382152162359));
#2073=CARTESIAN_POINT('Ctrl Pts',(-3.10016530287563,-16.5798154715627,10.7247425406173));
#2074=CARTESIAN_POINT('Ctrl Pts',(-11.4819923791057,-12.5931126791731,10.4579020520615));
#2075=CARTESIAN_POINT('Ctrl Pts',(-16.964183434148,-4.01650096113281,10.173272125922));
#2076=CARTESIAN_POINT('Ctrl Pts',(-15.7786170973336,7.40852486799159,9.85306347760969));
#2077=CARTESIAN_POINT('Ctrl Pts',(-8.42960267779041,14.9149981754485,9.55953853972896));
#2078=CARTESIAN_POINT('Ctrl Pts',(0.703524827703672,16.8441561291498,9.29269758157269));
#2079=CARTESIAN_POINT('Ctrl Pts',(8.73223433796959,14.4284200644282,9.05254161443861));
#2080=CARTESIAN_POINT('Ctrl Pts',(14.6080946106877,8.42733977688726,8.81238462968089));
#2081=CARTESIAN_POINT('Ctrl Pts',(16.8594312626822,0.343782607291214,8.57222827236414));
#2082=CARTESIAN_POINT('Ctrl Pts',(14.9390993610769,-7.82549819472312,8.33207150163753));
#2083=CARTESIAN_POINT('Ctrl Pts',(9.31348737350779,-14.0600101916433,8.09191510710208));
#2084=CARTESIAN_POINT('Ctrl Pts',(1.38825042334398,-16.8024404194679,7.85175835826471));
#2085=CARTESIAN_POINT('Ctrl Pts',(-7.81434743269355,-15.2459145666471,7.58491793623847));
#2086=CARTESIAN_POINT('Ctrl Pts',(-15.4654098667686,-8.04503980009182,7.29139305157141));
#2087=CARTESIAN_POINT('Ctrl Pts',(-17.1118658582305,3.31758984602977,6.97118401495627));
#2088=CARTESIAN_POINT('Ctrl Pts',(-11.8254114732304,12.3975304105496,6.67765984738858));
#2089=CARTESIAN_POINT('Ctrl Pts',(-3.44302557133708,16.5033254169703,6.41081889993432));
#2090=CARTESIAN_POINT('Ctrl Pts',(4.93287297173665,16.1288269257843,6.17066200351363));
#2091=CARTESIAN_POINT('Ctrl Pts',(12.1001862190589,11.7460311862755,5.93050580650904));
#2092=CARTESIAN_POINT('Ctrl Pts',(16.2611456303143,4.46495444748084,5.69034935858021));
#2093=CARTESIAN_POINT('Ctrl Pts',(16.4018562294077,-3.93475388826234,5.45019209088874));
#2094=CARTESIAN_POINT('Ctrl Pts',(13.1257316759148,-10.1064571181791,5.25006204333831));
#2095=CARTESIAN_POINT('Ctrl Pts',(7.92982572127389,-14.5475063561312,5.04993172607469));
#2096=CARTESIAN_POINT('Ctrl Pts',(2.64305261271626,-16.3577065788269,4.88982683592915));
#2097=CARTESIAN_POINT('Ctrl Pts',(-4.18531919452581,-16.0287988626533,4.68969681965009));
#2098=CARTESIAN_POINT('Ctrl Pts',(-10.5548093916934,-13.1557672817085,4.48956587674383));
#2099=CARTESIAN_POINT('Ctrl Pts',(-15.5890255688255,-6.43224650972268,4.24940972093982));
#2100=CARTESIAN_POINT('Ctrl Pts',(-16.7588290924673,1.87539200800594,4.00925253933277));
#2101=CARTESIAN_POINT('Ctrl Pts',(-13.7792484927675,9.72355159642808,3.76909681968382));
#2102=CARTESIAN_POINT('Ctrl Pts',(-7.38513894742962,15.1605124608876,3.52893972197886));
#2103=CARTESIAN_POINT('Ctrl Pts',(0.836533791054985,16.8431097936656,3.28878338535584));
#2104=CARTESIAN_POINT('Ctrl Pts',(8.8540414447622,14.3540040406368,3.0486268493244));
#2105=CARTESIAN_POINT('Ctrl Pts',(14.1874733450439,8.81129275848633,2.82848292962031));
#2106=CARTESIAN_POINT('Ctrl Pts',(16.396691240529,2.2756008423945,2.62835287088369));
#2107=CARTESIAN_POINT('Ctrl Pts',(16.0829633816868,-3.92434695437268,2.44823525452242));
#2108=CARTESIAN_POINT('Ctrl Pts',(13.5077525549059,-9.57110423164441,2.26811787247652));
#2109=CARTESIAN_POINT('Ctrl Pts',(9.02853113007798,-13.8772909249208,2.08800043622647));
#2110=CARTESIAN_POINT('Ctrl Pts',(3.290090802603,-16.2202255038945,1.90788283133972));
#2111=CARTESIAN_POINT('Ctrl Pts',(-3.96611879752916,-16.3166245979772,1.69774690480703));
#2112=CARTESIAN_POINT('Ctrl Pts',(-9.63362947573689,-13.490461970396,1.51762762419962));
#2113=CARTESIAN_POINT('Ctrl Pts',(-15.1232706154326,-7.4303533005852,1.27747307923836));
#2114=CARTESIAN_POINT('Ctrl Pts',(-17.6612892666275,2.0436763511567,1.0072940481699));
#2115=CARTESIAN_POINT('Ctrl Pts',(-13.2790901353976,10.2298842006554,0.752130837787408));
#2116=CARTESIAN_POINT('Ctrl Pts',(-8.41613543244268,13.9170249160424,0.572011364627086));
#2117=CARTESIAN_POINT('Ctrl Pts',(-4.75165148832061,15.7696486365344,0.451933840558526));
#2118=CARTESIAN_POINT('Ctrl Pts',(0.890763900901623,16.5287518711861,0.286825751170828));
#2119=CARTESIAN_POINT('Ctrl Pts',(6.91595371742595,15.0420402215258,0.106709168740191));
#2120=CARTESIAN_POINT('Ctrl Pts',(10.2852402150107,12.6371250272391,-0.013370386719453));
#2121=CARTESIAN_POINT('Ctrl Pts',(11.6894342935946,11.1672736269522,-0.0734078325374765));
#2122=CARTESIAN_POINT('Ctrl Pts',(9.16024436721373,-13.3399827209029,20.0299123077236));
#2123=CARTESIAN_POINT('Ctrl Pts',(7.48273444916585,-14.4918883866672,19.9698709348992));
#2124=CARTESIAN_POINT('Ctrl Pts',(3.68925714990656,-16.1553924957677,19.8497980501374));
#2125=CARTESIAN_POINT('Ctrl Pts',(-2.52130546396058,-16.3780987630031,19.6696823512546));
#2126=CARTESIAN_POINT('Ctrl Pts',(-8.37682619855268,-14.2978959991208,19.4895638727996));
#2127=CARTESIAN_POINT('Ctrl Pts',(-13.0545505613885,-10.2068552149685,19.3094469876053));
#2128=CARTESIAN_POINT('Ctrl Pts',(-15.8963384609068,-4.68050816087129,19.1293292423112));
#2129=CARTESIAN_POINT('Ctrl Pts',(-16.5026785208266,1.50406143112349,18.9492119424592));
#2130=CARTESIAN_POINT('Ctrl Pts',(-14.7883121401709,7.47715534686866,18.7690944104548));
#2131=CARTESIAN_POINT('Ctrl Pts',(-10.9941795294473,12.3986462166375,18.5889770073578));
#2132=CARTESIAN_POINT('Ctrl Pts',(-5.65419749206926,15.5767566411516,18.4088595291844));
#2133=CARTESIAN_POINT('Ctrl Pts',(0.481407274140262,16.5639015408729,18.2287421252407));
#2134=CARTESIAN_POINT('Ctrl Pts',(6.54836427268373,15.2225465567509,18.0486246358391));
#2135=CARTESIAN_POINT('Ctrl Pts',(11.6962881017668,11.7388111636699,17.8685073048379));
#2136=CARTESIAN_POINT('Ctrl Pts',(15.1957767384311,6.60750671936618,17.6883896887331));
#2137=CARTESIAN_POINT('Ctrl Pts',(16.5653097034663,0.54071216987535,17.5082726241473));
#2138=CARTESIAN_POINT('Ctrl Pts',(15.5920256593556,-5.59012699860099,17.3281545498128));
#2139=CARTESIAN_POINT('Ctrl Pts',(11.6328269428993,-12.3463558966538,17.101340574908));
#2140=CARTESIAN_POINT('Ctrl Pts',(3.10062743966013,-17.1721081249554,16.8278285782811));
#2141=CARTESIAN_POINT('Ctrl Pts',(-8.24463963564144,-15.3746515222184,16.507620018294));
#2142=CARTESIAN_POINT('Ctrl Pts',(-16.0157759019554,-6.92271549845741,16.1874114048403));
#2143=CARTESIAN_POINT('Ctrl Pts',(-16.8476169580815,4.52841366186637,15.8672022657045));
#2144=CARTESIAN_POINT('Ctrl Pts',(-10.3841129368142,14.0241323380408,15.5469934956362));
#2145=CARTESIAN_POINT('Ctrl Pts',(-0.337240999741814,17.1451903564862,15.253468928524));
#2146=CARTESIAN_POINT('Ctrl Pts',(8.62300025966764,14.505784091229,14.98662788379));
#2147=CARTESIAN_POINT('Ctrl Pts',(14.5501049816183,8.5617521618145,14.7464719283572));
#2148=CARTESIAN_POINT('Ctrl Pts',(16.8737067914564,0.482673219128209,14.5063149409931));
#2149=CARTESIAN_POINT('Ctrl Pts',(15.0173108178512,-7.70823282238154,14.266158574719));
#2150=CARTESIAN_POINT('Ctrl Pts',(9.44131037642306,-13.9941319369068,14.0260018251096));
#2151=CARTESIAN_POINT('Ctrl Pts',(1.52645699956541,-16.8107853353648,13.785845405976));
#2152=CARTESIAN_POINT('Ctrl Pts',(-6.76619541628216,-15.466011859803,13.5456886809752));
#2153=CARTESIAN_POINT('Ctrl Pts',(-13.3833918971783,-10.2866547319803,13.3055322092884));
#2154=CARTESIAN_POINT('Ctrl Pts',(-16.6844546481246,-2.565406199988,13.0653754141241));
#2155=CARTESIAN_POINT('Ctrl Pts',(-15.854624428401,5.80246401453815,12.8252193447873));
#2156=CARTESIAN_POINT('Ctrl Pts',(-11.0948008841302,12.7141091817249,12.5850624856269));
#2157=CARTESIAN_POINT('Ctrl Pts',(-2.75652659844494,16.9287000157353,12.3182214472394));
#2158=CARTESIAN_POINT('Ctrl Pts',(7.68716864082114,15.6608733039537,12.0246973210886));
#2159=CARTESIAN_POINT('Ctrl Pts',(15.7583286123588,7.4934630414868,11.7044882675656));
#2160=CARTESIAN_POINT('Ctrl Pts',(17.0000239951432,-3.93201162519563,11.3842793461802));
#2161=CARTESIAN_POINT('Ctrl Pts',(11.8967950158191,-12.0067463499196,11.117439079749));
#2162=CARTESIAN_POINT('Ctrl Pts',(4.39181021447733,-16.1532313811445,10.8683874983442));
#2163=CARTESIAN_POINT('Ctrl Pts',(-3.10107256325241,-16.596522670799,10.6549148227256));
#2164=CARTESIAN_POINT('Ctrl Pts',(-11.4916578394372,-12.6069818855261,10.3880743341698));
#2165=CARTESIAN_POINT('Ctrl Pts',(-16.9803493101209,-4.02264383303389,10.1034444080303));
#2166=CARTESIAN_POINT('Ctrl Pts',(-15.795093060172,7.41377241381259,9.78323575971794));
#2167=CARTESIAN_POINT('Ctrl Pts',(-8.43982059584142,14.9285785637236,9.48971082183725));
#2168=CARTESIAN_POINT('Ctrl Pts',(0.702040483338646,16.8608135733926,9.22286986368095));
#2169=CARTESIAN_POINT('Ctrl Pts',(8.73895811598216,14.4437393063037,8.98271389654689));
#2170=CARTESIAN_POINT('Ctrl Pts',(14.6213732077391,8.43751589693333,8.74255691178916));
#2171=CARTESIAN_POINT('Ctrl Pts',(16.8759685246554,0.346299346401815,8.50240055447241));
#2172=CARTESIAN_POINT('Ctrl Pts',(14.9548036145425,-7.83126442562421,8.26224378374581));
#2173=CARTESIAN_POINT('Ctrl Pts',(9.32446429604295,-14.0726350399641,8.02208738921035));
#2174=CARTESIAN_POINT('Ctrl Pts',(1.39178695679484,-16.8187868524122,7.78193064037299));
#2175=CARTESIAN_POINT('Ctrl Pts',(-7.82006271874117,-15.2619189547914,7.51509021834672));
#2176=CARTESIAN_POINT('Ctrl Pts',(-15.4795810649203,-8.05495115600473,7.22156533367971));
#2177=CARTESIAN_POINT('Ctrl Pts',(-17.1291244972446,3.31864153704428,6.90135629706453));
#2178=CARTESIAN_POINT('Ctrl Pts',(-11.8386438799469,12.4081960860099,6.60783212949685));
#2179=CARTESIAN_POINT('Ctrl Pts',(-3.44854466951515,16.519111768224,6.3409911820426));
#2180=CARTESIAN_POINT('Ctrl Pts',(4.93564102729238,16.1453276049646,6.1008342856219));
#2181=CARTESIAN_POINT('Ctrl Pts',(12.1105688649469,11.7591472959909,5.86067808861732));
#2182=CARTESIAN_POINT('Ctrl Pts',(16.2765623295277,4.47144708020381,5.62052164068847));
#2183=CARTESIAN_POINT('Ctrl Pts',(16.418495973232,-3.93650407516111,5.38036437299702));
#2184=CARTESIAN_POINT('Ctrl Pts',(13.1399479095904,-10.1147005416039,5.18023432544658));
#2185=CARTESIAN_POINT('Ctrl Pts',(7.93950431132805,-14.5607897034086,4.98010400818296));
#2186=CARTESIAN_POINT('Ctrl Pts',(2.64776558479963,-16.3734534590757,4.81999911803742));
#2187=CARTESIAN_POINT('Ctrl Pts',(-4.18736436803158,-16.0451044222695,4.61986910175837));
#2188=CARTESIAN_POINT('Ctrl Pts',(-10.5634908644143,-13.1700696849696,4.4197381588521));
#2189=CARTESIAN_POINT('Ctrl Pts',(-15.6035263673253,-6.44058808901439,4.17958200304809));
#2190=CARTESIAN_POINT('Ctrl Pts',(-16.7755542290008,1.87507153512744,3.93942482144104));
#2191=CARTESIAN_POINT('Ctrl Pts',(-13.7940572535102,9.73133430284667,3.69926910179209));
#2192=CARTESIAN_POINT('Ctrl Pts',(-7.39436145742448,15.1744689751367,3.45911200408713));
#2193=CARTESIAN_POINT('Ctrl Pts',(0.835180033325532,16.8597836146304,3.21895566746411));
#2194=CARTESIAN_POINT('Ctrl Pts',(8.86089493407287,14.3692655920081,2.97879913143268));
#2195=CARTESIAN_POINT('Ctrl Pts',(14.2002883255659,8.82179252862773,2.75865521172858));
#2196=CARTESIAN_POINT('Ctrl Pts',(16.4125239208062,2.27995763232657,2.55852515299197));
#2197=CARTESIAN_POINT('Ctrl Pts',(16.0992883798904,-3.92612838319155,2.3784075366307));
#2198=CARTESIAN_POINT('Ctrl Pts',(13.5222748634618,-9.57877222515044,2.1982901545848));
#2199=CARTESIAN_POINT('Ctrl Pts',(9.03920365677472,-13.8897729958487,2.01817271833474));
#2200=CARTESIAN_POINT('Ctrl Pts',(3.29542360210516,-16.2357533642907,1.83805511344799));
#2201=CARTESIAN_POINT('Ctrl Pts',(-3.96791207194026,-16.333184942758,1.62791918691531));
#2202=CARTESIAN_POINT('Ctrl Pts',(-9.64136027904928,-13.5049752475799,1.4477999063079));
#2203=CARTESIAN_POINT('Ctrl Pts',(-15.1371859379649,-7.43961517138666,1.20764536134664));
#2204=CARTESIAN_POINT('Ctrl Pts',(-17.6789216827524,2.04340468237736,0.937466330278171));
#2205=CARTESIAN_POINT('Ctrl Pts',(-13.2934743148441,10.2382285554567,0.682303119895682));
#2206=CARTESIAN_POINT('Ctrl Pts',(-8.42621064071193,13.9296255090112,0.502183646735359));
#2207=CARTESIAN_POINT('Ctrl Pts',(-4.75836122012539,15.7845442781794,0.382106122666799));
#2208=CARTESIAN_POINT('Ctrl Pts',(0.889502121493357,16.5451247489053,0.216998033279101));
#2209=CARTESIAN_POINT('Ctrl Pts',(6.92081549069997,15.0577251553606,0.0368814508484642));
#2210=CARTESIAN_POINT('Ctrl Pts',(10.2937181828583,12.6508878963027,-0.0831981046111799));
#2211=CARTESIAN_POINT('Ctrl Pts',(11.6994879796003,11.179767299736,-0.143235550429204));
#2212=CARTESIAN_POINT('Ctrl Pts',(9.16098100378693,-13.3394768304741,20.));
#2213=CARTESIAN_POINT('Ctrl Pts',(7.48353702770186,-14.4914734638597,19.9399586271756));
#2214=CARTESIAN_POINT('Ctrl Pts',(3.69014771764114,-16.1551896373357,19.8198857424138));
#2215=CARTESIAN_POINT('Ctrl Pts',(-2.52040028468758,-16.3782373654684,19.6397700435309));
#2216=CARTESIAN_POINT('Ctrl Pts',(-8.37603692471261,-14.2983586960938,19.4596515650759));
#2217=CARTESIAN_POINT('Ctrl Pts',(-13.0539866105024,-10.2075758983187,19.2795346798816));
#2218=CARTESIAN_POINT('Ctrl Pts',(-15.8960799427869,-4.68138601195222,19.0994169345875));
#2219=CARTESIAN_POINT('Ctrl Pts',(-16.502761377338,1.50315013649764,18.9192996347355));
#2220=CARTESIAN_POINT('Ctrl Pts',(-14.7887249354581,7.47633861761213,18.7391821027311));
#2221=CARTESIAN_POINT('Ctrl Pts',(-10.994864093619,12.3980389909983,18.5590646996342));
#2222=CARTESIAN_POINT('Ctrl Pts',(-5.65505763363215,15.5764442523417,18.3789472214608));
#2223=CARTESIAN_POINT('Ctrl Pts',(0.480492587017769,16.5639279837861,18.198829817517));
#2224=CARTESIAN_POINT('Ctrl Pts',(6.54752357177717,15.2229080144167,18.0187123281154));
#2225=CARTESIAN_POINT('Ctrl Pts',(11.6956397853876,11.7394569828694,17.8385949971142));
#2226=CARTESIAN_POINT('Ctrl Pts',(15.1954116536153,6.60834574032002,17.6584773810094));
#2227=CARTESIAN_POINT('Ctrl Pts',(16.565279815561,0.541627056630818,17.4783603164236));
#2228=CARTESIAN_POINT('Ctrl Pts',(15.5923339887768,-5.58926613567606,17.2982422420892));
#2229=CARTESIAN_POINT('Ctrl Pts',(11.6335089014012,-12.3457132906933,17.0714282671844));
#2230=CARTESIAN_POINT('Ctrl Pts',(3.10157541927245,-17.1719366868447,16.7979162705575));
#2231=CARTESIAN_POINT('Ctrl Pts',(-8.24379050494091,-15.3751067615289,16.4777077105703));
#2232=CARTESIAN_POINT('Ctrl Pts',(-16.0153933557692,-6.92359981629746,16.1574990971167));
#2233=CARTESIAN_POINT('Ctrl Pts',(-16.8478669481086,4.52748334598639,15.8372899579808));
#2234=CARTESIAN_POINT('Ctrl Pts',(-10.3848873484613,14.0235585395755,15.5170811879126));
#2235=CARTESIAN_POINT('Ctrl Pts',(-0.338187677160744,17.145171720612,15.2235566208004));
#2236=CARTESIAN_POINT('Ctrl Pts',(8.62219889006353,14.506260099765,14.9567155760663));
#2237=CARTESIAN_POINT('Ctrl Pts',(14.5496321942915,8.56255559114498,14.7165596206336));
#2238=CARTESIAN_POINT('Ctrl Pts',(16.8736799041431,0.483605006275184,14.4764026332694));
#2239=CARTESIAN_POINT('Ctrl Pts',(15.017736388728,-7.70740345455089,14.2362462669954));
#2240=CARTESIAN_POINT('Ctrl Pts',(9.44208304863651,-13.9936104480651,13.996089517386));
#2241=CARTESIAN_POINT('Ctrl Pts',(1.52738533773923,-16.8107008722389,13.7559330982524));
#2242=CARTESIAN_POINT('Ctrl Pts',(-6.76534131836421,-15.4663853878982,13.5157763732515));
#2243=CARTESIAN_POINT('Ctrl Pts',(-13.3828236709357,-10.2873936486257,13.2756199015647));
#2244=CARTESIAN_POINT('Ctrl Pts',(-16.6843129222956,-2.56632762015267,13.0354631064004));
#2245=CARTESIAN_POINT('Ctrl Pts',(-15.854944538332,5.80158859147814,12.7953070370636));
#2246=CARTESIAN_POINT('Ctrl Pts',(-11.0955030138907,12.7134963749232,12.5551501779032));
#2247=CARTESIAN_POINT('Ctrl Pts',(-2.75746121533665,16.9285476068092,12.2883091395157));
#2248=CARTESIAN_POINT('Ctrl Pts',(7.68630373688192,15.6612977007237,11.994785013365));
#2249=CARTESIAN_POINT('Ctrl Pts',(15.7579145094125,7.49433324744167,11.6745759598419));
#2250=CARTESIAN_POINT('Ctrl Pts',(17.0002411111906,-3.93107278712857,11.3543670384565));
#2251=CARTESIAN_POINT('Ctrl Pts',(11.8974578023298,-12.0060894216606,11.0875267720253));
#2252=CARTESIAN_POINT('Ctrl Pts',(4.39270209647685,-16.1529886689551,10.8384751906206));
#2253=CARTESIAN_POINT('Ctrl Pts',(-3.10015578982563,-16.5966938115157,10.625002515002));
#2254=CARTESIAN_POINT('Ctrl Pts',(-11.4909616001952,-12.6076164395073,10.3581620264462));
#2255=CARTESIAN_POINT('Ctrl Pts',(-16.9801269663887,-4.02358131193058,10.0735321003066));
#2256=CARTESIAN_POINT('Ctrl Pts',(-15.7955023552285,7.41290012263025,9.75332345199434));
#2257=CARTESIAN_POINT('Ctrl Pts',(-8.44064496467818,14.9281122220753,9.45979851411356));
#2258=CARTESIAN_POINT('Ctrl Pts',(0.701109253576799,16.8608522550002,9.19295755595732));
#2259=CARTESIAN_POINT('Ctrl Pts',(8.73816049972068,14.4442217176011,8.95280158882322));
#2260=CARTESIAN_POINT('Ctrl Pts',(14.6209070944477,8.43832326836135,8.71264460406552));
#2261=CARTESIAN_POINT('Ctrl Pts',(16.8759492659221,0.347231251359534,8.47248824674874));
#2262=CARTESIAN_POINT('Ctrl Pts',(14.9552359300644,-7.83043849386678,8.23233147602216));
#2263=CARTESIAN_POINT('Ctrl Pts',(9.32524132803795,-14.0721200295793,7.9921750814867));
#2264=CARTESIAN_POINT('Ctrl Pts',(1.39271573595224,-16.818709780792,7.75201833264933));
#2265=CARTESIAN_POINT('Ctrl Pts',(-7.81921996255082,-15.2623507294348,7.48517791062309));
#2266=CARTESIAN_POINT('Ctrl Pts',(-15.4791360720989,-8.05580573395775,7.19165302595604));
#2267=CARTESIAN_POINT('Ctrl Pts',(-17.1293076310574,3.3176956244309,6.87144398934088));
#2268=CARTESIAN_POINT('Ctrl Pts',(-11.8393290685509,12.4075420373504,6.5779198217732));
#2269=CARTESIAN_POINT('Ctrl Pts',(-3.44945676667017,16.5189212794642,6.31107887431894));
#2270=CARTESIAN_POINT('Ctrl Pts',(4.93474915605731,16.1455999684465,6.07092197789824));
#2271=CARTESIAN_POINT('Ctrl Pts',(12.1099195589853,11.7598159766517,5.83076578089367));
#2272=CARTESIAN_POINT('Ctrl Pts',(16.2763151082152,4.47234587805071,5.59060933296482));
#2273=CARTESIAN_POINT('Ctrl Pts',(16.4187133726345,-3.93559749912201,5.35045206527336));
#2274=CARTESIAN_POINT('Ctrl Pts',(13.1405060398569,-10.1139750316571,5.15032201772293));
#2275=CARTESIAN_POINT('Ctrl Pts',(7.94030849909761,-14.5603510663579,4.95019170045931));
#2276=CARTESIAN_POINT('Ctrl Pts',(2.64866985396698,-16.3733070308528,4.79008681031377));
#2277=CARTESIAN_POINT('Ctrl Pts',(-4.18647827139857,-16.0453355294571,4.58995679403471));
#2278=CARTESIAN_POINT('Ctrl Pts',(-10.5627632742121,-13.1706531286731,4.38982585112845));
#2279=CARTESIAN_POINT('Ctrl Pts',(-15.6031706860356,-6.44144933266574,4.14966969532444));
#2280=CARTESIAN_POINT('Ctrl Pts',(-16.775657608901,1.87414488862971,3.90951251371739));
#2281=CARTESIAN_POINT('Ctrl Pts',(-13.7945945127815,9.7305725309642,3.66935679406844));
#2282=CARTESIAN_POINT('Ctrl Pts',(-7.39519936545035,15.174060493253,3.42919969636348));
#2283=CARTESIAN_POINT('Ctrl Pts',(0.834249013319735,16.8598295620738,3.18904335974046));
#2284=CARTESIAN_POINT('Ctrl Pts',(8.86010130481876,14.3697548337768,2.94888682370903));
#2285=CARTESIAN_POINT('Ctrl Pts',(14.1998011275574,8.82257649190754,2.72874290400492));
#2286=CARTESIAN_POINT('Ctrl Pts',(16.4123978154633,2.28086398838671,2.52861284526832));
#2287=CARTESIAN_POINT('Ctrl Pts',(16.0995051072759,-3.92523932536234,2.34849522890704));
#2288=CARTESIAN_POINT('Ctrl Pts',(13.5228035867448,-9.57802540775162,2.16837784686115));
#2289=CARTESIAN_POINT('Ctrl Pts',(9.03997080829886,-13.8892736885789,1.98826041061109));
#2290=CARTESIAN_POINT('Ctrl Pts',(3.29631976170387,-16.2355712653152,1.80814280572434));
#2291=CARTESIAN_POINT('Ctrl Pts',(-3.96700970355488,-16.3334039086185,1.59800687919166));
#2292=CARTESIAN_POINT('Ctrl Pts',(-9.64061479590602,-13.5055074807056,1.41788759858425));
#2293=CARTESIAN_POINT('Ctrl Pts',(-15.1367744248188,-7.44045112897075,1.17773305362299));
#2294=CARTESIAN_POINT('Ctrl Pts',(-17.6790352041196,2.04242816448752,0.90755402255452));
#2295=CARTESIAN_POINT('Ctrl Pts',(-13.2940387904317,10.2374948461275,0.65239081217203));
#2296=CARTESIAN_POINT('Ctrl Pts',(-8.42698005493846,13.9291599227794,0.472271339011708));
#2297=CARTESIAN_POINT('Ctrl Pts',(-4.7592334162929,15.7842814547584,0.352193814943148));
#2298=CARTESIAN_POINT('Ctrl Pts',(0.888589309696168,16.5451732118,0.187085725555449));
#2299=CARTESIAN_POINT('Ctrl Pts',(6.91998244093386,15.05810841156,0.00696914312481299));
#2300=CARTESIAN_POINT('Ctrl Pts',(10.2930215562989,12.6514542715425,-0.113110412334832));
#2301=CARTESIAN_POINT('Ctrl Pts',(11.698870571476,11.1804133382604,-0.173147858152855));
#2302=CARTESIAN_POINT('',(11.6301249026794,11.1075591642153,6.79254957814591E-15));
#2303=CARTESIAN_POINT('Ctrl Pts',(11.6301249026797,11.107559164215,9.43689570931383E-16));
#2304=CARTESIAN_POINT('Ctrl Pts',(11.558386585423,11.1908457934109,8.05785547418688E-16));
#2305=CARTESIAN_POINT('Ctrl Pts',(11.4795053134291,11.2797022728433,-9.17398253952546E-6));
#2306=CARTESIAN_POINT('Ctrl Pts',(11.3933859189778,11.3733895346351,-1.92862643736674E-5));
#2307=CARTESIAN_POINT('Ctrl Pts',(11.3052542931351,11.4692658555854,-2.96348257482695E-5));
#2308=CARTESIAN_POINT('Ctrl Pts',(11.2095412252635,11.5702011566215,-4.10064977443115E-5));
#2309=CARTESIAN_POINT('Ctrl Pts',(11.1061436560307,11.6753493928006,-4.88331632855915E-5));
#2310=CARTESIAN_POINT('Ctrl Pts',(11.0027461473793,11.7804975673727,-5.66598242411741E-5));
#2311=CARTESIAN_POINT('Ctrl Pts',(10.8916630586253,11.8898582655836,-6.09973646963789E-5));
#2312=CARTESIAN_POINT('Ctrl Pts',(10.7728070537922,12.0025369176513,-6.0733577961658E-5));
#2313=CARTESIAN_POINT('Ctrl Pts',(10.6557682293199,12.1134928344318,-6.04738242421343E-5));
#2314=CARTESIAN_POINT('Ctrl Pts',(10.5311914870821,12.2276655245769,-5.58104134319863E-5));
#2315=CARTESIAN_POINT('Ctrl Pts',(10.3990230648347,12.3441606689056,-4.81767235400443E-5));
#2316=CARTESIAN_POINT('Ctrl Pts',(10.270566857796,12.4573838134696,-4.07574411384334E-5));
#2317=CARTESIAN_POINT('Ctrl Pts',(10.134938879916,12.5728002663224,-3.05854543187987E-5));
#2318=CARTESIAN_POINT('Ctrl Pts',(9.99212815540399,12.6895582627588,-2.05379851345444E-5));
#2319=CARTESIAN_POINT('Ctrl Pts',(9.94243338871011,12.7301872940335,-1.70417026341814E-5));
#2320=CARTESIAN_POINT('Ctrl Pts',(9.89186926567773,12.7709785264579,-1.35710418987246E-5));
#2321=CARTESIAN_POINT('Ctrl Pts',(9.84043663309291,12.8118953358559,-1.02757459435471E-5));
#2322=CARTESIAN_POINT('Ctrl Pts',(9.72385669792942,12.9046395479834,-2.80645321064933E-6));
#2323=CARTESIAN_POINT('Ctrl Pts',(9.60582480966173,12.9956432139233,-7.94833236118453E-6));
#2324=CARTESIAN_POINT('Ctrl Pts',(9.48641112238796,13.0848686652083,-1.80281946447619E-5));
#2325=CARTESIAN_POINT('Ctrl Pts',(9.2632091559234,13.2516443225065,-3.68689585031653E-5));
#2326=CARTESIAN_POINT('Ctrl Pts',(9.03518199672586,13.4122083406612,-7.01850136338258E-5));
#2327=CARTESIAN_POINT('Ctrl Pts',(8.80278750104598,13.5663413301984,-8.49994177713094E-5));
#2328=CARTESIAN_POINT('Ctrl Pts',(8.55527294117974,13.7305025292603,-0.000100777677531905));
#2329=CARTESIAN_POINT('Ctrl Pts',(8.3028039811303,13.8873693698665,-9.67137363952146E-5));
#2330=CARTESIAN_POINT('Ctrl Pts',(8.0458956164525,14.036658184739,-7.80300075617982E-5));
#2331=CARTESIAN_POINT('Ctrl Pts',(7.7727686082273,14.1953716132362,-5.81667735827807E-5));
#2332=CARTESIAN_POINT('Ctrl Pts',(7.49462340121201,14.3455210727142,-2.32281712546645E-5));
#2333=CARTESIAN_POINT('Ctrl Pts',(7.21204379843119,14.4867311378636,-8.08293349052747E-6));
#2334=CARTESIAN_POINT('Ctrl Pts',(7.13233245584516,14.5265643167942,-3.81069577738865E-6));
#2335=CARTESIAN_POINT('Ctrl Pts',(7.05226809085694,14.5656859164188,-1.20275650013431E-6));
#2336=CARTESIAN_POINT('Ctrl Pts',(6.97186345847144,14.604086863861,-1.16736497124403E-6));
#2337=CARTESIAN_POINT('',(9.16098100378692,-13.3394768304741,20.));
#2338=CARTESIAN_POINT('Ctrl Pts',(-16.1822161151799,1.00356483900832E-7,
18.9626728029118));
#2339=CARTESIAN_POINT('Ctrl Pts',(-16.1815353389314,-1.54484498988134,19.0082541950382));
#2340=CARTESIAN_POINT('Ctrl Pts',(-15.6679496496422,-5.12496444916582,19.1138746983659));
#2341=CARTESIAN_POINT('Ctrl Pts',(-13.0539866105024,-10.2075758983187,19.2795346798816));
#2342=CARTESIAN_POINT('Ctrl Pts',(-8.37603692471261,-14.2983586960938,19.4596515650759));
#2343=CARTESIAN_POINT('Ctrl Pts',(-2.52040028468758,-16.3782373654684,19.6397700435309));
#2344=CARTESIAN_POINT('Ctrl Pts',(3.69014771764114,-16.1551896373357,19.8198857424138));
#2345=CARTESIAN_POINT('Ctrl Pts',(7.48353702770186,-14.4914734638597,19.9399586271756));
#2346=CARTESIAN_POINT('Ctrl Pts',(9.16098100378693,-13.3394768304741,20.));
#2347=CARTESIAN_POINT('',(3.80436595890878,-15.6257631970142,20.));
#2348=CARTESIAN_POINT('Ctrl Pts',(3.80447839167898,-15.6261867159611,20.0000003504768));
#2349=CARTESIAN_POINT('Ctrl Pts',(3.91245220367185,-15.6056855457361,20.0000003450736));
#2350=CARTESIAN_POINT('Ctrl Pts',(4.02881631733576,-15.581783769638,19.9999911244344));
#2351=CARTESIAN_POINT('Ctrl Pts',(4.15297924643688,-15.5540297367888,19.9999809424929));
#2352=CARTESIAN_POINT('Ctrl Pts',(4.28008613135173,-15.5256176440263,19.9999705191333));
#2353=CARTESIAN_POINT('Ctrl Pts',(4.41536644119409,-15.493167393013,19.9999590480461));
#2354=CARTESIAN_POINT('Ctrl Pts',(4.55813953597343,-15.4561662663718,19.9999511231929));
#2355=CARTESIAN_POINT('Ctrl Pts',(4.70105064929364,-15.4191293707959,19.9999431906786));
#2356=CARTESIAN_POINT('Ctrl Pts',(4.85146923882086,-15.3775316526728,19.9999387556301));
#2357=CARTESIAN_POINT('Ctrl Pts',(5.0086627739223,-15.330847888433,19.9999389562569));
#2358=CARTESIAN_POINT('Ctrl Pts',(5.16353044277724,-15.2848548662865,19.9999391539152));
#2359=CARTESIAN_POINT('Ctrl Pts',(5.32497405334813,-15.233924189591,19.9999437927717));
#2360=CARTESIAN_POINT('Ctrl Pts',(5.49224342145344,-15.1775588670871,19.9999514526788));
#2361=CARTESIAN_POINT('Ctrl Pts',(5.65489621173375,-15.1227492083663,19.999958901175));
#2362=CARTESIAN_POINT('Ctrl Pts',(5.82305744997401,-15.0628000046968,19.9999691527873));
#2363=CARTESIAN_POINT('Ctrl Pts',(5.99599145275694,-14.9972719795137,19.9999793316035));
#2364=CARTESIAN_POINT('Ctrl Pts',(6.05505513853528,-14.9748916111257,19.9999828080649));
#2365=CARTESIAN_POINT('Ctrl Pts',(6.11467517031514,-14.9518606841835,19.9999862658017));
#2366=CARTESIAN_POINT('Ctrl Pts',(6.17482102141959,-14.9281624151634,19.9999895632966));
#2367=CARTESIAN_POINT('Ctrl Pts',(6.313406449524,-14.8735579046746,19.9999971612394));
#2368=CARTESIAN_POINT('Ctrl Pts',(6.45121137013359,-14.816825469902,19.999992145022));
#2369=CARTESIAN_POINT('Ctrl Pts',(6.58816840124304,-14.7580067192552,19.9999821853434));
#2370=CARTESIAN_POINT('Ctrl Pts',(6.84435368716755,-14.6479831715035,19.9999635552439));
#2371=CARTESIAN_POINT('Ctrl Pts',(7.0975718335272,-14.5306622403825,19.9999304145063));
#2372=CARTESIAN_POINT('Ctrl Pts',(7.34740580936026,-14.4063292349422,19.9999157814325));
#2373=CARTESIAN_POINT('Ctrl Pts',(7.61373176917242,-14.2737887872317,19.9999001824036));
#2374=CARTESIAN_POINT('Ctrl Pts',(7.87621281328124,-14.1332800626842,19.9999044680531));
#2375=CARTESIAN_POINT('Ctrl Pts',(8.13434677636301,-13.9851063982726,19.9999233198026));
#2376=CARTESIAN_POINT('Ctrl Pts',(8.4090011758599,-13.8274496981066,19.999943378054));
#2377=CARTESIAN_POINT('Ctrl Pts',(8.67873551598121,-13.6611155668894,19.999978465058));
#2378=CARTESIAN_POINT('Ctrl Pts',(8.94293204989741,-13.4864220026428,19.9999933776221));
#2379=CARTESIAN_POINT('Ctrl Pts',(9.01604374944956,-13.4380786606861,19.9999975044094));
#2380=CARTESIAN_POINT('Ctrl Pts',(9.08873122259805,-13.3890948838214,20.));
#2381=CARTESIAN_POINT('Ctrl Pts',(9.16098100378693,-13.3394768304741,20.));
#2382=CARTESIAN_POINT('Ctrl Pts',(3.80446967805944,-15.6261888393231,20.0000000841735));
#2383=CARTESIAN_POINT('Ctrl Pts',(3.72847547454811,-15.644707322032,19.9976775703436));
#2384=CARTESIAN_POINT('Ctrl Pts',(1.6843526667959,-16.1268969066578,19.935317592015));
#2385=CARTESIAN_POINT('Ctrl Pts',(-2.51005517664798,-16.2761854647149,19.8129179016838));
#2386=CARTESIAN_POINT('Ctrl Pts',(-8.32882886486922,-14.2072923102643,19.6327994232288));
#2387=CARTESIAN_POINT('Ctrl Pts',(-12.9765529746073,-10.1403023966565,19.4526825380345));
#2388=CARTESIAN_POINT('Ctrl Pts',(-15.7993107087941,-4.64736556953603,19.2725647927403));
#2389=CARTESIAN_POINT('Ctrl Pts',(-16.4002648689512,1.4991332238371,19.0924474928884));
#2390=CARTESIAN_POINT('Ctrl Pts',(-14.6949148191248,7.43484901987626,18.912329960884));
#2391=CARTESIAN_POINT('Ctrl Pts',(-10.9229334466692,12.3249119229384,18.732212557787));
#2392=CARTESIAN_POINT('Ctrl Pts',(-5.61512036551658,15.4819621668362,18.5520950796136));
#2393=CARTESIAN_POINT('Ctrl Pts',(0.482817044443455,16.4613802561932,18.3719776756699));
#2394=CARTESIAN_POINT('Ctrl Pts',(6.51191446944262,15.1267107853969,18.1918601862683));
#2395=CARTESIAN_POINT('Ctrl Pts',(11.6270927896887,11.6631479710186,18.0117428552671));
#2396=CARTESIAN_POINT('Ctrl Pts',(15.1035897415134,6.56263727822669,17.8316252391623));
#2397=CARTESIAN_POINT('Ctrl Pts',(16.4630504570676,0.532983674420511,17.6515081745765));
#2398=CARTESIAN_POINT('Ctrl Pts',(15.4941593710019,-5.55969883442921,17.471390100242));
#2399=CARTESIAN_POINT('Ctrl Pts',(11.557647035242,-12.2731138333561,17.2445761253372));
#2400=CARTESIAN_POINT('Ctrl Pts',(3.0769131438734,-17.0667754251689,16.9710641287103));
#2401=CARTESIAN_POINT('Ctrl Pts',(-8.19774414803967,-15.2774264567918,16.6508555687232));
#2402=CARTESIAN_POINT('Ctrl Pts',(-15.9186032907076,-6.87568041955346,16.3306469552695));
#2403=CARTESIAN_POINT('Ctrl Pts',(-16.7422703381838,4.50488106279036,16.0104378161337));
#2404=CARTESIAN_POINT('Ctrl Pts',(-10.3162078223067,13.9401879266,15.6902290460654));
#2405=CARTESIAN_POINT('Ctrl Pts',(-0.330616541817018,17.0392925823067,15.3967044789532));
#2406=CARTESIAN_POINT('Ctrl Pts',(8.57353557414424,14.4138298315704,15.1298634342192));
#2407=CARTESIAN_POINT('Ctrl Pts',(14.4624270054533,8.50497311031222,14.8897074787865));
#2408=CARTESIAN_POINT('Ctrl Pts',(16.7695255449806,0.475221720461766,14.6495504914223));
#2409=CARTESIAN_POINT('Ctrl Pts',(14.9224367187609,-7.66455867541573,14.4093941251483));
#2410=CARTESIAN_POINT('Ctrl Pts',(9.37924128022743,-13.9101235946031,14.1692373755388));
#2411=CARTESIAN_POINT('Ctrl Pts',(1.51256978977855,-16.7072694837293,13.9290809564052));
#2412=CARTESIAN_POINT('Ctrl Pts',(-6.7284635489959,-15.3686134149783,13.6889242314044));
#2413=CARTESIAN_POINT('Ctrl Pts',(-13.3033827592297,-10.219521618775,13.4487677597176));
#2414=CARTESIAN_POINT('Ctrl Pts',(-16.5819949362936,-2.54512998666221,13.2086109645533));
#2415=CARTESIAN_POINT('Ctrl Pts',(-15.7550786566583,5.7707927097538,12.9684548952165));
#2416=CARTESIAN_POINT('Ctrl Pts',(-11.0228494042745,12.6384513965212,12.7282980360561));
#2417=CARTESIAN_POINT('Ctrl Pts',(-2.73500397002113,16.8247809187922,12.4614569976686));
#2418=CARTESIAN_POINT('Ctrl Pts',(7.64379510869793,15.5620264373797,12.1679328715178));
#2419=CARTESIAN_POINT('Ctrl Pts',(15.6628985532288,7.44296802119997,11.8477238179948));
#2420=CARTESIAN_POINT('Ctrl Pts',(16.8938932073009,-3.91220607474761,11.5275148966094));
#2421=CARTESIAN_POINT('Ctrl Pts',(11.8200728313887,-11.9356738083114,11.2606746301782));
#2422=CARTESIAN_POINT('Ctrl Pts',(4.36038410494911,-16.0545390090031,11.0116230487734));
#2423=CARTESIAN_POINT('Ctrl Pts',(-3.0862966063316,-16.4931061448292,10.7981503731548));
#2424=CARTESIAN_POINT('Ctrl Pts',(-11.4239573864075,-12.526006105497,10.531309884599));
#2425=CARTESIAN_POINT('Ctrl Pts',(-16.8764461492246,-3.99328073545533,10.2466799584595));
#2426=CARTESIAN_POINT('Ctrl Pts',(-15.695488866532,7.37212450766453,9.92647131014718));
#2427=CARTESIAN_POINT('Ctrl Pts',(-8.38369512232021,14.8385283932801,9.63294637226641));
#2428=CARTESIAN_POINT('Ctrl Pts',(0.702164826307948,16.7563984932196,9.36610541411018));
#2429=CARTESIAN_POINT('Ctrl Pts',(8.68876050671649,14.3521378877282,9.12594944697607));
#2430=CARTESIAN_POINT('Ctrl Pts',(14.5332215901778,8.38148597785615,8.88579246221838));
#2431=CARTESIAN_POINT('Ctrl Pts',(16.7717372855514,0.339690269200491,8.64563610490161));
#2432=CARTESIAN_POINT('Ctrl Pts',(14.8602832938044,-7.78681316373623,8.40547933417502));
#2433=CARTESIAN_POINT('Ctrl Pts',(9.26309675046538,-13.9881105001058,8.16532293963955));
#2434=CARTESIAN_POINT('Ctrl Pts',(1.37873012231414,-16.7151858353467,7.9251661908022));
#2435=CARTESIAN_POINT('Ctrl Pts',(-7.77576215344859,-15.1655031709555,7.65832576877592));
#2436=CARTESIAN_POINT('Ctrl Pts',(-15.386022933326,-8.00105873562767,7.36480088410891));
#2437=CARTESIAN_POINT('Ctrl Pts',(-17.022357938792,3.30266191583611,7.04459184749373));
#2438=CARTESIAN_POINT('Ctrl Pts',(-11.7621751087794,12.334626161356,6.75106767992607));
#2439=CARTESIAN_POINT('Ctrl Pts',(-3.42285271392816,16.4179080007533,6.48422673247179));
#2440=CARTESIAN_POINT('Ctrl Pts',(4.90940477237847,16.0442144159476,6.24406983605111));
#2441=CARTESIAN_POINT('Ctrl Pts',(12.0388180953056,11.6832486838437,6.00391363904652));
#2442=CARTESIAN_POINT('Ctrl Pts',(16.177128533041,4.43949612629162,5.76375719111768));
#2443=CARTESIAN_POINT('Ctrl Pts',(16.3159588840881,-3.91651692775533,5.52359992342621));
#2444=CARTESIAN_POINT('Ctrl Pts',(13.0560416740095,-10.0556533516259,5.32346987587579));
#2445=CARTESIAN_POINT('Ctrl Pts',(7.88656917065818,-14.472880711607,5.12333955861216));
#2446=CARTESIAN_POINT('Ctrl Pts',(2.62706261563535,-16.2729379280248,4.96323466846663));
#2447=CARTESIAN_POINT('Ctrl Pts',(-4.16572746455478,-15.9448089757307,4.76310465218757));
#2448=CARTESIAN_POINT('Ctrl Pts',(-10.5016769321331,-13.0858589434592,4.56297370928131));
#2449=CARTESIAN_POINT('Ctrl Pts',(-15.5087747584233,-6.39664224091647,4.32281755347729));
#2450=CARTESIAN_POINT('Ctrl Pts',(-16.6713555326407,1.86792181018741,4.08266037187025));
#2451=CARTESIAN_POINT('Ctrl Pts',(-13.7062092891779,9.67483003378964,3.84250465222129));
#2452=CARTESIAN_POINT('Ctrl Pts',(-7.34463359245937,15.0826220905827,3.60234755451634));
#2453=CARTESIAN_POINT('Ctrl Pts',(0.834481221838394,16.7553395635221,3.36219121789331));
#2454=CARTESIAN_POINT('Ctrl Pts',(8.8099236999772,14.2780923608906,3.12203468186189));
#2455=CARTESIAN_POINT('Ctrl Pts',(14.1148416254916,8.76349845100858,2.90189076215778));
#2456=CARTESIAN_POINT('Ctrl Pts',(16.31166949197,2.26151794003466,2.70176070342118));
#2457=CARTESIAN_POINT('Ctrl Pts',(15.9987271968907,-3.90612074912169,2.5216430870599));
#2458=CARTESIAN_POINT('Ctrl Pts',(13.4361472703812,-9.5231390400713,2.341525705014));
#2459=CARTESIAN_POINT('Ctrl Pts',(8.9796481508053,-13.8063032821031,2.16140826876395));
#2460=CARTESIAN_POINT('Ctrl Pts',(3.27075293861186,-16.1362606357879,1.9812906638772));
#2461=CARTESIAN_POINT('Ctrl Pts',(-3.94770768004525,-16.2311667411593,1.77115473734451));
#2462=CARTESIAN_POINT('Ctrl Pts',(-9.58533598720732,-13.4189380776033,1.5910354567371));
#2463=CARTESIAN_POINT('Ctrl Pts',(-15.0455809804269,-7.38961753937205,1.35088091177584));
#2464=CARTESIAN_POINT('Ctrl Pts',(-17.5690948767691,2.0354535694405,1.08070188070737));
#2465=CARTESIAN_POINT('Ctrl Pts',(-13.2085858390761,10.1784586744644,0.825538670324886));
#2466=CARTESIAN_POINT('Ctrl Pts',(-8.37043400592822,13.845747003756,0.645419197164564));
#2467=CARTESIAN_POINT('Ctrl Pts',(-4.72476747729848,15.68822821589,0.525341673096004));
#2468=CARTESIAN_POINT('Ctrl Pts',(0.888385018327621,16.4426109713899,0.360233583708305));
#2469=CARTESIAN_POINT('Ctrl Pts',(6.88201821028502,14.9628108748303,0.180117001277669));
#2470=CARTESIAN_POINT('Ctrl Pts',(10.2334367267072,12.5699558705038,0.0600374458180244));
#2471=CARTESIAN_POINT('Ctrl Pts',(11.6301249026797,11.107559164215,9.36750677027476E-16));
#2472=CARTESIAN_POINT('Ctrl Pts',(9.33724477674145,-13.0940267228108,-0.818258985015367));
#2473=CARTESIAN_POINT('Ctrl Pts',(11.5058249360837,-11.5476297133646,-0.739183176062937));
#2474=CARTESIAN_POINT('Ctrl Pts',(15.0577829873287,-7.35827101246238,-0.581031558158079));
#2475=CARTESIAN_POINT('Ctrl Pts',(16.7439761926103,0.710140357617785,-0.343804131300788));
#2476=CARTESIAN_POINT('Ctrl Pts',(14.381203452431,8.60476656058744,-0.106576704443501));
#2477=CARTESIAN_POINT('Ctrl Pts',(8.54071842676202,14.4195846446407,0.130650722413789));
#2478=CARTESIAN_POINT('Ctrl Pts',(0.634921096405626,16.7469317486649,0.367878149271077));
#2479=CARTESIAN_POINT('Ctrl Pts',(-7.42442120827161,15.0247730631095,0.605105576128366));
#2480=CARTESIAN_POINT('Ctrl Pts',(-13.6883767572146,9.66917337734807,0.842333002985655));
#2481=CARTESIAN_POINT('Ctrl Pts',(-16.6421936810235,1.97542876858918,1.07956042984294));
#2482=CARTESIAN_POINT('Ctrl Pts',(-15.5715732978257,-6.19605049501974,1.31678785670023));
#2483=CARTESIAN_POINT('Ctrl Pts',(-10.7354158766632,-12.8691757188262,1.55401528355752));
#2484=CARTESIAN_POINT('Ctrl Pts',(-3.30320635945656,-16.43026938494,1.79124271041481));
#2485=CARTESIAN_POINT('Ctrl Pts',(4.92778856550896,-16.018170068659,2.0284701372721));
#2486=CARTESIAN_POINT('Ctrl Pts',(11.9671394956963,-11.7325388865772,2.26569756412939));
#2487=CARTESIAN_POINT('Ctrl Pts',(16.1125815895235,-4.60972916253949,2.50292499098668));
#2488=CARTESIAN_POINT('Ctrl Pts',(16.3616588496727,3.6278105081492,2.74015241784396));
#2489=CARTESIAN_POINT('Ctrl Pts',(12.6541390723509,10.9880687539016,2.97737984470125));
#2490=CARTESIAN_POINT('Ctrl Pts',(5.88657939059656,15.6911781696785,3.21460727155854));
#2491=CARTESIAN_POINT('Ctrl Pts',(-2.30448036393407,16.5998271196515,3.45183469841583));
#2492=CARTESIAN_POINT('Ctrl Pts',(-9.93826776220231,13.4942848494264,3.68906212527312));
#2493=CARTESIAN_POINT('Ctrl Pts',(-15.1687706860353,7.12553757632103,3.92628955213041));
#2494=CARTESIAN_POINT('Ctrl Pts',(-16.7311423046882,-0.966316212328567,
4.1635169789877));
#2495=CARTESIAN_POINT('Ctrl Pts',(-14.2475679385086,-8.82449418765255,4.40074440584499));
#2496=CARTESIAN_POINT('Ctrl Pts',(-8.31862868043459,-14.5487218245057,4.63797183270228));
#2497=CARTESIAN_POINT('Ctrl Pts',(-0.37806811781352,-16.7547591547503,4.87519925955957));
#2498=CARTESIAN_POINT('Ctrl Pts',(7.6539173550613,-14.9091394441507,5.11242668641685));
#2499=CARTESIAN_POINT('Ctrl Pts',(13.8350228564237,-9.45817278348116,5.34965411327414));
#2500=CARTESIAN_POINT('Ctrl Pts',(16.670525639296,-1.72001882269884,5.58688154013144));
#2501=CARTESIAN_POINT('Ctrl Pts',(15.4747408358441,6.43407226446479,5.82410896698871));
#2502=CARTESIAN_POINT('Ctrl Pts',(10.5368346390508,13.0322678621155,6.06133639384602));
#2503=CARTESIAN_POINT('Ctrl Pts',(3.05089776832292,16.4789839689255,6.29856382070329));
#2504=CARTESIAN_POINT('Ctrl Pts',(-5.1728110579322,15.9407313382937,6.53579124756059));
#2505=CARTESIAN_POINT('Ctrl Pts',(-12.1456241742722,11.5476709018798,6.77301867441787));
#2506=CARTESIAN_POINT('Ctrl Pts',(-16.1813670973091,4.36213808847068,7.01024610127517));
#2507=CARTESIAN_POINT('Ctrl Pts',(-16.3041113710817,-3.87825247245861,7.24747352813246));
#2508=CARTESIAN_POINT('Ctrl Pts',(-12.484174820123,-11.1807991172983,7.48470095498974));
#2509=CARTESIAN_POINT('Ctrl Pts',(-5.64529933065854,-15.7795907839219,7.72192838184704));
#2510=CARTESIAN_POINT('Ctrl Pts',(2.55872958018979,-16.5625418573428,7.95915580870431));
#2511=CARTESIAN_POINT('Ctrl Pts',(10.1440032690037,-13.3403181191158,8.19638323556162));
#2512=CARTESIAN_POINT('Ctrl Pts',(15.2762412624378,-6.89212178741517,8.4336106624189));
#2513=CARTESIAN_POINT('Ctrl Pts',(16.7143592803293,1.22273614849607,8.67083808927618));
#2514=CARTESIAN_POINT('Ctrl Pts',(14.1105898054067,9.04191048309606,8.90806551613348));
#2515=CARTESIAN_POINT('Ctrl Pts',(8.09457966399164,14.6745585931592,9.14529294299076));
#2516=CARTESIAN_POINT('Ctrl Pts',(0.121128034407828,16.7585863914606,9.38252036984805));
#2517=CARTESIAN_POINT('Ctrl Pts',(-7.88161492959631,14.7900316410187,9.61974779670534));
#2518=CARTESIAN_POINT('Ctrl Pts',(-13.9784158067504,9.24493274039129,9.85697522356262));
#2519=CARTESIAN_POINT('Ctrl Pts',(-16.6949385008722,1.46421251629075,10.0942026504199));
#2520=CARTESIAN_POINT('Ctrl Pts',(-15.3742700596215,-6.67058542967512,10.3314300772772));
#2521=CARTESIAN_POINT('Ctrl Pts',(-10.3357761951574,-13.1922939735433,10.5686575041345));
#2522=CARTESIAN_POINT('Ctrl Pts',(-2.797871863856,-16.5238253099642,10.8058849309918));
#2523=CARTESIAN_POINT('Ctrl Pts',(5.41661737885894,-15.859544319173,11.0431123578491));
#2524=CARTESIAN_POINT('Ctrl Pts',(12.3212533588924,-11.3600882702007,11.2803397847064));
#2525=CARTESIAN_POINT('Ctrl Pts',(16.2463482741534,-4.11352131338607,11.5175672115637));
#2526=CARTESIAN_POINT('Ctrl Pts',(16.2427307098112,4.1277825680779,11.7547946384209));
#2527=CARTESIAN_POINT('Ctrl Pts',(12.3112754698482,11.3709008502529,11.9920220652782));
#2528=CARTESIAN_POINT('Ctrl Pts',(5.4026920308569,15.8642935128067,12.2292494921355));
#2529=CARTESIAN_POINT('Ctrl Pts',(-2.81237722555773,16.5213626611715,12.4664769189928));
#2530=CARTESIAN_POINT('Ctrl Pts',(-10.3473538656507,13.183215003167,12.7037043458501));
#2531=CARTESIAN_POINT('Ctrl Pts',(-15.3801203119953,6.65708562581338,12.9409317727074));
#2532=CARTESIAN_POINT('Ctrl Pts',(-16.6936466196914,-1.47886861400729,13.1781591995647));
#2533=CARTESIAN_POINT('Ctrl Pts',(-13.9702941963743,-9.25720097586996,13.415386626422));
#2534=CARTESIAN_POINT('Ctrl Pts',(-7.86862756807711,-14.796945294072,13.6526140532793));
#2535=CARTESIAN_POINT('Ctrl Pts',(0.135840526815251,-16.7584735937145,13.8898414801365));
#2536=CARTESIAN_POINT('Ctrl Pts',(8.10745949391548,-14.6674466216093,14.1270689069938));
#2537=CARTESIAN_POINT('Ctrl Pts',(14.1185223558099,-9.02951916349322,14.3642963338511));
#2538=CARTESIAN_POINT('Ctrl Pts',(16.7154262923973,-1.20806196580791,14.6015237607084));
#2539=CARTESIAN_POINT('Ctrl Pts',(15.2701847088761,6.90553030455585,14.8387511875657));
#2540=CARTESIAN_POINT('Ctrl Pts',(10.1322877553895,13.3492185046137,15.075978614423));
#2541=CARTESIAN_POINT('Ctrl Pts',(2.54418816263346,16.5647818117294,15.3132060412803));
#2542=CARTESIAN_POINT('Ctrl Pts',(-5.65915021991295,15.7746286326857,15.5504334681376));
#2543=CARTESIAN_POINT('Ctrl Pts',(-12.4939857577801,11.1698348257468,15.7876608949949));
#2544=CARTESIAN_POINT('Ctrl Pts',(-16.3075098318269,3.86393741658172,16.0248883218521));
#2545=CARTESIAN_POINT('Ctrl Pts',(-16.1775313239309,-4.37634217881804,16.2621157487094));
#2546=CARTESIAN_POINT('Ctrl Pts',(-12.1354816147187,-11.5583292639955,16.4993431755667));
#2547=CARTESIAN_POINT('Ctrl Pts',(-5.15881464187659,-15.9452663797686,16.736570602424));
#2548=CARTESIAN_POINT('Ctrl Pts',(3.06536388791029,-16.4762993620897,16.9737980292813));
#2549=CARTESIAN_POINT('Ctrl Pts',(10.5482713067421,-13.0230121298495,17.2110254561386));
#2550=CARTESIAN_POINT('Ctrl Pts',(15.4803842709128,-6.42048496141262,17.4482528829958));
#2551=CARTESIAN_POINT('Ctrl Pts',(16.6690075036295,1.73465459699707,17.6854803098532));
#2552=CARTESIAN_POINT('Ctrl Pts',(13.8267174167647,9.47031267611217,17.9227077367104));
#2553=CARTESIAN_POINT('Ctrl Pts',(7.64081898426018,14.9158578226744,18.1599351635678));
#2554=CARTESIAN_POINT('Ctrl Pts',(-0.392764307881458,16.7544116055182,18.397162590425));
#2555=CARTESIAN_POINT('Ctrl Pts',(-8.33142320739084,14.5414312643262,18.6343900172823));
#2556=CARTESIAN_POINT('Ctrl Pts',(-14.2552598936369,8.81194718311275,18.8716174441396));
#2557=CARTESIAN_POINT('Ctrl Pts',(-16.7320819049907,0.951697270078545,19.1088448709969));
#2558=CARTESIAN_POINT('Ctrl Pts',(-15.1623167596202,-7.13898947914591,19.3460722978542));
#2559=CARTESIAN_POINT('Ctrl Pts',(-9.926799673061,-13.5027288470566,19.5832997247115));
#2560=CARTESIAN_POINT('Ctrl Pts',(-2.28910953053684,-16.6024383252441,19.8205271515688));
#2561=CARTESIAN_POINT('Ctrl Pts',(3.16912907721863,-15.9902589206277,19.9786787694736));
#2562=CARTESIAN_POINT('Ctrl Pts',(5.66206866181066,-15.0525298308095,20.057754578426));
#2563=CARTESIAN_POINT('Ctrl Pts',(9.06295917845541,-12.709384032219,-0.545505990010245));
#2564=CARTESIAN_POINT('Ctrl Pts',(11.1678363589577,-11.2084131028495,-0.466430181057815));
#2565=CARTESIAN_POINT('Ctrl Pts',(14.6154541082756,-7.14211862326598,-0.308278563152957));
#2566=CARTESIAN_POINT('Ctrl Pts',(16.2521146598466,0.689279677886934,-0.0710511362956664));
#2567=CARTESIAN_POINT('Ctrl Pts',(13.9587493894456,8.35199782627499,0.166176290561621));
#2568=CARTESIAN_POINT('Ctrl Pts',(8.28983113404455,13.9960031175565,0.403403717418912));
#2569=CARTESIAN_POINT('Ctrl Pts',(0.616270014961778,16.2549833951656,0.640631144276198));
#2570=CARTESIAN_POINT('Ctrl Pts',(-7.20632562850156,14.5834138648381,0.87785857113349));
#2571=CARTESIAN_POINT('Ctrl Pts',(-13.2862747776489,9.38513723305166,1.11508599799078));
#2572=CARTESIAN_POINT('Ctrl Pts',(-16.1533220534999,1.91739969527906,1.35231342484807));
#2573=CARTESIAN_POINT('Ctrl Pts',(-15.114151606484,-6.01403883551281,1.58954085170535));
#2574=CARTESIAN_POINT('Ctrl Pts',(-10.4200583984149,-12.4911381235948,1.82676827856264));
#2575=CARTESIAN_POINT('Ctrl Pts',(-3.20617324591726,-15.9476231251487,2.06399570541993));
#2576=CARTESIAN_POINT('Ctrl Pts',(4.78303264797272,-15.5476294042787,2.30122313227722));
#2577=CARTESIAN_POINT('Ctrl Pts',(11.6155996041294,-11.3878904892325,2.53845055913451));
#2578=CARTESIAN_POINT('Ctrl Pts',(15.6392675459393,-4.47431637734259,2.7756779859918));
#2579=CARTESIAN_POINT('Ctrl Pts',(15.8810280539894,3.52124200753812,3.01290541284909));
#2580=CARTESIAN_POINT('Ctrl Pts',(12.2824182714889,10.6652894882579,3.25013283970637));
#2581=CARTESIAN_POINT('Ctrl Pts',(5.71365857844971,15.230243033566,3.48736026656367));
#2582=CARTESIAN_POINT('Ctrl Pts',(-2.23678525788582,16.1122000281673,3.72458769342095));
#2583=CARTESIAN_POINT('Ctrl Pts',(-9.64632685412279,13.0978844034847,3.96181512027825));
#2584=CARTESIAN_POINT('Ctrl Pts',(-14.7231814953945,6.91622183233418,4.19904254713553));
#2585=CARTESIAN_POINT('Ctrl Pts',(-16.2396577729255,-0.937930256217382,
4.43626997399282));
#2586=CARTESIAN_POINT('Ctrl Pts',(-13.829039476465,-8.56527085938969,4.67349740085011));
#2587=CARTESIAN_POINT('Ctrl Pts',(-8.0742653699411,-14.1213468369856,4.9107248277074));
#2588=CARTESIAN_POINT('Ctrl Pts',(-0.366962203556486,-16.2625808678164,
5.14795225456468));
#2589=CARTESIAN_POINT('Ctrl Pts',(7.42908022685467,-14.4711770333809,5.38517968142198));
#2590=CARTESIAN_POINT('Ctrl Pts',(13.428613084354,-9.18033487276557,5.62240710827926));
#2591=CARTESIAN_POINT('Ctrl Pts',(16.1808217482609,-1.66949252686663,5.85963453513656));
#2592=CARTESIAN_POINT('Ctrl Pts',(15.0201636398973,6.24506861267338,6.09686196199384));
#2593=CARTESIAN_POINT('Ctrl Pts',(10.2273105704292,12.6494393647318,6.33408938885113));
#2594=CARTESIAN_POINT('Ctrl Pts',(2.96127632862601,15.9949066971887,6.57131681570842));
#2595=CARTESIAN_POINT('Ctrl Pts',(-5.02085749885022,15.4724654700654,6.80854424256571));
#2596=CARTESIAN_POINT('Ctrl Pts',(-11.7888412181805,11.2084530814343,7.04577166942299));
#2597=CARTESIAN_POINT('Ctrl Pts',(-15.7060324497237,4.23399839801479,7.28299909628029));
#2598=CARTESIAN_POINT('Ctrl Pts',(-15.8251710574381,-3.76432713097434,7.52022652313758));
#2599=CARTESIAN_POINT('Ctrl Pts',(-12.1174467925817,-10.8523583139852,7.75745394999486));
#2600=CARTESIAN_POINT('Ctrl Pts',(-5.47946622448673,-15.3160584890786,7.99468137685216));
#2601=CARTESIAN_POINT('Ctrl Pts',(2.48356579359798,-16.0760100365433,8.23190880370944));
#2602=CARTESIAN_POINT('Ctrl Pts',(9.84601879155009,-12.9484405123787,8.46913623056674));
#2603=CARTESIAN_POINT('Ctrl Pts',(14.8274950771962,-6.68966273304504,8.70636365742402));
#2604=CARTESIAN_POINT('Ctrl Pts',(16.2233677571561,1.18681774600635,8.94359108428131));
#2605=CARTESIAN_POINT('Ctrl Pts',(13.6960851351869,8.77630045724748,9.18081851113859));
#2606=CARTESIAN_POINT('Ctrl Pts',(7.85679789012805,14.2434870962082,9.4180459379959));
#2607=CARTESIAN_POINT('Ctrl Pts',(0.117569846079128,16.2662956777953,9.65527336485317));
#2608=CARTESIAN_POINT('Ctrl Pts',(-7.65008908678994,14.3555680734113,9.89250079171045));
#2609=CARTESIAN_POINT('Ctrl Pts',(-13.5677938048301,8.97335884804471,10.1297282185678));
#2610=CARTESIAN_POINT('Ctrl Pts',(-16.2045174714839,1.42120064119787,10.366955645425));
#2611=CARTESIAN_POINT('Ctrl Pts',(-14.9226442361218,-6.47463410150024,10.6041830722823));
#2612=CARTESIAN_POINT('Ctrl Pts',(-10.0321583051668,-12.8047646400174,10.8414104991396));
#2613=CARTESIAN_POINT('Ctrl Pts',(-2.71568316939046,-16.0384308044665,11.0786379259969));
#2614=CARTESIAN_POINT('Ctrl Pts',(5.25750190379422,-15.3936633546979,11.3158653528542));
#2615=CARTESIAN_POINT('Ctrl Pts',(11.9593112196442,-11.026380770582,11.5530927797115));
#2616=CARTESIAN_POINT('Ctrl Pts',(15.7691047764313,-3.99268484808153,11.7903202065688));
#2617=CARTESIAN_POINT('Ctrl Pts',(15.7655934796041,4.00652717225704,12.0275476334261));
#2618=CARTESIAN_POINT('Ctrl Pts',(11.9496264354003,11.036875726425,12.2647750602833));
#2619=CARTESIAN_POINT('Ctrl Pts',(5.24398561890439,15.3982730387173,12.5020024871407));
#2620=CARTESIAN_POINT('Ctrl Pts',(-2.72976242982703,16.0360404970457,12.7392299139979));
#2621=CARTESIAN_POINT('Ctrl Pts',(-10.0433958765888,12.7959523683173,12.9764573408552));
#2622=CARTESIAN_POINT('Ctrl Pts',(-14.9283226348052,6.46153086020779,13.2136847677125));
#2623=CARTESIAN_POINT('Ctrl Pts',(-16.2032635398707,-1.43542620971371,13.4509121945698));
#2624=CARTESIAN_POINT('Ctrl Pts',(-13.5599107702667,-8.98526669880728,13.6881396214271));
#2625=CARTESIAN_POINT('Ctrl Pts',(-7.63748323462489,-14.36227863492,13.9253670482844));
#2626=CARTESIAN_POINT('Ctrl Pts',(0.131850152667441,-16.2661861935316,14.1625944751417));
#2627=CARTESIAN_POINT('Ctrl Pts',(7.8692993694848,-14.2365840418944,14.3998219019989));
#2628=CARTESIAN_POINT('Ctrl Pts',(13.7037846634958,-8.76427313801004,14.6370493288563));
#2629=CARTESIAN_POINT('Ctrl Pts',(16.2244034252837,-1.17257462377275,14.8742767557135));
#2630=CARTESIAN_POINT('Ctrl Pts',(14.8216164375114,6.70267736920331,15.1115041825708));
#2631=CARTESIAN_POINT('Ctrl Pts',(9.83464742620847,12.9570794452083,15.3487316094281));
#2632=CARTESIAN_POINT('Ctrl Pts',(2.46945153646312,16.0781841913023,15.5859590362854));
#2633=CARTESIAN_POINT('Ctrl Pts',(-5.49291023788679,15.3112421031782,15.8231864631427));
#2634=CARTESIAN_POINT('Ctrl Pts',(-12.1269695297075,10.8417161032337,16.06041389));
#2635=CARTESIAN_POINT('Ctrl Pts',(-15.828469686931,3.75043258604681,16.2976413168573));
#2636=CARTESIAN_POINT('Ctrl Pts',(-15.7023093538452,-4.24778523707314,16.5348687437145));
#2637=CARTESIAN_POINT('Ctrl Pts',(-11.7789966006947,-11.2187983495593,16.7720961705718));
#2638=CARTESIAN_POINT('Ctrl Pts',(-5.0072722335616,-15.4768672927382,17.0093235974291));
#2639=CARTESIAN_POINT('Ctrl Pts',(2.97531749970227,-15.9923009518383,17.2465510242864));
#2640=CARTESIAN_POINT('Ctrl Pts',(10.2384112810673,-12.6404555235988,17.4837784511437));
#2641=CARTESIAN_POINT('Ctrl Pts',(15.0256412966232,-6.23188044251702,17.721005878001));
#2642=CARTESIAN_POINT('Ctrl Pts',(16.1793482084854,1.68369836897334,17.9582333048583));
#2643=CARTESIAN_POINT('Ctrl Pts',(13.4205516205722,9.19211815080707,18.1954607317156));
#2644=CARTESIAN_POINT('Ctrl Pts',(7.4163666263533,14.4776980566337,18.4326881585729));
#2645=CARTESIAN_POINT('Ctrl Pts',(-0.381226686693571,16.2622435279932,18.6699155854301));
#2646=CARTESIAN_POINT('Ctrl Pts',(-8.08668405214179,14.1142704401604,18.9071430122875));
#2647=CARTESIAN_POINT('Ctrl Pts',(-13.836505477089,8.55309242852756,19.1443704391447));
#2648=CARTESIAN_POINT('Ctrl Pts',(-16.2405697720632,0.923740751710206,19.381597866002));
#2649=CARTESIAN_POINT('Ctrl Pts',(-14.7169171558555,-6.92927857970342,19.6188252928593));
#2650=CARTESIAN_POINT('Ctrl Pts',(-9.63519564505334,-13.1060803550373,19.8560527197166));
#2651=CARTESIAN_POINT('Ctrl Pts',(-2.22186594935862,-16.1147345284678,20.0932801465739));
#2652=CARTESIAN_POINT('Ctrl Pts',(3.07603454175612,-15.5205381582762,20.2514317644787));
#2653=CARTESIAN_POINT('Ctrl Pts',(5.49574294929322,-14.6103552654981,20.3305075734312));
#2654=CARTESIAN_POINT('Ctrl Pts',(8.78867358016938,-12.3247413416273,-0.272752995005123));
#2655=CARTESIAN_POINT('Ctrl Pts',(10.8298477818317,-10.8691964923344,-0.193677186052693));
#2656=CARTESIAN_POINT('Ctrl Pts',(14.1731252292224,-6.9259662340696,-0.035525568147835));
#2657=CARTESIAN_POINT('Ctrl Pts',(15.760253127083,0.668418998156086,0.201701858709455));
#2658=CARTESIAN_POINT('Ctrl Pts',(13.5362953264602,8.09922909196255,0.438929285566742));
#2659=CARTESIAN_POINT('Ctrl Pts',(8.03894384132708,13.5724215904722,0.676156712424034));
#2660=CARTESIAN_POINT('Ctrl Pts',(0.597618933517915,15.7630350416663,0.913384139281319));
#2661=CARTESIAN_POINT('Ctrl Pts',(-6.98823004873149,14.1420546665666,1.15061156613861));
#2662=CARTESIAN_POINT('Ctrl Pts',(-12.8841727980832,9.10110108875525,1.3878389929959));
#2663=CARTESIAN_POINT('Ctrl Pts',(-15.6644504259763,1.85937062196895,1.62506641985319));
#2664=CARTESIAN_POINT('Ctrl Pts',(-14.6567299151422,-5.83202717600592,1.86229384671048));
#2665=CARTESIAN_POINT('Ctrl Pts',(-10.1047009201666,-12.1131005283634,2.09952127356776));
#2666=CARTESIAN_POINT('Ctrl Pts',(-3.10914013237795,-15.4649768653576,2.33674870042505));
#2667=CARTESIAN_POINT('Ctrl Pts',(4.63827673043648,-15.0770887398984,2.57397612728234));
#2668=CARTESIAN_POINT('Ctrl Pts',(11.2640597125625,-11.0432420918878,2.81120355413963));
#2669=CARTESIAN_POINT('Ctrl Pts',(15.1659535023551,-4.33890359214567,3.04843098099692));
#2670=CARTESIAN_POINT('Ctrl Pts',(15.4003972583062,3.41467350692703,3.28565840785421));
#2671=CARTESIAN_POINT('Ctrl Pts',(11.910697470627,10.3425102226142,3.5228858347115));
#2672=CARTESIAN_POINT('Ctrl Pts',(5.54073776630286,14.7693078974535,3.76011326156879));
#2673=CARTESIAN_POINT('Ctrl Pts',(-2.16909015183757,15.6245729366831,3.99734068842608));
#2674=CARTESIAN_POINT('Ctrl Pts',(-9.35438594604329,12.7014839575429,4.23456811528336));
#2675=CARTESIAN_POINT('Ctrl Pts',(-14.2775923047538,6.70690608834733,4.47179554214066));
#2676=CARTESIAN_POINT('Ctrl Pts',(-15.7481732411629,-0.909544300106199,
4.70902296899794));
#2677=CARTESIAN_POINT('Ctrl Pts',(-13.4105110144213,-8.30604753112684,4.94625039585524));
#2678=CARTESIAN_POINT('Ctrl Pts',(-7.82990205944763,-13.6939718494656,5.18347782271252));
#2679=CARTESIAN_POINT('Ctrl Pts',(-0.355856289299448,-15.7704025808825,
5.42070524956981));
#2680=CARTESIAN_POINT('Ctrl Pts',(7.20424309864805,-14.0332146226112,5.6579326764271));
#2681=CARTESIAN_POINT('Ctrl Pts',(13.0222033122842,-8.90249696204997,5.89516010328439));
#2682=CARTESIAN_POINT('Ctrl Pts',(15.6911178572258,-1.61896623103444,6.13238753014167));
#2683=CARTESIAN_POINT('Ctrl Pts',(14.5655864439503,6.056064960882,6.36961495699897));
#2684=CARTESIAN_POINT('Ctrl Pts',(9.91778650180752,12.266610867348,6.60684238385625));
#2685=CARTESIAN_POINT('Ctrl Pts',(2.87165488892908,15.5108294254521,6.84406981071355));
#2686=CARTESIAN_POINT('Ctrl Pts',(-4.86890393976823,15.0041996018371,7.08129723757083));
#2687=CARTESIAN_POINT('Ctrl Pts',(-11.4320582620888,10.8692352609888,7.31852466442811));
#2688=CARTESIAN_POINT('Ctrl Pts',(-15.2306978021382,4.10585870755888,7.55575209128542));
#2689=CARTESIAN_POINT('Ctrl Pts',(-15.3462307437946,-3.65040178949006,7.7929795181427));
#2690=CARTESIAN_POINT('Ctrl Pts',(-11.7507187650403,-10.5239175106721,8.03020694499999));
#2691=CARTESIAN_POINT('Ctrl Pts',(-5.31363311831493,-14.8525261942352,8.26743437185727));
#2692=CARTESIAN_POINT('Ctrl Pts',(2.40840200700618,-15.5894782157437,8.50466179871456));
#2693=CARTESIAN_POINT('Ctrl Pts',(9.54803431409642,-12.5565629056416,8.74188922557186));
#2694=CARTESIAN_POINT('Ctrl Pts',(14.3787488919546,-6.48720367867491,8.97911665242914));
#2695=CARTESIAN_POINT('Ctrl Pts',(15.7323762339829,1.15089934351661,9.21634407928643));
#2696=CARTESIAN_POINT('Ctrl Pts',(13.281580464967,8.51069043139891,9.45357150614372));
#2697=CARTESIAN_POINT('Ctrl Pts',(7.61901611626447,13.8124155992571,9.69079893300101));
#2698=CARTESIAN_POINT('Ctrl Pts',(0.114011657750424,15.7740049641299,9.9280263598583));
#2699=CARTESIAN_POINT('Ctrl Pts',(-7.41856324398357,13.9211045058039,10.1652537867156));
#2700=CARTESIAN_POINT('Ctrl Pts',(-13.1571718029098,8.70178495569813,10.4024812135729));
#2701=CARTESIAN_POINT('Ctrl Pts',(-15.7140964420956,1.37818876610499,10.6397086404302));
#2702=CARTESIAN_POINT('Ctrl Pts',(-14.471018412622,-6.27868277332535,10.8769360672875));
#2703=CARTESIAN_POINT('Ctrl Pts',(-9.7285404151763,-12.4172353064916,11.1141634941447));
#2704=CARTESIAN_POINT('Ctrl Pts',(-2.63349447492493,-15.5530362989687,11.351390921002));
#2705=CARTESIAN_POINT('Ctrl Pts',(5.09838642872951,-14.9277823902228,11.5886183478593));
#2706=CARTESIAN_POINT('Ctrl Pts',(11.597369080396,-10.6926732709633,11.8258457747166));
#2707=CARTESIAN_POINT('Ctrl Pts',(15.2918612787092,-3.87184838277703,12.0630732015739));
#2708=CARTESIAN_POINT('Ctrl Pts',(15.2884562493971,3.88527177643622,12.3003006284312));
#2709=CARTESIAN_POINT('Ctrl Pts',(11.5879774009525,10.702850602597,12.5375280552885));
#2710=CARTESIAN_POINT('Ctrl Pts',(5.08527920695188,14.932252564628,12.7747554821458));
#2711=CARTESIAN_POINT('Ctrl Pts',(-2.64714763409632,15.5507183329199,13.0119829090031));
#2712=CARTESIAN_POINT('Ctrl Pts',(-9.73943788752687,12.4086897334676,13.2492103358603));
#2713=CARTESIAN_POINT('Ctrl Pts',(-14.4765249576151,6.26597609460219,13.4864377627176));
#2714=CARTESIAN_POINT('Ctrl Pts',(-15.7128804600501,-1.39198380542012,13.7236651895749));
#2715=CARTESIAN_POINT('Ctrl Pts',(-13.1495273441591,-8.71333242174459,13.9608926164322));
#2716=CARTESIAN_POINT('Ctrl Pts',(-7.40633890117265,-13.9276119757681,14.1981200432895));
#2717=CARTESIAN_POINT('Ctrl Pts',(0.127859778519615,-15.7738987933488,14.4353474701468));
#2718=CARTESIAN_POINT('Ctrl Pts',(7.63113924505414,-13.8057214621794,14.6725748970041));
#2719=CARTESIAN_POINT('Ctrl Pts',(13.2890469711816,-8.49902711252687,14.9098023238614));
#2720=CARTESIAN_POINT('Ctrl Pts',(15.7333805581702,-1.13708728173759,15.1470297507186));
#2721=CARTESIAN_POINT('Ctrl Pts',(14.3730481661466,6.49982443385074,15.384257177576));
#2722=CARTESIAN_POINT('Ctrl Pts',(9.53700709702741,12.5649403858029,15.6214846044332));
#2723=CARTESIAN_POINT('Ctrl Pts',(2.39471491029279,15.5915865708752,15.8587120312905));
#2724=CARTESIAN_POINT('Ctrl Pts',(-5.32667025586065,14.8478555736706,16.0959394581478));
#2725=CARTESIAN_POINT('Ctrl Pts',(-11.7599533016349,10.5135973807206,16.3331668850051));
#2726=CARTESIAN_POINT('Ctrl Pts',(-15.3494295420352,3.63692775551189,16.5703943118624));
#2727=CARTESIAN_POINT('Ctrl Pts',(-15.2270873837594,-4.11922829532824,16.8076217387197));
#2728=CARTESIAN_POINT('Ctrl Pts',(-11.4225115866707,-10.879267435123,17.044849165577));
#2729=CARTESIAN_POINT('Ctrl Pts',(-4.85572982524659,-15.0084682057078,17.2820765924343));
#2730=CARTESIAN_POINT('Ctrl Pts',(2.88527111149424,-15.5083025415869,17.5193040192915));
#2731=CARTESIAN_POINT('Ctrl Pts',(9.92855125539247,-12.2578989173481,17.7565314461488));
#2732=CARTESIAN_POINT('Ctrl Pts',(14.5708983223337,-6.04327592362144,17.9937588730061));
#2733=CARTESIAN_POINT('Ctrl Pts',(15.6896889133412,1.63274214094963,18.2309862998634));
#2734=CARTESIAN_POINT('Ctrl Pts',(13.0143858243797,8.91392362550194,18.4682137267207));
#2735=CARTESIAN_POINT('Ctrl Pts',(7.19191426844643,14.039538290593,18.705441153578));
#2736=CARTESIAN_POINT('Ctrl Pts',(-0.36968906550568,15.770075450468,18.9426685804353));
#2737=CARTESIAN_POINT('Ctrl Pts',(-7.84194489689276,13.6871096159945,19.1798960072926));
#2738=CARTESIAN_POINT('Ctrl Pts',(-13.4177510605411,8.29423767394239,19.4171234341499));
#2739=CARTESIAN_POINT('Ctrl Pts',(-15.7490576391359,0.895784233341845,19.6543508610071));
#2740=CARTESIAN_POINT('Ctrl Pts',(-14.2715175520908,-6.71956768026091,19.8915782878644));
#2741=CARTESIAN_POINT('Ctrl Pts',(-9.34359161704568,-12.7094318630181,20.1288057147217));
#2742=CARTESIAN_POINT('Ctrl Pts',(-2.15462236818041,-15.6270307316915,20.366033141579));
#2743=CARTESIAN_POINT('Ctrl Pts',(2.9829400062936,-15.0508173959248,20.5241847594839));
#2744=CARTESIAN_POINT('Ctrl Pts',(5.32941723677577,-14.1681807001866,20.6032605684363));
#2745=CARTESIAN_POINT('Ctrl Pts',(8.51438798188334,-11.9400986510355,-1.11022302462516E-15));
#2746=CARTESIAN_POINT('Ctrl Pts',(10.4918592047057,-10.5299798818193,0.0790758089524285));
#2747=CARTESIAN_POINT('Ctrl Pts',(13.7307963501693,-6.70981384487321,0.237227426857287));
#2748=CARTESIAN_POINT('Ctrl Pts',(15.2683915943193,0.647558318425228,0.474454853714577));
#2749=CARTESIAN_POINT('Ctrl Pts',(13.1138412634749,7.84646035765011,0.711682280571864));
#2750=CARTESIAN_POINT('Ctrl Pts',(7.78805654860957,13.148840063388,0.948909707429155));
#2751=CARTESIAN_POINT('Ctrl Pts',(0.578967852074088,15.271086688167,1.18613713428644));
#2752=CARTESIAN_POINT('Ctrl Pts',(-6.77013446896147,13.7006954682951,1.42336456114373));
#2753=CARTESIAN_POINT('Ctrl Pts',(-12.4820708185175,8.81706494445884,1.66059198800102));
#2754=CARTESIAN_POINT('Ctrl Pts',(-15.1755787984527,1.80134154865883,1.89781941485831));
#2755=CARTESIAN_POINT('Ctrl Pts',(-14.1993082238004,-5.650015516499,2.1350468417156));
#2756=CARTESIAN_POINT('Ctrl Pts',(-9.78934344191837,-11.735062933132,2.37227426857289));
#2757=CARTESIAN_POINT('Ctrl Pts',(-3.01210701883863,-14.9823306055664,2.60950169543018));
#2758=CARTESIAN_POINT('Ctrl Pts',(4.49352081290024,-14.6065480755181,2.84672912228746));
#2759=CARTESIAN_POINT('Ctrl Pts',(10.9125198209955,-10.6985936945431,3.08395654914475));
#2760=CARTESIAN_POINT('Ctrl Pts',(14.6926394587709,-4.20349080694877,3.32118397600204));
#2761=CARTESIAN_POINT('Ctrl Pts',(14.9197664626229,3.30810500631595,3.55841140285933));
#2762=CARTESIAN_POINT('Ctrl Pts',(11.538976669765,10.0197309569705,3.79563882971662));
#2763=CARTESIAN_POINT('Ctrl Pts',(5.367816954156,14.308372761341,4.03286625657391));
#2764=CARTESIAN_POINT('Ctrl Pts',(-2.10139504578932,15.1369458451989,4.2700936834312));
#2765=CARTESIAN_POINT('Ctrl Pts',(-9.0624450379638,12.3050835116012,4.50732111028849));
#2766=CARTESIAN_POINT('Ctrl Pts',(-13.832003114113,6.49759034436048,4.74454853714577));
#2767=CARTESIAN_POINT('Ctrl Pts',(-15.2566887094002,-0.881158343995015,
4.98177596400307));
#2768=CARTESIAN_POINT('Ctrl Pts',(-12.9919825523776,-8.04682420286398,5.21900339086035));
#2769=CARTESIAN_POINT('Ctrl Pts',(-7.58553874895414,-13.2665968619455,5.45623081771765));
#2770=CARTESIAN_POINT('Ctrl Pts',(-0.344750375042413,-15.2782242939486,
5.69345824457493));
#2771=CARTESIAN_POINT('Ctrl Pts',(6.97940597044143,-13.5952522118414,5.93068567143222));
#2772=CARTESIAN_POINT('Ctrl Pts',(12.6157935402144,-8.62465905133438,6.16791309828951));
#2773=CARTESIAN_POINT('Ctrl Pts',(15.2014139661908,-1.56843993520224,6.4051405251468));
#2774=CARTESIAN_POINT('Ctrl Pts',(14.1110092480034,5.8670613090906,6.64236795200408));
#2775=CARTESIAN_POINT('Ctrl Pts',(9.60826243318587,11.8837823699642,6.87959537886139));
#2776=CARTESIAN_POINT('Ctrl Pts',(2.78203344923217,15.0267521537153,7.11682280571866));
#2777=CARTESIAN_POINT('Ctrl Pts',(-4.71695038068625,14.5359337336088,7.35405023257596));
#2778=CARTESIAN_POINT('Ctrl Pts',(-11.0752753059971,10.5300174405432,7.59127765943324));
#2779=CARTESIAN_POINT('Ctrl Pts',(-14.7553631545528,3.977719017103,7.82850508629053));
#2780=CARTESIAN_POINT('Ctrl Pts',(-14.867290430151,-3.53647644800579,8.06573251314781));
#2781=CARTESIAN_POINT('Ctrl Pts',(-11.383990737499,-10.1954767073589,8.30295994000511));
#2782=CARTESIAN_POINT('Ctrl Pts',(-5.14780001214311,-14.3889938993919,8.54018736686239));
#2783=CARTESIAN_POINT('Ctrl Pts',(2.33323822041437,-15.1029463949442,8.77741479371968));
#2784=CARTESIAN_POINT('Ctrl Pts',(9.25004983664276,-12.1646852989046,9.01464222057698));
#2785=CARTESIAN_POINT('Ctrl Pts',(13.930002706713,-6.28474462430477,9.25186964743426));
#2786=CARTESIAN_POINT('Ctrl Pts',(15.2413847108098,1.11498094102687,9.48909707429155));
#2787=CARTESIAN_POINT('Ctrl Pts',(12.8670757947472,8.24508040555035,9.72632450114885));
#2788=CARTESIAN_POINT('Ctrl Pts',(7.3812343424009,13.3813441023061,9.96355192800612));
#2789=CARTESIAN_POINT('Ctrl Pts',(0.110453469421717,15.2817142504646,10.2007793548634));
#2790=CARTESIAN_POINT('Ctrl Pts',(-7.1870374011772,13.4866409381965,10.4380067817207));
#2791=CARTESIAN_POINT('Ctrl Pts',(-12.7465498009895,8.43021106335155,10.675234208578));
#2792=CARTESIAN_POINT('Ctrl Pts',(-15.2236754127072,1.33517689101211,10.9124616354353));
#2793=CARTESIAN_POINT('Ctrl Pts',(-14.0193925891223,-6.08273144515045,11.1496890622926));
#2794=CARTESIAN_POINT('Ctrl Pts',(-9.42492252518576,-12.0297059729657,11.3869164891499));
#2795=CARTESIAN_POINT('Ctrl Pts',(-2.5513057804594,-15.067641793471,11.6241439160072));
#2796=CARTESIAN_POINT('Ctrl Pts',(4.93927095366477,-14.4619014257477,11.8613713428644));
#2797=CARTESIAN_POINT('Ctrl Pts',(11.2354269411479,-10.3589657713446,12.0985987697217));
#2798=CARTESIAN_POINT('Ctrl Pts',(14.814617780987,-3.75101191747249,12.335826196579));
#2799=CARTESIAN_POINT('Ctrl Pts',(14.81131901919,3.76401638061537,12.5730536234363));
#2800=CARTESIAN_POINT('Ctrl Pts',(11.2263283665047,10.3688254787691,12.8102810502936));
#2801=CARTESIAN_POINT('Ctrl Pts',(4.92657279499938,14.4662320905386,13.0475084771509));
#2802=CARTESIAN_POINT('Ctrl Pts',(-2.56453283836562,15.0653961687942,13.2847359040082));
#2803=CARTESIAN_POINT('Ctrl Pts',(-9.43547989846494,12.0214270986179,13.5219633308655));
#2804=CARTESIAN_POINT('Ctrl Pts',(-14.024727280425,6.0704213289966,13.7591907577228));
#2805=CARTESIAN_POINT('Ctrl Pts',(-15.2224973802294,-1.34854140112654,13.99641818458));
#2806=CARTESIAN_POINT('Ctrl Pts',(-12.7391439180515,-8.44139814468189,14.2336456114373));
#2807=CARTESIAN_POINT('Ctrl Pts',(-7.17519456772044,-13.4929453166161,14.4708730382946));
#2808=CARTESIAN_POINT('Ctrl Pts',(0.123869404371808,-15.281611393166,14.7081004651519));
#2809=CARTESIAN_POINT('Ctrl Pts',(7.39297912062346,-13.3748588824644,14.9453278920092));
#2810=CARTESIAN_POINT('Ctrl Pts',(12.8743092788675,-8.23378108704372,15.1825553188665));
#2811=CARTESIAN_POINT('Ctrl Pts',(15.2423576910566,-1.1015999397024,15.4197827457238));
#2812=CARTESIAN_POINT('Ctrl Pts',(13.9244798947819,6.29697149849816,15.6570101725811));
#2813=CARTESIAN_POINT('Ctrl Pts',(9.23936676784635,12.1728013263976,15.8942375994383));
#2814=CARTESIAN_POINT('Ctrl Pts',(2.31997828412245,15.1049889504481,16.1314650262957));
#2815=CARTESIAN_POINT('Ctrl Pts',(-5.16043027383449,14.3844690441632,16.3686924531529));
#2816=CARTESIAN_POINT('Ctrl Pts',(-11.3929370735624,10.1854786582075,16.6059198800102));
#2817=CARTESIAN_POINT('Ctrl Pts',(-14.8703893971394,3.52342292497698,16.8431473068675));
#2818=CARTESIAN_POINT('Ctrl Pts',(-14.7518654136737,-3.99067135358333,17.0803747337248));
#2819=CARTESIAN_POINT('Ctrl Pts',(-11.0660265726466,-10.5397365206868,17.3176021605821));
#2820=CARTESIAN_POINT('Ctrl Pts',(-4.7041874169316,-14.5400691186774,17.5548295874394));
#2821=CARTESIAN_POINT('Ctrl Pts',(2.79522472328621,-15.0243041313356,17.7920570142966));
#2822=CARTESIAN_POINT('Ctrl Pts',(9.61869122971764,-11.8753423110974,18.0292844411539));
#2823=CARTESIAN_POINT('Ctrl Pts',(14.1161553480441,-5.85467140472584,18.2665118680112));
#2824=CARTESIAN_POINT('Ctrl Pts',(15.2000296181971,1.58178591292591,18.5037392948685));
#2825=CARTESIAN_POINT('Ctrl Pts',(12.6082200281872,8.63572910019683,18.7409667217258));
#2826=CARTESIAN_POINT('Ctrl Pts',(6.96746191053956,13.6013785245523,18.9781941485831));
#2827=CARTESIAN_POINT('Ctrl Pts',(-0.35815144431781,15.2779073729429,19.2154215754404));
#2828=CARTESIAN_POINT('Ctrl Pts',(-7.59720574164368,13.2599487918287,19.4526490022977));
#2829=CARTESIAN_POINT('Ctrl Pts',(-12.9989966439933,8.0353829193572,19.689876429155));
#2830=CARTESIAN_POINT('Ctrl Pts',(-15.2575455062084,0.8678277149735,19.9271038560123));
#2831=CARTESIAN_POINT('Ctrl Pts',(-13.8261179483261,-6.50985678081843,20.1643312828696));
#2832=CARTESIAN_POINT('Ctrl Pts',(-9.05198758903801,-12.3127833709988,20.4015587097268));
#2833=CARTESIAN_POINT('Ctrl Pts',(-2.0873787870022,-15.1393269349152,20.6387861365841));
#2834=CARTESIAN_POINT('Ctrl Pts',(2.88984547083109,-14.5810966335733,20.796937754489));
#2835=CARTESIAN_POINT('Ctrl Pts',(5.16309152425833,-13.7260061348752,20.8760135634414));
#2836=CARTESIAN_POINT('Ctrl Pts',(-14.5970993344727,-1.4032412686196,20.));
#2837=CARTESIAN_POINT('Ctrl Pts',(-14.5838202288634,-1.73157689627218,20.));
#2838=CARTESIAN_POINT('Ctrl Pts',(-14.559574749957,-2.05898462410665,20.));
#2839=CARTESIAN_POINT('Ctrl Pts',(-14.5245773939051,-2.38491146878052,20.));
#2840=CARTESIAN_POINT('Ctrl Pts',(-14.4878748652784,-2.7267184135438,20.));
#2841=CARTESIAN_POINT('Ctrl Pts',(-14.4393475963398,-3.06689718806581,20.));
#2842=CARTESIAN_POINT('Ctrl Pts',(-14.3791845094237,-3.4048246015436,20.));
#2843=CARTESIAN_POINT('Ctrl Pts',(-14.3206786060599,-3.73344385315414,20.));
#2844=CARTESIAN_POINT('Ctrl Pts',(-14.2511687610822,-4.05993471342595,20.));
#2845=CARTESIAN_POINT('Ctrl Pts',(-14.1707753064655,-4.38372842152121,20.));
#2846=CARTESIAN_POINT('Ctrl Pts',(-14.0869661270321,-4.72127934666223,20.));
#2847=CARTESIAN_POINT('Ctrl Pts',(-13.9913292073546,-5.05589980455697,20.));
#2848=CARTESIAN_POINT('Ctrl Pts',(-13.8839408516421,-5.38693961173077,20.));
#2849=CARTESIAN_POINT('Ctrl Pts',(-13.7820559296389,-5.70101430549106,20.));
#2850=CARTESIAN_POINT('Ctrl Pts',(-13.6695926886414,-6.01186645438353,20.));
#2851=CARTESIAN_POINT('Ctrl Pts',(-13.5465659506373,-6.31892669655973,20.));
#2852=CARTESIAN_POINT('Ctrl Pts',(-13.5399205169089,-6.33551291613359,20.));
#2853=CARTESIAN_POINT('Ctrl Pts',(-13.5332442497642,-6.35208806723652,20.));
#2854=CARTESIAN_POINT('Ctrl Pts',(-13.5265371475,-6.36865205845473,20.));
#2855=CARTESIAN_POINT('Ctrl Pts',(-13.4675596256926,-6.5143041023339,20.));
#2856=CARTESIAN_POINT('Ctrl Pts',(-13.4061980578785,-6.65909333890422,20.));
#2857=CARTESIAN_POINT('Ctrl Pts',(-13.3424848327924,-6.80297354977479,20.));
#2858=CARTESIAN_POINT('Ctrl Pts',(-13.3174777788505,-6.85944565881567,20.));
#2859=CARTESIAN_POINT('Ctrl Pts',(-13.2921084239234,-6.91577771804282,20.));
#2860=CARTESIAN_POINT('Ctrl Pts',(-13.2663786320251,-6.97196687991571,20.));
#2861=CARTESIAN_POINT('Ctrl Pts',(-13.252307419006,-7.00269583680764,20.));
#2862=CARTESIAN_POINT('Ctrl Pts',(-13.2381326163136,-7.03337284898824,20.));
#2863=CARTESIAN_POINT('Ctrl Pts',(-13.223855421279,-7.06399603691467,20.));
#2864=CARTESIAN_POINT('Ctrl Pts',(-13.0834200743769,-7.36521613016568,20.));
#2865=CARTESIAN_POINT('Ctrl Pts',(-12.9330606890299,-7.66127619047612,20.));
#2866=CARTESIAN_POINT('Ctrl Pts',(-12.7732405311964,-7.95179712664535,20.));
#2867=CARTESIAN_POINT('Ctrl Pts',(-12.6113907840034,-8.24600744848897,20.));
#2868=CARTESIAN_POINT('Ctrl Pts',(-12.4398382491198,-8.53453754500774,20.));
#2869=CARTESIAN_POINT('Ctrl Pts',(-12.2590109406816,-8.81698429436636,20.));
#2870=CARTESIAN_POINT('Ctrl Pts',(-12.0766689680169,-9.1017969031232,20.));
#2871=CARTESIAN_POINT('Ctrl Pts',(-11.8848959432623,-9.38042433256102,20.));
#2872=CARTESIAN_POINT('Ctrl Pts',(-11.6840805319218,-9.65243629150798,20.));
#2873=CARTESIAN_POINT('Ctrl Pts',(-11.4828877766204,-9.92495937691337,20.));
#2874=CARTESIAN_POINT('Ctrl Pts',(-11.2726183126794,-10.1908426137986,20.));
#2875=CARTESIAN_POINT('Ctrl Pts',(-11.0536171202777,-10.4496287233649,20.));
#2876=CARTESIAN_POINT('Ctrl Pts',(-10.8357378509699,-10.7070890953426,20.));
#2877=CARTESIAN_POINT('Ctrl Pts',(-10.6092157383204,-10.9575253451225,20.));
#2878=CARTESIAN_POINT('Ctrl Pts',(-10.3743501103925,-11.2004556041112,20.));
#2879=CARTESIAN_POINT('Ctrl Pts',(-10.2738589224145,-11.3043973794018,20.));
#2880=CARTESIAN_POINT('Ctrl Pts',(-10.1718398133195,-11.4069645966445,20.));
#2881=CARTESIAN_POINT('Ctrl Pts',(-10.0683141943956,-11.5081173989147,20.));
#2882=CARTESIAN_POINT('Ctrl Pts',(-9.99491380701504,-11.5798354427036,20.));
#2883=CARTESIAN_POINT('Ctrl Pts',(-9.92075608586171,-11.6508424458784,20.));
#2884=CARTESIAN_POINT('Ctrl Pts',(-9.8458483176097,-11.7211237731445,20.));
#2885=CARTESIAN_POINT('Ctrl Pts',(-9.82199235108524,-11.7435063514762,20.));
#2886=CARTESIAN_POINT('Ctrl Pts',(-9.79806704236046,-11.7658090045964,20.));
#2887=CARTESIAN_POINT('Ctrl Pts',(-9.7740739127496,-11.7880303136856,20.));
#2888=CARTESIAN_POINT('Ctrl Pts',(-9.5546281353361,-11.9912706798786,20.));
#2889=CARTESIAN_POINT('Ctrl Pts',(-9.32947979227353,-12.1877368563813,20.));
#2890=CARTESIAN_POINT('Ctrl Pts',(-9.09890508734845,-12.377155525459,20.));
#2891=CARTESIAN_POINT('Ctrl Pts',(-8.83703569491731,-12.592282990558,20.));
#2892=CARTESIAN_POINT('Ctrl Pts',(-8.56816780135136,-12.798321297842,20.));
#2893=CARTESIAN_POINT('Ctrl Pts',(-8.29288540712023,-12.9951382265363,20.));
#2894=CARTESIAN_POINT('Ctrl Pts',(-8.0146379735087,-13.1940750508598,20.));
#2895=CARTESIAN_POINT('Ctrl Pts',(-7.72983669353735,-13.3835911049342,20.));
#2896=CARTESIAN_POINT('Ctrl Pts',(-7.43904365958258,-13.5635147480083,20.));
#2897=CARTESIAN_POINT('Ctrl Pts',(-7.14651093381539,-13.7445147981904,20.));
#2898=CARTESIAN_POINT('Ctrl Pts',(-6.84791407061081,-13.9158076373462,20.));
#2899=CARTESIAN_POINT('Ctrl Pts',(-6.54379090413862,-14.077178382761,20.));
#2900=CARTESIAN_POINT('Ctrl Pts',(-6.23960142432931,-14.2385843146852,20.));
#2901=CARTESIAN_POINT('Ctrl Pts',(-5.92988271468383,-14.3900641178698,20.));
#2902=CARTESIAN_POINT('Ctrl Pts',(-5.61514615667172,-14.531358197231,20.));
#2903=CARTESIAN_POINT('Ctrl Pts',(-5.33858753180202,-14.6555131302874,20.));
#2904=CARTESIAN_POINT('Ctrl Pts',(-5.05815395107297,-14.7718030259069,20.));
#2905=CARTESIAN_POINT('Ctrl Pts',(-4.77418006557545,-14.8800206198417,20.));
#2906=CARTESIAN_POINT('Ctrl Pts',(-4.74227537902054,-14.8921789505564,20.));
#2907=CARTESIAN_POINT('Ctrl Pts',(-4.71033452250881,-14.9042320991418,20.));
#2908=CARTESIAN_POINT('Ctrl Pts',(-4.678360610259,-14.9161789680083,20.));
#2909=CARTESIAN_POINT('Ctrl Pts',(-4.35141156551316,-15.0383416027552,20.));
#2910=CARTESIAN_POINT('Ctrl Pts',(-4.02092223762072,-15.1494278944075,20.));
#2911=CARTESIAN_POINT('Ctrl Pts',(-3.68747602953857,-15.2492825768617,20.));
#2912=CARTESIAN_POINT('Ctrl Pts',(-3.35187744242506,-15.3497818164272,20.));
#2913=CARTESIAN_POINT('Ctrl Pts',(-3.01328317535748,-15.4389042951229,20.));
#2914=CARTESIAN_POINT('Ctrl Pts',(-2.67225677422071,-15.5164493425838,20.));
#2915=CARTESIAN_POINT('Ctrl Pts',(-2.50043988347931,-15.5555183088066,20.));
#2916=CARTESIAN_POINT('Ctrl Pts',(-2.32800518203814,-15.5916477930017,20.));
#2917=CARTESIAN_POINT('Ctrl Pts',(-2.15502239105741,-15.6248077062612,20.));
#2918=CARTESIAN_POINT('Ctrl Pts',(-1.81445150552026,-15.6900933971619,20.));
#2919=CARTESIAN_POINT('Ctrl Pts',(-1.47175697001689,-15.743871565486,20.));
#2920=CARTESIAN_POINT('Ctrl Pts',(-1.12750119120646,-15.786250016112,20.));
#2921=CARTESIAN_POINT('Ctrl Pts',(-0.781125297955274,-15.8288894563008,
20.));
#2922=CARTESIAN_POINT('Ctrl Pts',(-0.43316831787865,-15.8599883911899,20.));
#2923=CARTESIAN_POINT('Ctrl Pts',(-0.0841922391401209,-15.8796050381025,
20.));
#2924=CARTESIAN_POINT('Ctrl Pts',(0.240166400080466,-15.8978378892528,20.));
#2925=CARTESIAN_POINT('Ctrl Pts',(0.565405903577573,-15.9061507804791,20.));
#2926=CARTESIAN_POINT('Ctrl Pts',(0.891076954418428,-15.9045502863469,20.));
#2927=CARTESIAN_POINT('Ctrl Pts',(1.00537248183716,-15.9039885866795,20.));
#2928=CARTESIAN_POINT('Ctrl Pts',(1.11972114945176,-15.9022055198226,20.));
#2929=CARTESIAN_POINT('Ctrl Pts',(1.23410344288997,-15.899200236341,20.));
#2930=CARTESIAN_POINT('Ctrl Pts',(1.27187465072153,-15.8982078346014,20.));
#2931=CARTESIAN_POINT('Ctrl Pts',(1.30964107849005,-15.8970823643904,20.));
#2932=CARTESIAN_POINT('Ctrl Pts',(1.34739798228179,-15.895824122731,20.));
#2933=CARTESIAN_POINT('Ctrl Pts',(1.70049880767254,-15.8840571046791,20.));
#2934=CARTESIAN_POINT('Ctrl Pts',(2.05287943495282,-15.8606792568269,20.));
#2935=CARTESIAN_POINT('Ctrl Pts',(2.4039565923435,-15.8258195421113,20.));
#2936=CARTESIAN_POINT('Ctrl Pts',(2.75735285482959,-15.7907295551027,20.));
#2937=CARTESIAN_POINT('Ctrl Pts',(3.10942894615943,-15.7440055527081,20.));
#2938=CARTESIAN_POINT('Ctrl Pts',(3.45959764114612,-15.6857270356901,20.));
#2939=CARTESIAN_POINT('Ctrl Pts',(3.57462285512682,-15.6665834086714,20.));
#2940=CARTESIAN_POINT('Ctrl Pts',(3.68944228018548,-15.6461926027685,20.));
#2941=CARTESIAN_POINT('Ctrl Pts',(3.80403511761068,-15.6245562097033,20.));
#2942=CARTESIAN_POINT('',(8.51438798188336,-11.9400986510355,0.));
#2943=CARTESIAN_POINT('Ctrl Pts',(8.51438798188334,-11.9400986510355,-1.11022302462516E-15));
#2944=CARTESIAN_POINT('Ctrl Pts',(10.4918592047057,-10.5299798818193,0.0790758089524285));
#2945=CARTESIAN_POINT('Ctrl Pts',(13.7307963501693,-6.70981384487321,0.237227426857287));
#2946=CARTESIAN_POINT('Ctrl Pts',(15.2683915943193,0.647558318425228,0.474454853714577));
#2947=CARTESIAN_POINT('Ctrl Pts',(13.1138412634749,7.84646035765011,0.711682280571864));
#2948=CARTESIAN_POINT('Ctrl Pts',(7.78805654860957,13.148840063388,0.948909707429155));
#2949=CARTESIAN_POINT('Ctrl Pts',(0.578967852074088,15.271086688167,1.18613713428644));
#2950=CARTESIAN_POINT('Ctrl Pts',(-6.77013446896147,13.7006954682951,1.42336456114373));
#2951=CARTESIAN_POINT('Ctrl Pts',(-12.4820708185175,8.81706494445884,1.66059198800102));
#2952=CARTESIAN_POINT('Ctrl Pts',(-14.4912414952783,3.58382048106392,1.83754724238142));
#2953=CARTESIAN_POINT('Ctrl Pts',(-14.6654796672602,0.577909222527059,1.93542668780939));
#2954=CARTESIAN_POINT('Ctrl Pts',(-14.6648968784567,0.000375776562936622,
1.95423032428494));
#2955=CARTESIAN_POINT('Ctrl Pts',(11.6292729574404,11.1065200187362,-1.31145094783845E-15));
#2956=CARTESIAN_POINT('Ctrl Pts',(11.6883514507899,11.0379687566291,-9.26119145627583E-16));
#2957=CARTESIAN_POINT('Ctrl Pts',(11.7468763756299,10.9689006379308,-1.86505092721908E-15));
#2958=CARTESIAN_POINT('Ctrl Pts',(11.8048391838466,10.8993215100926,-1.47971912500822E-15));
#2959=CARTESIAN_POINT('Ctrl Pts',(11.8327105159211,10.865864487614,-1.29443288804531E-15));
#2960=CARTESIAN_POINT('Ctrl Pts',(11.8604518747548,10.8322893109866,-1.26569260148096E-15));
#2961=CARTESIAN_POINT('Ctrl Pts',(11.8880622916252,10.7985966249858,-1.30971622436249E-15));
#2962=CARTESIAN_POINT('Ctrl Pts',(11.9081066568828,10.7741367079958,-1.34167610316984E-15));
#2963=CARTESIAN_POINT('Ctrl Pts',(11.9280796900145,10.7496176673806,-1.64011060014433E-16));
#2964=CARTESIAN_POINT('Ctrl Pts',(11.9479761229964,10.7250459675206,-1.71737624121704E-16));
#2965=CARTESIAN_POINT('Ctrl Pts',(12.1700439320167,10.4507966306282,-2.57975250942416E-16));
#2966=CARTESIAN_POINT('Ctrl Pts',(12.3827634478162,10.1697578257026,-9.11896708240906E-18));
#2967=CARTESIAN_POINT('Ctrl Pts',(12.5857821057777,9.88237352293265,1.45716771982052E-16));
#2968=CARTESIAN_POINT('Ctrl Pts',(12.788124693618,9.595946235357,3.00036894314934E-16));
#2969=CARTESIAN_POINT('Ctrl Pts',(12.9808312524898,9.30321516462925,-1.50498393698363E-15));
#2970=CARTESIAN_POINT('Ctrl Pts',(13.163511661114,9.00458882523035,-1.38777878078145E-15));
#2971=CARTESIAN_POINT('Ctrl Pts',(13.3320437052399,8.72909071468981,-1.27965101434159E-15));
#2972=CARTESIAN_POINT('Ctrl Pts',(13.4920422613698,8.44857454124876,4.15255138799435E-16));
#2973=CARTESIAN_POINT('Ctrl Pts',(13.6431662093039,8.16334267941108,4.44089209850063E-16));
#2974=CARTESIAN_POINT('Ctrl Pts',(13.8077317066713,7.85274119069908,4.4576990146186E-16));
#2975=CARTESIAN_POINT('Ctrl Pts',(13.9617743901278,7.53654750076828,4.12690524807475E-16));
#2976=CARTESIAN_POINT('Ctrl Pts',(14.1051341475013,7.21533030471641,4.44089209850063E-16));
#2977=CARTESIAN_POINT('Ctrl Pts',(14.2478990292766,6.89544600902065,4.75357605110569E-16));
#2978=CARTESIAN_POINT('Ctrl Pts',(14.3800695431636,6.57057922434138,-9.27684017648092E-16));
#2979=CARTESIAN_POINT('Ctrl Pts',(14.5014368017101,6.24128352291704,-1.0547118733939E-15));
#2980=CARTESIAN_POINT('Ctrl Pts',(14.5836672868692,6.01817437788707,-1.14077760752845E-15));
#2981=CARTESIAN_POINT('Ctrl Pts',(14.6609374591268,5.79303196542912,-3.93824134537705E-16));
#2982=CARTESIAN_POINT('Ctrl Pts',(14.733168704811,5.56602839938597,-4.16333634234434E-16));
#2983=CARTESIAN_POINT('Ctrl Pts',(14.7489429670588,5.51645409469233,-4.21249384307959E-16));
#2984=CARTESIAN_POINT('Ctrl Pts',(14.7644768690597,5.46679103054924,-2.04349881766009E-15));
#2985=CARTESIAN_POINT('Ctrl Pts',(14.7797695205308,5.41704100638079,-2.08166817117217E-15));
#2986=CARTESIAN_POINT('Ctrl Pts',(14.790875471199,5.38091114916119,-2.109387821878E-15));
#2987=CARTESIAN_POINT('Ctrl Pts',(14.8018546247207,5.34473383920472,-5.34705844081072E-16));
#2988=CARTESIAN_POINT('Ctrl Pts',(14.8127012063858,5.30852823216003,-5.27355936696949E-16));
#2989=CARTESIAN_POINT('Ctrl Pts',(14.9121374727618,4.97661256531187,-4.59975505603444E-16));
#2990=CARTESIAN_POINT('Ctrl Pts',(15.0005424840135,4.64197818922546,-6.16398129066137E-16));
#2991=CARTESIAN_POINT('Ctrl Pts',(15.0778377136083,4.30518771006244,-6.10622663543836E-16));
#2992=CARTESIAN_POINT('Ctrl Pts',(15.155403348718,3.96721902102274,-6.04826993440522E-16));
#2993=CARTESIAN_POINT('Ctrl Pts',(15.2217814549489,3.62707853793422,-1.15477924445256E-15));
#2994=CARTESIAN_POINT('Ctrl Pts',(15.276842197762,3.28532142759335,-8.88178419700125E-16));
#2995=CARTESIAN_POINT('Ctrl Pts',(15.3316881573326,2.94489745764453,-6.22617562565849E-16));
#2996=CARTESIAN_POINT('Ctrl Pts',(15.3753049390016,2.60286887411941,1.07884312833451E-15));
#2997=CARTESIAN_POINT('Ctrl Pts',(15.4075129399726,2.25977978995861,1.22124532708767E-15));
#2998=CARTESIAN_POINT('Ctrl Pts',(15.4393055574747,1.9211154924844,1.36181097847669E-15));
#2999=CARTESIAN_POINT('Ctrl Pts',(15.4599817612985,1.58141734371236,9.32091268817916E-16));
#3000=CARTESIAN_POINT('Ctrl Pts',(15.469318476699,1.24121237320766,1.16573417585641E-15));
#3001=CARTESIAN_POINT('Ctrl Pts',(15.4746688535251,1.0462589327058,1.29962254470781E-15));
#3002=CARTESIAN_POINT('Ctrl Pts',(15.4762946099037,0.851139171190581,6.18235250226822E-16));
#3003=CARTESIAN_POINT('Ctrl Pts',(15.4741461739526,0.655953829478397,7.21644966006352E-16));
#3004=CARTESIAN_POINT('Ctrl Pts',(15.4706601258363,0.339246462685771,8.9296984728708E-16));
#3005=CARTESIAN_POINT('Ctrl Pts',(15.4572388634837,0.022365561438435,-1.48871094798853E-15));
#3006=CARTESIAN_POINT('Ctrl Pts',(15.4339363541445,-0.294232427702498,-1.66533453693773E-15));
#3007=CARTESIAN_POINT('Ctrl Pts',(15.4284104298038,-0.369310030245796,-1.70721880678695E-15));
#3008=CARTESIAN_POINT('Ctrl Pts',(15.422328688807,-0.444371654776998,9.53965710725484E-16));
#3009=CARTESIAN_POINT('Ctrl Pts',(15.4156915782756,-0.51941107723386,9.99200722162641E-16));
#3010=CARTESIAN_POINT('Ctrl Pts',(15.4125682091566,-0.55472400651123,1.02048794303191E-15));
#3011=CARTESIAN_POINT('Ctrl Pts',(15.409321665036,-0.590033931172352,1.80724934273284E-16));
#3012=CARTESIAN_POINT('Ctrl Pts',(15.4059525642221,-0.62533414838299,1.66533453693773E-16));
#3013=CARTESIAN_POINT('Ctrl Pts',(15.3736617765079,-0.963665318380399,3.05167204308852E-17));
#3014=CARTESIAN_POINT('Ctrl Pts',(15.3301869549252,-1.30038800116864,-5.04831871006034E-16));
#3015=CARTESIAN_POINT('Ctrl Pts',(15.2757497673139,-1.63496943510362,-6.10622663543836E-16));
#3016=CARTESIAN_POINT('Ctrl Pts',(15.2209435087249,-1.97181925031159,-7.17130692091494E-16));
#3017=CARTESIAN_POINT('Ctrl Pts',(15.1550255914991,-2.30649926187203,-6.1204349504872E-16));
#3018=CARTESIAN_POINT('Ctrl Pts',(15.0781697296128,-2.63845931854533,-8.32667268468867E-16));
#3019=CARTESIAN_POINT('Ctrl Pts',(14.9977887723913,-2.98564516045537,-1.06341024184903E-15));
#3020=CARTESIAN_POINT('Ctrl Pts',(14.9054436913062,-3.3298566123462,-4.77163276230994E-16));
#3021=CARTESIAN_POINT('Ctrl Pts',(14.8012751213136,-3.67044652726395,-6.66133814775094E-16));
#3022=CARTESIAN_POINT('Ctrl Pts',(14.7025869798799,-3.9931176141063,-8.45162395430319E-16));
#3023=CARTESIAN_POINT('Ctrl Pts',(14.5932860979196,-4.31253857374785,-3.55517175210109E-16));
#3024=CARTESIAN_POINT('Ctrl Pts',(14.4734457334115,-4.6281355291921,-4.44089209850063E-16));
#3025=CARTESIAN_POINT('Ctrl Pts',(14.3548534296767,-4.94044574413067,-5.31738823380115E-16));
#3026=CARTESIAN_POINT('Ctrl Pts',(14.2259397901405,-5.24901165743158,-1.77735090360164E-15));
#3027=CARTESIAN_POINT('Ctrl Pts',(14.0867348746914,-5.55324709662039,-1.88737914186277E-15));
#3028=CARTESIAN_POINT('Ctrl Pts',(14.0039497400868,-5.73417584977182,-1.95281291254087E-15));
#3029=CARTESIAN_POINT('Ctrl Pts',(13.9175241483282,-5.91357244726339,-9.41530280209056E-16));
#3030=CARTESIAN_POINT('Ctrl Pts',(13.8274579420779,-6.09130745017164,-9.99200722162641E-16));
#3031=CARTESIAN_POINT('Ctrl Pts',(13.8006999751454,-6.14411113235801,-1.01633416036354E-15));
#3032=CARTESIAN_POINT('Ctrl Pts',(13.7736206423038,-6.19676812225317,-2.67843603192816E-16));
#3033=CARTESIAN_POINT('Ctrl Pts',(13.7462198601342,-6.24927493786362,-2.22044604925031E-16));
#3034=CARTESIAN_POINT('Ctrl Pts',(13.7311861659051,-6.27808329106824,-1.9691655815288E-16));
#3035=CARTESIAN_POINT('Ctrl Pts',(13.7160564611832,-6.30684494544178,-8.49903691158267E-17));
#3036=CARTESIAN_POINT('Ctrl Pts',(13.7008352231923,-6.33555104489121,-1.11022302462516E-16));
#3037=CARTESIAN_POINT('Ctrl Pts',(13.6504186112863,-6.43063294796318,-1.97246687200189E-16));
#3038=CARTESIAN_POINT('Ctrl Pts',(13.598984497096,-6.52513098957002,-1.64532686280943E-15));
#3039=CARTESIAN_POINT('Ctrl Pts',(13.5465369497972,-6.61902734531809,-1.55431223447522E-15));
#3040=CARTESIAN_POINT('Ctrl Pts',(13.3824725866437,-6.91275024756372,-1.27147692060071E-15));
#3041=CARTESIAN_POINT('Ctrl Pts',(13.2084946898355,-7.20058763256471,-1.67555204406859E-15));
#3042=CARTESIAN_POINT('Ctrl Pts',(13.0250327406196,-7.48214812075884,-1.4432899320127E-15));
#3043=CARTESIAN_POINT('Ctrl Pts',(12.8410289047074,-7.76454024670347,-1.21034179351314E-15));
#3044=CARTESIAN_POINT('Ctrl Pts',(12.6474844793384,-8.0406187715001,-4.79782876233061E-16));
#3045=CARTESIAN_POINT('Ctrl Pts',(12.4447919866936,-8.3099556869315,-4.44089209850063E-16));
#3046=CARTESIAN_POINT('Ctrl Pts',(12.2427592304126,-8.57841594751055,-4.08511721473272E-16));
#3047=CARTESIAN_POINT('Ctrl Pts',(12.0316374073264,-8.84017880464112,-4.57228075950276E-17));
#3048=CARTESIAN_POINT('Ctrl Pts',(11.8117814401119,-9.09478143053757,2.22044604925031E-16));
#3049=CARTESIAN_POINT('Ctrl Pts',(11.7445306547661,-9.17266072014507,3.03950813840499E-16));
#3050=CARTESIAN_POINT('Ctrl Pts',(11.6764624369407,-9.24986975641792,1.13313385229382E-16));
#3051=CARTESIAN_POINT('Ctrl Pts',(11.607586410249,-9.32639447413963,1.11022302462516E-16));
#3052=CARTESIAN_POINT('Ctrl Pts',(11.5750075550768,-9.36259121508848,1.09938603863245E-16));
#3053=CARTESIAN_POINT('Ctrl Pts',(11.5422479608001,-9.39863484366454,9.78068599476854E-16));
#3054=CARTESIAN_POINT('Ctrl Pts',(11.5093086283942,-9.43452383948941,9.99200722162641E-16));
#3055=CARTESIAN_POINT('Ctrl Pts',(11.4809825601921,-9.46538646083545,1.01737322004673E-15));
#3056=CARTESIAN_POINT('Ctrl Pts',(11.4525230164908,-9.49613526998633,1.47134317488586E-16));
#3057=CARTESIAN_POINT('Ctrl Pts',(11.4239418076833,-9.52675748007041,1.11022302462516E-16));
#3058=CARTESIAN_POINT('Ctrl Pts',(11.196157562866,-9.77080793453524,-1.76780362810715E-16));
#3059=CARTESIAN_POINT('Ctrl Pts',(10.9604840177341,-10.007000858483,1.27067744580519E-15));
#3060=CARTESIAN_POINT('Ctrl Pts',(10.7173162706852,-10.234933210469,8.88178419700125E-16));
#3061=CARTESIAN_POINT('Ctrl Pts',(10.4750646866976,-10.462006800535,5.07120503622739E-16));
#3062=CARTESIAN_POINT('Ctrl Pts',(10.2253748080704,-10.6808823153182,2.18275893675396E-16));
#3063=CARTESIAN_POINT('Ctrl Pts',(9.96860519168658,-10.8911210159495,0.));
#3064=CARTESIAN_POINT('Ctrl Pts',(9.71538375416363,-11.0984545266139,-2.15259641508594E-16));
#3065=CARTESIAN_POINT('Ctrl Pts',(9.45527642840731,-11.2973885426942,-7.71683414487391E-16));
#3066=CARTESIAN_POINT('Ctrl Pts',(9.18860271748759,-11.4874584202411,-7.7715611723761E-16));
#3067=CARTESIAN_POINT('Ctrl Pts',(8.96828987995251,-11.6444848999338,-7.81677397823267E-16));
#3068=CARTESIAN_POINT('Ctrl Pts',(8.74349477470691,-11.7954606861455,-1.25892266530149E-15));
#3069=CARTESIAN_POINT('Ctrl Pts',(8.51438798188334,-11.9400986510355,-1.22124532708767E-15));
#3070=CARTESIAN_POINT('Ctrl Pts',(0.612620055443031,16.070542406055,-0.173148562608863));
#3071=CARTESIAN_POINT('Ctrl Pts',(-1.40825647070015,16.1475795998352,-0.113107187454117));
#3072=CARTESIAN_POINT('Ctrl Pts',(-5.47839347073779,15.5309166404125,0.00696562054557022));
#3073=CARTESIAN_POINT('Ctrl Pts',(-10.8141226347186,12.4205290323298,0.187081456506883));
#3074=CARTESIAN_POINT('Ctrl Pts',(-14.6288477625084,7.56394351713267,0.367199863835504));
#3075=CARTESIAN_POINT('Ctrl Pts',(-16.3864519877251,1.64342656306194,0.547316801008119));
#3076=CARTESIAN_POINT('Ctrl Pts',(-15.8396073162851,-4.50809848276781,0.727434525030713));
#3077=CARTESIAN_POINT('Ctrl Pts',(-13.0652901316119,-10.0256902867798,0.907551845287776));
#3078=CARTESIAN_POINT('Ctrl Pts',(-8.45361933406638,-14.1334104030976,1.08766937310495));
#3079=CARTESIAN_POINT('Ctrl Pts',(-2.6531217485338,-16.253484730665,1.26778678815533));
#3080=CARTESIAN_POINT('Ctrl Pts',(3.52045047520849,-16.0880599811874,1.44790426676082));
#3081=CARTESIAN_POINT('Ctrl Pts',(9.1990103550354,-13.6597969597072,1.62802168437838));
#3082=CARTESIAN_POINT('Ctrl Pts',(13.5838047073467,-9.31138185976451,1.80813916876828));
#3083=CARTESIAN_POINT('Ctrl Pts',(16.0585814100418,-3.65194568104537,1.98825652772002));
#3084=CARTESIAN_POINT('Ctrl Pts',(16.2745803157888,2.51794830752694,2.16837411231896));
#3085=CARTESIAN_POINT('Ctrl Pts',(14.2028747091603,8.33986124783713,2.34849125180135));
#3086=CARTESIAN_POINT('Ctrl Pts',(10.1319876383461,12.9770028852174,2.52860924898793));
#3087=CARTESIAN_POINT('Ctrl Pts',(3.21555428450495,16.5466416025443,2.75542258413157));
#3088=CARTESIAN_POINT('Ctrl Pts',(-6.5093843851936,16.0740837502493,3.02893619690851));
#3089=CARTESIAN_POINT('Ctrl Pts',(-15.0938260744128,8.53661780295657,3.34914364325743));
#3090=CARTESIAN_POINT('Ctrl Pts',(-16.9525035265491,-1.74828896543024,3.64266816510056));
#3091=CARTESIAN_POINT('Ctrl Pts',(-13.2620211096126,-10.2672516015919,3.90950938797534));
#3092=CARTESIAN_POINT('Ctrl Pts',(-6.6775225930598,-15.3915169966814,4.1496660990318));
#3093=CARTESIAN_POINT('Ctrl Pts',(1.57221796463711,-16.7023540088864,4.38982277763167));
#3094=CARTESIAN_POINT('Ctrl Pts',(9.42709331457498,-13.8765971886083,4.62997884541021));
#3095=CARTESIAN_POINT('Ctrl Pts',(14.9496027609023,-7.61335565775405,4.87013585146481));
#3096=CARTESIAN_POINT('Ctrl Pts',(16.7673397554758,0.535638593260416,5.11029213785335));
#3097=CARTESIAN_POINT('Ctrl Pts',(14.4331735610314,8.55210858756741,5.35044892058996));
#3098=CARTESIAN_POINT('Ctrl Pts',(8.52212611146068,14.449908950461,5.59060544150426));
#3099=CARTESIAN_POINT('Ctrl Pts',(0.502990350452024,16.7689787525616,5.83076200805262));
#3100=CARTESIAN_POINT('Ctrl Pts',(-7.64602349098405,14.9332612900893,6.07091877968695));
#3101=CARTESIAN_POINT('Ctrl Pts',(-13.8910055623895,9.40060849212024,6.31107489363634));
#3102=CARTESIAN_POINT('Ctrl Pts',(-17.0281440645911,0.661349056678154,6.57791665290293));
#3103=CARTESIAN_POINT('Ctrl Pts',(-14.52055376739,-9.48048765260951,6.87144074983364));
#3104=CARTESIAN_POINT('Ctrl Pts',(-5.46516236571675,-16.4611637927817,7.19164813237883));
#3105=CARTESIAN_POINT('Ctrl Pts',(4.01871838211861,-16.3034729833846,7.45848943158632));
#3106=CARTESIAN_POINT('Ctrl Pts',(11.9619208827336,-11.7970620401453,7.72533114220514));
#3107=CARTESIAN_POINT('Ctrl Pts',(16.434142150327,-4.52619426971914,7.96548670638028));
#3108=CARTESIAN_POINT('Ctrl Pts',(16.0828464300367,4.76216869601829,8.232328310265));
#3109=CARTESIAN_POINT('Ctrl Pts',(11.8017591666977,11.9230278022735,8.47248429158808));
#3110=CARTESIAN_POINT('Ctrl Pts',(4.59749070604583,16.1306904642263,8.71264142671721));
#3111=CARTESIAN_POINT('Ctrl Pts',(-4.69394472371909,16.3870222161924,8.97948141455638));
#3112=CARTESIAN_POINT('Ctrl Pts',(-11.9187512584621,11.8406699542839,9.21963896092241));
#3113=CARTESIAN_POINT('Ctrl Pts',(-16.3436809100403,3.85188519662574,9.48647796311613));
#3114=CARTESIAN_POINT('Ctrl Pts',(-16.4044674431139,-5.63310189262536,9.75331944431718));
#3115=CARTESIAN_POINT('Ctrl Pts',(-9.3315295303359,-14.6167377078943,10.0735285580602));
#3116=CARTESIAN_POINT('Ctrl Pts',(0.835388718388904,-17.0204785499042,10.3670532263169));
#3117=CARTESIAN_POINT('Ctrl Pts',(9.54218422278672,-13.7942034095274,10.6338939706031));
#3118=CARTESIAN_POINT('Ctrl Pts',(15.0105088726677,-7.49289468163635,10.8740504280756));
#3119=CARTESIAN_POINT('Ctrl Pts',(16.7632432406403,0.674265065130833,11.1142071173604));
#3120=CARTESIAN_POINT('Ctrl Pts',(14.3614762519918,8.66966680899986,11.3543636925613));
#3121=CARTESIAN_POINT('Ctrl Pts',(8.40518538388942,14.5193395483212,11.5945202144259));
#3122=CARTESIAN_POINT('Ctrl Pts',(0.362102291519855,16.7729269397034,11.8346770582032));
#3123=CARTESIAN_POINT('Ctrl Pts',(-7.76172552579477,14.8690872629285,12.0748330254371));
#3124=CARTESIAN_POINT('Ctrl Pts',(-14.6710970098238,8.66820475971778,12.3416750373306));
#3125=CARTESIAN_POINT('Ctrl Pts',(-17.2814399658173,-1.45084015188379,12.6351991391272));
#3126=CARTESIAN_POINT('Ctrl Pts',(-12.6281674276102,-11.8837661388279,12.9554076772362));
#3127=CARTESIAN_POINT('Ctrl Pts',(-3.35705744668756,-16.708257372439,13.2489321902651));
#3128=CARTESIAN_POINT('Ctrl Pts',(5.8731962340165,-15.7106021586335,13.5157731848864));
#3129=CARTESIAN_POINT('Ctrl Pts',(12.7191961311161,-10.9412658032524,13.7559299003));
#3130=CARTESIAN_POINT('Ctrl Pts',(16.417525177968,-3.45062785448252,13.9960860915839));
#3131=CARTESIAN_POINT('Ctrl Pts',(16.0478253199661,4.88845684846234,14.2362428086158));
#3132=CARTESIAN_POINT('Ctrl Pts',(11.7037163440646,12.0196678215792,14.4763994047994));
#3133=CARTESIAN_POINT('Ctrl Pts',(4.46022373690038,16.1725522829746,14.7165558923195));
#3134=CARTESIAN_POINT('Ctrl Pts',(-3.88774227863,16.3194939084274,14.9567132455858));
#3135=CARTESIAN_POINT('Ctrl Pts',(-11.2730233952933,12.4241019530241,15.1968690262934));
#3136=CARTESIAN_POINT('Ctrl Pts',(-15.866075812724,5.45135159479238,15.4370255202824));
#3137=CARTESIAN_POINT('Ctrl Pts',(-16.5285468147303,-2.87158668212553,15.6771828921828));
#3138=CARTESIAN_POINT('Ctrl Pts',(-13.0970744449902,-10.4837185644739,15.9173387198258));
#3139=CARTESIAN_POINT('Ctrl Pts',(-6.42175230356975,-15.498464831581,16.1574956410931));
#3140=CARTESIAN_POINT('Ctrl Pts',(1.84506943367976,-16.6746255436553,16.3976520996764));
#3141=CARTESIAN_POINT('Ctrl Pts',(9.65334034472868,-13.719906813097,16.637808754601));
#3142=CARTESIAN_POINT('Ctrl Pts',(15.0733851949554,-7.36761272640492,16.8779652196448));
#3143=CARTESIAN_POINT('Ctrl Pts',(16.613687428504,0.12975504161165,17.0981090920161));
#3144=CARTESIAN_POINT('Ctrl Pts',(14.9984616030381,6.79678438136521,17.298239240265));
#3145=CARTESIAN_POINT('Ctrl Pts',(11.4408513559669,11.8506135137411,17.4783567852347));
#3146=CARTESIAN_POINT('Ctrl Pts',(6.27322419861649,15.2183642626988,17.6584742952543));
#3147=CARTESIAN_POINT('Ctrl Pts',(-1.79687173313084,16.9038705139607,17.8986304532632));
#3148=CARTESIAN_POINT('Ctrl Pts',(-11.9359840340318,13.0623931065019,18.1988265945321));
#3149=CARTESIAN_POINT('Ctrl Pts',(-17.6448349446416,1.32172143307766,18.5590603184782));
#3150=CARTESIAN_POINT('Ctrl Pts',(-14.4055454466425,-9.02514126406664,18.8592564768426));
#3151=CARTESIAN_POINT('Ctrl Pts',(-8.09577636977694,-14.3322196069223,19.0994141264311));
#3152=CARTESIAN_POINT('Ctrl Pts',(-2.25656937957684,-16.3163872525224,19.2795311444364));
#3153=CARTESIAN_POINT('Ctrl Pts',(3.91718307706294,-15.9952112035561,19.4596486333744));
#3154=CARTESIAN_POINT('Ctrl Pts',(9.53097593711949,-13.4302987518774,19.6397663602485));
#3155=CARTESIAN_POINT('Ctrl Pts',(13.8096175846218,-8.97368524980972,19.8198829928069));
#3156=CARTESIAN_POINT('Ctrl Pts',(15.3647518692352,-5.16249734389833,19.9399625475357));
#3157=CARTESIAN_POINT('Ctrl Pts',(15.7646392769014,-3.18021776397765,20.));
#3158=CARTESIAN_POINT('Ctrl Pts',(0.614542737968108,16.1050535566651,-0.153214052420385));
#3159=CARTESIAN_POINT('Ctrl Pts',(-1.41068554449989,16.1823326255933,-0.0931726772656389));
#3160=CARTESIAN_POINT('Ctrl Pts',(-5.48957294485937,15.5644987914355,0.0269001307340483));
#3161=CARTESIAN_POINT('Ctrl Pts',(-10.8368966764993,12.44762794535,0.207015966695362));
#3162=CARTESIAN_POINT('Ctrl Pts',(-14.659997388244,7.58074995772581,0.387134374023982));
#3163=CARTESIAN_POINT('Ctrl Pts',(-16.4216046014102,1.64757628639167,0.567251311196598));
#3164=CARTESIAN_POINT('Ctrl Pts',(-15.8738154825759,-4.51718867165228,0.74736903521919));
#3165=CARTESIAN_POINT('Ctrl Pts',(-13.0937452337289,-10.0467421975056,0.927486355476256));
#3166=CARTESIAN_POINT('Ctrl Pts',(-8.47231877018585,-14.163463552652,1.10760388329343));
#3167=CARTESIAN_POINT('Ctrl Pts',(-2.65943634173586,-16.2883126291769,1.28772129834381));
#3168=CARTESIAN_POINT('Ctrl Pts',(3.52740893885915,-16.122765254795,1.4678387769493));
#3169=CARTESIAN_POINT('Ctrl Pts',(9.21826330443128,-13.689498221052,1.64795619456686));
#3170=CARTESIAN_POINT('Ctrl Pts',(13.6126444673753,-9.33190396311743,1.82807367895676));
#3171=CARTESIAN_POINT('Ctrl Pts',(16.0929527276674,-3.66039930618565,2.00819103790849));
#3172=CARTESIAN_POINT('Ctrl Pts',(16.3096487190404,2.52274540974821,2.18830862250744));
#3173=CARTESIAN_POINT('Ctrl Pts',(14.2337103743146,8.35724738987498,2.36842576198983));
#3174=CARTESIAN_POINT('Ctrl Pts',(10.1542507840596,13.0045078120405,2.54854375917641));
#3175=CARTESIAN_POINT('Ctrl Pts',(3.22308679750923,16.5820780704638,2.77535709432005));
#3176=CARTESIAN_POINT('Ctrl Pts',(-6.52276521253106,16.1088726614424,3.04887070709699));
#3177=CARTESIAN_POINT('Ctrl Pts',(-15.1259398064104,8.55553168399081,3.36907815344591));
#3178=CARTESIAN_POINT('Ctrl Pts',(-16.9890004427226,-1.75140703087403,3.66260267528904));
#3179=CARTESIAN_POINT('Ctrl Pts',(-13.2909067592554,-10.2888147560687,3.92944389816382));
#3180=CARTESIAN_POINT('Ctrl Pts',(-6.6924547560283,-15.4243410131206,4.16960060922027));
#3181=CARTESIAN_POINT('Ctrl Pts',(1.57496788343957,-16.738305438904,4.40975728782015));
#3182=CARTESIAN_POINT('Ctrl Pts',(9.44682795369015,-13.9067731650272,4.64991335559868));
#3183=CARTESIAN_POINT('Ctrl Pts',(14.981441690027,-7.63028020416246,4.89007036165329));
#3184=CARTESIAN_POINT('Ctrl Pts',(16.8033921196621,0.536157132065963,5.13022664804183));
#3185=CARTESIAN_POINT('Ctrl Pts',(14.464512408362,8.5699422323011,5.37038343077843));
#3186=CARTESIAN_POINT('Ctrl Pts',(8.54098477795307,14.4806397083482,5.61053995169274));
#3187=CARTESIAN_POINT('Ctrl Pts',(0.504703860353987,16.8049954114793,5.8506965182411));
#3188=CARTESIAN_POINT('Ctrl Pts',(-7.66189125538739,14.9656408072088,6.09085328987542));
#3189=CARTESIAN_POINT('Ctrl Pts',(-13.9205018687244,9.42133353221986,6.33100940382481));
#3190=CARTESIAN_POINT('Ctrl Pts',(-17.0647121658479,0.663413065576577,6.59785116309141));
#3191=CARTESIAN_POINT('Ctrl Pts',(-14.5521155036477,-9.50031276893142,6.89137526002211));
#3192=CARTESIAN_POINT('Ctrl Pts',(-5.47752614894865,-16.4963327130443,7.21158264256731));
#3193=CARTESIAN_POINT('Ctrl Pts',(4.0267376192364,-16.3386599218403,7.4784239417748));
#3194=CARTESIAN_POINT('Ctrl Pts',(11.987182082095,-11.8228649844005,7.74526565239362));
#3195=CARTESIAN_POINT('Ctrl Pts',(16.4692874284557,-4.53653980890429,7.98542121656875));
#3196=CARTESIAN_POINT('Ctrl Pts',(16.1175874320312,4.77179546160383,8.25226282045348));
#3197=CARTESIAN_POINT('Ctrl Pts',(11.8275703912189,11.9482047105827,8.49241880177655));
#3198=CARTESIAN_POINT('Ctrl Pts',(4.60797870494785,16.1651812079357,8.7325759369057));
#3199=CARTESIAN_POINT('Ctrl Pts',(-4.70341269566055,16.4224140951403,8.99941592474485));
#3200=CARTESIAN_POINT('Ctrl Pts',(-11.9439178918859,11.8665651436725,9.23957347111089));
#3201=CARTESIAN_POINT('Ctrl Pts',(-16.3786572399445,3.860777405817,9.50641247330461));
#3202=CARTESIAN_POINT('Ctrl Pts',(-16.4399332665123,-5.64458690964202,9.77325395450564));
#3203=CARTESIAN_POINT('Ctrl Pts',(-9.35213362002528,-14.6477965109995,10.0934630682487));
#3204=CARTESIAN_POINT('Ctrl Pts',(0.836542411552907,-17.0570866049428,10.3869877365054));
#3205=CARTESIAN_POINT('Ctrl Pts',(9.56216917405508,-13.8242062554918,10.6538284807916));
#3206=CARTESIAN_POINT('Ctrl Pts',(15.0424833514907,-7.50956288137433,10.893984938264));
#3207=CARTESIAN_POINT('Ctrl Pts',(16.7992919641477,0.675081785197469,11.1341416275489));
#3208=CARTESIAN_POINT('Ctrl Pts',(14.3926654903506,8.68775570000535,11.3742982027498));
#3209=CARTESIAN_POINT('Ctrl Pts',(8.42379536157515,14.5502240047436,11.6144547246143));
#3210=CARTESIAN_POINT('Ctrl Pts',(0.363513175663897,16.8089572749648,11.8546115683917));
#3211=CARTESIAN_POINT('Ctrl Pts',(-7.7778443013746,14.9013334629551,12.0947675356256));
#3212=CARTESIAN_POINT('Ctrl Pts',(-14.7022974989512,8.68738465320389,12.3616095475191));
#3213=CARTESIAN_POINT('Ctrl Pts',(-17.3186322410005,-1.45330491162182,12.6551336493157));
#3214=CARTESIAN_POINT('Ctrl Pts',(-12.6557529026698,-11.908827417528,12.9753421874247));
#3215=CARTESIAN_POINT('Ctrl Pts',(-3.36490108104594,-16.7440365119873,13.2688667004536));
#3216=CARTESIAN_POINT('Ctrl Pts',(5.8852232487947,-15.7445851188292,13.5357076950749));
#3217=CARTESIAN_POINT('Ctrl Pts',(12.7461182989334,-10.9652571316007,13.7758644104885));
#3218=CARTESIAN_POINT('Ctrl Pts',(16.4526742446699,-3.45866278681676,14.0160206017723));
#3219=CARTESIAN_POINT('Ctrl Pts',(16.0824967901131,4.89835678632793,14.2561773188043));
#3220=CARTESIAN_POINT('Ctrl Pts',(11.7293191740644,12.0450559417547,14.4963339149878));
#3221=CARTESIAN_POINT('Ctrl Pts',(4.47042058731026,16.2071381500815,14.736490402508));
#3222=CARTESIAN_POINT('Ctrl Pts',(-3.89548261427363,16.3547102943337,14.9766477557743));
#3223=CARTESIAN_POINT('Ctrl Pts',(-11.2967795725575,12.4512252177897,15.2168035364819));
#3224=CARTESIAN_POINT('Ctrl Pts',(-15.8999659031341,5.46366651486391,15.4569600304709));
#3225=CARTESIAN_POINT('Ctrl Pts',(-16.5641737230451,-2.8771353383148,15.6971174023713));
#3226=CARTESIAN_POINT('Ctrl Pts',(-13.1256151091533,-10.5057532787619,15.9372732300143));
#3227=CARTESIAN_POINT('Ctrl Pts',(-6.43613685631417,-15.5315282065781,16.1774301512815));
#3228=CARTESIAN_POINT('Ctrl Pts',(1.84840536303684,-16.7105279832075,16.4175866098649));
#3229=CARTESIAN_POINT('Ctrl Pts',(9.6735674219472,-13.7497546003061,16.6577432647895));
#3230=CARTESIAN_POINT('Ctrl Pts',(15.1054992533232,-7.38401354348891,16.8978997298333));
#3231=CARTESIAN_POINT('Ctrl Pts',(16.6493943999217,0.129406340532114,17.1180436022046));
#3232=CARTESIAN_POINT('Ctrl Pts',(15.0309489954911,6.8108248751629,17.3181737504535));
#3233=CARTESIAN_POINT('Ctrl Pts',(11.4658841072596,11.875648225302,17.4982912954232));
#3234=CARTESIAN_POINT('Ctrl Pts',(6.28727941152689,15.2508312611829,17.6784088054427));
#3235=CARTESIAN_POINT('Ctrl Pts',(-1.80009707134208,16.9402637362339,17.9185649634517));
#3236=CARTESIAN_POINT('Ctrl Pts',(-11.9611405440664,13.0909141887892,18.2187611047205));
#3237=CARTESIAN_POINT('Ctrl Pts',(-17.6827028668392,1.32522668635986,18.5789948286667));
#3238=CARTESIAN_POINT('Ctrl Pts',(-14.4368437015365,-9.04399142183405,18.8791909870311));
#3239=CARTESIAN_POINT('Ctrl Pts',(-8.11371418126102,-14.36271339232,19.1193486366195));
#3240=CARTESIAN_POINT('Ctrl Pts',(-2.26203436945765,-16.3513659913245,19.2994656546249));
#3241=CARTESIAN_POINT('Ctrl Pts',(3.92499797646602,-16.0297302791204,19.4795831435629));
#3242=CARTESIAN_POINT('Ctrl Pts',(9.55095018005227,-13.4595227425191,19.659700870437));
#3243=CARTESIAN_POINT('Ctrl Pts',(13.8389569252553,-8.99348288534769,19.8398175029953));
#3244=CARTESIAN_POINT('Ctrl Pts',(15.3975726906416,-5.17418250633363,19.9598970577242));
#3245=CARTESIAN_POINT('Ctrl Pts',(15.7983962122013,-3.18764646128519,20.0199345101885));
#3246=CARTESIAN_POINT('Ctrl Pts',(0.618043489523527,16.1545315026699,-0.0997406743737383));
#3247=CARTESIAN_POINT('Ctrl Pts',(-1.41339065491528,16.2322506420343,-0.0396992992189926));
#3248=CARTESIAN_POINT('Ctrl Pts',(-5.50491236443744,15.6129232360462,0.0803735087806945));
#3249=CARTESIAN_POINT('Ctrl Pts',(-10.8689811992403,12.4870002611249,0.260489344742008));
#3250=CARTESIAN_POINT('Ctrl Pts',(-14.7043353832583,7.60553394070541,0.440607752070628));
#3251=CARTESIAN_POINT('Ctrl Pts',(-16.4719509769056,1.65428630702218,0.620724689243245));
#3252=CARTESIAN_POINT('Ctrl Pts',(-15.9230951281066,-4.52949611215257,0.800842413265837));
#3253=CARTESIAN_POINT('Ctrl Pts',(-13.1350254860472,-10.0763363236226,0.980959733522901));
#3254=CARTESIAN_POINT('Ctrl Pts',(-8.49979578701786,-14.2061827199216,1.16107726134008));
#3255=CARTESIAN_POINT('Ctrl Pts',(-2.66924535242014,-16.3381490126085,1.34119467639045));
#3256=CARTESIAN_POINT('Ctrl Pts',(3.5366468814582,-16.1727110859138,1.52131215499595));
#3257=CARTESIAN_POINT('Ctrl Pts',(9.24524953679637,-13.7325284476195,1.70142957261351));
#3258=CARTESIAN_POINT('Ctrl Pts',(13.6535833213201,-9.36196981232186,1.8815470570034));
#3259=CARTESIAN_POINT('Ctrl Pts',(16.1420881875292,-3.67326776732963,2.06166441595514));
#3260=CARTESIAN_POINT('Ctrl Pts',(16.3600687729596,2.52887434710673,2.24178200055409));
#3261=CARTESIAN_POINT('Ctrl Pts',(14.2783287997399,8.38153081457786,2.42189914003648));
#3262=CARTESIAN_POINT('Ctrl Pts',(10.1867846795473,13.0434936808508,2.60201713722306));
#3263=CARTESIAN_POINT('Ctrl Pts',(3.23466133992918,16.6327619632123,2.82883047236669));
#3264=CARTESIAN_POINT('Ctrl Pts',(-6.5412198292342,16.1590740411282,3.10234408514364));
#3265=CARTESIAN_POINT('Ctrl Pts',(-15.1716114325359,8.58336109577418,3.42255153149255));
#3266=CARTESIAN_POINT('Ctrl Pts',(-17.0414320637335,-1.75509475968941,3.71607605333569));
#3267=CARTESIAN_POINT('Ctrl Pts',(-13.3328194641644,-10.3191343608106,3.98291727621046));
#3268=CARTESIAN_POINT('Ctrl Pts',(-6.71458034462733,-15.4711162328487,4.22307398726692));
#3269=CARTESIAN_POINT('Ctrl Pts',(1.57813690364504,-16.789950008717,4.46323066586679));
#3270=CARTESIAN_POINT('Ctrl Pts',(9.47449588195942,-13.9504942857285,4.70338673364534));
#3271=CARTESIAN_POINT('Ctrl Pts',(15.026760963633,-7.65524891839695,4.94354373969992));
#3272=CARTESIAN_POINT('Ctrl Pts',(16.8551325058936,0.536126131305995,5.18370002608848));
#3273=CARTESIAN_POINT('Ctrl Pts',(14.5098616734707,8.59485671318831,5.42385680882508));
#3274=CARTESIAN_POINT('Ctrl Pts',(8.56870462613174,14.5243275632775,5.66401332973939));
#3275=CARTESIAN_POINT('Ctrl Pts',(0.507936646284231,16.856636714329,5.90416989628774));
#3276=CARTESIAN_POINT('Ctrl Pts',(-7.68396233312348,15.0124404802598,6.14432666792207));
#3277=CARTESIAN_POINT('Ctrl Pts',(-13.9623790714744,9.45170577821262,6.38448278187146));
#3278=CARTESIAN_POINT('Ctrl Pts',(-17.11713583366,0.667159445491102,6.65132454113806));
#3279=CARTESIAN_POINT('Ctrl Pts',(-14.5978271406749,-9.52808064859578,6.94484863806876));
#3280=CARTESIAN_POINT('Ctrl Pts',(-5.49602643908781,-16.546526085417,7.26505602061396));
#3281=CARTESIAN_POINT('Ctrl Pts',(4.03749237949931,-16.3893198290427,7.53189731982145));
#3282=CARTESIAN_POINT('Ctrl Pts',(12.0228712408298,-11.8604298588998,7.79873903044026));
#3283=CARTESIAN_POINT('Ctrl Pts',(16.5194930366273,-4.55214218421802,8.0388945946154));
#3284=CARTESIAN_POINT('Ctrl Pts',(16.1676416446315,4.78486200164179,8.30573619850013));
#3285=CARTESIAN_POINT('Ctrl Pts',(11.865146307459,11.9837742216591,8.54589217982321));
#3286=CARTESIAN_POINT('Ctrl Pts',(4.62376948445772,16.2144439066053,8.78604931495234));
#3287=CARTESIAN_POINT('Ctrl Pts',(-4.71623936252553,16.473399388196,9.0528893027915));
#3288=CARTESIAN_POINT('Ctrl Pts',(-11.9794698050116,11.9042598950497,9.29304684915754));
#3289=CARTESIAN_POINT('Ctrl Pts',(-16.4286516265143,3.87429324745353,9.55988585135126));
#3290=CARTESIAN_POINT('Ctrl Pts',(-16.4910651814547,-5.66030752003553,9.82672733255229));
#3291=CARTESIAN_POINT('Ctrl Pts',(-9.38236557161424,-14.6919173300493,10.1469364462953));
#3292=CARTESIAN_POINT('Ctrl Pts',(0.837409275678111,-17.1096368460956,10.4404611145521));
#3293=CARTESIAN_POINT('Ctrl Pts',(9.59020030563669,-13.8676854885215,10.7073018588382));
#3294=CARTESIAN_POINT('Ctrl Pts',(15.0880022960153,-7.53416608059433,10.9474583163107));
#3295=CARTESIAN_POINT('Ctrl Pts',(16.8510337192982,0.675478354456176,11.1876150055955));
#3296=CARTESIAN_POINT('Ctrl Pts',(14.4378054963849,8.71303987006321,11.4277715807964));
#3297=CARTESIAN_POINT('Ctrl Pts',(8.45116170717194,14.5941375040079,11.667928102661));
#3298=CARTESIAN_POINT('Ctrl Pts',(0.366312077308815,16.8606250470829,11.9080849464383));
#3299=CARTESIAN_POINT('Ctrl Pts',(-7.80027854177111,14.9479466212405,12.1482409136722));
#3300=CARTESIAN_POINT('Ctrl Pts',(-14.7466526338073,8.71557837196372,12.4150829255657));
#3301=CARTESIAN_POINT('Ctrl Pts',(-17.3720483815644,-1.45604499770592,12.7086070273623));
#3302=CARTESIAN_POINT('Ctrl Pts',(-12.6958725865144,-11.9441931049156,13.0288155654713));
#3303=CARTESIAN_POINT('Ctrl Pts',(-3.37692677115851,-16.7952034598714,13.3223400785003));
#3304=CARTESIAN_POINT('Ctrl Pts',(5.90175374896753,-15.7936033491006,13.5891810731215));
#3305=CARTESIAN_POINT('Ctrl Pts',(12.7842258813357,-11.0002614152143,13.8293377885352));
#3306=CARTESIAN_POINT('Ctrl Pts',(16.5029379759738,-3.47094616269481,14.069493979819));
#3307=CARTESIAN_POINT('Ctrl Pts',(16.132454428359,4.91181551345328,14.309650696851));
#3308=CARTESIAN_POINT('Ctrl Pts',(11.7666043683987,12.0809334024915,14.5498072930345));
#3309=CARTESIAN_POINT('Ctrl Pts',(4.4857894176875,16.256543684303,14.7899637805546));
#3310=CARTESIAN_POINT('Ctrl Pts',(-3.90582779071304,16.4054064952835,15.030121133821));
#3311=CARTESIAN_POINT('Ctrl Pts',(-11.3302835293414,12.490655445174,15.2702769145286));
#3312=CARTESIAN_POINT('Ctrl Pts',(-15.9483269794107,5.48206016557185,15.5104334085175));
#3313=CARTESIAN_POINT('Ctrl Pts',(-16.6154129226427,-2.88432733088407,15.7505907804179));
#3314=CARTESIAN_POINT('Ctrl Pts',(-13.1670393160483,-10.5367564948245,15.9907466080609));
#3315=CARTESIAN_POINT('Ctrl Pts',(-6.45748742755229,-15.5786589120501,16.2309035293282));
#3316=CARTESIAN_POINT('Ctrl Pts',(1.85242009693214,-16.7621140471872,16.4710599879116));
#3317=CARTESIAN_POINT('Ctrl Pts',(9.7019480475638,-13.7930154136233,16.7112166428362));
#3318=CARTESIAN_POINT('Ctrl Pts',(15.1512249406897,-7.40823756859794,16.9513731078799));
#3319=CARTESIAN_POINT('Ctrl Pts',(16.7006202761121,0.128140674416494,17.1715169802512));
#3320=CARTESIAN_POINT('Ctrl Pts',(15.0778647235781,6.8302713501082,17.3716471285001));
#3321=CARTESIAN_POINT('Ctrl Pts',(11.5023404583003,11.9110309839331,17.5517646734698));
#3322=CARTESIAN_POINT('Ctrl Pts',(6.3081434898398,15.2971135131275,17.7318821834894));
#3323=CARTESIAN_POINT('Ctrl Pts',(-1.8039380514219,16.9925516744424,17.9720383414984));
#3324=CARTESIAN_POINT('Ctrl Pts',(-11.9966244403183,13.1323769669824,18.2722344827671));
#3325=CARTESIAN_POINT('Ctrl Pts',(-17.7369619558713,1.33107209147042,18.6324682067134));
#3326=CARTESIAN_POINT('Ctrl Pts',(-14.4821540084562,-9.07036824429882,18.9326643650777));
#3327=CARTESIAN_POINT('Ctrl Pts',(-8.14010824892983,-14.4060814301093,19.1728220146662));
#3328=CARTESIAN_POINT('Ctrl Pts',(-2.27062702518215,-16.4014351150688,19.3529390326716));
#3329=CARTESIAN_POINT('Ctrl Pts',(3.93546768901625,-16.079431886929,19.5330565216096));
#3330=CARTESIAN_POINT('Ctrl Pts',(9.57898374353598,-13.5018742978048,19.7131742484836));
#3331=CARTESIAN_POINT('Ctrl Pts',(13.8806236163611,-9.02254016607047,19.893290881042));
#3332=CARTESIAN_POINT('Ctrl Pts',(15.4444211989182,-5.19162222558522,20.0133704357708));
#3333=CARTESIAN_POINT('Ctrl Pts',(15.8466735805242,-3.19903145624039,20.0734078882351));
#3334=CARTESIAN_POINT('Ctrl Pts',(0.620738852455551,16.1703401058271,-0.0299125090678841));
#3335=CARTESIAN_POINT('Ctrl Pts',(-1.41269012625657,16.2483984065324,0.0301288660868615));
#3336=CARTESIAN_POINT('Ctrl Pts',(-5.50830488858728,15.6289907521889,0.150201674086549));
#3337=CARTESIAN_POINT('Ctrl Pts',(-10.8780598467648,12.5006863229546,0.330317510047862));
#3338=CARTESIAN_POINT('Ctrl Pts',(-14.7178140360616,7.61491448615677,0.510435917376483));
#3339=CARTESIAN_POINT('Ctrl Pts',(-16.4879387233888,1.65804188703954,0.690552854549098));
#3340=CARTESIAN_POINT('Ctrl Pts',(-15.9393413418514,-4.53189350709436,0.870670578571691));
#3341=CARTESIAN_POINT('Ctrl Pts',(-13.1492466522328,-10.0845495993425,1.05078789882876));
#3342=CARTESIAN_POINT('Ctrl Pts',(-8.50999142856345,-14.2190568720046,1.23090542664593));
#3343=CARTESIAN_POINT('Ctrl Pts',(-2.67398195068383,-16.3538734909631,1.41102284169631));
#3344=CARTESIAN_POINT('Ctrl Pts',(3.53803552931446,-16.1890747730158,1.5911403203018));
#3345=CARTESIAN_POINT('Ctrl Pts',(9.25256816701482,-13.7472297646281,1.77125773791936));
#3346=CARTESIAN_POINT('Ctrl Pts',(13.665802576545,-9.37294210123634,1.95137522230926));
#3347=CARTESIAN_POINT('Ctrl Pts',(16.1574900521941,-3.67896651253139,2.131492581261));
#3348=CARTESIAN_POINT('Ctrl Pts',(16.3764865811468,2.52924758988545,2.31161016585994));
#3349=CARTESIAN_POINT('Ctrl Pts',(14.2934551916528,8.38792937884122,2.49172730534233));
#3350=CARTESIAN_POINT('Ctrl Pts',(10.1984896627787,13.0550063553941,2.67184530252891));
#3351=CARTESIAN_POINT('Ctrl Pts',(3.23999109457704,16.648703056543,2.89865863767254));
#3352=CARTESIAN_POINT('Ctrl Pts',(-6.54556466038597,16.1758130853549,3.17217225044949));
#3353=CARTESIAN_POINT('Ctrl Pts',(-15.1854242354942,8.59376359655284,3.4923796967984));
#3354=CARTESIAN_POINT('Ctrl Pts',(-17.0584204612225,-1.75461918161403,3.78590421864154));
#3355=CARTESIAN_POINT('Ctrl Pts',(-13.3472657721571,-10.3275606464482,4.05274544151632));
#3356=CARTESIAN_POINT('Ctrl Pts',(-6.72318475909056,-15.4854653195483,4.29290215257277));
#3357=CARTESIAN_POINT('Ctrl Pts',(1.57752024589508,-16.8066674637865,4.53305883117265));
#3358=CARTESIAN_POINT('Ctrl Pts',(9.48201166213241,-13.9654397286062,4.77321489895118));
#3359=CARTESIAN_POINT('Ctrl Pts',(15.0405514008335,-7.66471994814884,5.01337190500579));
#3360=CARTESIAN_POINT('Ctrl Pts',(16.8717796247131,0.534475385694644,5.25352819139432));
#3361=CARTESIAN_POINT('Ctrl Pts',(14.5252435152758,8.60143521804438,5.49368497413094));
#3362=CARTESIAN_POINT('Ctrl Pts',(8.57900919719067,14.537505751504,5.73384149504523));
#3363=CARTESIAN_POINT('Ctrl Pts',(0.510614487108022,16.8731503695417,5.9739980615936));
#3364=CARTESIAN_POINT('Ctrl Pts',(-7.68958004902284,15.0281990348528,6.21415483322792));
#3365=CARTESIAN_POINT('Ctrl Pts',(-13.9748903095138,9.46280599854463,6.45431094717732));
#3366=CARTESIAN_POINT('Ctrl Pts',(-17.1338854002783,0.670027799284242,6.7211527064439));
#3367=CARTESIAN_POINT('Ctrl Pts',(-14.6134161429065,-9.53556549956921,7.01467680337462));
#3368=CARTESIAN_POINT('Ctrl Pts',(-5.50356934232562,-16.5620907193387,7.3348841859198));
#3369=CARTESIAN_POINT('Ctrl Pts',(4.03934457456918,-16.4059612314445,7.6017254851273));
#3370=CARTESIAN_POINT('Ctrl Pts',(12.0331640693832,-11.873649032742,7.86856719574612));
#3371=CARTESIAN_POINT('Ctrl Pts',(16.5351524710229,-4.55875355340968,8.10872275992125));
#3372=CARTESIAN_POINT('Ctrl Pts',(16.184161690533,4.78747881968086,8.37556436380599));
#3373=CARTESIAN_POINT('Ctrl Pts',(11.8783648608678,11.994027683302,8.61572034512905));
#3374=CARTESIAN_POINT('Ctrl Pts',(4.63041228764999,16.2297941935403,8.8558774802582));
#3375=CARTESIAN_POINT('Ctrl Pts',(-4.71874877003813,16.4902111646756,9.12271746809734));
#3376=CARTESIAN_POINT('Ctrl Pts',(-11.9897141927123,11.917516661076,9.3628750144634));
#3377=CARTESIAN_POINT('Ctrl Pts',(-16.4443093250435,3.88022568383473,9.62971401665709));
#3378=CARTESIAN_POINT('Ctrl Pts',(-16.5080169131016,-5.66374288047156,9.89655549785816));
#3379=CARTESIAN_POINT('Ctrl Pts',(-9.39349193829503,-14.7051552530074,10.2167646116012));
#3380=CARTESIAN_POINT('Ctrl Pts',(0.83602228426892,-17.1265734534339,10.5102892798579));
#3381=CARTESIAN_POINT('Ctrl Pts',(9.59784052352953,-13.8825641971779,10.7771300241441));
#3382=CARTESIAN_POINT('Ctrl Pts',(15.1018686805867,-7.543526061907,11.0172864816166));
#3383=CARTESIAN_POINT('Ctrl Pts',(16.8676947772171,0.673965271463116,11.2574431709014));
#3384=CARTESIAN_POINT('Ctrl Pts',(14.4531317555516,8.71974387556747,11.4975997461023));
#3385=CARTESIAN_POINT('Ctrl Pts',(8.46135968640315,14.6073995915544,11.7377562679668));
#3386=CARTESIAN_POINT('Ctrl Pts',(0.36885112945811,16.8771608553105,11.9779131117442));
#3387=CARTESIAN_POINT('Ctrl Pts',(-7.80601896387737,14.9636569026892,12.2180690789781));
#3388=CARTESIAN_POINT('Ctrl Pts',(-14.7600304781205,8.72605553310125,12.4849110908716));
#3389=CARTESIAN_POINT('Ctrl Pts',(-17.3893231233484,-1.45523159327082,12.7784351926682));
#3390=CARTESIAN_POINT('Ctrl Pts',(-12.7099029811664,-11.954300242954,13.0986437307772));
#3391=CARTESIAN_POINT('Ctrl Pts',(-3.38241799443038,-16.8112863326007,13.3921682438061));
#3392=CARTESIAN_POINT('Ctrl Pts',(5.90551664856965,-15.8098998075651,13.6590092384274));
#3393=CARTESIAN_POINT('Ctrl Pts',(12.7953794792091,-11.0127323273823,13.899165953841));
#3394=CARTESIAN_POINT('Ctrl Pts',(16.5187202024842,-3.47649275215723,14.1393221451248));
#3395=CARTESIAN_POINT('Ctrl Pts',(16.1489568326873,4.91456199809656,14.3794788621568));
#3396=CARTESIAN_POINT('Ctrl Pts',(11.7797377746652,12.0912950841501,14.6196354583404));
#3397=CARTESIAN_POINT('Ctrl Pts',(4.49230324973904,16.2719531698707,14.8597919458605));
#3398=CARTESIAN_POINT('Ctrl Pts',(-3.90755023388948,16.422046725886,15.0999492991268));
#3399=CARTESIAN_POINT('Ctrl Pts',(-11.3398131862075,12.5044042917485,15.3401050798344));
#3400=CARTESIAN_POINT('Ctrl Pts',(-15.9633047060056,5.48951390728966,15.5802615738234));
#3401=CARTESIAN_POINT('Ctrl Pts',(-16.6321274785909,-2.88501787365031,15.8204189457238));
#3402=CARTESIAN_POINT('Ctrl Pts',(-13.1813514508881,-10.5454183197984,16.0605747733668));
#3403=CARTESIAN_POINT('Ctrl Pts',(-6.46585171618672,-15.5931469549935,16.300731694634));
#3404=CARTESIAN_POINT('Ctrl Pts',(1.8520760073042,-16.7788397240008,16.5408881532174));
#3405=CARTESIAN_POINT('Ctrl Pts',(9.7097080803077,-13.8078353622069,16.781044808142));
#3406=CARTESIAN_POINT('Ctrl Pts',(15.1651696351624,-7.4174815535555,17.0212012731858));
#3407=CARTESIAN_POINT('Ctrl Pts',(16.7170627561365,0.126108151220396,17.2413451455571));
#3408=CARTESIAN_POINT('Ctrl Pts',(15.0935771970201,6.8350410606255,17.441475293806));
#3409=CARTESIAN_POINT('Ctrl Pts',(11.5151926743834,11.9212596703149,17.6215928387757));
#3410=CARTESIAN_POINT('Ctrl Pts',(6.31632474294233,15.3113439022435,17.8017103487952));
#3411=CARTESIAN_POINT('Ctrl Pts',(-1.8035174410492,17.0094977350123,18.0418665068042));
#3412=CARTESIAN_POINT('Ctrl Pts',(-12.0067263871856,13.1468437452377,18.342062648073));
#3413=CARTESIAN_POINT('Ctrl Pts',(-17.7542350836641,1.33467287437143,18.7022963720192));
#3414=CARTESIAN_POINT('Ctrl Pts',(-14.4975705696102,-9.07741739856216,19.0024925303836));
#3415=CARTESIAN_POINT('Ctrl Pts',(-8.14997587069394,-14.4191986193892,19.2426501799721));
#3416=CARTESIAN_POINT('Ctrl Pts',(-2.2749798628193,-16.4172737535105,19.4227671979774));
#3417=CARTESIAN_POINT('Ctrl Pts',(3.9372608887932,-16.0957544268047,19.6028846869154));
#3418=CARTESIAN_POINT('Ctrl Pts',(9.58665994954212,-13.5163938240947,19.7830024137895));
#3419=CARTESIAN_POINT('Ctrl Pts',(13.8931110497916,-9.03320376295017,19.9631190463478));
#3420=CARTESIAN_POINT('Ctrl Pts',(15.4589390645153,-5.19873085565586,20.0831986010767));
#3421=CARTESIAN_POINT('Ctrl Pts',(15.8618458792974,-3.20422551679561,20.143236053541));
#3422=CARTESIAN_POINT('Ctrl Pts',(0.621631819920921,16.1703057776581,4.9439619065339E-16));
#3423=CARTESIAN_POINT('Ctrl Pts',(-1.41178998632218,16.2484762040843,0.0600413751547461));
#3424=CARTESIAN_POINT('Ctrl Pts',(-5.5074435454383,15.6292947723691,0.180114183154434));
#3425=CARTESIAN_POINT('Ctrl Pts',(-10.8773685604413,12.5012868825792,0.360230019115746));
#3426=CARTESIAN_POINT('Ctrl Pts',(-14.717393771611,7.61572715681765,0.540348426444367));
#3427=CARTESIAN_POINT('Ctrl Pts',(-16.4878467574722,1.65895237078432,0.720465363616983));
#3428=CARTESIAN_POINT('Ctrl Pts',(-15.9395915277822,-4.53101324304716,0.900583087639576));
#3429=CARTESIAN_POINT('Ctrl Pts',(-13.1498033384646,-10.0838233485035,1.08070040789664));
#3430=CARTESIAN_POINT('Ctrl Pts',(-8.51077657013277,-14.2185867638066,1.26081793571381));
#3431=CARTESIAN_POINT('Ctrl Pts',(-2.67488500634922,-16.3537256370518,1.44093535076419));
#3432=CARTESIAN_POINT('Ctrl Pts',(3.53714147794601,-16.1892699648143,1.62105282936968));
#3433=CARTESIAN_POINT('Ctrl Pts',(9.25180891052687,-13.7477405539656,1.80117024698725));
#3434=CARTESIAN_POINT('Ctrl Pts',(13.66528481153,-9.3736966545054,1.98128773137714));
#3435=CARTESIAN_POINT('Ctrl Pts',(16.1572867181257,-3.67985872249249,2.16140509032888));
#3436=CARTESIAN_POINT('Ctrl Pts',(16.3766260339109,2.52834320131282,2.34152267492782));
#3437=CARTESIAN_POINT('Ctrl Pts',(14.2939182842703,8.38713997781602,2.52163981441022));
#3438=CARTESIAN_POINT('Ctrl Pts',(10.1992103588922,13.0544429883692,2.70175781159679));
#3439=CARTESIAN_POINT('Ctrl Pts',(3.24091085201703,16.6485239682744,2.92857114674043));
#3440=CARTESIAN_POINT('Ctrl Pts',(-6.54467161389745,16.1761741541618,3.20208475951737));
#3441=CARTESIAN_POINT('Ctrl Pts',(-15.1849495300096,8.59460213850655,3.52229220586629));
#3442=CARTESIAN_POINT('Ctrl Pts',(-17.0585169513277,-1.75367703389822,3.81581672770942));
#3443=CARTESIAN_POINT('Ctrl Pts',(-13.3478361985034,-10.3268235467358,4.08265795058421));
#3444=CARTESIAN_POINT('Ctrl Pts',(-6.72403937076546,-15.4850938307241,4.32281466164065));
#3445=CARTESIAN_POINT('Ctrl Pts',(1.57659179980072,-16.8067544744157,4.56297134024054));
#3446=CARTESIAN_POINT('Ctrl Pts',(9.48124042038788,-13.9659631370202,4.80312740801906));
#3447=CARTESIAN_POINT('Ctrl Pts',(15.040127931353,-7.6655504606808,5.04328441407368));
#3448=CARTESIAN_POINT('Ctrl Pts',(16.8718089597287,0.533543687300153,5.28344070046221));
#3449=CARTESIAN_POINT('Ctrl Pts',(14.5257183290134,8.60063299871667,5.52359748319883));
#3450=CARTESIAN_POINT('Ctrl Pts',(8.57981190523794,14.5370318167398,5.76375400411312));
#3451=CARTESIAN_POINT('Ctrl Pts',(0.51154624435316,16.8731220041104,6.00391057066148));
#3452=CARTESIAN_POINT('Ctrl Pts',(-7.6887500399115,15.0286234426992,6.24406734229581));
#3453=CARTESIAN_POINT('Ctrl Pts',(-13.9743676329489,9.46357771661353,6.4842234562452));
#3454=CARTESIAN_POINT('Ctrl Pts',(-17.1338481185782,0.670973847689209,6.75106521551179));
#3455=CARTESIAN_POINT('Ctrl Pts',(-14.6139425215423,-9.53475846710573,7.0445893124425));
#3456=CARTESIAN_POINT('Ctrl Pts',(-5.50448423267626,-16.5617863957943,7.36479669498769));
#3457=CARTESIAN_POINT('Ctrl Pts',(4.03843898276392,-16.406184136503,7.63163799419519));
#3458=CARTESIAN_POINT('Ctrl Pts',(12.0325081007804,-11.8743132940876,7.89847970481401));
#3459=CARTESIAN_POINT('Ctrl Pts',(16.5349005666749,-4.55966684202763,8.13863526898913));
#3460=CARTESIAN_POINT('Ctrl Pts',(16.184425860929,4.78658509515198,8.40547687287387));
#3461=CARTESIAN_POINT('Ctrl Pts',(11.8790270500363,11.9933715782114,8.64563285419695));
#3462=CARTESIAN_POINT('Ctrl Pts',(4.63130854415358,16.2295382821334,8.88578998932607));
#3463=CARTESIAN_POINT('Ctrl Pts',(-4.71783831244599,16.490471594408,9.15262997716525));
#3464=CARTESIAN_POINT('Ctrl Pts',(-11.9890558402336,11.9181784855852,9.39278752353127));
#3465=CARTESIAN_POINT('Ctrl Pts',(-16.4440948784017,3.88113416872418,9.659626525725));
#3466=CARTESIAN_POINT('Ctrl Pts',(-16.5083292877249,-5.66283156056944,9.92646800692603));
#3467=CARTESIAN_POINT('Ctrl Pts',(-9.39430395127774,-14.7046363190785,10.246677120669));
#3468=CARTESIAN_POINT('Ctrl Pts',(0.835076384504548,-17.1266193354307,10.5402017889258));
#3469=CARTESIAN_POINT('Ctrl Pts',(9.59707388097313,-13.8830941025729,10.8070425332119));
#3470=CARTESIAN_POINT('Ctrl Pts',(15.1014518766589,-7.54435990776973,11.0471989906845));
#3471=CARTESIAN_POINT('Ctrl Pts',(16.86773182967,0.673033766397167,11.2873556799692));
#3472=CARTESIAN_POINT('Ctrl Pts',(14.4536130970958,8.71894565778726,11.5275122551702));
#3473=CARTESIAN_POINT('Ctrl Pts',(8.46216625635922,14.6069321326536,11.7676687770347));
#3474=CARTESIAN_POINT('Ctrl Pts',(0.369783114350454,16.8771403474641,12.007825620812));
#3475=CARTESIAN_POINT('Ctrl Pts',(-7.805192531672,14.9640876880707,12.2479815880459));
#3476=CARTESIAN_POINT('Ctrl Pts',(-14.7595484276335,8.72687077528564,12.5148235999395));
#3477=CARTESIAN_POINT('Ctrl Pts',(-17.3894031660199,-1.45427157682882,12.8083477017361));
#3478=CARTESIAN_POINT('Ctrl Pts',(-12.710563011035,-11.9535982369138,13.128556239845));
#3479=CARTESIAN_POINT('Ctrl Pts',(-3.38334649534789,-16.8110992202577,13.422080752874));
#3480=CARTESIAN_POINT('Ctrl Pts',(5.90464389799532,-15.8102257427261,13.6889217474953));
#3481=CARTESIAN_POINT('Ctrl Pts',(12.7947707110069,-11.0134389404988,13.9290784629089));
#3482=CARTESIAN_POINT('Ctrl Pts',(16.5185283359849,-3.47740483362779,14.1692346541927));
#3483=CARTESIAN_POINT('Ctrl Pts',(16.1492277858896,4.91367011687799,14.4093913712247));
#3484=CARTESIAN_POINT('Ctrl Pts',(11.780405660645,12.0906444468092,14.6495479674082));
#3485=CARTESIAN_POINT('Ctrl Pts',(4.493201298338,16.2717049147026,14.8897044549284));
#3486=CARTESIAN_POINT('Ctrl Pts',(-3.90664299942472,16.4222623247369,15.1298618081947));
#3487=CARTESIAN_POINT('Ctrl Pts',(-11.3391226093281,12.5050305486332,15.3700175889023));
#3488=CARTESIAN_POINT('Ctrl Pts',(-15.9630013320357,5.49039495875825,15.6101740828913));
#3489=CARTESIAN_POINT('Ctrl Pts',(-16.6322867032838,-2.88409907463849,15.8503314547917));
#3490=CARTESIAN_POINT('Ctrl Pts',(-13.1819335947275,-10.5446903570209,16.0904872824347));
#3491=CARTESIAN_POINT('Ctrl Pts',(-6.46671275758748,-15.5927896791505,16.3306442037019));
#3492=CARTESIAN_POINT('Ctrl Pts',(1.85114942789332,-16.7789418403232,16.5708006622853));
#3493=CARTESIAN_POINT('Ctrl Pts',(9.70894545959882,-13.8083713432224,16.8109573172099));
#3494=CARTESIAN_POINT('Ctrl Pts',(15.1647598478364,-7.41831902604373,17.0511137822537));
#3495=CARTESIAN_POINT('Ctrl Pts',(16.7170695254719,0.125185196366286,17.271257654625));
#3496=CARTESIAN_POINT('Ctrl Pts',(15.0939544608409,6.83420740960486,17.4713878028738));
#3497=CARTESIAN_POINT('Ctrl Pts',(11.5158508917224,11.9206236660542,17.6515053478435));
#3498=CARTESIAN_POINT('Ctrl Pts',(6.31717012801844,15.3109949051644,17.8316228578631));
#3499=CARTESIAN_POINT('Ctrl Pts',(-1.80257773494334,17.00959715631,18.0717790158721));
#3500=CARTESIAN_POINT('Ctrl Pts',(-12.0060004015733,13.14750655127,18.3719751571409));
#3501=CARTESIAN_POINT('Ctrl Pts',(-17.7541611994867,1.33565344739892,18.7322088810871));
#3502=CARTESIAN_POINT('Ctrl Pts',(-14.4980714577054,-9.07661696464238,19.0324050394515));
#3503=CARTESIAN_POINT('Ctrl Pts',(-8.15077210240859,-14.4187484106348,19.2725626890399));
#3504=CARTESIAN_POINT('Ctrl Pts',(-2.2758863689658,-16.4171477662072,19.4526797070453));
#3505=CARTESIAN_POINT('Ctrl Pts',(3.93637187751116,-16.0959720519188,19.6327971959833));
#3506=CARTESIAN_POINT('Ctrl Pts',(9.58591365386377,-13.5169222654628,19.8129149228574));
#3507=CARTESIAN_POINT('Ctrl Pts',(13.8926115792028,-9.03397259465389,19.9930315554157));
#3508=CARTESIAN_POINT('Ctrl Pts',(15.4586525504737,-5.19958173161975,20.1131111101446));
#3509=CARTESIAN_POINT('Ctrl Pts',(15.8616688850372,-3.2051014405076,20.1731485626089));
#3510=CARTESIAN_POINT('',(-5.12817026527941,15.2426869772834,-1.09095407782301E-15));
#3511=CARTESIAN_POINT('Ctrl Pts',(0.621631819920919,16.1703057776581,5.68989300120393E-16));
#3512=CARTESIAN_POINT('Ctrl Pts',(0.306277296248471,16.1824288883256,5.72493024773002E-16));
#3513=CARTESIAN_POINT('Ctrl Pts',(-0.00948327214586114,16.1845727832027,
3.18266469502624E-5));
#3514=CARTESIAN_POINT('Ctrl Pts',(-0.324965893101876,16.1768118320154,5.7207179420142E-5));
#3515=CARTESIAN_POINT('Ctrl Pts',(-0.626205788555865,16.1694012554289,8.14418866272279E-5));
#3516=CARTESIAN_POINT('Ctrl Pts',(-0.927193314670098,16.1529594525731,9.84117696545848E-5));
#3517=CARTESIAN_POINT('Ctrl Pts',(-1.22732510212547,16.1275097939534,9.31802594549905E-5));
#3518=CARTESIAN_POINT('Ctrl Pts',(-1.50013216731033,16.1043771336748,8.84250385697377E-5));
#3519=CARTESIAN_POINT('Ctrl Pts',(-1.77223267184578,16.0738015656639,6.45674854102883E-5));
#3520=CARTESIAN_POINT('Ctrl Pts',(-2.04315714606839,16.0357735371776,3.98935164512837E-5));
#3521=CARTESIAN_POINT('Ctrl Pts',(-2.13262141940352,16.0232159786748,3.17457154467979E-5));
#3522=CARTESIAN_POINT('Ctrl Pts',(-2.22195728422815,16.0098455710644,2.38133107292458E-5));
#3523=CARTESIAN_POINT('Ctrl Pts',(-2.31114727490333,15.9956613886186,1.77816007146044E-5));
#3524=CARTESIAN_POINT('Ctrl Pts',(-2.45828660981358,15.9722613281912,7.83091237830056E-6));
#3525=CARTESIAN_POINT('Ctrl Pts',(-2.60502900291942,15.9466464899207,2.82184336246705E-6));
#3526=CARTESIAN_POINT('Ctrl Pts',(-2.75129537046313,15.918817685212,1.04144795244482E-5));
#3527=CARTESIAN_POINT('Ctrl Pts',(-2.93731188318149,15.8834259728726,2.00705318686025E-5));
#3528=CARTESIAN_POINT('Ctrl Pts',(-3.11645322469831,15.8456026681477,3.10346644216221E-5));
#3529=CARTESIAN_POINT('Ctrl Pts',(-3.28831376361995,15.8061138798075,4.00515353542533E-5));
#3530=CARTESIAN_POINT('Ctrl Pts',(-3.4640719069524,15.7657295300046,4.92728988140189E-5));
#3531=CARTESIAN_POINT('Ctrl Pts',(-3.63221553168955,15.7236040175091,5.64043062590925E-5));
#3532=CARTESIAN_POINT('Ctrl Pts',(-3.79236483503586,15.68055014235,5.93946846393426E-5));
#3533=CARTESIAN_POINT('Ctrl Pts',(-3.95632200625914,15.6364725757681,6.24561652069652E-5));
#3534=CARTESIAN_POINT('Ctrl Pts',(-4.11190061550504,15.5914228588001,6.11144862675168E-5));
#3535=CARTESIAN_POINT('Ctrl Pts',(-4.25874372447284,15.5462539495379,5.55461661870087E-5));
#3536=CARTESIAN_POINT('Ctrl Pts',(-4.40540051712009,15.5011423511364,4.99849112586647E-5));
#3537=CARTESIAN_POINT('Ctrl Pts',(-4.54334472623217,15.455912724042,4.01520619722094E-5));
#3538=CARTESIAN_POINT('Ctrl Pts',(-4.67226121821679,15.4113827554017,2.9448342369686E-5));
#3539=CARTESIAN_POINT('Ctrl Pts',(-4.79777892350501,15.3680267860122,1.90268183127218E-5));
#3540=CARTESIAN_POINT('Ctrl Pts',(-4.91473952967862,15.3253347051883,7.74309339933972E-6));
#3541=CARTESIAN_POINT('Ctrl Pts',(-5.0228782312753,15.284020079469,2.44886251940957E-6));
#3542=CARTESIAN_POINT('Ctrl Pts',(-5.05900673902333,15.2702171046471,6.80090946038707E-7));
#3543=CARTESIAN_POINT('Ctrl Pts',(-5.09415071852878,15.2565674912374,-3.86402994053251E-7));
#3544=CARTESIAN_POINT('Ctrl Pts',(-5.12830070930752,15.2430965979776,-3.88200286582929E-7));
#3545=CARTESIAN_POINT('',(15.7646392769014,-3.18021776397767,20.));
#3546=CARTESIAN_POINT('Ctrl Pts',(-5.12830724977741,15.2430943990159,-1.83312886873049E-7));
#3547=CARTESIAN_POINT('Ctrl Pts',(-5.2024403588909,15.2181701983179,0.00232211788706659));
#3548=CARTESIAN_POINT('Ctrl Pts',(-7.18817294379477,14.5342249564622,0.0646818856772492));
#3549=CARTESIAN_POINT('Ctrl Pts',(-10.8141226347186,12.4205290323298,0.187081456506883));
#3550=CARTESIAN_POINT('Ctrl Pts',(-14.6288477625084,7.56394351713267,0.367199863835504));
#3551=CARTESIAN_POINT('Ctrl Pts',(-16.3864519877251,1.64342656306194,0.547316801008119));
#3552=CARTESIAN_POINT('Ctrl Pts',(-15.8396073162851,-4.50809848276781,0.727434525030713));
#3553=CARTESIAN_POINT('Ctrl Pts',(-13.0652901316119,-10.0256902867798,0.907551845287776));
#3554=CARTESIAN_POINT('Ctrl Pts',(-8.45361933406638,-14.1334104030976,1.08766937310495));
#3555=CARTESIAN_POINT('Ctrl Pts',(-2.6531217485338,-16.253484730665,1.26778678815533));
#3556=CARTESIAN_POINT('Ctrl Pts',(3.52045047520849,-16.0880599811874,1.44790426676082));
#3557=CARTESIAN_POINT('Ctrl Pts',(9.1990103550354,-13.6597969597072,1.62802168437838));
#3558=CARTESIAN_POINT('Ctrl Pts',(13.5838047073467,-9.31138185976451,1.80813916876828));
#3559=CARTESIAN_POINT('Ctrl Pts',(16.0585814100418,-3.65194568104537,1.98825652772002));
#3560=CARTESIAN_POINT('Ctrl Pts',(16.2745803157888,2.51794830752694,2.16837411231896));
#3561=CARTESIAN_POINT('Ctrl Pts',(14.2028747091603,8.33986124783713,2.34849125180135));
#3562=CARTESIAN_POINT('Ctrl Pts',(10.1319876383461,12.9770028852174,2.52860924898793));
#3563=CARTESIAN_POINT('Ctrl Pts',(3.21555428450495,16.5466416025443,2.75542258413157));
#3564=CARTESIAN_POINT('Ctrl Pts',(-6.5093843851936,16.0740837502493,3.02893619690851));
#3565=CARTESIAN_POINT('Ctrl Pts',(-15.0938260744128,8.53661780295657,3.34914364325743));
#3566=CARTESIAN_POINT('Ctrl Pts',(-16.9525035265491,-1.74828896543024,3.64266816510056));
#3567=CARTESIAN_POINT('Ctrl Pts',(-13.2620211096126,-10.2672516015919,3.90950938797534));
#3568=CARTESIAN_POINT('Ctrl Pts',(-6.6775225930598,-15.3915169966814,4.1496660990318));
#3569=CARTESIAN_POINT('Ctrl Pts',(1.57221796463711,-16.7023540088864,4.38982277763167));
#3570=CARTESIAN_POINT('Ctrl Pts',(9.42709331457498,-13.8765971886083,4.62997884541021));
#3571=CARTESIAN_POINT('Ctrl Pts',(14.9496027609023,-7.61335565775405,4.87013585146481));
#3572=CARTESIAN_POINT('Ctrl Pts',(16.7673397554758,0.535638593260416,5.11029213785335));
#3573=CARTESIAN_POINT('Ctrl Pts',(14.4331735610314,8.55210858756741,5.35044892058996));
#3574=CARTESIAN_POINT('Ctrl Pts',(8.52212611146068,14.449908950461,5.59060544150426));
#3575=CARTESIAN_POINT('Ctrl Pts',(0.502990350452024,16.7689787525616,5.83076200805262));
#3576=CARTESIAN_POINT('Ctrl Pts',(-7.64602349098405,14.9332612900893,6.07091877968695));
#3577=CARTESIAN_POINT('Ctrl Pts',(-13.8910055623895,9.40060849212024,6.31107489363634));
#3578=CARTESIAN_POINT('Ctrl Pts',(-17.0281440645911,0.661349056678154,6.57791665290293));
#3579=CARTESIAN_POINT('Ctrl Pts',(-14.52055376739,-9.48048765260951,6.87144074983364));
#3580=CARTESIAN_POINT('Ctrl Pts',(-5.46516236571675,-16.4611637927817,7.19164813237883));
#3581=CARTESIAN_POINT('Ctrl Pts',(4.01871838211861,-16.3034729833846,7.45848943158632));
#3582=CARTESIAN_POINT('Ctrl Pts',(11.9619208827336,-11.7970620401453,7.72533114220514));
#3583=CARTESIAN_POINT('Ctrl Pts',(16.434142150327,-4.52619426971914,7.96548670638028));
#3584=CARTESIAN_POINT('Ctrl Pts',(16.0828464300367,4.76216869601829,8.232328310265));
#3585=CARTESIAN_POINT('Ctrl Pts',(11.8017591666977,11.9230278022735,8.47248429158808));
#3586=CARTESIAN_POINT('Ctrl Pts',(4.59749070604583,16.1306904642263,8.71264142671721));
#3587=CARTESIAN_POINT('Ctrl Pts',(-4.69394472371909,16.3870222161924,8.97948141455638));
#3588=CARTESIAN_POINT('Ctrl Pts',(-11.9187512584621,11.8406699542839,9.21963896092241));
#3589=CARTESIAN_POINT('Ctrl Pts',(-16.3436809100403,3.85188519662574,9.48647796311613));
#3590=CARTESIAN_POINT('Ctrl Pts',(-16.4044674431139,-5.63310189262536,9.75331944431718));
#3591=CARTESIAN_POINT('Ctrl Pts',(-9.3315295303359,-14.6167377078943,10.0735285580602));
#3592=CARTESIAN_POINT('Ctrl Pts',(0.835388718388904,-17.0204785499042,10.3670532263169));
#3593=CARTESIAN_POINT('Ctrl Pts',(9.54218422278672,-13.7942034095274,10.6338939706031));
#3594=CARTESIAN_POINT('Ctrl Pts',(15.0105088726677,-7.49289468163635,10.8740504280756));
#3595=CARTESIAN_POINT('Ctrl Pts',(16.7632432406403,0.674265065130833,11.1142071173604));
#3596=CARTESIAN_POINT('Ctrl Pts',(14.3614762519918,8.66966680899986,11.3543636925613));
#3597=CARTESIAN_POINT('Ctrl Pts',(8.40518538388942,14.5193395483212,11.5945202144259));
#3598=CARTESIAN_POINT('Ctrl Pts',(0.362102291519855,16.7729269397034,11.8346770582032));
#3599=CARTESIAN_POINT('Ctrl Pts',(-7.76172552579477,14.8690872629285,12.0748330254371));
#3600=CARTESIAN_POINT('Ctrl Pts',(-14.6710970098238,8.66820475971778,12.3416750373306));
#3601=CARTESIAN_POINT('Ctrl Pts',(-17.2814399658173,-1.45084015188379,12.6351991391272));
#3602=CARTESIAN_POINT('Ctrl Pts',(-12.6281674276102,-11.8837661388279,12.9554076772362));
#3603=CARTESIAN_POINT('Ctrl Pts',(-3.35705744668756,-16.708257372439,13.2489321902651));
#3604=CARTESIAN_POINT('Ctrl Pts',(5.8731962340165,-15.7106021586335,13.5157731848864));
#3605=CARTESIAN_POINT('Ctrl Pts',(12.7191961311161,-10.9412658032524,13.7559299003));
#3606=CARTESIAN_POINT('Ctrl Pts',(16.417525177968,-3.45062785448252,13.9960860915839));
#3607=CARTESIAN_POINT('Ctrl Pts',(16.0478253199661,4.88845684846234,14.2362428086158));
#3608=CARTESIAN_POINT('Ctrl Pts',(11.7037163440646,12.0196678215792,14.4763994047994));
#3609=CARTESIAN_POINT('Ctrl Pts',(4.46022373690038,16.1725522829746,14.7165558923195));
#3610=CARTESIAN_POINT('Ctrl Pts',(-3.88774227863,16.3194939084274,14.9567132455858));
#3611=CARTESIAN_POINT('Ctrl Pts',(-11.2730233952933,12.4241019530241,15.1968690262934));
#3612=CARTESIAN_POINT('Ctrl Pts',(-15.866075812724,5.45135159479238,15.4370255202824));
#3613=CARTESIAN_POINT('Ctrl Pts',(-16.5285468147303,-2.87158668212553,15.6771828921828));
#3614=CARTESIAN_POINT('Ctrl Pts',(-13.0970744449902,-10.4837185644739,15.9173387198258));
#3615=CARTESIAN_POINT('Ctrl Pts',(-6.42175230356975,-15.498464831581,16.1574956410931));
#3616=CARTESIAN_POINT('Ctrl Pts',(1.84506943367976,-16.6746255436553,16.3976520996764));
#3617=CARTESIAN_POINT('Ctrl Pts',(9.65334034472868,-13.719906813097,16.637808754601));
#3618=CARTESIAN_POINT('Ctrl Pts',(15.0733851949554,-7.36761272640492,16.8779652196448));
#3619=CARTESIAN_POINT('Ctrl Pts',(16.613687428504,0.12975504161165,17.0981090920161));
#3620=CARTESIAN_POINT('Ctrl Pts',(14.9984616030381,6.79678438136521,17.298239240265));
#3621=CARTESIAN_POINT('Ctrl Pts',(11.4408513559669,11.8506135137411,17.4783567852347));
#3622=CARTESIAN_POINT('Ctrl Pts',(6.27322419861649,15.2183642626988,17.6584742952543));
#3623=CARTESIAN_POINT('Ctrl Pts',(-1.79687173313084,16.9038705139607,17.8986304532632));
#3624=CARTESIAN_POINT('Ctrl Pts',(-11.9359840340318,13.0623931065019,18.1988265945321));
#3625=CARTESIAN_POINT('Ctrl Pts',(-17.6448349446416,1.32172143307766,18.5590603184782));
#3626=CARTESIAN_POINT('Ctrl Pts',(-14.4055454466425,-9.02514126406664,18.8592564768426));
#3627=CARTESIAN_POINT('Ctrl Pts',(-8.09577636977694,-14.3322196069223,19.0994141264311));
#3628=CARTESIAN_POINT('Ctrl Pts',(-2.25656937957684,-16.3163872525224,19.2795311444364));
#3629=CARTESIAN_POINT('Ctrl Pts',(3.91718307706294,-15.9952112035561,19.4596486333744));
#3630=CARTESIAN_POINT('Ctrl Pts',(9.53097593711949,-13.4302987518774,19.6397663602485));
#3631=CARTESIAN_POINT('Ctrl Pts',(13.8096175846218,-8.97368524980972,19.8198829928069));
#3632=CARTESIAN_POINT('Ctrl Pts',(15.3647518692352,-5.16249734389833,19.9399625475357));
#3633=CARTESIAN_POINT('Ctrl Pts',(15.7646392769014,-3.18021776397765,20.));
#3634=CARTESIAN_POINT('',(13.693517352033,-8.62377718042413,19.9999947442183));
#3635=CARTESIAN_POINT('Ctrl Pts',(13.693633164039,-8.62359321157061,20.0000011588233));
#3636=CARTESIAN_POINT('Ctrl Pts',(13.8613234985054,-8.35721111287301,20.0000012838813));
#3637=CARTESIAN_POINT('Ctrl Pts',(14.020618327942,-8.08552362285787,20.0000329835266));
#3638=CARTESIAN_POINT('Ctrl Pts',(14.171242886587,-7.80915181065896,20.0000582835073));
#3639=CARTESIAN_POINT('Ctrl Pts',(14.3151948232907,-7.54502318532589,20.0000824627066));
#3640=CARTESIAN_POINT('Ctrl Pts',(14.451227713279,-7.27661494119127,20.0000994199949));
#3641=CARTESIAN_POINT('Ctrl Pts',(14.5790616039384,-7.00445573479455,20.0000942096331));
#3642=CARTESIAN_POINT('Ctrl Pts',(14.6954060547112,-6.75675762259864,20.0000894675677));
#3643=CARTESIAN_POINT('Ctrl Pts',(14.804958809555,-6.5059518361254,20.0000656009725));
#3644=CARTESIAN_POINT('Ctrl Pts',(14.9074769579967,-6.25243751405184,20.0000407091804));
#3645=CARTESIAN_POINT('Ctrl Pts',(14.9418643560705,-6.16740185896968,20.0000323597908));
#3646=CARTESIAN_POINT('Ctrl Pts',(14.9754600124305,-6.08206150834974,20.0000242062757));
#3647=CARTESIAN_POINT('Ctrl Pts',(15.0082539311373,-5.9964317258384,20.0000180088266));
#3648=CARTESIAN_POINT('Ctrl Pts',(15.0615343181903,-5.85730873793731,20.0000079398108));
#3649=CARTESIAN_POINT('Ctrl Pts',(15.1126984201238,-5.7174216890614,20.0000028069809));
#3650=CARTESIAN_POINT('Ctrl Pts',(15.1617073448849,-5.5768389973528,20.0000102728825));
#3651=CARTESIAN_POINT('Ctrl Pts',(15.2240838940481,-5.39791111383745,20.000019775176));
#3652=CARTESIAN_POINT('Ctrl Pts',(15.2809105885749,-5.22372476374547,20.0000306685347));
#3653=CARTESIAN_POINT('Ctrl Pts',(15.3326484939877,-5.0550164305821,20.0000396630844));
#3654=CARTESIAN_POINT('Ctrl Pts',(15.3855848244535,-4.88240024124437,20.0000488659783));
#3655=CARTESIAN_POINT('Ctrl Pts',(15.433194650854,-4.71551891573001,20.0000560273087));
#3656=CARTESIAN_POINT('Ctrl Pts',(15.4759934403298,-4.55511127092423,20.0000590644297));
#3657=CARTESIAN_POINT('Ctrl Pts',(15.5198254269739,-4.39083125668011,20.0000621748692));
#3658=CARTESIAN_POINT('Ctrl Pts',(15.5586122832715,-4.23334131969764,20.0000608961113));
#3659=CARTESIAN_POINT('Ctrl Pts',(15.5929166243407,-4.08338167647115,20.0000553878585));
#3660=CARTESIAN_POINT('Ctrl Pts',(15.6271709110343,-3.93364084334512,20.0000498876429));
#3661=CARTESIAN_POINT('Ctrl Pts',(15.6569568924672,-3.79140811523137,20.0000401143119));
#3662=CARTESIAN_POINT('Ctrl Pts',(15.6828272943578,-3.65736945327109,20.0000294757643));
#3663=CARTESIAN_POINT('Ctrl Pts',(15.7079985957946,-3.52695294182092,20.0000191247042));
#3664=CARTESIAN_POINT('Ctrl Pts',(15.7294640743414,-3.40429318111515,20.0000079181932));
#3665=CARTESIAN_POINT('Ctrl Pts',(15.7477102299423,-3.28997895590175,20.000002725991));
#3666=CARTESIAN_POINT('Ctrl Pts',(15.7536943209415,-3.25248795006202,20.0000010231331));
#3667=CARTESIAN_POINT('Ctrl Pts',(15.7593318915023,-3.21589427158121,20.));
#3668=CARTESIAN_POINT('Ctrl Pts',(15.7646392769014,-3.18021776397779,20.));
#3669=CARTESIAN_POINT('Ctrl Pts',(13.693517352033,-8.62377718042413,19.9999947442183));
#3670=CARTESIAN_POINT('Ctrl Pts',(13.6516141404493,-8.69033996619892,19.9976738306928));
#3671=CARTESIAN_POINT('Ctrl Pts',(12.5125396099375,-10.4705240518411,19.935313572845));
#3672=CARTESIAN_POINT('Ctrl Pts',(9.58591365386377,-13.5169222654628,19.8129149228574));
#3673=CARTESIAN_POINT('Ctrl Pts',(3.93637187751116,-16.0959720519188,19.6327971959833));
#3674=CARTESIAN_POINT('Ctrl Pts',(-2.2758863689658,-16.4171477662072,19.4526797070453));
#3675=CARTESIAN_POINT('Ctrl Pts',(-8.15077210240859,-14.4187484106348,19.2725626890399));
#3676=CARTESIAN_POINT('Ctrl Pts',(-14.1796054336514,-9.34465022829478,19.0444545817103));
#3677=CARTESIAN_POINT('Ctrl Pts',(-16.177772929416,-3.65509809928795,18.8763863588363));
#3678=CARTESIAN_POINT('Ctrl Pts',(-16.1890310767408,-2.05481570173527E-5,
18.7683576014921));
#3679=CARTESIAN_POINT('Origin',(0.,0.,0.));
#3680=CARTESIAN_POINT('Origin',(0.,0.,20.));
#3681=CARTESIAN_POINT('Ctrl Pts',(-4.67535279359033,13.8997062827736,-0.818273581133368));
#3682=CARTESIAN_POINT('Ctrl Pts',(-6.47907507812621,13.2930000797571,-0.756314433571092));
#3683=CARTESIAN_POINT('Ctrl Pts',(-9.84688182577755,11.3693657377965,-0.632396138446538));
#3684=CARTESIAN_POINT('Ctrl Pts',(-13.4251977341611,6.78092202675408,-0.44651869575971));
#3685=CARTESIAN_POINT('Ctrl Pts',(-14.9943086099118,1.17831991555335,-0.26064125307288));
#3686=CARTESIAN_POINT('Ctrl Pts',(-14.3195696735297,-4.60091351201334,-0.0747638103860517));
#3687=CARTESIAN_POINT('Ctrl Pts',(-11.5018670866236,-9.69147273854569,0.111113632300778));
#3688=CARTESIAN_POINT('Ctrl Pts',(-6.96291893703656,-13.3317628741158,0.296991074987607));
#3689=CARTESIAN_POINT('Ctrl Pts',(-1.38195396896758,-14.9769244168372,0.482868517674436));
#3690=CARTESIAN_POINT('Ctrl Pts',(4.40580999751444,-14.3807654199014,0.668745960361265));
#3691=CARTESIAN_POINT('Ctrl Pts',(9.53425852398757,-11.6325701459409,0.854623403048093));
#3692=CARTESIAN_POINT('Ctrl Pts',(13.2358677062122,-7.14342925680064,1.04050084573492));
#3693=CARTESIAN_POINT('Ctrl Pts',(14.9567806120886,-1.58552204873003,1.22637828842175));
#3694=CARTESIAN_POINT('Ctrl Pts',(14.4392818558502,4.21016559514943,1.41225573110858));
#3695=CARTESIAN_POINT('Ctrl Pts',(11.7611714759326,9.37479150886991,1.59813317379541));
#3696=CARTESIAN_POINT('Ctrl Pts',(7.32252292650439,13.138476604968,1.78401061648224));
#3697=CARTESIAN_POINT('Ctrl Pts',(1.78899476740404,14.9320065309945,1.96988805916907));
#3698=CARTESIAN_POINT('Ctrl Pts',(-4.65898666735082,14.4505693141177,2.17641855104332));
#3699=CARTESIAN_POINT('Ctrl Pts',(-10.8883892481334,10.8054776876066,2.403602092105));
#3700=CARTESIAN_POINT('Ctrl Pts',(-14.8133531000166,3.98430260527936,2.65143868235411));
#3701=CARTESIAN_POINT('Ctrl Pts',(-14.8394911678234,-3.89806442134551,2.89927527260321));
#3702=CARTESIAN_POINT('Ctrl Pts',(-11.3819978983135,-9.96830047426828,3.11957446393576));
#3703=CARTESIAN_POINT('Ctrl Pts',(-5.1010254787799,-14.4919759173382,3.36741105418486));
#3704=CARTESIAN_POINT('Ctrl Pts',(2.24788525316444,-15.2591745976853,3.59459459524654));
#3705=CARTESIAN_POINT('Ctrl Pts',(8.88944933214015,-12.1249078048619,3.82866248603736));
#3706=CARTESIAN_POINT('Ctrl Pts',(12.8273522495174,-7.85663914517201,4.01453992872419));
#3707=CARTESIAN_POINT('Ctrl Pts',(14.8488693792662,-2.39367911989493,4.20041737141102));
#3708=CARTESIAN_POINT('Ctrl Pts',(14.6465981715393,3.41788114034687,4.38629481409785));
#3709=CARTESIAN_POINT('Ctrl Pts',(12.2532826757694,8.7227971201854,4.57217225678468));
#3710=CARTESIAN_POINT('Ctrl Pts',(8.02583735456403,12.7199036864446,4.7580496994715));
#3711=CARTESIAN_POINT('Ctrl Pts',(2.597531223535,14.8146931050326,4.94392714215834));
#3712=CARTESIAN_POINT('Ctrl Pts',(-3.21960561751552,14.6918388980652,5.12980458484516));
#3713=CARTESIAN_POINT('Ctrl Pts',(-8.55486749976187,12.3706470936751,5.315682027532));
#3714=CARTESIAN_POINT('Ctrl Pts',(-12.6099257042446,8.19803172038332,5.50155947021882));
#3715=CARTESIAN_POINT('Ctrl Pts',(-14.7778634484437,2.79863770514706,5.68743691290565));
#3716=CARTESIAN_POINT('Ctrl Pts',(-14.7343419353848,-3.0195858540354,5.87331435559248));
#3717=CARTESIAN_POINT('Ctrl Pts',(-12.4856278100419,-8.38590305962019,6.05919179827931));
#3718=CARTESIAN_POINT('Ctrl Pts',(-8.36885268872141,-12.4974528627275,6.24506924096614));
#3719=CARTESIAN_POINT('Ctrl Pts',(-2.99916319756371,-14.7383954364771,6.43094668365297));
#3720=CARTESIAN_POINT('Ctrl Pts',(2.81898749005965,-14.7740419772382,6.61682412633979));
#3721=CARTESIAN_POINT('Ctrl Pts',(8.21547730529731,-12.5985534780867,6.80270156902663));
#3722=CARTESIAN_POINT('Ctrl Pts',(12.382381221686,-8.53783199341555,6.98857901171346));
#3723=CARTESIAN_POINT('Ctrl Pts',(14.6963844091283,-3.19923703471352,7.17445645440029));
#3724=CARTESIAN_POINT('Ctrl Pts',(14.8108709941384,2.61782341035434,7.36033389708711));
#3725=CARTESIAN_POINT('Ctrl Pts',(12.7092540027078,8.04370451141404,7.54621133977395));
#3726=CARTESIAN_POINT('Ctrl Pts',(9.37232169775516,11.5611147192779,7.70110920867963));
#3727=CARTESIAN_POINT('Ctrl Pts',(6.05227379914299,13.4588663065573,7.82502750380419));
#3728=CARTESIAN_POINT('Ctrl Pts',(2.42941411280945,14.6832516979149,7.94894579892874));
#3729=CARTESIAN_POINT('Ctrl Pts',(-2.4162956972038,14.8454490904974,8.10384366783443));
#3730=CARTESIAN_POINT('Ctrl Pts',(-7.8699981248431,12.8171320479108,8.28972111052126));
#3731=CARTESIAN_POINT('Ctrl Pts',(-12.1457170498998,8.87124903632539,8.47559855320809));
#3732=CARTESIAN_POINT('Ctrl Pts',(-14.6039829031135,3.59767149693223,8.66147599589492));
#3733=CARTESIAN_POINT('Ctrl Pts',(-14.876580285608,-2.21455419871748,8.84735343858175));
#3734=CARTESIAN_POINT('Ctrl Pts',(-12.9231553892151,-7.69463185249283,9.03323088126858));
#3735=CARTESIAN_POINT('Ctrl Pts',(-9.03527592804277,-12.0247878143531,9.21910832395541));
#3736=CARTESIAN_POINT('Ctrl Pts',(-3.79623021230186,-14.5522174020328,9.40498576664224));
#3737=CARTESIAN_POINT('Ctrl Pts',(2.65832688726718,-14.9478337478298,9.6115162585165));
#3738=CARTESIAN_POINT('Ctrl Pts',(9.32239594011205,-12.1828268430691,9.83869979957817));
#3739=CARTESIAN_POINT('Ctrl Pts',(14.1394146017928,-5.95137366084882,10.0865363898273));
#3740=CARTESIAN_POINT('Ctrl Pts',(15.1355601554752,1.19452525756092,10.313719930889));
#3741=CARTESIAN_POINT('Ctrl Pts',(13.12582822376,7.34059748271212,10.5202504227632));
#3742=CARTESIAN_POINT('Ctrl Pts',(9.35967698216321,11.7746863877196,10.70612786545));
#3743=CARTESIAN_POINT('Ctrl Pts',(4.18994669693936,14.4436861502008,10.8920053081369));
#3744=CARTESIAN_POINT('Ctrl Pts',(-2.2506828884591,15.014509363161,11.0985358000111));
#3745=CARTESIAN_POINT('Ctrl Pts',(-8.9882276835954,12.4320317227228,11.3257193410728));
#3746=CARTESIAN_POINT('Ctrl Pts',(-13.9714279008318,6.33373095528992,11.5735559313219));
#3747=CARTESIAN_POINT('Ctrl Pts',(-15.2729076753682,-1.42991935851734,11.821392521571));
#3748=CARTESIAN_POINT('Ctrl Pts',(-12.5516755765003,-8.81906718212475,12.0692291118201));
#3749=CARTESIAN_POINT('Ctrl Pts',(-6.52383243142866,-13.8832667711261,12.3170657020693));
#3750=CARTESIAN_POINT('Ctrl Pts',(1.22301509155362,-15.2915687018719,12.5649022923183));
#3751=CARTESIAN_POINT('Ctrl Pts',(8.64692538346168,-12.6703333661543,12.8127388825675));
#3752=CARTESIAN_POINT('Ctrl Pts',(13.7937616199369,-6.71176908825978,13.0605754728165));
#3753=CARTESIAN_POINT('Ctrl Pts',(15.3063289740324,1.0147205658689,13.3084120630656));
#3754=CARTESIAN_POINT('Ctrl Pts',(12.786727396024,8.47445923238326,13.5562486533148));
#3755=CARTESIAN_POINT('Ctrl Pts',(6.89886922351014,13.7006892126216,13.8040852435639));
#3756=CARTESIAN_POINT('Ctrl Pts',(-0.807025454580228,15.3196587872813,14.051921833813));
#3757=CARTESIAN_POINT('Ctrl Pts',(-7.05027490347529,13.3021747694202,14.2584523256872));
#3758=CARTESIAN_POINT('Ctrl Pts',(-10.9534282416366,9.99411886834927,14.4236767191866));
#3759=CARTESIAN_POINT('Ctrl Pts',(-13.8936318945905,5.80165287078638,14.588901112686));
#3760=CARTESIAN_POINT('Ctrl Pts',(-15.3246390815439,-0.594613310073108,
14.7954316045603));
#3761=CARTESIAN_POINT('Ctrl Pts',(-12.7634934258287,-8.96697611757123,15.070805593726));
#3762=CARTESIAN_POINT('Ctrl Pts',(-5.01174388280581,-15.0807449180404,15.3737169818082));
#3763=CARTESIAN_POINT('Ctrl Pts',(5.76883147246926,-14.8039180265665,15.704165768807));
#3764=CARTESIAN_POINT('Ctrl Pts',(13.8879695338393,-7.71800259465372,16.0346145558058));
#3765=CARTESIAN_POINT('Ctrl Pts',(15.6184915061454,2.91847067876324,16.3650633428046));
#3766=CARTESIAN_POINT('Ctrl Pts',(10.1602071794477,12.217593059705,16.6955121298035));
#3767=CARTESIAN_POINT('Ctrl Pts',(1.50790552374326,15.345558063863,16.9777704686982));
#3768=CARTESIAN_POINT('Ctrl Pts',(-5.68422349718178,13.9188484394586,17.2118383594891));
#3769=CARTESIAN_POINT('Ctrl Pts',(-10.5437990495436,10.7290883869963,17.3977158021759));
#3770=CARTESIAN_POINT('Ctrl Pts',(-13.8258984296661,5.91984310592307,17.5835932448627));
#3771=CARTESIAN_POINT('Ctrl Pts',(-15.0387497885548,0.231715322810781,17.7694706875495));
#3772=CARTESIAN_POINT('Ctrl Pts',(-14.0011381334366,-5.49462682121603,17.9553481302364));
#3773=CARTESIAN_POINT('Ctrl Pts',(-10.8681979338408,-10.3969150618268,18.1412255729232));
#3774=CARTESIAN_POINT('Ctrl Pts',(-6.10884981049353,-13.7441913065979,18.32710301561));
#3775=CARTESIAN_POINT('Ctrl Pts',(-0.435293797502503,-15.0341937808085,
18.5129804582969));
#3776=CARTESIAN_POINT('Ctrl Pts',(5.30339377469048,-14.0745368913974,18.6988579009837));
#3777=CARTESIAN_POINT('Ctrl Pts',(10.2484365426365,-11.0085191725396,18.8847353436705));
#3778=CARTESIAN_POINT('Ctrl Pts',(13.6597751416045,-6.29509219246587,19.0706127863574));
#3779=CARTESIAN_POINT('Ctrl Pts',(15.0269538768396,-0.639639560253831,19.2564902290442));
#3780=CARTESIAN_POINT('Ctrl Pts',(14.145270689032,5.1116564400335,19.442367671731));
#3781=CARTESIAN_POINT('Ctrl Pts',(11.1468731706738,10.0977259541422,19.6282451144178));
#3782=CARTESIAN_POINT('Ctrl Pts',(6.48006536567908,13.5732200500033,19.8141225571047));
#3783=CARTESIAN_POINT('Ctrl Pts',(2.72276579598096,14.5350889714736,19.9380408522292));
#3784=CARTESIAN_POINT('Ctrl Pts',(0.822737395863276,14.6418530818116,19.9999999997915));
#3785=CARTESIAN_POINT('Ctrl Pts',(-4.82630669092204,14.3473612128869,-0.54551516743022));
#3786=CARTESIAN_POINT('Ctrl Pts',(-6.68811978503623,13.7210661886427,-0.483556019867943));
#3787=CARTESIAN_POINT('Ctrl Pts',(-10.1643709748395,11.7353807522538,-0.35963772474339));
#3788=CARTESIAN_POINT('Ctrl Pts',(-13.8578474355997,6.99903579109222,-0.173760282056562));
#3789=CARTESIAN_POINT('Ctrl Pts',(-15.4773688481346,1.21591124435762,0.0121171606302681));
#3790=CARTESIAN_POINT('Ctrl Pts',(-14.7807520390231,-4.74947968733693,0.197994603317096));
#3791=CARTESIAN_POINT('Ctrl Pts',(-11.8721543514024,-10.0039587384831,0.383872046003926));
#3792=CARTESIAN_POINT('Ctrl Pts',(-7.18689789568518,-13.761407095036,0.569749488690755));
#3793=CARTESIAN_POINT('Ctrl Pts',(-1.42610565553608,-15.4594296255379,0.755626931377584));
#3794=CARTESIAN_POINT('Ctrl Pts',(4.54809254683051,-14.843923945301,0.941504374064412));
#3795=CARTESIAN_POINT('Ctrl Pts',(9.84168317866384,-12.0070717727193,1.12738181675124));
#3796=CARTESIAN_POINT('Ctrl Pts',(13.6624271535933,-7.3732255814369,1.31325925943807));
#3797=CARTESIAN_POINT('Ctrl Pts',(15.4386418903857,-1.63623203496088,1.4991367021249));
#3798=CARTESIAN_POINT('Ctrl Pts',(14.9043302423988,4.34614702826615,1.68501414481173));
#3799=CARTESIAN_POINT('Ctrl Pts',(12.1398198140793,9.67708219443417,1.87089158749856));
#3800=CARTESIAN_POINT('Ctrl Pts',(7.55809101741203,13.5619030536414,2.05676903018539));
#3801=CARTESIAN_POINT('Ctrl Pts',(1.84626009475365,15.413074715264,2.24264647287222));
#3802=CARTESIAN_POINT('Ctrl Pts',(-4.80942684001076,14.9159703203476,2.44917696474647));
#3803=CARTESIAN_POINT('Ctrl Pts',(-11.239416026875,11.1533019147891,2.67636050580815));
#3804=CARTESIAN_POINT('Ctrl Pts',(-15.2906527419742,4.11229117632127,2.92419709605726));
#3805=CARTESIAN_POINT('Ctrl Pts',(-15.3174396706345,-4.02400153704384,3.17203368630636));
#3806=CARTESIAN_POINT('Ctrl Pts',(-11.7484168757557,-10.2897013513711,3.3923328776389));
#3807=CARTESIAN_POINT('Ctrl Pts',(-5.26499638587277,-14.9589499803133,3.64016946788801));
#3808=CARTESIAN_POINT('Ctrl Pts',(2.3206732627829,-15.7506833519527,3.86735300894969));
#3809=CARTESIAN_POINT('Ctrl Pts',(9.17611396607604,-12.5152855527112,4.10142089974051));
#3810=CARTESIAN_POINT('Ctrl Pts',(13.2407691290482,-8.10942104772913,4.28729834242734));
#3811=CARTESIAN_POINT('Ctrl Pts',(15.3272741753078,-2.4704259760364,4.47317578511417));
#3812=CARTESIAN_POINT('Ctrl Pts',(15.1183445260109,3.52834475369061,4.65905322780099));
#3813=CARTESIAN_POINT('Ctrl Pts',(12.6478000158027,9.0040963131941,4.84493067048782));
#3814=CARTESIAN_POINT('Ctrl Pts',(8.28407249439959,13.1298633305353,5.03080811317465));
#3815=CARTESIAN_POINT('Ctrl Pts',(2.68084587281439,15.2920019312532,5.21668555586148));
#3816=CARTESIAN_POINT('Ctrl Pts',(-3.32368302957369,15.1650475102931,5.40256299854831));
#3817=CARTESIAN_POINT('Ctrl Pts',(-8.83075983130061,12.7689493630403,5.58844044123514));
#3818=CARTESIAN_POINT('Ctrl Pts',(-13.0163467027775,8.46181667859606,5.77431788392198));
#3819=CARTESIAN_POINT('Ctrl Pts',(-15.2539907606523,2.88843176426008,5.96019532660879));
#3820=CARTESIAN_POINT('Ctrl Pts',(-15.2089246554304,-3.11722080822161,6.14607276929564));
#3821=CARTESIAN_POINT('Ctrl Pts',(-12.8876382442839,-8.65635513500186,6.33195021198244));
#3822=CARTESIAN_POINT('Ctrl Pts',(-8.63814328400804,-12.9002548123691,6.5178276546693));
#3823=CARTESIAN_POINT('Ctrl Pts',(-3.09541801466817,-15.2132562274321,6.70370509735611));
#3824=CARTESIAN_POINT('Ctrl Pts',(2.91016127825371,-15.2499085226349,6.88958254004295));
#3825=CARTESIAN_POINT('Ctrl Pts',(8.48044199959094,-13.004205911971,7.07545998272978));
#3826=CARTESIAN_POINT('Ctrl Pts',(12.7814803576176,-8.8125689603708,7.2613374254166));
#3827=CARTESIAN_POINT('Ctrl Pts',(15.1698967468814,-3.30193812290495,7.44721486810343));
#3828=CARTESIAN_POINT('Ctrl Pts',(15.2879288903199,2.70251773823786,7.63309231079026));
#3829=CARTESIAN_POINT('Ctrl Pts',(13.11847678771,8.30313837601988,7.8189697534771));
#3830=CARTESIAN_POINT('Ctrl Pts',(9.67396130264666,11.9337777669905,7.97386762238278));
#3831=CARTESIAN_POINT('Ctrl Pts',(6.24691383479996,13.8925827618731,8.09778591750734));
#3832=CARTESIAN_POINT('Ctrl Pts',(2.50731620587697,15.1563221105445,8.22170421263189));
#3833=CARTESIAN_POINT('Ctrl Pts',(-2.49449879568488,15.3236258345008,8.37660208153758));
#3834=CARTESIAN_POINT('Ctrl Pts',(-8.12383880056692,13.2298343067786,8.56247952422441));
#3835=CARTESIAN_POINT('Ctrl Pts',(-12.5372003824603,9.15673260385567,8.74835696691123));
#3836=CARTESIAN_POINT('Ctrl Pts',(-15.0745283533708,3.71321014241565,8.93423440959807));
#3837=CARTESIAN_POINT('Ctrl Pts',(-15.3557648438527,-2.28625909609022,9.12011185228489));
#3838=CARTESIAN_POINT('Ctrl Pts',(-13.3392774144408,-7.94282582220184,9.30598929497173));
#3839=CARTESIAN_POINT('Ctrl Pts',(-9.3260464728539,-12.4123795141093,9.49186673765855));
#3840=CARTESIAN_POINT('Ctrl Pts',(-3.91816655900573,-15.0211001278209,9.67774418034538));
#3841=CARTESIAN_POINT('Ctrl Pts',(2.74432936335237,-15.4293028130632,9.88427467221966));
#3842=CARTESIAN_POINT('Ctrl Pts',(9.62300907100682,-12.5750598030976,10.1114582132813));
#3843=CARTESIAN_POINT('Ctrl Pts',(14.5950519809568,-6.14274659102434,10.3592948035304));
#3844=CARTESIAN_POINT('Ctrl Pts',(15.6231125686799,1.23337696888709,10.5864783445921));
#3845=CARTESIAN_POINT('Ctrl Pts',(13.5484878908168,7.57739144462397,10.7930088364664));
#3846=CARTESIAN_POINT('Ctrl Pts',(9.66090401322726,12.1542291911524,10.9788862791532));
#3847=CARTESIAN_POINT('Ctrl Pts',(4.32456900952807,14.9090822642596,11.16476372184));
#3848=CARTESIAN_POINT('Ctrl Pts',(-2.32355502655603,15.4981363269891,11.3712942137143));
#3849=CARTESIAN_POINT('Ctrl Pts',(-9.27808192074577,12.8323008360489,11.5984777547759));
#3850=CARTESIAN_POINT('Ctrl Pts',(-14.4216630726803,6.53742537981036,11.8463143450251));
#3851=CARTESIAN_POINT('Ctrl Pts',(-15.7648788766065,-1.47635749517228,12.0941509352742));
#3852=CARTESIAN_POINT('Ctrl Pts',(-12.9558030799494,-9.10347496104486,12.3419875255233));
#3853=CARTESIAN_POINT('Ctrl Pts',(-6.73365300470442,-14.330666552218,12.5898241157724));
#3854=CARTESIAN_POINT('Ctrl Pts',(1.26278840593657,-15.7841461243985,12.8376607060215));
#3855=CARTESIAN_POINT('Ctrl Pts',(8.92579064078689,-13.0782875676516,13.0854972962706));
#3856=CARTESIAN_POINT('Ctrl Pts',(14.2382826589241,-6.92764610537771,13.3333338865197));
#3857=CARTESIAN_POINT('Ctrl Pts',(15.7993869936113,1.04778417699501,13.5811704767688));
#3858=CARTESIAN_POINT('Ctrl Pts',(13.1984353771766,8.74777146299608,13.8290070670179));
#3859=CARTESIAN_POINT('Ctrl Pts',(7.12077582406995,14.1422165727266,14.076843657267));
#3860=CARTESIAN_POINT('Ctrl Pts',(-0.833398637151696,15.8131513075438,14.3246802475161));
#3861=CARTESIAN_POINT('Ctrl Pts',(-7.27772064373714,13.7305224333323,14.5312107393904));
#3862=CARTESIAN_POINT('Ctrl Pts',(-11.3065303244311,10.315804134476,14.6964351328898));
#3863=CARTESIAN_POINT('Ctrl Pts',(-14.3413478842009,5.98820867141733,14.8616595263892));
#3864=CARTESIAN_POINT('Ctrl Pts',(-15.8182972430436,-0.61414390291275,15.0681900182634));
#3865=CARTESIAN_POINT('Ctrl Pts',(-13.1744408717183,-9.25615387260295,15.3435640074291));
#3866=CARTESIAN_POINT('Ctrl Pts',(-5.17282421677624,-15.5666835810485,15.6464753955113));
#3867=CARTESIAN_POINT('Ctrl Pts',(5.95503319297791,-15.2806747218793,15.9769241825102));
#3868=CARTESIAN_POINT('Ctrl Pts',(14.3355500741084,-7.96629242535247,16.3073729695089));
#3869=CARTESIAN_POINT('Ctrl Pts',(16.1215589756107,3.01286994310254,16.6378217565078));
#3870=CARTESIAN_POINT('Ctrl Pts',(10.4872118880063,12.6114234151266,16.9682705435066));
#3871=CARTESIAN_POINT('Ctrl Pts',(1.55610561987868,15.8399416384839,17.2505288824014));
#3872=CARTESIAN_POINT('Ctrl Pts',(-5.86767794089311,14.3670952986351,17.4845967731922));
#3873=CARTESIAN_POINT('Ctrl Pts',(-10.8837232195373,11.0744602298058,17.670474215879));
#3874=CARTESIAN_POINT('Ctrl Pts',(-14.2714353277619,6.11020798349408,17.8563516585659));
#3875=CARTESIAN_POINT('Ctrl Pts',(-15.523218472337,0.238811345591941,18.0422291012527));
#3876=CARTESIAN_POINT('Ctrl Pts',(-14.4520405446468,-5.67197555457576,18.2281065439395));
#3877=CARTESIAN_POINT('Ctrl Pts',(-11.2180546947138,-10.7321108738767,18.4139839866263));
#3878=CARTESIAN_POINT('Ctrl Pts',(-6.30530541159093,-14.1871006974101,18.5998614293132));
#3879=CARTESIAN_POINT('Ctrl Pts',(-0.448948072818633,-15.5185206846785,
18.785738872));
#3880=CARTESIAN_POINT('Ctrl Pts',(5.47458386533162,-14.5278084793978,18.9716163146869));
#3881=CARTESIAN_POINT('Ctrl Pts',(10.5788526596553,-11.3628999243953,19.1574937573736));
#3882=CARTESIAN_POINT('Ctrl Pts',(14.0999696875082,-6.49754953261236,19.3433712000605));
#3883=CARTESIAN_POINT('Ctrl Pts',(15.5110525596629,-0.65987687177535,19.5292486427473));
#3884=CARTESIAN_POINT('Ctrl Pts',(14.6008256164235,5.27667157785282,19.7151260854342));
#3885=CARTESIAN_POINT('Ctrl Pts',(11.505714594687,10.4232904223309,19.901003528121));
#3886=CARTESIAN_POINT('Ctrl Pts',(6.68848361104229,14.0106308180056,20.0868809708078));
#3887=CARTESIAN_POINT('Ctrl Pts',(2.81012164251008,15.0033936077005,20.2107992659324));
#3888=CARTESIAN_POINT('Ctrl Pts',(0.848882514996658,15.113550493634,20.2727584134946));
#3889=CARTESIAN_POINT('Ctrl Pts',(-4.97724456174655,14.7950219163768,-0.272757370642572));
#3890=CARTESIAN_POINT('Ctrl Pts',(-6.89714921327347,14.1491401469943,-0.210798223080295));
#3891=CARTESIAN_POINT('Ctrl Pts',(-10.4818471650027,12.1014074853278,-0.086879927955742));
#3892=CARTESIAN_POINT('Ctrl Pts',(-14.290489593834,7.21716531295692,0.0989975147310863));
#3893=CARTESIAN_POINT('Ctrl Pts',(-15.9604280889994,1.25352001586846,0.284874957417916));
#3894=CARTESIAN_POINT('Ctrl Pts',(-15.2419401016269,-4.89802934721071,0.470752400104744));
#3895=CARTESIAN_POINT('Ctrl Pts',(-12.2424531555038,-10.3164316207152,0.656629842791574));
#3896=CARTESIAN_POINT('Ctrl Pts',(-7.41089250883284,-14.1910435596005,0.842507285478403));
#3897=CARTESIAN_POINT('Ctrl Pts',(-1.47027476917242,-15.9419335997117,1.02838472816523));
#3898=CARTESIAN_POINT('Ctrl Pts',(4.69035850456038,-15.3070879428781,1.21426217085206));
#3899=CARTESIAN_POINT('Ctrl Pts',(10.1490945600824,-12.3815847594109,1.40013961353889));
#3900=CARTESIAN_POINT('Ctrl Pts',(14.0889786325569,-7.60303745370928,1.58601705622572));
#3901=CARTESIAN_POINT('Ctrl Pts',(15.9205016972824,-1.68695942987506,1.77189449891255));
#3902=CARTESIAN_POINT('Ctrl Pts',(15.3693838753531,4.48211179697589,1.95777194159938));
#3903=CARTESIAN_POINT('Ctrl Pts',(12.5184793301349,9.97935945349154,2.14364938428621));
#3904=CARTESIAN_POINT('Ctrl Pts',(7.79367454728287,13.98532132343,2.32952682697304));
#3905=CARTESIAN_POINT('Ctrl Pts',(1.90354280704101,15.8941411913755,2.51540426965986));
#3906=CARTESIAN_POINT('Ctrl Pts',(-4.95985034618983,15.3813770940542,2.72193476153412));
#3907=CARTESIAN_POINT('Ctrl Pts',(-11.5904305263801,11.5011390543609,2.9491183025958));
#3908=CARTESIAN_POINT('Ctrl Pts',(-15.7679481232646,4.24029704838416,3.19695489284491));
#3909=CARTESIAN_POINT('Ctrl Pts',(-15.7953930675321,-4.14992151526768,3.44479148309401));
#3910=CARTESIAN_POINT('Ctrl Pts',(-12.1148477110057,-10.6110892578665,3.66509067442655));
#3911=CARTESIAN_POINT('Ctrl Pts',(-5.4289842489024,-15.4259184768012,3.91292726467565));
#3912=CARTESIAN_POINT('Ctrl Pts',(2.39344360766636,-16.2421950945426,4.14011080573734));
#3913=CARTESIAN_POINT('Ctrl Pts',(9.46276473893029,-12.905673923783,4.37417869652815));
#3914=CARTESIAN_POINT('Ctrl Pts',(13.6541772018605,-8.36221804115602,4.56005613921499));
#3915=CARTESIAN_POINT('Ctrl Pts',(15.805676558728,-2.54719013553143,4.74593358190181));
#3916=CARTESIAN_POINT('Ctrl Pts',(15.59009521194,3.63879144229014,4.93181102458865));
#3917=CARTESIAN_POINT('Ctrl Pts',(13.0423277887416,9.28538149204258,5.11768846727547));
#3918=CARTESIAN_POINT('Ctrl Pts',(8.5423226044954,13.5398139686944,5.3035659099623));
#3919=CARTESIAN_POINT('Ctrl Pts',(2.76417779080268,15.7693081073036,5.48944335264913));
#3920=CARTESIAN_POINT('Ctrl Pts',(-3.4277434594426,15.6382602248216,5.67532079533596));
#3921=CARTESIAN_POINT('Ctrl Pts',(-9.10663800824029,13.1672618732028,5.86119823802279));
#3922=CARTESIAN_POINT('Ctrl Pts',(-13.4227584926637,8.72561648360539,6.04707568070962));
#3923=CARTESIAN_POINT('Ctrl Pts',(-15.7301151882831,2.97824305428397,6.23295312339645));
#3924=CARTESIAN_POINT('Ctrl Pts',(-15.6835112464217,-3.2148387258916,6.41883056608328));
#3925=CARTESIAN_POINT('Ctrl Pts',(-13.2896587264933,-8.92679291837395,6.6047080087701));
#3926=CARTESIAN_POINT('Ctrl Pts',(-8.90744859903635,-13.303047351644,6.79058545145694));
#3927=CARTESIAN_POINT('Ctrl Pts',(-3.19169002215714,-15.6881139002211,6.97646289414376));
#3928=CARTESIAN_POINT('Ctrl Pts',(3.0013179790747,-15.7257787069557,7.16234033683059));
#3929=CARTESIAN_POINT('Ctrl Pts',(8.74539226610633,-13.4098681982533,7.34821777951742));
#3930=CARTESIAN_POINT('Ctrl Pts',(13.1805698847621,-9.08732051818814,7.53409522220426));
#3931=CARTESIAN_POINT('Ctrl Pts',(15.6434057326836,-3.40465635740959,7.71997266489107));
#3932=CARTESIAN_POINT('Ctrl Pts',(15.7649901930293,2.78719493101852,7.90585010757792));
#3933=CARTESIAN_POINT('Ctrl Pts',(13.5277092279911,8.56255767975482,8.09172755026473));
#3934=CARTESIAN_POINT('Ctrl Pts',(9.97561456592084,12.3064302172332,8.24662541917044));
#3935=CARTESIAN_POINT('Ctrl Pts',(6.44156965006654,14.3262925214562,8.37054371429498));
#3936=CARTESIAN_POINT('Ctrl Pts',(2.58523541068036,15.6293900640363,8.49446200941954));
#3937=CARTESIAN_POINT('Ctrl Pts',(-2.57268471365033,15.801805752172,8.64935987832522));
#3938=CARTESIAN_POINT('Ctrl Pts',(-8.37766478627093,13.6425460219159,8.83523732101206));
#3939=CARTESIAN_POINT('Ctrl Pts',(-12.9286737130846,9.44223049585228,9.02111476369888));
#3940=CARTESIAN_POINT('Ctrl Pts',(-15.5450699867829,3.82876583658492,9.20699220638571));
#3941=CARTESIAN_POINT('Ctrl Pts',(-15.8349523417809,-2.35794677184319,9.39286964907254));
#3942=CARTESIAN_POINT('Ctrl Pts',(-13.7554086951352,-8.19100497442879,9.57874709175936));
#3943=CARTESIAN_POINT('Ctrl Pts',(-9.61683120562464,-12.7999610184162,9.76462453444621));
#3944=CARTESIAN_POINT('Ctrl Pts',(-4.04011989927208,-15.4899788049902,9.95050197713302));
#3945=CARTESIAN_POINT('Ctrl Pts',(2.83031454607976,-15.9107753347523,10.1570324690073));
#3946=CARTESIAN_POINT('Ctrl Pts',(9.92360828454979,-12.9673038910575,10.3842160100689));
#3947=CARTESIAN_POINT('Ctrl Pts',(15.0506827983373,-6.33413608842638,10.6320526003181));
#3948=CARTESIAN_POINT('Ctrl Pts',(16.1106667432361,1.27221113256025,10.8592361413797));
#3949=CARTESIAN_POINT('Ctrl Pts',(13.9711564073672,7.81417034496577,11.065766633254));
#3950=CARTESIAN_POINT('Ctrl Pts',(9.96214494971929,12.5337614161985,11.2516440759408));
#3951=CARTESIAN_POINT('Ctrl Pts',(4.45920819948065,15.3744738698048,11.4375215186277));
#3952=CARTESIAN_POINT('Ctrl Pts',(-2.39640978396559,15.9817662755146,11.6440520105019));
#3953=CARTESIAN_POINT('Ctrl Pts',(-9.56792194230088,13.2325806951422,11.8712355515636));
#3954=CARTESIAN_POINT('Ctrl Pts',(-14.8718912353515,6.74113618601901,12.1190721418127));
#3955=CARTESIAN_POINT('Ctrl Pts',(-16.2568521156406,-1.52277793032489,12.3669087320618));
#3956=CARTESIAN_POINT('Ctrl Pts',(-13.359941135507,-9.38786838192703,12.6147453223109));
#3957=CARTESIAN_POINT('Ctrl Pts',(-6.94348986227067,-14.7780591000374,12.86258191256));
#3958=CARTESIAN_POINT('Ctrl Pts',(1.30254399264095,-16.2767253460822,13.1104185028091));
#3959=CARTESIAN_POINT('Ctrl Pts',(9.20464139737375,-13.4862521238484,13.3582550930582));
#3960=CARTESIAN_POINT('Ctrl Pts',(14.6827962447026,-7.14353930743109,13.6060916833073));
#3961=CARTESIAN_POINT('Ctrl Pts',(16.292446570051,1.08083003786835,13.8539282735565));
#3962=CARTESIAN_POINT('Ctrl Pts',(13.6101535161204,9.02106905370398,14.1017648638055));
#3963=CARTESIAN_POINT('Ctrl Pts',(7.34269850588421,14.5837362601099,14.3496014540547));
#3964=CARTESIAN_POINT('Ctrl Pts',(-0.859754048537804,16.3066451434889,14.5974380443038));
#3965=CARTESIAN_POINT('Ctrl Pts',(-7.50515111085197,14.1588786145011,14.803968536178));
#3966=CARTESIAN_POINT('Ctrl Pts',(-11.6596210718363,10.6375023680474,14.9691929296774));
#3967=CARTESIAN_POINT('Ctrl Pts',(-14.7890574791267,6.17478075011498,15.1344173231768));
#3968=CARTESIAN_POINT('Ctrl Pts',(-16.3119564744467,-0.633656713837323,
15.3409478150511));
#3969=CARTESIAN_POINT('Ctrl Pts',(-13.5853990464031,-9.54531702661665,15.6163218042168));
#3970=CARTESIAN_POINT('Ctrl Pts',(-5.33392218808637,-16.0526167973937,15.919233192299));
#3971=CARTESIAN_POINT('Ctrl Pts',(6.14121786399851,-15.7574384825886,16.2496819792978));
#3972=CARTESIAN_POINT('Ctrl Pts',(14.7831219949064,-8.21459857507878,16.5801307662966));
#3973=CARTESIAN_POINT('Ctrl Pts',(16.6246302206608,3.10725114176352,16.9105795532954));
#3974=CARTESIAN_POINT('Ctrl Pts',(10.8142310361595,13.0052422731159,17.2410283402942));
#3975=CARTESIAN_POINT('Ctrl Pts',(1.60432357420162,16.3343238420092,17.523286679189));
#3976=CARTESIAN_POINT('Ctrl Pts',(-6.0511163610088,14.8153491030792,17.7573545699799));
#3977=CARTESIAN_POINT('Ctrl Pts',(-11.2236351904928,11.4198445826339,17.9432320126667));
#3978=CARTESIAN_POINT('Ctrl Pts',(-14.7169656929816,6.30058906361867,18.1291094553535));
#3979=CARTESIAN_POINT('Ctrl Pts',(-16.0076872589458,0.245924838791976,18.3149868980403));
#3980=CARTESIAN_POINT('Ctrl Pts',(-14.9029496830816,-5.84930816414248,18.5008643407272));
#3981=CARTESIAN_POINT('Ctrl Pts',(-11.5679237984215,-11.0672943216736,18.686741783414));
#3982=CARTESIAN_POINT('Ctrl Pts',(-6.50177712505225,-14.6300033338531,18.8726192261008));
#3983=CARTESIAN_POINT('Ctrl Pts',(-0.462619818283522,-16.0028474548196,
19.0584966687876));
#3984=CARTESIAN_POINT('Ctrl Pts',(5.6457577422009,-14.9810865743951,19.2443741114745));
#3985=CARTESIAN_POINT('Ctrl Pts',(10.9092562458054,-11.7172928500552,19.4302515541613));
#3986=CARTESIAN_POINT('Ctrl Pts',(14.5401572606477,-6.70002289183331,19.6161289968482));
#3987=CARTESIAN_POINT('Ctrl Pts',(15.9951508713104,-0.680131649818029,19.802006439535));
#3988=CARTESIAN_POINT('Ctrl Pts',(15.0563868298137,5.4416704144708,19.9878838822218));
#3989=CARTESIAN_POINT('Ctrl Pts',(11.8645680210653,10.7488421963455,20.1737613249086));
#3990=CARTESIAN_POINT('Ctrl Pts',(6.89691777920319,14.4480343939568,20.3596387675955));
#3991=CARTESIAN_POINT('Ctrl Pts',(2.89749443648098,15.471695445234,20.48355706272));
#3992=CARTESIAN_POINT('Ctrl Pts',(0.87504465848704,15.5852473120948,20.5455162102823));
#3993=CARTESIAN_POINT('Ctrl Pts',(-5.12817026527948,15.2426869772836,1.15844833725731E-13));
#3994=CARTESIAN_POINT('Ctrl Pts',(-7.10616703857857,14.5772200387597,0.0619591475623925));
#3995=CARTESIAN_POINT('Ctrl Pts',(-10.7993135068356,12.4674430908388,0.185877442686946));
#3996=CARTESIAN_POINT('Ctrl Pts',(-14.7231260067445,7.43530677906892,0.371754885373775));
#3997=CARTESIAN_POINT('Ctrl Pts',(-16.4434865484172,1.29114201951553,0.557632328060603));
#3998=CARTESIAN_POINT('Ctrl Pts',(-15.703132463082,-5.04656646897005,0.743509770747433));
#3999=CARTESIAN_POINT('Ctrl Pts',(-12.6127606956925,-10.6288945343367,0.92938721343426));
#4000=CARTESIAN_POINT('Ctrl Pts',(-7.63489898780442,-14.6206741172964,1.11526465612109));
#4001=CARTESIAN_POINT('Ctrl Pts',(-1.51445710272091,-16.4244366125121,1.30114209880792));
#4002=CARTESIAN_POINT('Ctrl Pts',(4.83261186672057,-15.770256068551,1.48701954149475));
#4003=CARTESIAN_POINT('Ctrl Pts',(10.4564958551357,-12.7561063458504,1.67289698418158));
#4004=CARTESIAN_POINT('Ctrl Pts',(14.5155240439127,-7.83286111043073,1.85877442686841));
#4005=CARTESIAN_POINT('Ctrl Pts',(16.4023603631209,-1.73770003041567,2.04465186955523));
#4006=CARTESIAN_POINT('Ctrl Pts',(15.8344414650091,4.61806391518733,2.23052931224207));
#4007=CARTESIAN_POINT('Ctrl Pts',(12.8971473076371,10.281626510176,2.41640675492889));
#4008=CARTESIAN_POINT('Ctrl Pts',(8.02926977885524,14.4087333660833,2.60228419761573));
#4009=CARTESIAN_POINT('Ctrl Pts',(1.96083870660275,16.3752063468447,2.78816164030255));
#4010=CARTESIAN_POINT('Ctrl Pts',(-5.11026119955391,15.846788219769,2.99469213217681));
#4011=CARTESIAN_POINT('Ctrl Pts',(-11.9414356914653,11.8489859729504,3.22187567323849));
#4012=CARTESIAN_POINT('Ctrl Pts',(-16.2452402474739,4.36831604041028,3.46971226348759));
#4013=CARTESIAN_POINT('Ctrl Pts',(-16.2733501531705,-4.27582848455748,3.7175488537367));
#4014=CARTESIAN_POINT('Ctrl Pts',(-12.4812875241804,-10.9324673069481,3.93784804506924));
#4015=CARTESIAN_POINT('Ctrl Pts',(-5.59298496825405,-15.8928827259446,4.18568463531834));
#4016=CARTESIAN_POINT('Ctrl Pts',(2.46620054634077,-16.7337090792592,4.41286817638003));
#4017=CARTESIAN_POINT('Ctrl Pts',(9.74940498048648,-13.2960703348494,4.64693606717084));
#4018=CARTESIAN_POINT('Ctrl Pts',(14.0675785717098,-8.61502647129961,4.83281350985768));
#4019=CARTESIAN_POINT('Ctrl Pts',(16.2840770871474,-2.6239674194039,5.0186909525445));
#4020=CARTESIAN_POINT('Ctrl Pts',(16.0618491600437,3.74922528417756,5.20456839523133));
#4021=CARTESIAN_POINT('Ctrl Pts',(13.4368634570689,9.56665602373064,5.39044583791816));
#4022=CARTESIAN_POINT('Ctrl Pts',(8.80058405951969,13.9497577529187,5.57632328060499));
#4023=CARTESIAN_POINT('Ctrl Pts',(2.84752280654672,16.246612248179,5.76220072329181));
#4024=CARTESIAN_POINT('Ctrl Pts',(-3.53179099934203,16.1114760275842,5.94807816597865));
#4025=CARTESIAN_POINT('Ctrl Pts',(-9.382505431744,13.5655821328048,6.13395560866548));
#4026=CARTESIAN_POINT('Ctrl Pts',(-13.8291632749924,8.98942753958502,6.3198330513523));
#4027=CARTESIAN_POINT('Ctrl Pts',(-16.2062374029532,3.06806741305375,6.50571049403913));
#4028=CARTESIAN_POINT('Ctrl Pts',(-16.1581007500391,-3.31244371270264,6.69158793672596));
#4029=CARTESIAN_POINT('Ctrl Pts',(-13.6916868116749,-9.19721984434638,6.87746537941279));
#4030=CARTESIAN_POINT('Ctrl Pts',(-9.1767650683233,-13.7058327304737,7.06334282209962));
#4031=CARTESIAN_POINT('Ctrl Pts',(-3.28797506732945,-16.1629691828991,7.24922026478645));
#4032=CARTESIAN_POINT('Ctrl Pts',(3.09246171079152,-16.2016516277965,7.43509770747328));
#4033=CARTESIAN_POINT('Ctrl Pts',(9.01033157247508,-13.8155379389188,7.62097515016011));
#4034=CARTESIAN_POINT('Ctrl Pts',(13.5796521011365,-9.3620831322295,7.80685259284694));
#4035=CARTESIAN_POINT('Ctrl Pts',(16.1169121510498,-3.50738759581873,7.99273003553377));
#4036=CARTESIAN_POINT('Ctrl Pts',(16.2420540558894,2.87185911881398,8.17860747822059));
#4037=CARTESIAN_POINT('Ctrl Pts',(13.9369489728979,8.82196592263432,8.36448492090744));
#4038=CARTESIAN_POINT('Ctrl Pts',(10.2772781765848,12.6790746079646,8.51938278981311));
#4039=CARTESIAN_POINT('Ctrl Pts',(6.63623742758431,14.7599971786695,8.64330108493767));
#4040=CARTESIAN_POINT('Ctrl Pts',(2.66316759441007,16.1024561274657,8.76721938006222));
#4041=CARTESIAN_POINT('Ctrl Pts',(-2.65085759249487,16.2799880532767,8.92211724896792));
#4042=CARTESIAN_POINT('Ctrl Pts',(-8.63147961343842,14.0552648905119,9.10799469165473));
#4043=CARTESIAN_POINT('Ctrl Pts',(-13.3201394350363,9.72773924141307,9.29387213434158));
#4044=CARTESIAN_POINT('Ctrl Pts',(-16.0156087001934,3.94433445992186,9.47974957702839));
#4045=CARTESIAN_POINT('Ctrl Pts',(-16.3141420455419,-2.42962137762414,9.66562701971524));
#4046=CARTESIAN_POINT('Ctrl Pts',(-14.171546976773,-8.43917287170071,9.85150446240205));
#4047=CARTESIAN_POINT('Ctrl Pts',(-9.90762668811316,-13.1875347674272,10.0373819050889));
#4048=CARTESIAN_POINT('Ctrl Pts',(-4.16208612655931,-15.9588543863973,10.2232593477757));
#4049=CARTESIAN_POINT('Ctrl Pts',(2.91628660367597,-16.392250454224,10.42978983965));
#4050=CARTESIAN_POINT('Ctrl Pts',(10.2241969233997,-13.35955640187,10.6569733807116));
#4051=CARTESIAN_POINT('Ctrl Pts',(15.506308613852,-6.52553814581356,10.9048099709608));
#4052=CARTESIAN_POINT('Ctrl Pts',(16.5982222291709,1.31103198057603,11.1319935120224));
#4053=CARTESIAN_POINT('Ctrl Pts',(14.3938316165144,8.05093780574477,11.3385240038967));
#4054=CARTESIAN_POINT('Ctrl Pts',(10.2633964210275,12.9132855958198,11.5244014465835));
#4055=CARTESIAN_POINT('Ctrl Pts',(4.5938601876474,15.8398620308381,11.7102788892704));
#4056=CARTESIAN_POINT('Ctrl Pts',(-2.46925135066681,16.4653984637822,11.9168093811446));
#4057=CARTESIAN_POINT('Ctrl Pts',(-9.8577511634062,13.6328686867106,12.1439929222063));
#4058=CARTESIAN_POINT('Ctrl Pts',(-15.3221140570257,6.94485941081603,12.3918295124554));
#4059=CARTESIAN_POINT('Ctrl Pts',(-16.7488268755548,-1.56918493269641,12.6396661027045));
#4060=CARTESIAN_POINT('Ctrl Pts',(-13.7640871764033,-9.6722508945967,12.8875026929536));
#4061=CARTESIAN_POINT('Ctrl Pts',(-7.15333906422603,-15.225446136928,13.1353392832027));
#4062=CARTESIAN_POINT('Ctrl Pts',(1.34228612707209,-16.7693059076109,13.3831758734518));
#4063=CARTESIAN_POINT('Ctrl Pts',(9.48348113773404,-13.8942245153898,13.6310124637009));
#4064=CARTESIAN_POINT('Ctrl Pts',(15.1273041528553,-7.3594447781791,13.87884905395));
#4065=CARTESIAN_POINT('Ctrl Pts',(16.7855073024418,1.11386242967277,14.1266856441991));
#4066=CARTESIAN_POINT('Ctrl Pts',(14.0218793408426,9.29435552289385,14.3745222344482));
#4067=CARTESIAN_POINT('Ctrl Pts',(7.56463337740977,15.0252501034763,14.6223588246973));
#4068=CARTESIAN_POINT('Ctrl Pts',(-0.88609597530166,16.8001399523631,14.8701954149464));
#4069=CARTESIAN_POINT('Ctrl Pts',(-7.73256997837391,14.5872412359283,15.0767259068207));
#4070=CARTESIAN_POINT('Ctrl Pts',(-12.0127032008264,10.9592104237283,15.2419503003201));
#4071=CARTESIAN_POINT('Ctrl Pts',(-15.2367621993407,6.36136516965263,15.4071746938195));
#4072=CARTESIAN_POINT('Ctrl Pts',(-16.8056164923299,-0.653156032362578,
15.6137051856938));
#4073=CARTESIAN_POINT('Ctrl Pts',(-13.9963653401163,-9.83446908779147,15.8890791748594));
#4074=CARTESIAN_POINT('Ctrl Pts',(-5.4950335328528,-16.5385458564082,16.1919905629417));
#4075=CARTESIAN_POINT('Ctrl Pts',(6.32738958977371,-16.2342075794892,16.5224393499405));
#4076=CARTESIAN_POINT('Ctrl Pts',(15.2306873530596,-8.46291709356777,16.8528881369393));
#4077=CARTESIAN_POINT('Ctrl Pts',(17.1277043045349,3.20161862889575,17.1833369239381));
#4078=CARTESIAN_POINT('Ctrl Pts',(11.1412611230889,13.3990523876396,17.5137857109369));
#4079=CARTESIAN_POINT('Ctrl Pts',(1.6525550753226,16.828704979963,17.7960440498317));
#4080=CARTESIAN_POINT('Ctrl Pts',(-6.2345426143861,15.2636081540323,18.0301119406226));
#4081=CARTESIAN_POINT('Ctrl Pts',(-11.5635378884453,11.7652384093069,18.2159893833094));
#4082=CARTESIAN_POINT('Ctrl Pts',(-15.1624910787871,6.49098242710638,18.4018668259962));
#4083=CARTESIAN_POINT('Ctrl Pts',(-16.4921560987523,0.2530515866935,18.587744268683));
#4084=CARTESIAN_POINT('Ctrl Pts',(-15.3538639024616,-6.02662853126477,18.7736217113699));
#4085=CARTESIAN_POINT('Ctrl Pts',(-11.9178022488974,-11.4024683713576,18.9594991540567));
#4086=CARTESIAN_POINT('Ctrl Pts',(-6.69826105313755,-15.0729008229673,19.1453765967435));
#4087=CARTESIAN_POINT('Ctrl Pts',(-0.476304817908323,-16.4871740986864,
19.3312540394303));
#4088=CARTESIAN_POINT('Ctrl Pts',(5.81691930867241,-15.4343695831282,19.5171314821172));
#4089=CARTESIAN_POINT('Ctrl Pts',(11.2396503076745,-12.0716949940022,19.703008924804));
#4090=CARTESIAN_POINT('Ctrl Pts',(14.980339520897,-6.902508394597,19.8888863674909));
#4091=CARTESIAN_POINT('Ctrl Pts',(16.4792488765429,-0.700399678918557,20.0747638101776));
#4092=CARTESIAN_POINT('Ctrl Pts',(15.5119527891436,5.6066568746484,20.2606412528645));
#4093=CARTESIAN_POINT('Ctrl Pts',(12.2234305354375,11.0743843224753,20.4465186955513));
#4094=CARTESIAN_POINT('Ctrl Pts',(7.10536401753675,14.8854324906771,20.6323961382382));
#4095=CARTESIAN_POINT('Ctrl Pts',(2.98488008427083,15.9399951355426,20.7563144333627));
#4096=CARTESIAN_POINT('Ctrl Pts',(0.901219717280468,16.0569436561985,20.818273580925));
#4097=CARTESIAN_POINT('',(-13.0915854255822,-6.6084150556077,1.90819582357449E-16));
#4098=CARTESIAN_POINT('Ctrl Pts',(-5.12817026527941,15.2426869772834,-1.11022302462516E-16));
#4099=CARTESIAN_POINT('Ctrl Pts',(-5.45780866346408,15.1125830365562,2.62078954404018E-11));
#4100=CARTESIAN_POINT('Ctrl Pts',(-5.78339734456379,14.971323982798,1.83580258460077E-11));
#4101=CARTESIAN_POINT('Ctrl Pts',(-6.10439179627435,14.8191430366508,3.05520053700548E-11));
#4102=CARTESIAN_POINT('Ctrl Pts',(-6.16442433023175,14.7906820842307,3.28325291795853E-11));
#4103=CARTESIAN_POINT('Ctrl Pts',(-6.22429606787462,14.761839018819,3.58064316483982E-11));
#4104=CARTESIAN_POINT('Ctrl Pts',(-6.28400329682422,14.7326152288414,3.9811598462336E-11));
#4105=CARTESIAN_POINT('Ctrl Pts',(-6.59816800324725,14.5788468567297,6.08853903331427E-11));
#4106=CARTESIAN_POINT('Ctrl Pts',(-6.90677064159313,14.4150355457196,7.99744174001202E-11));
#4107=CARTESIAN_POINT('Ctrl Pts',(-7.2093750295594,14.2415443531062,1.03318908983852E-10));
#4108=CARTESIAN_POINT('Ctrl Pts',(-7.51413636861699,14.0668165227171,1.26829799101776E-10));
#4109=CARTESIAN_POINT('Ctrl Pts',(-7.81281413826726,13.8822700214119,1.54669366711239E-10));
#4110=CARTESIAN_POINT('Ctrl Pts',(-8.10493855413952,13.6882289349556,1.90099047614467E-10));
#4111=CARTESIAN_POINT('Ctrl Pts',(-8.39651321156464,13.4945530207361,2.25462052247937E-10));
#4112=CARTESIAN_POINT('Ctrl Pts',(-8.68155961443973,13.2914178650481,2.68396588666273E-10));
#4113=CARTESIAN_POINT('Ctrl Pts',(-8.95957949429684,13.0791043467148,3.18914117336533E-10));
#4114=CARTESIAN_POINT('Ctrl Pts',(-9.23460362732125,12.8690785696408,3.68887304621612E-10));
#4115=CARTESIAN_POINT('Ctrl Pts',(-9.50275222850464,12.6500707771834,4.26283536297712E-10));
#4116=CARTESIAN_POINT('Ctrl Pts',(-9.76350632336548,12.4223179594661,4.87859863618212E-10));
#4117=CARTESIAN_POINT('Ctrl Pts',(-9.95264760397159,12.2571145726212,5.32525031429424E-10));
#4118=CARTESIAN_POINT('Ctrl Pts',(-10.1378975237414,12.0873092459957,5.79323061148153E-10));
#4119=CARTESIAN_POINT('Ctrl Pts',(-10.3190440090844,11.9129824269017,6.25901552808728E-10));
#4120=CARTESIAN_POINT('Ctrl Pts',(-10.5705307979936,11.6709634229355,6.90566757728753E-10));
#4121=CARTESIAN_POINT('Ctrl Pts',(-10.8141105811908,11.4202301627081,7.54962575104382E-10));
#4122=CARTESIAN_POINT('Ctrl Pts',(-11.0493690612303,11.1612088611647,8.09683320390775E-10));
#4123=CARTESIAN_POINT('Ctrl Pts',(-11.088763228933,11.1178355953429,8.18846340640969E-10));
#4124=CARTESIAN_POINT('Ctrl Pts',(-11.1279239594514,11.0742298925468,8.27730227256702E-10));
#4125=CARTESIAN_POINT('Ctrl Pts',(-11.1668491721476,11.0303937055689,8.36279379079485E-10));
#4126=CARTESIAN_POINT('Ctrl Pts',(-11.3954559342458,10.7729449192014,8.86488417273236E-10));
#4127=CARTESIAN_POINT('Ctrl Pts',(-11.6152046205042,10.5083800501338,9.24470332284154E-10));
#4128=CARTESIAN_POINT('Ctrl Pts',(-11.8258311860972,10.2372029754928,9.58216173074788E-10));
#4129=CARTESIAN_POINT('Ctrl Pts',(-12.0380128061494,9.96402380240823,9.92211159171734E-10));
#4130=CARTESIAN_POINT('Ctrl Pts',(-12.2409374579929,9.68413395345443,1.02192143052329E-9));
#4131=CARTESIAN_POINT('Ctrl Pts',(-12.4342949435694,9.39801453704385,1.0520337934139E-9));
#4132=CARTESIAN_POINT('Ctrl Pts',(-12.6272927674976,9.11242732749684,1.08209014470484E-9));
#4133=CARTESIAN_POINT('Ctrl Pts',(-12.8107592703012,8.82063319095583,1.11255844330825E-9));
#4134=CARTESIAN_POINT('Ctrl Pts',(-12.9843413523111,8.52308428769289,1.14448461818739E-9));
#4135=CARTESIAN_POINT('Ctrl Pts',(-13.1560346442611,8.22877308848515,1.17606339637059E-9));
#4136=CARTESIAN_POINT('Ctrl Pts',(-13.3180576602613,7.9288311703127,1.20907183092564E-9));
#4137=CARTESIAN_POINT('Ctrl Pts',(-13.4700214480938,7.62367801488163,1.2409014371606E-9));
#4138=CARTESIAN_POINT('Ctrl Pts',(-13.5788716179368,7.40509980443699,1.26370067172912E-9));
#4139=CARTESIAN_POINT('Ctrl Pts',(-13.6825597164646,7.18384746495158,1.28581922044492E-9));
#4140=CARTESIAN_POINT('Ctrl Pts',(-13.7809267215976,6.96007151146997,1.30511523810384E-9));
#4141=CARTESIAN_POINT('Ctrl Pts',(-13.9192175032321,6.64547261241716,1.332242846079E-9));
#4142=CARTESIAN_POINT('Ctrl Pts',(-14.0469933770019,6.32588557431291,1.35396472449513E-9));
#4143=CARTESIAN_POINT('Ctrl Pts',(-14.1640327290647,6.00185645678206,1.36088867952466E-9));
#4144=CARTESIAN_POINT('Ctrl Pts',(-14.1812978184626,5.95405722017385,1.36191006848885E-9));
#4145=CARTESIAN_POINT('Ctrl Pts',(-14.1983291806098,5.90616132297762,1.36260166648642E-9));
#4146=CARTESIAN_POINT('Ctrl Pts',(-14.2151260075884,5.85817052300504,1.36292671593097E-9));
#4147=CARTESIAN_POINT('Ctrl Pts',(-14.3271061808049,5.53822806598196,1.36509373224954E-9));
#4148=CARTESIAN_POINT('Ctrl Pts',(-14.4283030382945,5.21510710047061,1.3503297214639E-9));
#4149=CARTESIAN_POINT('Ctrl Pts',(-14.518663470712,4.88936808033821,1.32861710522292E-9));
#4150=CARTESIAN_POINT('Ctrl Pts',(-14.609674846608,4.56128248344466,1.30674807443672E-9));
#4151=CARTESIAN_POINT('Ctrl Pts',(-14.689693245886,4.23054040330323,1.27784493322505E-9));
#4152=CARTESIAN_POINT('Ctrl Pts',(-14.7586141899538,3.89769856352765,1.248236569662E-9));
#4153=CARTESIAN_POINT('Ctrl Pts',(-14.827398652017,3.56551584010866,1.21868683862162E-9));
#4154=CARTESIAN_POINT('Ctrl Pts',(-14.885129636115,3.23124108045578,1.18844391945799E-9));
#4155=CARTESIAN_POINT('Ctrl Pts',(-14.9316520031854,2.89542062226948,1.15979076342754E-9));
#4156=CARTESIAN_POINT('Ctrl Pts',(-14.9776610727098,2.56330538864402,1.13145374768837E-9));
#4157=CARTESIAN_POINT('Ctrl Pts',(-15.0127074928606,2.22967782796669,1.10467365421552E-9));
#4158=CARTESIAN_POINT('Ctrl Pts',(-15.0365906439146,1.8950678823146,1.07764974721647E-9));
#4159=CARTESIAN_POINT('Ctrl Pts',(-15.0534799856995,1.65844325418241,1.05853937100853E-9));
#4160=CARTESIAN_POINT('Ctrl Pts',(-15.0647857207853,1.42132736963115,1.03922389273912E-9));
#4161=CARTESIAN_POINT('Ctrl Pts',(-15.0704213494518,1.18391032792475,1.01781610917229E-9));
#4162=CARTESIAN_POINT('Ctrl Pts',(-15.0784473391736,0.84579246223874,9.87328231162035E-10));
#4163=CARTESIAN_POINT('Ctrl Pts',(-15.0749749598781,0.507062695518072,9.52793441560119E-10));
#4164=CARTESIAN_POINT('Ctrl Pts',(-15.0600056586071,0.168308830016762,9.04989805317058E-10));
#4165=CARTESIAN_POINT('Ctrl Pts',(-15.0581046493112,0.125289170268653,8.98919037200935E-10));
#4166=CARTESIAN_POINT('Ctrl Pts',(-15.0560181611655,0.0822691501625152,
8.92627136229482E-10));
#4167=CARTESIAN_POINT('Ctrl Pts',(-15.053746142488,0.0392499997242822,8.86092310636855E-10));
#4168=CARTESIAN_POINT('Ctrl Pts',(-15.0361535114363,-0.293854674685561,
8.35492008991024E-10));
#4169=CARTESIAN_POINT('Ctrl Pts',(-15.0074987634839,-0.625820953529388,
7.69726496833772E-10));
#4170=CARTESIAN_POINT('Ctrl Pts',(-14.9679445075965,-0.956112300321304,
7.01089880594807E-10));
#4171=CARTESIAN_POINT('Ctrl Pts',(-14.9281078816783,-1.28876153188824,6.31963281091034E-10));
#4172=CARTESIAN_POINT('Ctrl Pts',(-14.8772154817715,-1.61971241862474,5.59940400218129E-10));
#4173=CARTESIAN_POINT('Ctrl Pts',(-14.8153809540293,-1.94841232101083,4.93301649528988E-10));
#4174=CARTESIAN_POINT('Ctrl Pts',(-14.7536757666706,-2.27642467595352,4.26802288302194E-10));
#4175=CARTESIAN_POINT('Ctrl Pts',(-14.6810740180885,-2.60219602365358,3.6567317580435E-10));
#4176=CARTESIAN_POINT('Ctrl Pts',(-14.5976385973521,-2.92516401634545,3.1372154873921E-10));
#4177=CARTESIAN_POINT('Ctrl Pts',(-14.515141479455,-3.24449995706359,2.62354162261032E-10));
#4178=CARTESIAN_POINT('Ctrl Pts',(-14.4220527708601,-3.56109574779667,2.19961426968538E-10));
#4179=CARTESIAN_POINT('Ctrl Pts',(-14.3183872025292,-3.874386951077,1.85812795705509E-10));
#4180=CARTESIAN_POINT('Ctrl Pts',(-14.2459778548546,-4.09321767787422,1.61960323244825E-10));
#4181=CARTESIAN_POINT('Ctrl Pts',(-14.1684072291515,-4.31043571160386,1.42039343607774E-10));
#4182=CARTESIAN_POINT('Ctrl Pts',(-14.085667580147,-4.52584057095474,1.24483826025035E-10));
#4183=CARTESIAN_POINT('Ctrl Pts',(-13.966346388559,-4.83648202037892,9.91664992340513E-11));
#4184=CARTESIAN_POINT('Ctrl Pts',(-13.8362762719435,-5.14335427902742,7.89890488346979E-11));
#4185=CARTESIAN_POINT('Ctrl Pts',(-13.695679794244,-5.44591680354482,5.51451662111901E-11));
#4186=CARTESIAN_POINT('Ctrl Pts',(-13.6808039553723,-5.47792949288797,5.26223593686094E-11));
#4187=CARTESIAN_POINT('Ctrl Pts',(-13.6658102437263,-5.50989390068756,5.00539732251028E-11));
#4188=CARTESIAN_POINT('Ctrl Pts',(-13.6506989000158,-5.54180936104471,4.74262643046508E-11));
#4189=CARTESIAN_POINT('Ctrl Pts',(-13.5102348440743,-5.83847225846166,2.30014113220935E-11));
#4190=CARTESIAN_POINT('Ctrl Pts',(-13.3600718026788,-6.12993472569595,-2.44021587658933E-11));
#4191=CARTESIAN_POINT('Ctrl Pts',(-13.2005618718958,-6.41576498015557,-5.88993680217254E-11));
#4192=CARTESIAN_POINT('Ctrl Pts',(-13.1646051278806,-6.480196863744,-6.66757322666497E-11));
#4193=CARTESIAN_POINT('Ctrl Pts',(-13.1281732363783,-6.54434246751046,-7.38146482584644E-11));
#4194=CARTESIAN_POINT('Ctrl Pts',(-13.0912699015705,-6.60819669046879,-7.99365589465161E-11));
#4195=CARTESIAN_POINT('Ctrl Pts',(-14.6636906494412,-0.00142923498487948,
2.77680094630066));
#4196=CARTESIAN_POINT('Ctrl Pts',(-14.6634801329049,1.28303841045737,2.73501352505465));
#4197=CARTESIAN_POINT('Ctrl Pts',(-14.4966440093046,2.56786424791269,2.69322610380863));
#4198=CARTESIAN_POINT('Ctrl Pts',(-14.1635488030194,3.80743728132325,2.65143868256262));
#4199=CARTESIAN_POINT('Ctrl Pts',(-13.5050318163882,6.25802763287562,2.56882648581291));
#4200=CARTESIAN_POINT('Ctrl Pts',(-12.196710532395,8.53175266037404,2.48621428906321));
#4201=CARTESIAN_POINT('Ctrl Pts',(-10.4099312393191,10.3313591062325,2.40360209231351));
#4202=CARTESIAN_POINT('Ctrl Pts',(-8.62315194624322,12.130965552091,2.32098989556381));
#4203=CARTESIAN_POINT('Ctrl Pts',(-6.35791464408469,13.4564534163096,2.23837769881411));
#4204=CARTESIAN_POINT('Ctrl Pts',(-3.91327432946505,14.1345624362635,2.15576550206441));
#4205=CARTESIAN_POINT('Ctrl Pts',(-2.07979409350035,14.643144201229,2.09380635450213));
#4206=CARTESIAN_POINT('Ctrl Pts',(-0.145399663026309,14.7875753662956,2.03184720693985));
#4207=CARTESIAN_POINT('Ctrl Pts',(1.74405224541683,14.5608692944839,1.96988805937758));
#4208=CARTESIAN_POINT('Ctrl Pts',(3.63350415385999,14.3341632226721,1.9079289118153));
#4209=CARTESIAN_POINT('Ctrl Pts',(5.47801354027225,13.7363199139819,1.84596976425303));
#4210=CARTESIAN_POINT('Ctrl Pts',(7.14004299173462,12.8101174102717,1.78401061669075));
#4211=CARTESIAN_POINT('Ctrl Pts',(8.80207244319699,11.8839149065615,1.72205146912847));
#4212=CARTESIAN_POINT('Ctrl Pts',(10.2816219597095,10.6293532078312,1.6600923215662));
#4213=CARTESIAN_POINT('Ctrl Pts',(11.467748447963,9.14130137282485,1.59813317400392));
#4214=CARTESIAN_POINT('Ctrl Pts',(12.6538749362166,7.65324953781846,1.53617402644164));
#4215=CARTESIAN_POINT('Ctrl Pts',(13.5465783962111,5.93170756653592,1.47421487887937));
#4216=CARTESIAN_POINT('Ctrl Pts',(14.079179918917,4.10498864022429,1.41225573131709));
#4217=CARTESIAN_POINT('Ctrl Pts',(14.6117814416228,2.27826971391266,1.35029658375481));
#4218=CARTESIAN_POINT('Ctrl Pts',(14.7842810270399,0.346373832571925,1.28833743619254));
#4219=CARTESIAN_POINT('Ctrl Pts',(14.5837120020953,-1.54589197613303,1.22637828863026));
#4220=CARTESIAN_POINT('Ctrl Pts',(14.3831429771507,-3.43815778483798,1.16441914106798));
#4221=CARTESIAN_POINT('Ctrl Pts',(13.8095053418445,-5.29079352090715,1.10245999350571));
#4222=CARTESIAN_POINT('Ctrl Pts',(12.9057516604721,-6.96530153715022,1.04050084594343));
#4223=CARTESIAN_POINT('Ctrl Pts',(12.0019979790997,-8.63980955339326,0.978541698381154));
#4224=CARTESIAN_POINT('Ctrl Pts',(10.7681282516611,-10.1361898498102,0.916582550818877));
#4225=CARTESIAN_POINT('Ctrl Pts',(9.29645196684196,-11.3424125436901,0.854623403256601));
#4226=CARTESIAN_POINT('Ctrl Pts',(7.82477568202278,-12.5486352375699,0.792664255694324));
#4227=CARTESIAN_POINT('Ctrl Pts',(6.115292839823,-13.4647003289127,0.730705108132049));
#4228=CARTESIAN_POINT('Ctrl Pts',(4.29592409095234,-14.0220927074091,0.668745960569772));
#4229=CARTESIAN_POINT('Ctrl Pts',(2.47655534208168,-14.5794850859056,0.606786813007496));
#4230=CARTESIAN_POINT('Ctrl Pts',(0.547300686540161,-14.7782047515558,0.544827665445219));
#4231=CARTESIAN_POINT('Ctrl Pts',(-1.34748746926501,-14.6033709939206,0.482868517882943));
#4232=CARTESIAN_POINT('Ctrl Pts',(-3.24227562507016,-14.4285372362854,0.420909370320667));
#4233=CARTESIAN_POINT('Ctrl Pts',(-5.10259728113898,-13.8801500553649,0.35895022275839));
#4234=CARTESIAN_POINT('Ctrl Pts',(-6.78924946745652,-12.9992414422946,0.296991075196114));
#4235=CARTESIAN_POINT('Ctrl Pts',(-8.47590165377407,-12.1183328292244,0.235031927633838));
#4236=CARTESIAN_POINT('Ctrl Pts',(-9.98888437034035,-10.9049027840045,0.173072780071562));
#4237=CARTESIAN_POINT('Ctrl Pts',(-11.2149928264528,-9.44976122361824,0.111113632509285));
#4238=CARTESIAN_POINT('Ctrl Pts',(-11.9479347178395,-8.57990815133255,0.0740757550061895));
#4239=CARTESIAN_POINT('Ctrl Pts',(-12.5783650363498,-7.62368194970849,0.0370378775030934));
#4240=CARTESIAN_POINT('Ctrl Pts',(-13.091269901685,-6.60819669054688,-2.48387604043814E-15));
#4241=CARTESIAN_POINT('Ctrl Pts',(0.822737395910612,14.6418530818089,19.99999999979));
#4242=CARTESIAN_POINT('Ctrl Pts',(1.15017596897302,14.6419193167921,19.999999999787));
#4243=CARTESIAN_POINT('Ctrl Pts',(1.47733409614315,14.6308781203081,19.9999999998004));
#4244=CARTESIAN_POINT('Ctrl Pts',(1.8036810515803,14.6089374602126,19.9999999998303));
#4245=CARTESIAN_POINT('Ctrl Pts',(2.13411197129381,14.5867222307653,19.9999999998606));
#4246=CARTESIAN_POINT('Ctrl Pts',(2.46371184038734,14.5533330670696,19.9999999999077));
#4247=CARTESIAN_POINT('Ctrl Pts',(2.79193718346441,14.5089330977843,19.9999999999669));
#4248=CARTESIAN_POINT('Ctrl Pts',(3.1207822542164,14.4644492961858,20.0000000000262));
#4249=CARTESIAN_POINT('Ctrl Pts',(3.44824818932109,14.4089130153839,20.0000000000976));
#4250=CARTESIAN_POINT('Ctrl Pts',(3.7737872400471,14.342436007036,20.0000000001717));
#4251=CARTESIAN_POINT('Ctrl Pts',(4.09763765932282,14.2763038272633,20.0000000002454));
#4252=CARTESIAN_POINT('Ctrl Pts',(4.41958171017161,14.1993440214717,20.0000000003217));
#4253=CARTESIAN_POINT('Ctrl Pts',(4.7390702578743,14.1116162043253,20.0000000003868));
#4254=CARTESIAN_POINT('Ctrl Pts',(4.85877706277339,14.0787461162833,20.0000000004111));
#4255=CARTESIAN_POINT('Ctrl Pts',(4.97813900284693,14.0443638379539,20.0000000004339));
#4256=CARTESIAN_POINT('Ctrl Pts',(5.09712657867567,14.0084707141331,20.0000000004541));
#4257=CARTESIAN_POINT('Ctrl Pts',(5.41974077098268,13.9111527288715,20.000000000509));
#4258=CARTESIAN_POINT('Ctrl Pts',(5.73852906821563,13.8030555821627,20.0000000005526));
#4259=CARTESIAN_POINT('Ctrl Pts',(6.05294398931692,13.6843957871026,20.0000000005944));
#4260=CARTESIAN_POINT('Ctrl Pts',(6.18846815232454,13.6332491387442,20.0000000006124));
#4261=CARTESIAN_POINT('Ctrl Pts',(6.32317983420356,13.5801393731817,20.00000000063));
#4262=CARTESIAN_POINT('Ctrl Pts',(6.45703527201981,13.5250808552258,20.0000000006478));
#4263=CARTESIAN_POINT('Ctrl Pts',(6.76464891903065,13.3985506836934,20.0000000006886));
#4264=CARTESIAN_POINT('Ctrl Pts',(7.06774117661519,13.2617321498709,20.0000000007303));
#4265=CARTESIAN_POINT('Ctrl Pts',(7.36589659003102,13.1150256335463,20.000000000776));
#4266=CARTESIAN_POINT('Ctrl Pts',(7.66784187537422,12.9664543216059,20.0000000008223));
#4267=CARTESIAN_POINT('Ctrl Pts',(7.96472453322142,12.8077418746788,20.0000000008726));
#4268=CARTESIAN_POINT('Ctrl Pts',(8.25609971291795,12.6392525432008,20.0000000009256));
#4269=CARTESIAN_POINT('Ctrl Pts',(8.54806323162294,12.4704230013922,20.0000000009788));
#4270=CARTESIAN_POINT('Ctrl Pts',(8.83449752751122,12.2917767765119,20.0000000010346));
#4271=CARTESIAN_POINT('Ctrl Pts',(9.11493392508243,12.1036324462021,20.0000000010877));
#4272=CARTESIAN_POINT('Ctrl Pts',(9.39396672145333,11.9164297896911,20.0000000011405));
#4273=CARTESIAN_POINT('Ctrl Pts',(9.66706200101565,11.7198235458795,20.0000000011905));
#4274=CARTESIAN_POINT('Ctrl Pts',(9.93372967966486,11.5140847228685,20.0000000012281));
#4275=CARTESIAN_POINT('Ctrl Pts',(10.0356103631277,11.4354819765238,20.0000000012424));
#4276=CARTESIAN_POINT('Ctrl Pts',(10.1365525193874,11.3555457897844,20.000000001255));
#4277=CARTESIAN_POINT('Ctrl Pts',(10.2365274826307,11.2742897633142,20.000000001265));
#4278=CARTESIAN_POINT('Ctrl Pts',(10.5021915301562,11.0583676546422,20.0000000012915));
#4279=CARTESIAN_POINT('Ctrl Pts',(10.760148179426,10.8338436186395,20.0000000013014));
#4280=CARTESIAN_POINT('Ctrl Pts',(11.0099697279801,10.6011332940921,20.0000000013046));
#4281=CARTESIAN_POINT('Ctrl Pts',(11.123573787631,10.4953104067381,20.0000000013061));
#4282=CARTESIAN_POINT('Ctrl Pts',(11.2354953823823,10.3877939950742,20.0000000013061));
#4283=CARTESIAN_POINT('Ctrl Pts',(11.3456930248815,10.2786198261127,20.0000000013053));
#4284=CARTESIAN_POINT('Ctrl Pts',(11.5859218427676,10.0406221615662,20.0000000013036));
#4285=CARTESIAN_POINT('Ctrl Pts',(11.817959841381,9.79474923328364,20.0000000012983));
#4286=CARTESIAN_POINT('Ctrl Pts',(12.0415731155665,9.54152953313964,20.0000000012933));
#4287=CARTESIAN_POINT('Ctrl Pts',(12.2679531506858,9.28517675256221,20.0000000012882));
#4288=CARTESIAN_POINT('Ctrl Pts',(12.4856991015613,9.02129390764735,20.0000000012833));
#4289=CARTESIAN_POINT('Ctrl Pts',(12.6945361049707,8.7503869065502,20.0000000012786));
#4290=CARTESIAN_POINT('Ctrl Pts',(12.9037633451341,8.47897368353354,20.0000000012739));
#4291=CARTESIAN_POINT('Ctrl Pts',(13.1040486831232,8.20050957892347,20.0000000012694));
#4292=CARTESIAN_POINT('Ctrl Pts',(13.2950778261874,7.91546726177389,20.0000000012611));
#4293=CARTESIAN_POINT('Ctrl Pts',(13.4851294407263,7.63188355450706,20.0000000012528));
#4294=CARTESIAN_POINT('Ctrl Pts',(13.6660196779702,7.34178830563075,20.0000000012408));
#4295=CARTESIAN_POINT('Ctrl Pts',(13.837396416252,7.04561830188493,20.0000000012175));
#4296=CARTESIAN_POINT('Ctrl Pts',(13.9039440440879,6.93061196331742,20.0000000012084));
#4297=CARTESIAN_POINT('Ctrl Pts',(13.9690566851593,6.81468936729884,20.0000000011976));
#4298=CARTESIAN_POINT('Ctrl Pts',(14.0327118104482,6.69787515299426,20.0000000011845));
#4299=CARTESIAN_POINT('Ctrl Pts',(14.1991387054435,6.39246334381469,20.0000000011502));
#4300=CARTESIAN_POINT('Ctrl Pts',(14.3550571348811,6.0819646770103,20.0000000011013));
#4301=CARTESIAN_POINT('Ctrl Pts',(14.5002283542605,5.76692639357801,20.0000000010478));
#4302=CARTESIAN_POINT('Ctrl Pts',(14.5694782914135,5.61664604584983,20.0000000010222));
#4303=CARTESIAN_POINT('Ctrl Pts',(14.6362822034325,5.46533211063567,20.0000000009956));
#4304=CARTESIAN_POINT('Ctrl Pts',(14.7006113094914,5.31304096847992,20.0000000009687));
#4305=CARTESIAN_POINT('Ctrl Pts',(14.8342852944773,4.99658446694851,20.0000000009127));
#4306=CARTESIAN_POINT('Ctrl Pts',(14.9572760237342,4.67591031988206,20.0000000008556));
#4307=CARTESIAN_POINT('Ctrl Pts',(15.0695668703012,4.35160034184104,20.0000000008017));
#4308=CARTESIAN_POINT('Ctrl Pts',(15.1832324891199,4.02331984997454,20.0000000007471));
#4309=CARTESIAN_POINT('Ctrl Pts',(15.28593486111,3.69131346343224,20.0000000006958));
#4310=CARTESIAN_POINT('Ctrl Pts',(15.3776107629648,3.35615777588717,20.0000000006488));
#4311=CARTESIAN_POINT('Ctrl Pts',(15.4694526687627,3.02039519858647,20.0000000006016));
#4312=CARTESIAN_POINT('Ctrl Pts',(15.5502283057834,2.68147134885859,20.0000000005587));
#4313=CARTESIAN_POINT('Ctrl Pts',(15.6198252936271,2.3399471495577,20.0000000005174));
#4314=CARTESIAN_POINT('Ctrl Pts',(15.6890630929606,2.00018554907242,20.0000000004764));
#4315=CARTESIAN_POINT('Ctrl Pts',(15.7472374504595,1.65784980301944,20.000000000437));
#4316=CARTESIAN_POINT('Ctrl Pts',(15.7941873701101,1.3134820210563,20.0000000003934));
#4317=CARTESIAN_POINT('Ctrl Pts',(15.812746232848,1.17735666782117,20.0000000003762));
#4318=CARTESIAN_POINT('Ctrl Pts',(15.8295506596564,1.04091373355833,20.0000000003583));
#4319=CARTESIAN_POINT('Ctrl Pts',(15.8445884546728,0.904186560573664,20.0000000003392));
#4320=CARTESIAN_POINT('Ctrl Pts',(15.8832446432697,0.552715392129653,20.0000000002902));
#4321=CARTESIAN_POINT('Ctrl Pts',(15.9101194888435,0.200374625221448,20.0000000002391));
#4322=CARTESIAN_POINT('Ctrl Pts',(15.9251702711688,-0.152237221420195,20.0000000001934));
#4323=CARTESIAN_POINT('Ctrl Pts',(15.9326416980081,-0.327278860979793,20.0000000001707));
#4324=CARTESIAN_POINT('Ctrl Pts',(15.9371986074458,-0.502387630057109,20.0000000001493));
#4325=CARTESIAN_POINT('Ctrl Pts',(15.9388312844765,-0.677491900811439,20.0000000001297));
#4326=CARTESIAN_POINT('Ctrl Pts',(15.9420997786787,-1.02803722175566,20.0000000000904));
#4327=CARTESIAN_POINT('Ctrl Pts',(15.9336521501129,-1.37856411759694,20.0000000000588));
#4328=CARTESIAN_POINT('Ctrl Pts',(15.9136677190598,-1.728518570642,20.0000000000369));
#4329=CARTESIAN_POINT('Ctrl Pts',(15.8935435593758,-2.08091986125084,20.0000000000149));
#4330=CARTESIAN_POINT('Ctrl Pts',(15.8617206963778,-2.43274123778852,20.0000000000028));
#4331=CARTESIAN_POINT('Ctrl Pts',(15.81832966056,-2.7834201325637,19.9999999999998));
#4332=CARTESIAN_POINT('Ctrl Pts',(15.8019481297166,-2.91581284969131,19.9999999999987));
#4333=CARTESIAN_POINT('Ctrl Pts',(15.7839172452053,-3.04804271589686,19.9999999999988));
#4334=CARTESIAN_POINT('Ctrl Pts',(15.7642421061141,-3.18007931794509,20.));
#4335=CARTESIAN_POINT('Origin',(0.,0.,-5.54576967571505));
#4336=CARTESIAN_POINT('Origin',(0.,0.,0.));
#4337=CARTESIAN_POINT('Origin',(0.,0.,0.));
#4338=CARTESIAN_POINT('',(-14.,-1.71450551880629E-15,0.));
#4339=CARTESIAN_POINT('Origin',(0.,0.,0.));
#4340=CARTESIAN_POINT('Origin',(-20.,11.5470053837925,87.));
#4341=CARTESIAN_POINT('',(-20.,11.5470053837925,87.));
#4342=CARTESIAN_POINT('',(-20.,-11.5470053837925,87.));
#4343=CARTESIAN_POINT('',(-20.,5.77350269189627,87.));
#4344=CARTESIAN_POINT('',(-20.,11.5470053837925,83.));
#4345=CARTESIAN_POINT('',(-20.,11.5470053837925,87.));
#4346=CARTESIAN_POINT('',(-20.,-11.5470053837925,83.));
#4347=CARTESIAN_POINT('',(-20.,11.5470053837925,83.));
#4348=CARTESIAN_POINT('',(-20.,-11.5470053837925,87.));
#4349=CARTESIAN_POINT('Origin',(3.18408172522963E-15,23.094010767585,87.));
#4350=CARTESIAN_POINT('',(3.18408172522963E-15,23.094010767585,87.));
#4351=CARTESIAN_POINT('',(-5.,20.2072594216369,87.));
#4352=CARTESIAN_POINT('',(3.18408172522963E-15,23.094010767585,83.));
#4353=CARTESIAN_POINT('',(3.18408172522963E-15,23.094010767585,87.));
#4354=CARTESIAN_POINT('',(3.18408172522963E-15,23.094010767585,83.));
#4355=CARTESIAN_POINT('Origin',(20.,11.5470053837925,87.));
#4356=CARTESIAN_POINT('',(20.,11.5470053837925,87.));
#4357=CARTESIAN_POINT('',(15.,14.4337567297406,87.));
#4358=CARTESIAN_POINT('',(20.,11.5470053837925,83.));
#4359=CARTESIAN_POINT('',(20.,11.5470053837925,87.));
#4360=CARTESIAN_POINT('',(20.,11.5470053837925,83.));
#4361=CARTESIAN_POINT('Origin',(20.,-11.5470053837925,87.));
#4362=CARTESIAN_POINT('',(20.,-11.5470053837925,87.));
#4363=CARTESIAN_POINT('',(20.,-5.77350269189626,87.));
#4364=CARTESIAN_POINT('',(20.,-11.5470053837925,83.));
#4365=CARTESIAN_POINT('',(20.,-11.5470053837925,87.));
#4366=CARTESIAN_POINT('',(20.,-11.5470053837925,83.));
#4367=CARTESIAN_POINT('Origin',(0.,-23.094010767585,87.));
#4368=CARTESIAN_POINT('',(0.,-23.094010767585,87.));
#4369=CARTESIAN_POINT('',(5.,-20.2072594216369,87.));
#4370=CARTESIAN_POINT('',(0.,-23.094010767585,83.));
#4371=CARTESIAN_POINT('',(0.,-23.094010767585,87.));
#4372=CARTESIAN_POINT('',(0.,-23.094010767585,83.));
#4373=CARTESIAN_POINT('Origin',(-20.,-11.5470053837925,87.));
#4374=CARTESIAN_POINT('',(-15.,-14.4337567297406,87.));
#4375=CARTESIAN_POINT('',(-20.,-11.5470053837925,83.));
#4376=CARTESIAN_POINT('Origin',(25.,-14.4337567297406,87.));
#4377=CARTESIAN_POINT('',(25.,-14.4337567297406,87.));
#4378=CARTESIAN_POINT('',(0.,-28.8675134594813,87.));
#4379=CARTESIAN_POINT('',(18.75,-18.0421959121758,87.));
#4380=CARTESIAN_POINT('',(25.,-14.4337567297406,83.));
#4381=CARTESIAN_POINT('',(25.,-14.4337567297406,87.));
#4382=CARTESIAN_POINT('',(0.,-28.8675134594813,83.));
#4383=CARTESIAN_POINT('',(0.,-28.8675134594813,83.));
#4384=CARTESIAN_POINT('',(0.,-28.8675134594813,87.));
#4385=CARTESIAN_POINT('Origin',(25.,14.4337567297406,87.));
#4386=CARTESIAN_POINT('',(25.,14.4337567297406,87.));
#4387=CARTESIAN_POINT('',(25.,7.21687836487032,87.));
#4388=CARTESIAN_POINT('',(25.,14.4337567297406,83.));
#4389=CARTESIAN_POINT('',(25.,14.4337567297406,87.));
#4390=CARTESIAN_POINT('',(25.,-14.4337567297406,83.));
#4391=CARTESIAN_POINT('Origin',(4.44089209850063E-15,28.8675134594813,87.));
#4392=CARTESIAN_POINT('',(4.16379917914644E-15,28.8675134594813,87.));
#4393=CARTESIAN_POINT('',(6.25000000000001,25.2590742770461,87.));
#4394=CARTESIAN_POINT('',(4.16379917914644E-15,28.8675134594813,83.));
#4395=CARTESIAN_POINT('',(4.16379917914644E-15,28.8675134594813,87.));
#4396=CARTESIAN_POINT('',(25.,14.4337567297406,83.));
#4397=CARTESIAN_POINT('Origin',(-25.,14.4337567297407,87.));
#4398=CARTESIAN_POINT('',(-25.,14.4337567297407,87.));
#4399=CARTESIAN_POINT('',(-18.75,18.0421959121758,87.));
#4400=CARTESIAN_POINT('',(-25.,14.4337567297407,83.));
#4401=CARTESIAN_POINT('',(-25.,14.4337567297407,87.));
#4402=CARTESIAN_POINT('',(4.16379917914644E-15,28.8675134594813,83.));
#4403=CARTESIAN_POINT('Origin',(-25.,-14.4337567297406,87.));
#4404=CARTESIAN_POINT('',(-25.,-14.4337567297406,87.));
#4405=CARTESIAN_POINT('',(-25.,-7.2168783648703,87.));
#4406=CARTESIAN_POINT('',(-25.,-14.4337567297406,83.));
#4407=CARTESIAN_POINT('',(-25.,-14.4337567297406,87.));
#4408=CARTESIAN_POINT('',(-25.,14.4337567297407,83.));
#4409=CARTESIAN_POINT('Origin',(0.,-28.8675134594813,87.));
#4410=CARTESIAN_POINT('',(-6.25,-25.2590742770461,87.));
#4411=CARTESIAN_POINT('',(-25.,-14.4337567297406,83.));
#4412=CARTESIAN_POINT('Origin',(-4.44089209850063E-15,4.44089209850063E-15,
83.));
#4413=CARTESIAN_POINT('Origin',(0.,0.,87.));
#4414=CARTESIAN_POINT('',(35.,4.28626379701574E-15,87.));
#4415=CARTESIAN_POINT('Origin',(0.,0.,87.));
#4416=CARTESIAN_POINT('Origin',(1.16341445918999E-15,-17.,57.0858144760132));
#4417=CARTESIAN_POINT('',(1.40834381901946E-15,-17.,59.0858144760132));
#4418=CARTESIAN_POINT('Origin',(1.16341445918999E-15,-17.,57.0858144760132));
#4419=CARTESIAN_POINT('',(1.34711147906209E-15,-17.,58.5858144760132));
#4420=CARTESIAN_POINT('Origin',(1.16341445918999E-15,-17.,57.0858144760132));
#4421=CARTESIAN_POINT('Origin',(1.1327982892113E-15,-17.5,57.0858144760132));
#4422=CARTESIAN_POINT('',(-1.10218211923261E-15,-18.,59.0858144760132));
#4423=CARTESIAN_POINT('',(1.10218211923262E-15,-18.,55.0858144760132));
#4424=CARTESIAN_POINT('Ctrl Pts',(2.77555756156289E-16,-18.,59.0858144760132));
#4425=CARTESIAN_POINT('Ctrl Pts',(0.251346684573247,-18.,59.0858144760132));
#4426=CARTESIAN_POINT('Ctrl Pts',(0.519305804041718,-17.9941968230456,59.0355403218574));
#4427=CARTESIAN_POINT('Ctrl Pts',(1.0120037691511,-17.9732202511766,58.8313681853648));
#4428=CARTESIAN_POINT('Ctrl Pts',(1.23675995276178,-17.9583437485623,58.6774816479976));
#4429=CARTESIAN_POINT('Ctrl Pts',(1.59166809462758,-17.930373068576,58.3225735061318));
#4430=CARTESIAN_POINT('Ctrl Pts',(1.74555391041504,-17.9154562878615,58.0978177254282));
#4431=CARTESIAN_POINT('Ctrl Pts',(1.94972551335827,-17.8943874702484,57.6051211169332));
#4432=CARTESIAN_POINT('Ctrl Pts',(2.,-17.8885438199983,57.3371624674255));
#4433=CARTESIAN_POINT('Ctrl Pts',(2.,-17.8885438199983,56.8344664846009));
#4434=CARTESIAN_POINT('Ctrl Pts',(1.94972551335828,-17.8943874702484,56.5665078350932));
#4435=CARTESIAN_POINT('Ctrl Pts',(1.74555391041505,-17.9154562878615,56.0738112265982));
#4436=CARTESIAN_POINT('Ctrl Pts',(1.59166809462758,-17.930373068576,55.8490554458946));
#4437=CARTESIAN_POINT('Ctrl Pts',(1.23675995276177,-17.9583437485623,55.4941473040288));
#4438=CARTESIAN_POINT('Ctrl Pts',(1.0120037691511,-17.9732202511766,55.3402607666616));
#4439=CARTESIAN_POINT('Ctrl Pts',(0.519305804041723,-17.9941968230456,55.136088630169));
#4440=CARTESIAN_POINT('Ctrl Pts',(0.251346684573248,-18.,55.0858144760132));
#4441=CARTESIAN_POINT('Ctrl Pts',(1.21430643318376E-15,-18.,55.0858144760132));
#4442=CARTESIAN_POINT('',(1.37772764904077E-15,-17.5,59.0858144760132));
#4443=CARTESIAN_POINT('Ctrl Pts',(1.45716771982052E-15,-18.,55.0858144760132));
#4444=CARTESIAN_POINT('Ctrl Pts',(-0.251346684573244,-18.,55.0858144760132));
#4445=CARTESIAN_POINT('Ctrl Pts',(-0.519305804041713,-17.9941968230456,
55.136088630169));
#4446=CARTESIAN_POINT('Ctrl Pts',(-1.0120037691511,-17.9732202511766,55.3402607666616));
#4447=CARTESIAN_POINT('Ctrl Pts',(-1.23675995276177,-17.9583437485623,55.4941473040288));
#4448=CARTESIAN_POINT('Ctrl Pts',(-1.59166809462758,-17.930373068576,55.8490554458946));
#4449=CARTESIAN_POINT('Ctrl Pts',(-1.74555391041504,-17.9154562878615,56.0738112265982));
#4450=CARTESIAN_POINT('Ctrl Pts',(-1.94972551335827,-17.8943874702484,56.5665078350932));
#4451=CARTESIAN_POINT('Ctrl Pts',(-2.,-17.8885438199983,56.8344664846009));
#4452=CARTESIAN_POINT('Ctrl Pts',(-2.,-17.8885438199983,57.0858144760132));
#4453=CARTESIAN_POINT('Ctrl Pts',(-2.,-17.8885438199983,57.3371624674255));
#4454=CARTESIAN_POINT('Ctrl Pts',(-1.94972551335827,-17.8943874702484,57.6051211169332));
#4455=CARTESIAN_POINT('Ctrl Pts',(-1.74555391041505,-17.9154562878615,58.0978177254281));
#4456=CARTESIAN_POINT('Ctrl Pts',(-1.59166809462758,-17.930373068576,58.3225735061318));
#4457=CARTESIAN_POINT('Ctrl Pts',(-1.23675995276177,-17.9583437485623,58.6774816479976));
#4458=CARTESIAN_POINT('Ctrl Pts',(-1.0120037691511,-17.9732202511766,58.8313681853648));
#4459=CARTESIAN_POINT('Ctrl Pts',(-0.519305804041717,-17.9941968230456,
59.0355403218574));
#4460=CARTESIAN_POINT('Ctrl Pts',(-0.251346684573246,-18.,59.0858144760132));
#4461=CARTESIAN_POINT('Ctrl Pts',(6.24500451351651E-16,-18.,59.0858144760132));
#4462=CARTESIAN_POINT('Origin',(1.25526296912604E-15,-15.5,57.0858144760132));
#4463=CARTESIAN_POINT('',(1.46490853258206E-15,-13.25,58.5858144760132));
#4464=CARTESIAN_POINT('',(1.43895998899814E-15,-15.5,58.5858144760132));
#4465=CARTESIAN_POINT('',(-1.5,-13.1648205456816,57.0858144760132));
#4466=CARTESIAN_POINT('Ctrl Pts',(-1.5,-13.1648205456816,57.0858144760132));
#4467=CARTESIAN_POINT('Ctrl Pts',(-1.5,-13.1648205456816,56.8972970373185));
#4468=CARTESIAN_POINT('Ctrl Pts',(-1.46229162515847,-13.1692873872421,56.6963253219698));
#4469=CARTESIAN_POINT('Ctrl Pts',(-1.30916108938947,-13.1853905628112,56.326804674452));
#4470=CARTESIAN_POINT('Ctrl Pts',(-1.19374772333045,-13.1967910077169,56.158241855784));
#4471=CARTESIAN_POINT('Ctrl Pts',(-0.927573366244855,-13.218166816117,55.8920674986984));
#4472=CARTESIAN_POINT('Ctrl Pts',(-0.759010222029833,-13.2295353018637,
55.7766535490035));
#4473=CARTESIAN_POINT('Ctrl Pts',(-0.389488477383599,-13.2455652784447,
55.6235225823085));
#4474=CARTESIAN_POINT('Ctrl Pts',(-0.18851638196951,-13.25,55.5858144760132));
#4475=CARTESIAN_POINT('Ctrl Pts',(0.188516381969512,-13.25,55.5858144760132));
#4476=CARTESIAN_POINT('Ctrl Pts',(0.389488477383605,-13.2455652784447,55.6235225823085));
#4477=CARTESIAN_POINT('Ctrl Pts',(0.759010222029839,-13.2295353018637,55.7766535490035));
#4478=CARTESIAN_POINT('Ctrl Pts',(0.927573366244857,-13.218166816117,55.8920674986984));
#4479=CARTESIAN_POINT('Ctrl Pts',(1.19374772333046,-13.1967910077169,56.158241855784));
#4480=CARTESIAN_POINT('Ctrl Pts',(1.30916108938947,-13.1853905628112,56.326804674452));
#4481=CARTESIAN_POINT('Ctrl Pts',(1.46229162515848,-13.1692873872421,56.6963253219698));
#4482=CARTESIAN_POINT('Ctrl Pts',(1.5,-13.1648205456816,56.8972970373185));
#4483=CARTESIAN_POINT('Ctrl Pts',(1.5,-13.1648205456816,57.2743319147079));
#4484=CARTESIAN_POINT('Ctrl Pts',(1.46229162515848,-13.1692873872421,57.4753036300566));
#4485=CARTESIAN_POINT('Ctrl Pts',(1.30916108938947,-13.1853905628112,57.8448242775744));
#4486=CARTESIAN_POINT('Ctrl Pts',(1.19374772333046,-13.1967910077169,58.0133870962424));
#4487=CARTESIAN_POINT('Ctrl Pts',(0.927573366244856,-13.218166816117,58.279561453328));
#4488=CARTESIAN_POINT('Ctrl Pts',(0.759010222029834,-13.2295353018637,58.3949754030229));
#4489=CARTESIAN_POINT('Ctrl Pts',(0.3894884773836,-13.2455652784447,58.5481063697179));
#4490=CARTESIAN_POINT('Ctrl Pts',(0.188516381969512,-13.25,58.5858144760132));
#4491=CARTESIAN_POINT('Ctrl Pts',(1.87350135405495E-15,-13.25,58.5858144760132));
#4492=CARTESIAN_POINT('Ctrl Pts',(1.42247325030098E-15,-13.25,58.5858144760132));
#4493=CARTESIAN_POINT('Ctrl Pts',(-0.188516381969509,-13.25,58.5858144760132));
#4494=CARTESIAN_POINT('Ctrl Pts',(-0.389488477383601,-13.2455652784447,
58.5481063697179));
#4495=CARTESIAN_POINT('Ctrl Pts',(-0.759010222029832,-13.2295353018637,
58.3949754030229));
#4496=CARTESIAN_POINT('Ctrl Pts',(-0.927573366244853,-13.218166816117,58.279561453328));
#4497=CARTESIAN_POINT('Ctrl Pts',(-1.19374772333045,-13.1967910077169,58.0133870962424));
#4498=CARTESIAN_POINT('Ctrl Pts',(-1.30916108938947,-13.1853905628112,57.8448242775744));
#4499=CARTESIAN_POINT('Ctrl Pts',(-1.46229162515847,-13.1692873872421,57.4753036300566));
#4500=CARTESIAN_POINT('Ctrl Pts',(-1.5,-13.1648205456816,57.2743319147079));
#4501=CARTESIAN_POINT('Ctrl Pts',(-1.5,-13.1648205456816,57.0858144760132));
#4502=CARTESIAN_POINT('Origin',(-17.,-2.20436423846524E-15,57.2263));
#4503=CARTESIAN_POINT('',(-17.,2.,57.2263));
#4504=CARTESIAN_POINT('Origin',(-17.,-2.20436423846524E-15,57.2263));
#4505=CARTESIAN_POINT('',(-17.,1.5,57.2263));
#4506=CARTESIAN_POINT('Origin',(-17.,-2.20436423846524E-15,57.2263));
#4507=CARTESIAN_POINT('Origin',(-17.5,-2.20436423846524E-15,57.2263));
#4508=CARTESIAN_POINT('',(-18.,-2.95822839457879E-30,59.2263));
#4509=CARTESIAN_POINT('',(-18.,-2.95822839457879E-30,55.2263));
#4510=CARTESIAN_POINT('Ctrl Pts',(-18.,-1.6306400674182E-15,59.2263));
#4511=CARTESIAN_POINT('Ctrl Pts',(-18.,-0.251346684573248,59.2263));
#4512=CARTESIAN_POINT('Ctrl Pts',(-17.9941968230456,-0.519305804041712,
59.1760258458442));
#4513=CARTESIAN_POINT('Ctrl Pts',(-17.9732202511766,-1.01200376915109,58.9718537093516));
#4514=CARTESIAN_POINT('Ctrl Pts',(-17.9583437485623,-1.23675995276178,58.8179671719844));
#4515=CARTESIAN_POINT('Ctrl Pts',(-17.930373068576,-1.59166809462758,58.4630590301186));
#4516=CARTESIAN_POINT('Ctrl Pts',(-17.9154562878615,-1.74555391041504,58.238303249415));
#4517=CARTESIAN_POINT('Ctrl Pts',(-17.8943874702484,-1.94972551335827,57.74560664092));
#4518=CARTESIAN_POINT('Ctrl Pts',(-17.8885438199983,-2.,57.4776479914123));
#4519=CARTESIAN_POINT('Ctrl Pts',(-17.8885438199983,-2.,56.9749520085877));
#4520=CARTESIAN_POINT('Ctrl Pts',(-17.8943874702484,-1.94972551335828,56.70699335908));
#4521=CARTESIAN_POINT('Ctrl Pts',(-17.9154562878615,-1.74555391041506,56.2142967505851));
#4522=CARTESIAN_POINT('Ctrl Pts',(-17.930373068576,-1.59166809462759,55.9895409698814));
#4523=CARTESIAN_POINT('Ctrl Pts',(-17.9583437485623,-1.23675995276178,55.6346328280156));
#4524=CARTESIAN_POINT('Ctrl Pts',(-17.9732202511766,-1.0120037691511,55.4807462906484));
#4525=CARTESIAN_POINT('Ctrl Pts',(-17.9941968230456,-0.519305804041713,
55.2765741541558));
#4526=CARTESIAN_POINT('Ctrl Pts',(-18.,-0.25134668457325,55.2263));
#4527=CARTESIAN_POINT('Ctrl Pts',(-18.,-3.19189119579733E-15,55.2263));
#4528=CARTESIAN_POINT('',(-17.8885438199983,2.,57.2263));
#4529=CARTESIAN_POINT('Ctrl Pts',(-17.8885438199983,2.,57.2263));
#4530=CARTESIAN_POINT('Ctrl Pts',(-17.8885438199983,2.,57.4776479914123));
#4531=CARTESIAN_POINT('Ctrl Pts',(-17.8943874702484,1.94972551335827,57.74560664092));
#4532=CARTESIAN_POINT('Ctrl Pts',(-17.9154562878615,1.74555391041505,58.238303249415));
#4533=CARTESIAN_POINT('Ctrl Pts',(-17.930373068576,1.59166809462758,58.4630590301186));
#4534=CARTESIAN_POINT('Ctrl Pts',(-17.9583437485623,1.23675995276177,58.8179671719844));
#4535=CARTESIAN_POINT('Ctrl Pts',(-17.9732202511766,1.01200376915109,58.9718537093516));
#4536=CARTESIAN_POINT('Ctrl Pts',(-17.9941968230456,0.519305804041709,59.1760258458442));
#4537=CARTESIAN_POINT('Ctrl Pts',(-18.,0.251346684573245,59.2263));
#4538=CARTESIAN_POINT('Ctrl Pts',(-18.,-1.2490009027033E-15,59.2263));
#4539=CARTESIAN_POINT('',(-17.5,2.,57.2263));
#4540=CARTESIAN_POINT('Ctrl Pts',(-18.,-2.70616862252382E-15,55.2263));
#4541=CARTESIAN_POINT('Ctrl Pts',(-18.,0.251346684573244,55.2263));
#4542=CARTESIAN_POINT('Ctrl Pts',(-17.9941968230456,0.519305804041716,55.2765741541558));
#4543=CARTESIAN_POINT('Ctrl Pts',(-17.9732202511766,1.01200376915109,55.4807462906484));
#4544=CARTESIAN_POINT('Ctrl Pts',(-17.9583437485623,1.23675995276177,55.6346328280156));
#4545=CARTESIAN_POINT('Ctrl Pts',(-17.930373068576,1.59166809462758,55.9895409698814));
#4546=CARTESIAN_POINT('Ctrl Pts',(-17.9154562878615,1.74555391041504,56.214296750585));
#4547=CARTESIAN_POINT('Ctrl Pts',(-17.8943874702484,1.94972551335827,56.70699335908));
#4548=CARTESIAN_POINT('Ctrl Pts',(-17.8885438199983,2.,56.9749520085877));
#4549=CARTESIAN_POINT('Ctrl Pts',(-17.8885438199983,2.,57.2263));
#4550=CARTESIAN_POINT('Origin',(-15.5,-2.20436423846524E-15,57.2263));
#4551=CARTESIAN_POINT('',(-13.1648205456816,1.5,57.2263));
#4552=CARTESIAN_POINT('',(-15.5,1.5,57.2263));
#4553=CARTESIAN_POINT('Ctrl Pts',(-13.1648205456816,1.5,57.2263));
#4554=CARTESIAN_POINT('Ctrl Pts',(-13.1648205456816,1.5,57.0377825613053));
#4555=CARTESIAN_POINT('Ctrl Pts',(-13.1692873872421,1.46229162515847,56.8368108459566));
#4556=CARTESIAN_POINT('Ctrl Pts',(-13.1853905628112,1.30916108938948,56.4672901984388));
#4557=CARTESIAN_POINT('Ctrl Pts',(-13.1967910077169,1.19374772333045,56.2987273797708));
#4558=CARTESIAN_POINT('Ctrl Pts',(-13.218166816117,0.927573366244852,56.0325530226852));
#4559=CARTESIAN_POINT('Ctrl Pts',(-13.2295353018637,0.759010222029828,55.9171390729903));
#4560=CARTESIAN_POINT('Ctrl Pts',(-13.2455652784447,0.389488477383594,55.7640081062953));
#4561=CARTESIAN_POINT('Ctrl Pts',(-13.25,0.188516381969509,55.7263));
#4562=CARTESIAN_POINT('Ctrl Pts',(-13.25,-0.188516381969514,55.7263));
#4563=CARTESIAN_POINT('Ctrl Pts',(-13.2455652784447,-0.389488477383599,
55.7640081062953));
#4564=CARTESIAN_POINT('Ctrl Pts',(-13.2295353018637,-0.759010222029833,
55.9171390729903));
#4565=CARTESIAN_POINT('Ctrl Pts',(-13.218166816117,-0.927573366244857,56.0325530226852));
#4566=CARTESIAN_POINT('Ctrl Pts',(-13.1967910077169,-1.19374772333046,56.2987273797708));
#4567=CARTESIAN_POINT('Ctrl Pts',(-13.1853905628112,-1.30916108938948,56.4672901984388));
#4568=CARTESIAN_POINT('Ctrl Pts',(-13.1692873872421,-1.46229162515848,56.8368108459566));
#4569=CARTESIAN_POINT('Ctrl Pts',(-13.1648205456816,-1.5,57.0377825613053));
#4570=CARTESIAN_POINT('Ctrl Pts',(-13.1648205456816,-1.5,57.4148174386947));
#4571=CARTESIAN_POINT('Ctrl Pts',(-13.1692873872421,-1.46229162515848,57.6157891540434));
#4572=CARTESIAN_POINT('Ctrl Pts',(-13.1853905628112,-1.30916108938948,57.9853098015612));
#4573=CARTESIAN_POINT('Ctrl Pts',(-13.1967910077169,-1.19374772333046,58.1538726202292));
#4574=CARTESIAN_POINT('Ctrl Pts',(-13.218166816117,-0.927573366244857,58.4200469773148));
#4575=CARTESIAN_POINT('Ctrl Pts',(-13.2295353018637,-0.759010222029833,
58.5354609270097));
#4576=CARTESIAN_POINT('Ctrl Pts',(-13.2455652784447,-0.389488477383599,
58.6885918937047));
#4577=CARTESIAN_POINT('Ctrl Pts',(-13.25,-0.188516381969514,58.7263));
#4578=CARTESIAN_POINT('Ctrl Pts',(-13.25,0.188516381969509,58.7263));
#4579=CARTESIAN_POINT('Ctrl Pts',(-13.2455652784447,0.389488477383594,58.6885918937047));
#4580=CARTESIAN_POINT('Ctrl Pts',(-13.2295353018637,0.759010222029828,58.5354609270097));
#4581=CARTESIAN_POINT('Ctrl Pts',(-13.218166816117,0.927573366244852,58.4200469773148));
#4582=CARTESIAN_POINT('Ctrl Pts',(-13.1967910077169,1.19374772333045,58.1538726202292));
#4583=CARTESIAN_POINT('Ctrl Pts',(-13.1853905628112,1.30916108938948,57.9853098015612));
#4584=CARTESIAN_POINT('Ctrl Pts',(-13.1692873872421,1.46229162515847,57.6157891540434));
#4585=CARTESIAN_POINT('Ctrl Pts',(-13.1648205456816,1.5,57.4148174386947));
#4586=CARTESIAN_POINT('Ctrl Pts',(-13.1648205456816,1.5,57.2263));
#4587=CARTESIAN_POINT('Origin',(0.,0.,87.));
#4588=CARTESIAN_POINT('',(17.5,2.14313189850787E-15,102.));
#4589=CARTESIAN_POINT('Origin',(0.,0.,102.));
#4590=CARTESIAN_POINT('',(17.5,2.14313189850787E-15,87.));
#4591=CARTESIAN_POINT('',(17.5,2.14313189850787E-15,87.));
#4592=CARTESIAN_POINT('Origin',(0.,0.,87.));
#4593=CARTESIAN_POINT('Origin',(0.,0.,102.));
#4594=CARTESIAN_POINT('',(13.25,1.62265700887024E-15,102.));
#4595=CARTESIAN_POINT('Origin',(0.,0.,102.));
#4596=CARTESIAN_POINT('Origin',(0.,0.,77.));
#4597=CARTESIAN_POINT('',(35.,4.28626379701574E-15,77.));
#4598=CARTESIAN_POINT('Origin',(0.,0.,77.));
#4599=CARTESIAN_POINT('',(18.,2.20436423846524E-15,77.));
#4600=CARTESIAN_POINT('Origin',(0.,0.,77.));
#4601=CARTESIAN_POINT('Origin',(0.,0.,77.));
#4602=CARTESIAN_POINT('',(35.,4.28626379701574E-15,77.));
#4603=CARTESIAN_POINT('Origin',(0.,0.,87.));
#4604=CARTESIAN_POINT('Origin',(0.,0.,37.));
#4605=CARTESIAN_POINT('',(18.,2.20436423846524E-15,37.));
#4606=CARTESIAN_POINT('Origin',(0.,0.,37.));
#4607=CARTESIAN_POINT('',(-16.5,-2.02066721859313E-15,37.));
#4608=CARTESIAN_POINT('Origin',(0.,0.,37.));
#4609=CARTESIAN_POINT('Origin',(0.,0.,37.));
#4610=CARTESIAN_POINT('',(18.,2.20436423846524E-15,37.));
#4611=CARTESIAN_POINT('Origin',(0.,0.,27.));
#4612=CARTESIAN_POINT('',(-14.,-1.71450551880629E-15,27.));
#4613=CARTESIAN_POINT('Origin',(0.,0.,27.));
#4614=CARTESIAN_POINT('',(13.25,1.62265700887024E-15,27.));
#4615=CARTESIAN_POINT('Origin',(0.,0.,27.));
#4616=CARTESIAN_POINT('Origin',(0.,0.,27.));
#4617=CARTESIAN_POINT('',(13.25,1.62265700887024E-15,27.));
#4618=CARTESIAN_POINT('Origin',(0.,0.,0.));
#4619=CARTESIAN_POINT('',(-16.5,2.02066721859313E-15,20.));
#4620=CARTESIAN_POINT('',(-16.5,-2.02066721859313E-15,0.));
#4621=CARTESIAN_POINT('Origin',(0.,0.,20.));
#4622=CARTESIAN_POINT('Origin',(0.,0.,0.));
#4623=CARTESIAN_POINT('',(-14.,-1.71450551880629E-15,0.));
#4624=CARTESIAN_POINT('Origin',(0.,0.,20.));
#4625=UNCERTAINTY_MEASURE_WITH_UNIT(LENGTH_MEASURE(0.01),#4629,
'DISTANCE_ACCURACY_VALUE',
'Maximum model space distance between geometric entities at asserted c
onnectivities');
#4626=UNCERTAINTY_MEASURE_WITH_UNIT(LENGTH_MEASURE(0.01),#4629,
'DISTANCE_ACCURACY_VALUE',
'Maximum model space distance between geometric entities at asserted c
onnectivities');
#4627=(
GEOMETRIC_REPRESENTATION_CONTEXT(3)
GLOBAL_UNCERTAINTY_ASSIGNED_CONTEXT((#4625))
GLOBAL_UNIT_ASSIGNED_CONTEXT((#4629,#4630,#4631))
REPRESENTATION_CONTEXT('','3D')
);
#4628=(
GEOMETRIC_REPRESENTATION_CONTEXT(3)
GLOBAL_UNCERTAINTY_ASSIGNED_CONTEXT((#4626))
GLOBAL_UNIT_ASSIGNED_CONTEXT((#4629,#4630,#4631))
REPRESENTATION_CONTEXT('','3D')
);
#4629=(
LENGTH_UNIT()
NAMED_UNIT(*)
SI_UNIT(.MILLI.,.METRE.)
);
#4630=(
NAMED_UNIT(*)
PLANE_ANGLE_UNIT()
SI_UNIT($,.RADIAN.)
);
#4631=(
NAMED_UNIT(*)
SI_UNIT($,.STERADIAN.)
SOLID_ANGLE_UNIT()
);
#4632=SHAPE_DEFINITION_REPRESENTATION(#4633,#4634);
#4633=PRODUCT_DEFINITION_SHAPE('',$,#4636);
#4634=SHAPE_REPRESENTATION('',(#926),#4627);
#4635=PRODUCT_DEFINITION_CONTEXT('part definition',#4640,'design');
#4636=PRODUCT_DEFINITION('Emitter','Emitter v21',#4637,#4635);
#4637=PRODUCT_DEFINITION_FORMATION('',$,#4642);
#4638=PRODUCT_RELATED_PRODUCT_CATEGORY('Emitter v21','Emitter v21',(#4642));
#4639=APPLICATION_PROTOCOL_DEFINITION('international standard',
'automotive_design',2009,#4640);
#4640=APPLICATION_CONTEXT(
'Core Data for Automotive Mechanical Design Process');
#4641=PRODUCT_CONTEXT('part definition',#4640,'mechanical');
#4642=PRODUCT('Emitter','Emitter v21',$,(#4641));
#4643=PRESENTATION_STYLE_ASSIGNMENT((#4644));
#4644=SURFACE_STYLE_USAGE(.BOTH.,#4645);
#4645=SURFACE_SIDE_STYLE('',(#4646));
#4646=SURFACE_STYLE_FILL_AREA(#4647);
#4647=FILL_AREA_STYLE('Steel - Satin',(#4648));
#4648=FILL_AREA_STYLE_COLOUR('Steel - Satin',#4649);
#4649=COLOUR_RGB('Steel - Satin',0.627450980392157,0.627450980392157,0.627450980392157);
ENDSEC;
END-ISO-10303-21;
