ISO-10303-21;
HEADER;
/* Generated by software containing ST-Developer
 * from STEP Tools, Inc. (www.steptools.com) 
 */

FILE_DESCRIPTION(
/* description */ (''),
/* implementation_level */ '2;1');

FILE_NAME(
/* name */ '2e34c970-5f67-4435-a7a1-51a13baf8370.stp',
/* time_stamp */ '2026-05-26T03:27:47Z',
/* author */ (''),
/* organization */ (''),
/* preprocessor_version */ 'ST-DEVELOPER v20.1',
/* originating_system */ 'Autodesk Translation Framework v15.8.0.0',
/* authorisation */ '');

FILE_SCHEMA (('AUTOMOTIVE_DESIGN { 1 0 10303 214 3 1 1 }'));
ENDSEC;

DATA;
#10=MECHANICAL_DESIGN_GEOMETRIC_PRESENTATION_REPRESENTATION('',(#13),#11428);
#11=SHAPE_REPRESENTATION_RELATIONSHIP('SRR','None',#11435,#12);
#12=ADVANCED_BREP_SHAPE_REPRESENTATION('',(#14),#11427);
#13=STYLED_ITEM('',(#11444),#14);
#14=MANIFOLD_SOLID_BREP('Body1',#2202);
#15=FACE_BOUND('',#270,.T.);
#16=FACE_BOUND('',#272,.T.);
#17=FACE_BOUND('',#276,.T.);
#18=FACE_BOUND('',#337,.T.);
#19=FACE_BOUND('',#338,.T.);
#20=FACE_BOUND('',#339,.T.);
#21=FACE_BOUND('',#340,.T.);
#22=FACE_BOUND('',#341,.T.);
#23=FACE_BOUND('',#342,.T.);
#24=FACE_BOUND('',#343,.T.);
#25=FACE_BOUND('',#344,.T.);
#26=FACE_BOUND('',#345,.T.);
#27=FACE_BOUND('',#346,.T.);
#28=FACE_BOUND('',#347,.T.);
#29=FACE_BOUND('',#348,.T.);
#30=FACE_BOUND('',#349,.T.);
#31=FACE_BOUND('',#350,.T.);
#32=FACE_BOUND('',#352,.T.);
#33=FACE_BOUND('',#353,.T.);
#34=FACE_BOUND('',#354,.T.);
#35=FACE_BOUND('',#355,.T.);
#36=FACE_BOUND('',#356,.T.);
#37=FACE_BOUND('',#357,.T.);
#38=FACE_BOUND('',#358,.T.);
#39=FACE_BOUND('',#359,.T.);
#40=FACE_BOUND('',#360,.T.);
#41=FACE_BOUND('',#361,.T.);
#42=FACE_BOUND('',#362,.T.);
#43=FACE_BOUND('',#363,.T.);
#44=FACE_BOUND('',#364,.T.);
#45=FACE_BOUND('',#365,.T.);
#46=FACE_BOUND('',#368,.T.);
#47=FACE_BOUND('',#369,.T.);
#48=FACE_BOUND('',#370,.T.);
#49=FACE_BOUND('',#371,.T.);
#50=FACE_BOUND('',#372,.T.);
#51=FACE_BOUND('',#373,.T.);
#52=PLANE('',#2273);
#53=PLANE('',#2274);
#54=PLANE('',#2276);
#55=PLANE('',#2281);
#56=PLANE('',#2282);
#57=PLANE('',#2287);
#58=PLANE('',#2288);
#59=PLANE('',#2293);
#60=PLANE('',#2294);
#61=PLANE('',#2299);
#62=PLANE('',#2300);
#63=PLANE('',#2305);
#64=PLANE('',#2306);
#65=PLANE('',#2311);
#66=PLANE('',#2312);
#67=PLANE('',#2314);
#68=PLANE('',#2315);
#69=PLANE('',#2316);
#70=PLANE('',#2317);
#71=PLANE('',#2319);
#72=PLANE('',#2320);
#73=PLANE('',#2321);
#74=PLANE('',#2322);
#75=PLANE('',#2324);
#76=PLANE('',#2325);
#77=PLANE('',#2326);
#78=PLANE('',#2327);
#79=PLANE('',#2329);
#80=PLANE('',#2330);
#81=PLANE('',#2331);
#82=PLANE('',#2332);
#83=PLANE('',#2334);
#84=PLANE('',#2335);
#85=PLANE('',#2336);
#86=PLANE('',#2337);
#87=PLANE('',#2339);
#88=PLANE('',#2340);
#89=PLANE('',#2341);
#90=PLANE('',#2342);
#91=PLANE('',#2386);
#92=PLANE('',#2387);
#93=B_SPLINE_SURFACE_WITH_KNOTS('',3,3,((#4807,#4808,#4809,#4810,#4811,
#4812,#4813,#4814,#4815,#4816,#4817,#4818,#4819,#4820,#4821,#4822,#4823,
#4824,#4825,#4826,#4827,#4828,#4829,#4830,#4831,#4832,#4833,#4834,#4835,
#4836,#4837,#4838,#4839,#4840,#4841,#4842,#4843,#4844,#4845,#4846,#4847,
#4848,#4849,#4850,#4851,#4852,#4853,#4854,#4855,#4856,#4857,#4858,#4859,
#4860,#4861,#4862,#4863,#4864,#4865,#4866,#4867,#4868,#4869,#4870,#4871,
#4872,#4873,#4874,#4875,#4876,#4877,#4878,#4879,#4880,#4881,#4882,#4883,
#4884,#4885,#4886,#4887,#4888,#4889,#4890,#4891,#4892,#4893,#4894,#4895,
#4896,#4897,#4898,#4899,#4900,#4901,#4902,#4903,#4904,#4905,#4906,#4907,
#4908,#4909,#4910,#4911,#4912,#4913,#4914,#4915,#4916,#4917),(#4918,#4919,
#4920,#4921,#4922,#4923,#4924,#4925,#4926,#4927,#4928,#4929,#4930,#4931,
#4932,#4933,#4934,#4935,#4936,#4937,#4938,#4939,#4940,#4941,#4942,#4943,
#4944,#4945,#4946,#4947,#4948,#4949,#4950,#4951,#4952,#4953,#4954,#4955,
#4956,#4957,#4958,#4959,#4960,#4961,#4962,#4963,#4964,#4965,#4966,#4967,
#4968,#4969,#4970,#4971,#4972,#4973,#4974,#4975,#4976,#4977,#4978,#4979,
#4980,#4981,#4982,#4983,#4984,#4985,#4986,#4987,#4988,#4989,#4990,#4991,
#4992,#4993,#4994,#4995,#4996,#4997,#4998,#4999,#5000,#5001,#5002,#5003,
#5004,#5005,#5006,#5007,#5008,#5009,#5010,#5011,#5012,#5013,#5014,#5015,
#5016,#5017,#5018,#5019,#5020,#5021,#5022,#5023,#5024,#5025,#5026,#5027,
#5028),(#5029,#5030,#5031,#5032,#5033,#5034,#5035,#5036,#5037,#5038,#5039,
#5040,#5041,#5042,#5043,#5044,#5045,#5046,#5047,#5048,#5049,#5050,#5051,
#5052,#5053,#5054,#5055,#5056,#5057,#5058,#5059,#5060,#5061,#5062,#5063,
#5064,#5065,#5066,#5067,#5068,#5069,#5070,#5071,#5072,#5073,#5074,#5075,
#5076,#5077,#5078,#5079,#5080,#5081,#5082,#5083,#5084,#5085,#5086,#5087,
#5088,#5089,#5090,#5091,#5092,#5093,#5094,#5095,#5096,#5097,#5098,#5099,
#5100,#5101,#5102,#5103,#5104,#5105,#5106,#5107,#5108,#5109,#5110,#5111,
#5112,#5113,#5114,#5115,#5116,#5117,#5118,#5119,#5120,#5121,#5122,#5123,
#5124,#5125,#5126,#5127,#5128,#5129,#5130,#5131,#5132,#5133,#5134,#5135,
#5136,#5137,#5138,#5139),(#5140,#5141,#5142,#5143,#5144,#5145,#5146,#5147,
#5148,#5149,#5150,#5151,#5152,#5153,#5154,#5155,#5156,#5157,#5158,#5159,
#5160,#5161,#5162,#5163,#5164,#5165,#5166,#5167,#5168,#5169,#5170,#5171,
#5172,#5173,#5174,#5175,#5176,#5177,#5178,#5179,#5180,#5181,#5182,#5183,
#5184,#5185,#5186,#5187,#5188,#5189,#5190,#5191,#5192,#5193,#5194,#5195,
#5196,#5197,#5198,#5199,#5200,#5201,#5202,#5203,#5204,#5205,#5206,#5207,
#5208,#5209,#5210,#5211,#5212,#5213,#5214,#5215,#5216,#5217,#5218,#5219,
#5220,#5221,#5222,#5223,#5224,#5225,#5226,#5227,#5228,#5229,#5230,#5231,
#5232,#5233,#5234,#5235,#5236,#5237,#5238,#5239,#5240,#5241,#5242,#5243,
#5244,#5245,#5246,#5247,#5248,#5249,#5250),(#5251,#5252,#5253,#5254,#5255,
#5256,#5257,#5258,#5259,#5260,#5261,#5262,#5263,#5264,#5265,#5266,#5267,
#5268,#5269,#5270,#5271,#5272,#5273,#5274,#5275,#5276,#5277,#5278,#5279,
#5280,#5281,#5282,#5283,#5284,#5285,#5286,#5287,#5288,#5289,#5290,#5291,
#5292,#5293,#5294,#5295,#5296,#5297,#5298,#5299,#5300,#5301,#5302,#5303,
#5304,#5305,#5306,#5307,#5308,#5309,#5310,#5311,#5312,#5313,#5314,#5315,
#5316,#5317,#5318,#5319,#5320,#5321,#5322,#5323,#5324,#5325,#5326,#5327,
#5328,#5329,#5330,#5331,#5332,#5333,#5334,#5335,#5336,#5337,#5338,#5339,
#5340,#5341,#5342,#5343,#5344,#5345,#5346,#5347,#5348,#5349,#5350,#5351,
#5352,#5353,#5354,#5355,#5356,#5357,#5358,#5359,#5360,#5361)),
 .UNSPECIFIED.,.F.,.F.,.F.,(4,1,4),(4,1,1,1,1,1,1,1,1,1,1,1,1,1,1,1,1,1,
1,1,1,1,1,1,1,1,1,1,1,1,1,1,1,1,1,1,1,1,1,1,1,1,1,1,1,1,1,1,1,1,1,1,1,1,
1,1,1,1,1,1,1,1,1,1,1,1,1,1,1,1,1,1,1,1,1,1,1,1,1,1,1,1,1,1,1,1,1,1,1,1,
1,1,1,1,1,1,1,1,1,1,1,1,1,1,1,1,1,1,4),(0.,0.571428571428571,1.),(-0.414109185210311,
0.424094239354831,1.26229766391997,2.10050108848512,2.93870451305026,3.7769079376154,
4.61511136218054,5.45331478674569,6.29151821131083,7.12972163587597,7.96792506044111,
8.80612848500626,9.6443319095714,10.4825353341365,11.3207387587017,12.1589421832668,
12.997145607832,14.1147501739188,15.2323547400057,15.9774244507303,16.7224941614548,
17.4675638721794,18.212633582904,18.9577032936285,19.7027730043531,20.4478427150777,
20.9445558555607,21.9379821365268,23.0555867026137,24.1731912687005,25.2907958347874,
26.4084004008742,27.5260049669611,28.643609533048,29.7612140991348,30.3200163821782,
30.8788186652217,31.6238883759462,32.3689580866708,33.1140277973954,33.85909750812,
34.355810648603,35.3492369295691,36.0943066402937,36.8393763510182,37.5844460617428,
38.7020506278297,39.8196551939165,40.9372597600034,42.0548643260902,42.7999340368148,
43.5450037475394,44.290073458264,45.0351431689885,45.7802128797131,46.5252825904377,
47.0840848734811,47.6428871565245,48.7604917226114,49.8780962886982,50.9957008547851,
51.5545031378285,52.113305420872,53.2309099869588,54.3485145530457,55.4661191191325,
56.5837236852194,57.7013282513062,58.8189328173931,59.93653738348,61.0541419495668,
62.1717465156537,63.2893510817405,64.4069556478274,65.5245602139142,66.6421647800011,
67.4803682045662,68.3185716291314,69.1567750536965,69.9949784782617,70.8331819028268,
71.6713853273919,72.5095887519571,73.3477921765222,74.1859956010874,75.0241990256525,
75.8624024502177,76.7006058747828,77.5388092993479,78.3770127239131,79.2152161484782,
80.0534195730434,80.8916229976085,81.3107247098911,81.7298264221737,82.5680298467388,
83.4062332713039,84.2444366958691,85.0826401204342,85.9208435449994,86.7590469695645,
87.5972503941296,88.4354538186948,89.2736572432599,90.1118606678251,90.9500640923902,
91.7882675169554,92.6264709415205,93.4646743660857),.UNSPECIFIED.);
#94=B_SPLINE_SURFACE_WITH_KNOTS('',3,3,((#5549,#5550,#5551,#5552,#5553,
#5554,#5555,#5556,#5557,#5558,#5559,#5560,#5561,#5562,#5563,#5564,#5565,
#5566,#5567,#5568,#5569,#5570,#5571,#5572,#5573,#5574,#5575,#5576,#5577,
#5578,#5579,#5580,#5581,#5582,#5583,#5584,#5585,#5586,#5587,#5588,#5589,
#5590,#5591,#5592,#5593,#5594,#5595,#5596,#5597,#5598,#5599,#5600,#5601,
#5602,#5603,#5604,#5605,#5606,#5607,#5608,#5609,#5610,#5611,#5612,#5613,
#5614,#5615,#5616,#5617,#5618,#5619,#5620,#5621,#5622,#5623,#5624,#5625,
#5626,#5627,#5628,#5629,#5630,#5631,#5632,#5633,#5634,#5635,#5636,#5637,
#5638,#5639,#5640,#5641,#5642,#5643,#5644,#5645,#5646,#5647,#5648,#5649,
#5650,#5651,#5652,#5653,#5654,#5655,#5656,#5657,#5658,#5659,#5660,#5661,
#5662,#5663,#5664,#5665),(#5666,#5667,#5668,#5669,#5670,#5671,#5672,#5673,
#5674,#5675,#5676,#5677,#5678,#5679,#5680,#5681,#5682,#5683,#5684,#5685,
#5686,#5687,#5688,#5689,#5690,#5691,#5692,#5693,#5694,#5695,#5696,#5697,
#5698,#5699,#5700,#5701,#5702,#5703,#5704,#5705,#5706,#5707,#5708,#5709,
#5710,#5711,#5712,#5713,#5714,#5715,#5716,#5717,#5718,#5719,#5720,#5721,
#5722,#5723,#5724,#5725,#5726,#5727,#5728,#5729,#5730,#5731,#5732,#5733,
#5734,#5735,#5736,#5737,#5738,#5739,#5740,#5741,#5742,#5743,#5744,#5745,
#5746,#5747,#5748,#5749,#5750,#5751,#5752,#5753,#5754,#5755,#5756,#5757,
#5758,#5759,#5760,#5761,#5762,#5763,#5764,#5765,#5766,#5767,#5768,#5769,
#5770,#5771,#5772,#5773,#5774,#5775,#5776,#5777,#5778,#5779,#5780,#5781,
#5782),(#5783,#5784,#5785,#5786,#5787,#5788,#5789,#5790,#5791,#5792,#5793,
#5794,#5795,#5796,#5797,#5798,#5799,#5800,#5801,#5802,#5803,#5804,#5805,
#5806,#5807,#5808,#5809,#5810,#5811,#5812,#5813,#5814,#5815,#5816,#5817,
#5818,#5819,#5820,#5821,#5822,#5823,#5824,#5825,#5826,#5827,#5828,#5829,
#5830,#5831,#5832,#5833,#5834,#5835,#5836,#5837,#5838,#5839,#5840,#5841,
#5842,#5843,#5844,#5845,#5846,#5847,#5848,#5849,#5850,#5851,#5852,#5853,
#5854,#5855,#5856,#5857,#5858,#5859,#5860,#5861,#5862,#5863,#5864,#5865,
#5866,#5867,#5868,#5869,#5870,#5871,#5872,#5873,#5874,#5875,#5876,#5877,
#5878,#5879,#5880,#5881,#5882,#5883,#5884,#5885,#5886,#5887,#5888,#5889,
#5890,#5891,#5892,#5893,#5894,#5895,#5896,#5897,#5898,#5899),(#5900,#5901,
#5902,#5903,#5904,#5905,#5906,#5907,#5908,#5909,#5910,#5911,#5912,#5913,
#5914,#5915,#5916,#5917,#5918,#5919,#5920,#5921,#5922,#5923,#5924,#5925,
#5926,#5927,#5928,#5929,#5930,#5931,#5932,#5933,#5934,#5935,#5936,#5937,
#5938,#5939,#5940,#5941,#5942,#5943,#5944,#5945,#5946,#5947,#5948,#5949,
#5950,#5951,#5952,#5953,#5954,#5955,#5956,#5957,#5958,#5959,#5960,#5961,
#5962,#5963,#5964,#5965,#5966,#5967,#5968,#5969,#5970,#5971,#5972,#5973,
#5974,#5975,#5976,#5977,#5978,#5979,#5980,#5981,#5982,#5983,#5984,#5985,
#5986,#5987,#5988,#5989,#5990,#5991,#5992,#5993,#5994,#5995,#5996,#5997,
#5998,#5999,#6000,#6001,#6002,#6003,#6004,#6005,#6006,#6007,#6008,#6009,
#6010,#6011,#6012,#6013,#6014,#6015,#6016)),.UNSPECIFIED.,.F.,.F.,.F.,(4,
4),(4,1,1,1,1,1,1,1,1,1,1,1,1,1,1,1,1,1,1,1,1,1,1,1,1,1,1,1,1,1,1,1,1,1,
1,1,1,1,1,1,1,1,1,1,1,1,1,1,1,1,1,1,1,1,1,1,1,1,1,1,1,1,1,1,1,1,1,1,1,1,
1,1,1,1,1,1,1,1,1,1,1,1,1,1,1,1,1,1,1,1,1,1,1,1,1,1,1,1,1,1,1,1,1,1,1,1,
1,1,1,1,1,1,1,1,4),(0.,0.0703208396363242),(8.78269298583044,9.27434208849357,
9.7659911911567,10.2576402938198,10.749289396483,11.2409384991461,11.7325876018092,
12.2242367044724,12.7158858071355,13.2075349097986,13.6991840124617,14.1908331151249,
14.682482217788,15.1741313204511,15.6657804231143,16.1574295257774,16.6490786284405,
17.1407277311037,17.6323768337668,18.1240259364299,18.615675039093,19.1073241417562,
19.5989732444193,20.0906223470824,20.5822714497456,21.0739205524087,21.5655696550718,
22.057218757735,22.5488678603981,23.0405169630612,23.5321660657244,24.0238151683875,
24.5154642710506,25.0071133737137,25.4987624763769,25.99041157904,26.4820606817031,
26.9737097843663,27.4653588870294,27.9570079896925,28.4486570923557,28.9403061950188,
29.4319552976819,29.923604400345,30.4152535030082,30.9069026056713,31.3985517083344,
31.8902008109976,32.3818499136607,32.8734990163238,33.365148118987,33.8567972216501,
34.3484463243132,34.8400954269763,35.3317445296395,35.8233936323026,36.3150427349657,
36.8066918376289,37.298340940292,37.7899900429551,38.2816391456183,38.7732882482814,
39.2649373509445,39.7565864536077,40.2482355562708,40.7398846589339,41.231533761597,
41.7231828642602,42.2148319669233,42.7064810695864,43.1981301722496,43.6897792749127,
44.1814283775758,44.673077480239,45.1647265829021,45.6563756855652,46.1480247882284,
46.6396738908915,47.1313229935546,47.6229720962177,48.1146211988809,48.606270301544,
49.0979194042071,49.5895685068703,50.0812176095334,50.5728667121965,51.0645158148597,
51.5561649175228,52.0478140201859,52.539463122849,53.0311122255122,53.5227613281753,
54.0144104308384,54.5060595335016,54.9977086361647,55.4893577388278,55.981006841491,
56.4726559441541,56.9643050468172,57.4559541494803,57.9476032521435,58.4392523548066,
58.9309014574697,59.4225505601329,59.914199662796,60.4058487654591,60.8974978681223,
61.3891469707854,61.8807960734485,62.3724451761117,62.8640942787748,63.3557433814379,
63.8473924841011,64.3390415867642,64.8306906894273),.UNSPECIFIED.);
#95=B_SPLINE_SURFACE_WITH_KNOTS('',3,3,((#6230,#6231,#6232,#6233,#6234,
#6235,#6236,#6237,#6238,#6239,#6240,#6241,#6242,#6243,#6244,#6245,#6246,
#6247,#6248,#6249,#6250,#6251,#6252,#6253,#6254,#6255,#6256,#6257,#6258,
#6259,#6260,#6261,#6262,#6263,#6264,#6265,#6266,#6267,#6268,#6269,#6270,
#6271,#6272,#6273,#6274,#6275,#6276,#6277,#6278,#6279,#6280,#6281,#6282,
#6283,#6284,#6285,#6286,#6287,#6288,#6289,#6290,#6291,#6292,#6293,#6294,
#6295,#6296,#6297,#6298,#6299,#6300,#6301,#6302,#6303,#6304,#6305,#6306,
#6307,#6308,#6309,#6310,#6311,#6312,#6313,#6314,#6315,#6316,#6317,#6318,
#6319,#6320,#6321,#6322,#6323,#6324,#6325,#6326,#6327,#6328,#6329,#6330,
#6331,#6332,#6333,#6334,#6335),(#6336,#6337,#6338,#6339,#6340,#6341,#6342,
#6343,#6344,#6345,#6346,#6347,#6348,#6349,#6350,#6351,#6352,#6353,#6354,
#6355,#6356,#6357,#6358,#6359,#6360,#6361,#6362,#6363,#6364,#6365,#6366,
#6367,#6368,#6369,#6370,#6371,#6372,#6373,#6374,#6375,#6376,#6377,#6378,
#6379,#6380,#6381,#6382,#6383,#6384,#6385,#6386,#6387,#6388,#6389,#6390,
#6391,#6392,#6393,#6394,#6395,#6396,#6397,#6398,#6399,#6400,#6401,#6402,
#6403,#6404,#6405,#6406,#6407,#6408,#6409,#6410,#6411,#6412,#6413,#6414,
#6415,#6416,#6417,#6418,#6419,#6420,#6421,#6422,#6423,#6424,#6425,#6426,
#6427,#6428,#6429,#6430,#6431,#6432,#6433,#6434,#6435,#6436,#6437,#6438,
#6439,#6440,#6441),(#6442,#6443,#6444,#6445,#6446,#6447,#6448,#6449,#6450,
#6451,#6452,#6453,#6454,#6455,#6456,#6457,#6458,#6459,#6460,#6461,#6462,
#6463,#6464,#6465,#6466,#6467,#6468,#6469,#6470,#6471,#6472,#6473,#6474,
#6475,#6476,#6477,#6478,#6479,#6480,#6481,#6482,#6483,#6484,#6485,#6486,
#6487,#6488,#6489,#6490,#6491,#6492,#6493,#6494,#6495,#6496,#6497,#6498,
#6499,#6500,#6501,#6502,#6503,#6504,#6505,#6506,#6507,#6508,#6509,#6510,
#6511,#6512,#6513,#6514,#6515,#6516,#6517,#6518,#6519,#6520,#6521,#6522,
#6523,#6524,#6525,#6526,#6527,#6528,#6529,#6530,#6531,#6532,#6533,#6534,
#6535,#6536,#6537,#6538,#6539,#6540,#6541,#6542,#6543,#6544,#6545,#6546,
#6547),(#6548,#6549,#6550,#6551,#6552,#6553,#6554,#6555,#6556,#6557,#6558,
#6559,#6560,#6561,#6562,#6563,#6564,#6565,#6566,#6567,#6568,#6569,#6570,
#6571,#6572,#6573,#6574,#6575,#6576,#6577,#6578,#6579,#6580,#6581,#6582,
#6583,#6584,#6585,#6586,#6587,#6588,#6589,#6590,#6591,#6592,#6593,#6594,
#6595,#6596,#6597,#6598,#6599,#6600,#6601,#6602,#6603,#6604,#6605,#6606,
#6607,#6608,#6609,#6610,#6611,#6612,#6613,#6614,#6615,#6616,#6617,#6618,
#6619,#6620,#6621,#6622,#6623,#6624,#6625,#6626,#6627,#6628,#6629,#6630,
#6631,#6632,#6633,#6634,#6635,#6636,#6637,#6638,#6639,#6640,#6641,#6642,
#6643,#6644,#6645,#6646,#6647,#6648,#6649,#6650,#6651,#6652,#6653),(#6654,
#6655,#6656,#6657,#6658,#6659,#6660,#6661,#6662,#6663,#6664,#6665,#6666,
#6667,#6668,#6669,#6670,#6671,#6672,#6673,#6674,#6675,#6676,#6677,#6678,
#6679,#6680,#6681,#6682,#6683,#6684,#6685,#6686,#6687,#6688,#6689,#6690,
#6691,#6692,#6693,#6694,#6695,#6696,#6697,#6698,#6699,#6700,#6701,#6702,
#6703,#6704,#6705,#6706,#6707,#6708,#6709,#6710,#6711,#6712,#6713,#6714,
#6715,#6716,#6717,#6718,#6719,#6720,#6721,#6722,#6723,#6724,#6725,#6726,
#6727,#6728,#6729,#6730,#6731,#6732,#6733,#6734,#6735,#6736,#6737,#6738,
#6739,#6740,#6741,#6742,#6743,#6744,#6745,#6746,#6747,#6748,#6749,#6750,
#6751,#6752,#6753,#6754,#6755,#6756,#6757,#6758,#6759)),.UNSPECIFIED.,.F.,
 .F.,.F.,(4,1,4),(4,1,1,1,1,1,1,1,1,1,1,1,1,1,1,1,1,1,1,1,1,1,1,1,1,1,1,
1,1,1,1,1,1,1,1,1,1,1,1,1,1,1,1,1,1,1,1,1,1,1,1,1,1,1,1,1,1,1,1,1,1,1,1,
1,1,1,1,1,1,1,1,1,1,1,1,1,1,1,1,1,1,1,1,1,1,1,1,1,1,1,1,1,1,1,1,1,1,1,1,
1,1,1,1,4),(0.,0.571428571428571,1.),(-0.414108495444399,0.424094933771511,
1.26229836298742,2.10050179220333,2.93870522141924,3.77690865063515,4.61511207985106,
5.45331550906697,6.29151893828288,7.12972236749879,7.9679257967147,8.80612922593061,
9.64433265514652,10.4825360843624,11.3207395135783,12.1589429427942,12.9971463720102,
13.8353498012261,14.673553230442,15.5117566596579,16.3499600888738,17.4675646611617,
18.5851692334496,19.7027738057374,20.5409772349533,21.3791806641693,22.2173840933852,
23.0555875226011,23.893790951817,24.7319943810329,25.5701978102488,26.4084012394647,
27.5260058117526,28.6436103840405,29.3886800988991,30.1337498137576,30.8788195286162,
31.6238892434748,32.3689589583334,33.114028673192,33.8590983880506,34.3558115312896,
35.3492378177678,36.4668423900556,37.5844469623435,38.7020515346314,39.8196561069193,
40.9372606792071,42.054865251495,43.1724698237829,44.2900743960708,45.0351441109294,
45.780213825788,46.5252835406465,47.2703532555051,48.0154229703637,48.7604926852223,
49.8780972575102,50.9957018297981,52.1133064020859,53.2309109743738,54.3485155466617,
55.4661201189496,56.2111898338082,56.9562595486667,57.7013292635253,58.4463989783839,
59.1914686932425,59.9365384081011,60.6816081229597,61.4266778378183,62.1717475526769,
63.2893521249647,64.4069566972526,65.5245612695405,66.6421658418284,67.7597704141162,
68.8773749864041,69.994979558692,71.1125841309799,72.2301887032678,73.3477932755557,
74.4653978478435,75.5830024201314,76.7006069924193,77.8182115647072,78.935816136995,
80.0534207092829,80.8916241384988,81.7298275677148,82.5680309969307,83.4062344261466,
84.2444378553625,85.0826412845784,85.9208447137943,86.7590481430102,87.5972515722261,
88.435455001442,89.2736584306579,90.1118618598738,90.9500652890897,91.7882687183057,
92.6264721475216,93.4646755767375),.UNSPECIFIED.);
#96=B_SPLINE_SURFACE_WITH_KNOTS('',3,3,((#6973,#6974,#6975,#6976,#6977,
#6978,#6979,#6980,#6981,#6982,#6983,#6984,#6985,#6986,#6987,#6988,#6989,
#6990,#6991,#6992,#6993,#6994,#6995,#6996,#6997,#6998,#6999,#7000,#7001,
#7002,#7003,#7004,#7005,#7006,#7007,#7008,#7009,#7010,#7011,#7012,#7013,
#7014,#7015,#7016,#7017,#7018,#7019,#7020,#7021,#7022,#7023,#7024,#7025,
#7026,#7027,#7028,#7029,#7030,#7031,#7032,#7033,#7034,#7035,#7036,#7037,
#7038,#7039,#7040,#7041,#7042,#7043,#7044,#7045,#7046,#7047,#7048,#7049,
#7050,#7051,#7052,#7053,#7054,#7055,#7056,#7057,#7058,#7059,#7060,#7061,
#7062,#7063,#7064,#7065,#7066,#7067,#7068,#7069,#7070,#7071,#7072,#7073,
#7074,#7075,#7076,#7077,#7078,#7079,#7080,#7081,#7082,#7083,#7084),(#7085,
#7086,#7087,#7088,#7089,#7090,#7091,#7092,#7093,#7094,#7095,#7096,#7097,
#7098,#7099,#7100,#7101,#7102,#7103,#7104,#7105,#7106,#7107,#7108,#7109,
#7110,#7111,#7112,#7113,#7114,#7115,#7116,#7117,#7118,#7119,#7120,#7121,
#7122,#7123,#7124,#7125,#7126,#7127,#7128,#7129,#7130,#7131,#7132,#7133,
#7134,#7135,#7136,#7137,#7138,#7139,#7140,#7141,#7142,#7143,#7144,#7145,
#7146,#7147,#7148,#7149,#7150,#7151,#7152,#7153,#7154,#7155,#7156,#7157,
#7158,#7159,#7160,#7161,#7162,#7163,#7164,#7165,#7166,#7167,#7168,#7169,
#7170,#7171,#7172,#7173,#7174,#7175,#7176,#7177,#7178,#7179,#7180,#7181,
#7182,#7183,#7184,#7185,#7186,#7187,#7188,#7189,#7190,#7191,#7192,#7193,
#7194,#7195,#7196),(#7197,#7198,#7199,#7200,#7201,#7202,#7203,#7204,#7205,
#7206,#7207,#7208,#7209,#7210,#7211,#7212,#7213,#7214,#7215,#7216,#7217,
#7218,#7219,#7220,#7221,#7222,#7223,#7224,#7225,#7226,#7227,#7228,#7229,
#7230,#7231,#7232,#7233,#7234,#7235,#7236,#7237,#7238,#7239,#7240,#7241,
#7242,#7243,#7244,#7245,#7246,#7247,#7248,#7249,#7250,#7251,#7252,#7253,
#7254,#7255,#7256,#7257,#7258,#7259,#7260,#7261,#7262,#7263,#7264,#7265,
#7266,#7267,#7268,#7269,#7270,#7271,#7272,#7273,#7274,#7275,#7276,#7277,
#7278,#7279,#7280,#7281,#7282,#7283,#7284,#7285,#7286,#7287,#7288,#7289,
#7290,#7291,#7292,#7293,#7294,#7295,#7296,#7297,#7298,#7299,#7300,#7301,
#7302,#7303,#7304,#7305,#7306,#7307,#7308),(#7309,#7310,#7311,#7312,#7313,
#7314,#7315,#7316,#7317,#7318,#7319,#7320,#7321,#7322,#7323,#7324,#7325,
#7326,#7327,#7328,#7329,#7330,#7331,#7332,#7333,#7334,#7335,#7336,#7337,
#7338,#7339,#7340,#7341,#7342,#7343,#7344,#7345,#7346,#7347,#7348,#7349,
#7350,#7351,#7352,#7353,#7354,#7355,#7356,#7357,#7358,#7359,#7360,#7361,
#7362,#7363,#7364,#7365,#7366,#7367,#7368,#7369,#7370,#7371,#7372,#7373,
#7374,#7375,#7376,#7377,#7378,#7379,#7380,#7381,#7382,#7383,#7384,#7385,
#7386,#7387,#7388,#7389,#7390,#7391,#7392,#7393,#7394,#7395,#7396,#7397,
#7398,#7399,#7400,#7401,#7402,#7403,#7404,#7405,#7406,#7407,#7408,#7409,
#7410,#7411,#7412,#7413,#7414,#7415,#7416,#7417,#7418,#7419,#7420)),
 .UNSPECIFIED.,.F.,.F.,.F.,(4,4),(4,1,1,1,1,1,1,1,1,1,1,1,1,1,1,1,1,1,1,
1,1,1,1,1,1,1,1,1,1,1,1,1,1,1,1,1,1,1,1,1,1,1,1,1,1,1,1,1,1,1,1,1,1,1,1,
1,1,1,1,1,1,1,1,1,1,1,1,1,1,1,1,1,1,1,1,1,1,1,1,1,1,1,1,1,1,1,1,1,1,1,1,
1,1,1,1,1,1,1,1,1,1,1,1,1,1,1,1,1,1,4),(0.0173217918468135,0.0876426807449086),
(12.5820153327216,13.0813642057628,13.580713078804,14.0800619518453,14.5794108248865,
15.0787596979278,15.578108570969,15.8277830074896,16.0774574440102,16.5768063170515,
17.0761551900927,17.575504063134,18.0748529361752,18.5742018092164,19.0735506822577,
19.5728995552989,20.0722484283402,20.5715973013814,21.2373957987697,21.9031942961581,
22.5689927935464,23.2347912909347,23.6786569558602,24.1225226207858,24.5663882857113,
25.0657371587526,25.5650860317938,26.0644349048351,26.5637837778763,27.0631326509175,
27.5624815239588,28.061830397,28.5611792700413,29.2269777674296,29.8927762648179,
30.3366419297435,30.780507594669,31.2243732595945,31.6682389245201,32.1121045894456,
32.5559702543712,32.9998359192967,33.4437015842223,33.8875672491478,34.5533657465361,
35.2191642439245,35.8849627413128,36.5507612387011,37.2165597360894,37.8823582334778,
38.5481567308661,39.2139552282544,39.6578208931799,40.1016865581055,40.545552223031,
40.9894178879566,41.2853283312403,41.8771492178077,42.3210148827332,42.7648805476588,
43.2087462125843,43.8745447099726,44.540343207361,45.2061417047493,45.8719402021376,
46.5377386995259,47.2035371969142,47.8693356943026,48.5351341916909,48.9789998566164,
49.422865521542,49.8667311864675,50.1996304351617,50.3660800595088,50.5325296838559,
51.1983281812442,51.8641266786325,52.5299251760208,53.1957236734091,53.5286229221033,
53.8615221707975,54.5273206681858,55.1931191655741,55.6369848304996,56.0808504954252,
56.5247161603507,56.9685818252763,57.4124474902018,57.8563131551274,58.5221116525157,
59.187910149904,59.8537086472924,60.5195071446807,61.0188560177219,61.5182048907631,
62.0175537638044,62.5169026368456,63.0162515098869,63.5156003829281,64.0149492559694,
64.5142981290106,65.0136470020518,65.2633214385725,65.5129958750931,66.0123447481343,
66.5116936211756,67.0110424942168,67.5103913672581,68.0097402402993,68.5090891133405),
 .UNSPECIFIED.);
#97=B_SPLINE_SURFACE_WITH_KNOTS('',3,3,((#7631,#7632,#7633,#7634,#7635,
#7636,#7637,#7638,#7639,#7640,#7641,#7642,#7643,#7644,#7645,#7646,#7647,
#7648,#7649,#7650,#7651,#7652,#7653,#7654,#7655,#7656,#7657,#7658,#7659,
#7660,#7661,#7662,#7663,#7664,#7665,#7666,#7667,#7668,#7669,#7670,#7671,
#7672,#7673,#7674,#7675,#7676,#7677,#7678,#7679,#7680,#7681,#7682,#7683,
#7684,#7685,#7686,#7687,#7688,#7689,#7690,#7691,#7692,#7693,#7694,#7695,
#7696,#7697,#7698,#7699,#7700,#7701,#7702,#7703,#7704,#7705,#7706,#7707,
#7708,#7709,#7710,#7711,#7712,#7713,#7714,#7715,#7716,#7717,#7718,#7719,
#7720,#7721,#7722,#7723,#7724,#7725,#7726,#7727,#7728,#7729,#7730,#7731,
#7732,#7733,#7734,#7735,#7736,#7737,#7738,#7739,#7740,#7741,#7742,#7743,
#7744,#7745,#7746,#7747,#7748,#7749,#7750,#7751,#7752,#7753,#7754,#7755,
#7756,#7757,#7758,#7759,#7760,#7761,#7762,#7763,#7764,#7765,#7766,#7767,
#7768),(#7769,#7770,#7771,#7772,#7773,#7774,#7775,#7776,#7777,#7778,#7779,
#7780,#7781,#7782,#7783,#7784,#7785,#7786,#7787,#7788,#7789,#7790,#7791,
#7792,#7793,#7794,#7795,#7796,#7797,#7798,#7799,#7800,#7801,#7802,#7803,
#7804,#7805,#7806,#7807,#7808,#7809,#7810,#7811,#7812,#7813,#7814,#7815,
#7816,#7817,#7818,#7819,#7820,#7821,#7822,#7823,#7824,#7825,#7826,#7827,
#7828,#7829,#7830,#7831,#7832,#7833,#7834,#7835,#7836,#7837,#7838,#7839,
#7840,#7841,#7842,#7843,#7844,#7845,#7846,#7847,#7848,#7849,#7850,#7851,
#7852,#7853,#7854,#7855,#7856,#7857,#7858,#7859,#7860,#7861,#7862,#7863,
#7864,#7865,#7866,#7867,#7868,#7869,#7870,#7871,#7872,#7873,#7874,#7875,
#7876,#7877,#7878,#7879,#7880,#7881,#7882,#7883,#7884,#7885,#7886,#7887,
#7888,#7889,#7890,#7891,#7892,#7893,#7894,#7895,#7896,#7897,#7898,#7899,
#7900,#7901,#7902,#7903,#7904,#7905,#7906),(#7907,#7908,#7909,#7910,#7911,
#7912,#7913,#7914,#7915,#7916,#7917,#7918,#7919,#7920,#7921,#7922,#7923,
#7924,#7925,#7926,#7927,#7928,#7929,#7930,#7931,#7932,#7933,#7934,#7935,
#7936,#7937,#7938,#7939,#7940,#7941,#7942,#7943,#7944,#7945,#7946,#7947,
#7948,#7949,#7950,#7951,#7952,#7953,#7954,#7955,#7956,#7957,#7958,#7959,
#7960,#7961,#7962,#7963,#7964,#7965,#7966,#7967,#7968,#7969,#7970,#7971,
#7972,#7973,#7974,#7975,#7976,#7977,#7978,#7979,#7980,#7981,#7982,#7983,
#7984,#7985,#7986,#7987,#7988,#7989,#7990,#7991,#7992,#7993,#7994,#7995,
#7996,#7997,#7998,#7999,#8000,#8001,#8002,#8003,#8004,#8005,#8006,#8007,
#8008,#8009,#8010,#8011,#8012,#8013,#8014,#8015,#8016,#8017,#8018,#8019,
#8020,#8021,#8022,#8023,#8024,#8025,#8026,#8027,#8028,#8029,#8030,#8031,
#8032,#8033,#8034,#8035,#8036,#8037,#8038,#8039,#8040,#8041,#8042,#8043,
#8044),(#8045,#8046,#8047,#8048,#8049,#8050,#8051,#8052,#8053,#8054,#8055,
#8056,#8057,#8058,#8059,#8060,#8061,#8062,#8063,#8064,#8065,#8066,#8067,
#8068,#8069,#8070,#8071,#8072,#8073,#8074,#8075,#8076,#8077,#8078,#8079,
#8080,#8081,#8082,#8083,#8084,#8085,#8086,#8087,#8088,#8089,#8090,#8091,
#8092,#8093,#8094,#8095,#8096,#8097,#8098,#8099,#8100,#8101,#8102,#8103,
#8104,#8105,#8106,#8107,#8108,#8109,#8110,#8111,#8112,#8113,#8114,#8115,
#8116,#8117,#8118,#8119,#8120,#8121,#8122,#8123,#8124,#8125,#8126,#8127,
#8128,#8129,#8130,#8131,#8132,#8133,#8134,#8135,#8136,#8137,#8138,#8139,
#8140,#8141,#8142,#8143,#8144,#8145,#8146,#8147,#8148,#8149,#8150,#8151,
#8152,#8153,#8154,#8155,#8156,#8157,#8158,#8159,#8160,#8161,#8162,#8163,
#8164,#8165,#8166,#8167,#8168,#8169,#8170,#8171,#8172,#8173,#8174,#8175,
#8176,#8177,#8178,#8179,#8180,#8181,#8182),(#8183,#8184,#8185,#8186,#8187,
#8188,#8189,#8190,#8191,#8192,#8193,#8194,#8195,#8196,#8197,#8198,#8199,
#8200,#8201,#8202,#8203,#8204,#8205,#8206,#8207,#8208,#8209,#8210,#8211,
#8212,#8213,#8214,#8215,#8216,#8217,#8218,#8219,#8220,#8221,#8222,#8223,
#8224,#8225,#8226,#8227,#8228,#8229,#8230,#8231,#8232,#8233,#8234,#8235,
#8236,#8237,#8238,#8239,#8240,#8241,#8242,#8243,#8244,#8245,#8246,#8247,
#8248,#8249,#8250,#8251,#8252,#8253,#8254,#8255,#8256,#8257,#8258,#8259,
#8260,#8261,#8262,#8263,#8264,#8265,#8266,#8267,#8268,#8269,#8270,#8271,
#8272,#8273,#8274,#8275,#8276,#8277,#8278,#8279,#8280,#8281,#8282,#8283,
#8284,#8285,#8286,#8287,#8288,#8289,#8290,#8291,#8292,#8293,#8294,#8295,
#8296,#8297,#8298,#8299,#8300,#8301,#8302,#8303,#8304,#8305,#8306,#8307,
#8308,#8309,#8310,#8311,#8312,#8313,#8314,#8315,#8316,#8317,#8318,#8319,
#8320)),.UNSPECIFIED.,.F.,.F.,.F.,(4,1,4),(4,1,1,1,1,1,1,1,1,1,1,1,1,1,
1,1,1,1,1,1,1,1,1,1,1,1,1,1,1,1,1,1,1,1,1,1,1,1,1,1,1,1,1,1,1,1,1,1,1,1,
1,1,1,1,1,1,1,1,1,1,1,1,1,1,1,1,1,1,1,1,1,1,1,1,1,1,1,1,1,1,1,1,1,1,1,1,
1,1,1,1,1,1,1,1,1,1,1,1,1,1,1,1,1,1,1,1,1,1,1,1,1,1,1,1,1,1,1,1,1,1,1,1,
1,1,1,1,1,1,1,1,1,1,1,1,1,4),(0.,0.571428571428571,1.),(2.25096352703545,
3.2582146183237,4.26546570961195,5.2727168009002,6.27996789218845,7.2872189834767,
8.29447007476495,9.3017211660532,10.3089722573415,11.3162233486297,12.323474439918,
13.3307255312062,14.3379766224945,15.3452277137827,16.352478805071,17.3597298963592,
18.3669809876475,19.038481715173,19.7099824426985,20.381483170224,21.0529838977495,
21.724484625275,22.3959853528005,23.067486080326,23.7389868078515,24.410487535377,
25.0819882629025,25.753488990428,26.4249897179535,27.4322408092417,28.43949190053,
29.4467429918182,30.4539940831065,31.4612451743947,32.468496265683,33.4757473569712,
34.4829984482595,35.154499175785,35.8259999033105,36.497500630836,37.1690013583615,
38.0643356617288,38.9596699650962,39.8550042684635,40.7503385718308,41.6456728751982,
42.5410071785655,43.4363414819328,44.033231017511,44.6301205530893,45.2270100886675,
45.898510816193,46.5700115437185,47.241512271244,47.9130129987695,48.584513726295,
49.2560144538205,49.927515181346,50.5990159088715,51.270516636397,51.9420173639225,
52.613518091448,53.2850188189735,53.956519546499,54.6280202740245,55.29952100155,
55.9710217290755,56.8663560324428,57.7616903358102,58.6570246391775,59.328525366703,
60.0000260942285,60.671526821754,61.3430275492795,62.014528276805,62.6860290043305,
63.357529731856,64.0290304593815,64.700531186907,65.3720319144325,66.043532641958,
66.7150333694835,67.7222844607718,68.72953555206,69.2331610977041,69.7367866433483,
70.7440377346365,71.415538462162,72.0870391896875,72.758539917213,73.7657910085013,
74.7730420997895,75.7802931910778,76.787544282366,77.7947953736543,78.8020464649425,
79.8092975562308,80.816548647519,81.8237997388073,82.8310508300955,83.8383019213838,
84.845553012672,85.8528041039603,86.8600551952485,87.8673062865368,88.8745573778251,
89.8818084691133,90.8890595604015,91.560560287927,92.2320610154526,92.9035617429781,
93.5750624705036,94.2465631980291,94.9180639255545,95.2538142893173,96.2610653806056,
96.9325661081311,97.6040668356566,98.2755675631821,98.9470682907076,99.9543193819958,
100.961570473284,101.968821564572,102.976072655861,103.983323747149,104.990574838437,
105.997825929725,107.005077021014,108.012328112302,109.01957920359,110.026830294878,
111.034081386167,112.041332477455,113.048583568743,114.055834660031,115.06308575132),
 .UNSPECIFIED.);
#98=B_SPLINE_SURFACE_WITH_KNOTS('',3,3,((#8530,#8531,#8532,#8533,#8534,
#8535,#8536,#8537,#8538,#8539,#8540,#8541,#8542,#8543,#8544,#8545,#8546,
#8547,#8548,#8549,#8550,#8551,#8552,#8553,#8554,#8555,#8556,#8557,#8558,
#8559,#8560,#8561,#8562,#8563,#8564,#8565,#8566,#8567,#8568,#8569,#8570,
#8571,#8572,#8573,#8574,#8575,#8576,#8577,#8578,#8579,#8580,#8581,#8582,
#8583,#8584,#8585,#8586,#8587,#8588,#8589,#8590,#8591,#8592,#8593,#8594,
#8595,#8596,#8597,#8598,#8599,#8600,#8601,#8602,#8603,#8604,#8605,#8606,
#8607,#8608,#8609,#8610,#8611,#8612,#8613,#8614,#8615,#8616,#8617,#8618,
#8619,#8620,#8621,#8622,#8623,#8624,#8625,#8626,#8627,#8628,#8629,#8630,
#8631,#8632,#8633,#8634,#8635,#8636,#8637,#8638,#8639,#8640,#8641,#8642,
#8643,#8644,#8645,#8646,#8647,#8648,#8649,#8650,#8651,#8652,#8653,#8654,
#8655,#8656,#8657,#8658,#8659,#8660,#8661,#8662,#8663,#8664,#8665,#8666,
#8667,#8668,#8669,#8670,#8671,#8672,#8673,#8674,#8675,#8676,#8677,#8678,
#8679,#8680,#8681,#8682,#8683,#8684,#8685,#8686,#8687,#8688,#8689,#8690,
#8691,#8692,#8693,#8694),(#8695,#8696,#8697,#8698,#8699,#8700,#8701,#8702,
#8703,#8704,#8705,#8706,#8707,#8708,#8709,#8710,#8711,#8712,#8713,#8714,
#8715,#8716,#8717,#8718,#8719,#8720,#8721,#8722,#8723,#8724,#8725,#8726,
#8727,#8728,#8729,#8730,#8731,#8732,#8733,#8734,#8735,#8736,#8737,#8738,
#8739,#8740,#8741,#8742,#8743,#8744,#8745,#8746,#8747,#8748,#8749,#8750,
#8751,#8752,#8753,#8754,#8755,#8756,#8757,#8758,#8759,#8760,#8761,#8762,
#8763,#8764,#8765,#8766,#8767,#8768,#8769,#8770,#8771,#8772,#8773,#8774,
#8775,#8776,#8777,#8778,#8779,#8780,#8781,#8782,#8783,#8784,#8785,#8786,
#8787,#8788,#8789,#8790,#8791,#8792,#8793,#8794,#8795,#8796,#8797,#8798,
#8799,#8800,#8801,#8802,#8803,#8804,#8805,#8806,#8807,#8808,#8809,#8810,
#8811,#8812,#8813,#8814,#8815,#8816,#8817,#8818,#8819,#8820,#8821,#8822,
#8823,#8824,#8825,#8826,#8827,#8828,#8829,#8830,#8831,#8832,#8833,#8834,
#8835,#8836,#8837,#8838,#8839,#8840,#8841,#8842,#8843,#8844,#8845,#8846,
#8847,#8848,#8849,#8850,#8851,#8852,#8853,#8854,#8855,#8856,#8857,#8858,
#8859),(#8860,#8861,#8862,#8863,#8864,#8865,#8866,#8867,#8868,#8869,#8870,
#8871,#8872,#8873,#8874,#8875,#8876,#8877,#8878,#8879,#8880,#8881,#8882,
#8883,#8884,#8885,#8886,#8887,#8888,#8889,#8890,#8891,#8892,#8893,#8894,
#8895,#8896,#8897,#8898,#8899,#8900,#8901,#8902,#8903,#8904,#8905,#8906,
#8907,#8908,#8909,#8910,#8911,#8912,#8913,#8914,#8915,#8916,#8917,#8918,
#8919,#8920,#8921,#8922,#8923,#8924,#8925,#8926,#8927,#8928,#8929,#8930,
#8931,#8932,#8933,#8934,#8935,#8936,#8937,#8938,#8939,#8940,#8941,#8942,
#8943,#8944,#8945,#8946,#8947,#8948,#8949,#8950,#8951,#8952,#8953,#8954,
#8955,#8956,#8957,#8958,#8959,#8960,#8961,#8962,#8963,#8964,#8965,#8966,
#8967,#8968,#8969,#8970,#8971,#8972,#8973,#8974,#8975,#8976,#8977,#8978,
#8979,#8980,#8981,#8982,#8983,#8984,#8985,#8986,#8987,#8988,#8989,#8990,
#8991,#8992,#8993,#8994,#8995,#8996,#8997,#8998,#8999,#9000,#9001,#9002,
#9003,#9004,#9005,#9006,#9007,#9008,#9009,#9010,#9011,#9012,#9013,#9014,
#9015,#9016,#9017,#9018,#9019,#9020,#9021,#9022,#9023,#9024),(#9025,#9026,
#9027,#9028,#9029,#9030,#9031,#9032,#9033,#9034,#9035,#9036,#9037,#9038,
#9039,#9040,#9041,#9042,#9043,#9044,#9045,#9046,#9047,#9048,#9049,#9050,
#9051,#9052,#9053,#9054,#9055,#9056,#9057,#9058,#9059,#9060,#9061,#9062,
#9063,#9064,#9065,#9066,#9067,#9068,#9069,#9070,#9071,#9072,#9073,#9074,
#9075,#9076,#9077,#9078,#9079,#9080,#9081,#9082,#9083,#9084,#9085,#9086,
#9087,#9088,#9089,#9090,#9091,#9092,#9093,#9094,#9095,#9096,#9097,#9098,
#9099,#9100,#9101,#9102,#9103,#9104,#9105,#9106,#9107,#9108,#9109,#9110,
#9111,#9112,#9113,#9114,#9115,#9116,#9117,#9118,#9119,#9120,#9121,#9122,
#9123,#9124,#9125,#9126,#9127,#9128,#9129,#9130,#9131,#9132,#9133,#9134,
#9135,#9136,#9137,#9138,#9139,#9140,#9141,#9142,#9143,#9144,#9145,#9146,
#9147,#9148,#9149,#9150,#9151,#9152,#9153,#9154,#9155,#9156,#9157,#9158,
#9159,#9160,#9161,#9162,#9163,#9164,#9165,#9166,#9167,#9168,#9169,#9170,
#9171,#9172,#9173,#9174,#9175,#9176,#9177,#9178,#9179,#9180,#9181,#9182,
#9183,#9184,#9185,#9186,#9187,#9188,#9189)),.UNSPECIFIED.,.F.,.F.,.F.,(4,
4),(4,1,1,1,1,1,1,1,1,1,1,1,1,1,1,1,1,1,1,1,1,1,1,1,1,1,1,1,1,1,1,1,1,1,
1,1,1,1,1,1,1,1,1,1,1,1,1,1,1,1,1,1,1,1,1,1,1,1,1,1,1,1,1,1,1,1,1,1,1,1,
1,1,1,1,1,1,1,1,1,1,1,1,1,1,1,1,1,1,1,1,1,1,1,1,1,1,1,1,1,1,1,1,1,1,1,1,
1,1,1,1,1,1,1,1,1,1,1,1,1,1,1,1,1,1,1,1,1,1,1,1,1,1,1,1,1,1,1,1,1,1,1,1,
1,1,1,1,1,1,1,1,1,1,1,1,1,1,1,1,1,1,1,1,4),(0.,0.100111473460381),(14.3988535768129,
14.8939342580273,15.3890149392418,15.8840956204563,16.3791763016708,16.8742569828853,
17.3693376640998,17.8644183453143,18.3594990265288,18.8545797077433,19.3496603889578,
19.8447410701723,20.3398217513868,20.8349024326012,21.3299831138157,21.8250637950302,
22.3201444762447,22.8152251574592,23.3103058386737,23.8053865198882,24.3004672011027,
24.7955478823172,25.2906285635317,25.7857092447462,26.2807899259606,26.7758706071751,
27.2709512883896,27.7660319696041,28.2611126508186,28.7561933320331,29.2512740132476,
29.7463546944621,30.2414353756766,30.7365160568911,31.2315967381056,31.7266774193201,
32.2217581005345,32.716838781749,33.2119194629635,33.707000144178,34.2020808253925,
34.697161506607,35.1922421878215,35.687322869036,36.1824035502505,36.677484231465,
37.1725649126795,37.667645593894,38.1627262751084,38.6578069563229,39.1528876375374,
39.6479683187519,40.1430489999664,40.6381296811809,41.1332103623954,41.6282910436099,
42.1233717248244,42.6184524060389,43.1135330872534,43.6086137684678,44.1036944496823,
44.5987751308968,45.0938558121113,45.5889364933258,46.0840171745403,46.5790978557548,
47.0741785369693,47.5692592181838,48.0643398993983,48.5594205806128,49.0545012618273,
49.5495819430417,50.0446626242562,50.5397433054707,51.0348239866852,51.5299046678997,
52.0249853491142,52.5200660303287,53.0151467115432,53.5102273927577,54.0053080739722,
54.5003887551867,54.9954694364012,55.4905501176156,55.9856307988301,56.4807114800446,
56.9757921612591,57.4708728424736,57.9659535236881,58.4610342049026,58.9561148861171,
59.4511955673316,59.9462762485461,60.4413569297606,60.936437610975,61.4315182921895,
61.926598973404,62.4216796546185,62.916760335833,63.4118410170475,63.906921698262,
64.4020023794765,64.897083060691,65.3921637419055,65.88724442312,66.3823251043345,
66.8774057855489,67.3724864667634,67.8675671479779,68.3626478291924,68.8577285104069,
69.3528091916214,69.8478898728359,70.3429705540504,70.8380512352649,71.3331319164794,
71.8282125976939,72.3232932789084,72.8183739601228,73.3134546413373,73.8085353225518,
74.3036160037663,74.7986966849808,75.2937773661953,75.7888580474098,76.2839387286243,
76.7790194098388,77.2741000910533,77.7691807722678,78.2642614534822,78.7593421346967,
79.2544228159112,79.7495034971257,80.2445841783402,80.7396648595547,81.2347455407692,
81.7298262219837,82.2249069031982,82.7199875844127,83.2150682656272,83.7101489468417,
84.2052296280561,84.7003103092706,85.1953909904851,85.6904716716996,86.1855523529141,
86.6806330341286,87.1757137153431,87.6707943965576,88.1658750777721,88.6609557589866,
89.1560364402011,89.6511171214156,90.14619780263,90.6412784838445,91.136359165059,
91.6314398462735,92.126520527488,92.6216012087025,93.116681889917,93.6117625711315,
94.106843252346,94.6019239335605),.UNSPECIFIED.);
#99=B_SPLINE_SURFACE_WITH_KNOTS('',3,3,((#9522,#9523,#9524,#9525,#9526,
#9527,#9528,#9529,#9530,#9531,#9532,#9533,#9534,#9535,#9536,#9537,#9538,
#9539,#9540,#9541,#9542,#9543,#9544,#9545,#9546,#9547,#9548,#9549,#9550,
#9551,#9552,#9553,#9554,#9555,#9556,#9557,#9558,#9559,#9560,#9561,#9562,
#9563,#9564,#9565,#9566,#9567,#9568,#9569,#9570,#9571,#9572,#9573,#9574,
#9575,#9576,#9577,#9578,#9579,#9580,#9581,#9582,#9583,#9584,#9585,#9586,
#9587,#9588,#9589,#9590,#9591,#9592,#9593,#9594,#9595,#9596,#9597,#9598,
#9599,#9600,#9601,#9602,#9603,#9604,#9605,#9606,#9607,#9608,#9609,#9610,
#9611,#9612,#9613,#9614,#9615,#9616,#9617,#9618,#9619,#9620,#9621,#9622,
#9623,#9624,#9625,#9626,#9627,#9628,#9629,#9630,#9631,#9632,#9633,#9634,
#9635,#9636,#9637,#9638,#9639,#9640,#9641,#9642,#9643,#9644,#9645,#9646,
#9647,#9648,#9649,#9650,#9651,#9652,#9653,#9654,#9655,#9656,#9657,#9658,
#9659,#9660,#9661),(#9662,#9663,#9664,#9665,#9666,#9667,#9668,#9669,#9670,
#9671,#9672,#9673,#9674,#9675,#9676,#9677,#9678,#9679,#9680,#9681,#9682,
#9683,#9684,#9685,#9686,#9687,#9688,#9689,#9690,#9691,#9692,#9693,#9694,
#9695,#9696,#9697,#9698,#9699,#9700,#9701,#9702,#9703,#9704,#9705,#9706,
#9707,#9708,#9709,#9710,#9711,#9712,#9713,#9714,#9715,#9716,#9717,#9718,
#9719,#9720,#9721,#9722,#9723,#9724,#9725,#9726,#9727,#9728,#9729,#9730,
#9731,#9732,#9733,#9734,#9735,#9736,#9737,#9738,#9739,#9740,#9741,#9742,
#9743,#9744,#9745,#9746,#9747,#9748,#9749,#9750,#9751,#9752,#9753,#9754,
#9755,#9756,#9757,#9758,#9759,#9760,#9761,#9762,#9763,#9764,#9765,#9766,
#9767,#9768,#9769,#9770,#9771,#9772,#9773,#9774,#9775,#9776,#9777,#9778,
#9779,#9780,#9781,#9782,#9783,#9784,#9785,#9786,#9787,#9788,#9789,#9790,
#9791,#9792,#9793,#9794,#9795,#9796,#9797,#9798,#9799,#9800,#9801),(#9802,
#9803,#9804,#9805,#9806,#9807,#9808,#9809,#9810,#9811,#9812,#9813,#9814,
#9815,#9816,#9817,#9818,#9819,#9820,#9821,#9822,#9823,#9824,#9825,#9826,
#9827,#9828,#9829,#9830,#9831,#9832,#9833,#9834,#9835,#9836,#9837,#9838,
#9839,#9840,#9841,#9842,#9843,#9844,#9845,#9846,#9847,#9848,#9849,#9850,
#9851,#9852,#9853,#9854,#9855,#9856,#9857,#9858,#9859,#9860,#9861,#9862,
#9863,#9864,#9865,#9866,#9867,#9868,#9869,#9870,#9871,#9872,#9873,#9874,
#9875,#9876,#9877,#9878,#9879,#9880,#9881,#9882,#9883,#9884,#9885,#9886,
#9887,#9888,#9889,#9890,#9891,#9892,#9893,#9894,#9895,#9896,#9897,#9898,
#9899,#9900,#9901,#9902,#9903,#9904,#9905,#9906,#9907,#9908,#9909,#9910,
#9911,#9912,#9913,#9914,#9915,#9916,#9917,#9918,#9919,#9920,#9921,#9922,
#9923,#9924,#9925,#9926,#9927,#9928,#9929,#9930,#9931,#9932,#9933,#9934,
#9935,#9936,#9937,#9938,#9939,#9940,#9941),(#9942,#9943,#9944,#9945,#9946,
#9947,#9948,#9949,#9950,#9951,#9952,#9953,#9954,#9955,#9956,#9957,#9958,
#9959,#9960,#9961,#9962,#9963,#9964,#9965,#9966,#9967,#9968,#9969,#9970,
#9971,#9972,#9973,#9974,#9975,#9976,#9977,#9978,#9979,#9980,#9981,#9982,
#9983,#9984,#9985,#9986,#9987,#9988,#9989,#9990,#9991,#9992,#9993,#9994,
#9995,#9996,#9997,#9998,#9999,#10000,#10001,#10002,#10003,#10004,#10005,
#10006,#10007,#10008,#10009,#10010,#10011,#10012,#10013,#10014,#10015,#10016,
#10017,#10018,#10019,#10020,#10021,#10022,#10023,#10024,#10025,#10026,#10027,
#10028,#10029,#10030,#10031,#10032,#10033,#10034,#10035,#10036,#10037,#10038,
#10039,#10040,#10041,#10042,#10043,#10044,#10045,#10046,#10047,#10048,#10049,
#10050,#10051,#10052,#10053,#10054,#10055,#10056,#10057,#10058,#10059,#10060,
#10061,#10062,#10063,#10064,#10065,#10066,#10067,#10068,#10069,#10070,#10071,
#10072,#10073,#10074,#10075,#10076,#10077,#10078,#10079,#10080,#10081),
(#10082,#10083,#10084,#10085,#10086,#10087,#10088,#10089,#10090,#10091,
#10092,#10093,#10094,#10095,#10096,#10097,#10098,#10099,#10100,#10101,#10102,
#10103,#10104,#10105,#10106,#10107,#10108,#10109,#10110,#10111,#10112,#10113,
#10114,#10115,#10116,#10117,#10118,#10119,#10120,#10121,#10122,#10123,#10124,
#10125,#10126,#10127,#10128,#10129,#10130,#10131,#10132,#10133,#10134,#10135,
#10136,#10137,#10138,#10139,#10140,#10141,#10142,#10143,#10144,#10145,#10146,
#10147,#10148,#10149,#10150,#10151,#10152,#10153,#10154,#10155,#10156,#10157,
#10158,#10159,#10160,#10161,#10162,#10163,#10164,#10165,#10166,#10167,#10168,
#10169,#10170,#10171,#10172,#10173,#10174,#10175,#10176,#10177,#10178,#10179,
#10180,#10181,#10182,#10183,#10184,#10185,#10186,#10187,#10188,#10189,#10190,
#10191,#10192,#10193,#10194,#10195,#10196,#10197,#10198,#10199,#10200,#10201,
#10202,#10203,#10204,#10205,#10206,#10207,#10208,#10209,#10210,#10211,#10212,
#10213,#10214,#10215,#10216,#10217,#10218,#10219,#10220,#10221)),
 .UNSPECIFIED.,.F.,.F.,.F.,(4,1,4),(4,1,1,1,1,1,1,1,1,1,1,1,1,1,1,1,1,1,
1,1,1,1,1,1,1,1,1,1,1,1,1,1,1,1,1,1,1,1,1,1,1,1,1,1,1,1,1,1,1,1,1,1,1,1,
1,1,1,1,1,1,1,1,1,1,1,1,1,1,1,1,1,1,1,1,1,1,1,1,1,1,1,1,1,1,1,1,1,1,1,1,
1,1,1,1,1,1,1,1,1,1,1,1,1,1,1,1,1,1,1,1,1,1,1,1,1,1,1,1,1,1,1,1,1,1,1,1,
1,1,1,1,1,1,1,1,1,1,1,4),(0.,0.571428571428571,1.),(2.25094274371975,3.25819382579904,
4.26544490787832,5.27269598995761,6.27994707203689,7.28719815411618,8.29444923619547,
9.30170031827475,10.308951400354,11.3162024824333,12.3234535645126,13.3307046465919,
14.3379557286712,15.3452068107505,16.3524578928297,17.359708974909,18.3669600569883,
19.0384607783745,19.7099614997607,20.3814622211469,21.0529629425331,21.7244636639193,
22.3959643853055,23.0674651066916,23.7389658280778,24.6343001232594,25.0819672708502,
25.529634418441,26.4249687136226,27.0964694350088,27.767970156395,28.4394708777812,
29.1109715991674,30.006305894349,30.9016401895305,31.7969744847121,32.6923087798937,
33.5876430750753,34.4829773702569,35.3783116654385,36.2736459606201,37.1689802558016,
38.0643145509832,38.6612040811043,39.2580936112253,39.8549831413464,40.3026502889372,
40.750317436528,41.6456517317096,42.5409860268912,43.2124867482774,43.8839874696636,
44.5554881910497,45.2269889124359,45.8984896338221,46.5699903552083,47.2414910765945,
47.9129917979807,48.5844925193669,49.2559932407531,49.9274939621393,50.5989946835255,
51.2704954049116,51.9419961262978,52.613496847684,53.2849975690702,53.9564982904564,
54.6279990118426,55.2994997332288,55.971000454615,56.6425011760012,57.3140018973874,
57.9855026187735,58.6570033401597,59.3285040615459,60.0000047829321,60.6715055043183,
61.3430062257045,62.0145069470907,62.6860076684769,63.3575083898631,64.0290091112493,
64.7005098326354,65.3720105540216,66.0435112754078,66.715011996794,67.7222630788733,
68.7295141609526,69.7367652430319,70.7440163251112,71.7512674071905,72.7585184892697,
73.765769571349,74.7730206534283,75.7802717355076,76.7875228175869,77.7947738996662,
78.8020249817454,79.8092760638247,80.816527145904,81.8237782279833,82.8310293100626,
83.8382803921419,84.8455314742212,85.8527825563004,86.8600336383797,87.867284720459,
88.8745358025383,89.8817868846176,90.8890379666969,91.5605386880831,92.2320394094693,
92.9035401308554,93.5750408522416,94.2465415736278,94.918042295014,95.5895430164002,
96.2610437377864,96.9325444591726,97.6040451805588,98.275545901945,98.9470466233311,
99.9542977054104,100.96154878749,101.968799869569,102.976050951648,103.983302033728,
104.990553115807,105.997804197886,107.005055279965,108.012306362045,109.019557444124,
110.026808526203,111.034059608283,112.041310690362,113.048561772441,114.05581285452,
115.0630639366),.UNSPECIFIED.);
#100=B_SPLINE_SURFACE_WITH_KNOTS('',3,3,((#10404,#10405,#10406,#10407,#10408,
#10409,#10410,#10411,#10412,#10413,#10414,#10415,#10416,#10417,#10418,#10419,
#10420,#10421,#10422,#10423,#10424,#10425,#10426,#10427,#10428,#10429,#10430,
#10431,#10432,#10433,#10434,#10435,#10436,#10437,#10438,#10439,#10440,#10441,
#10442,#10443,#10444,#10445,#10446,#10447,#10448,#10449,#10450,#10451,#10452,
#10453,#10454,#10455,#10456,#10457,#10458,#10459,#10460,#10461,#10462,#10463,
#10464,#10465,#10466,#10467,#10468,#10469,#10470,#10471,#10472,#10473,#10474,
#10475,#10476,#10477,#10478,#10479,#10480,#10481,#10482,#10483,#10484,#10485,
#10486,#10487,#10488,#10489,#10490,#10491,#10492,#10493,#10494,#10495,#10496,
#10497,#10498,#10499,#10500,#10501,#10502,#10503,#10504,#10505,#10506,#10507,
#10508,#10509,#10510,#10511,#10512,#10513,#10514,#10515,#10516,#10517,#10518,
#10519,#10520,#10521,#10522,#10523,#10524,#10525,#10526,#10527,#10528,#10529,
#10530,#10531,#10532,#10533,#10534,#10535,#10536,#10537,#10538,#10539,#10540,
#10541,#10542,#10543,#10544,#10545,#10546,#10547,#10548,#10549,#10550),
(#10551,#10552,#10553,#10554,#10555,#10556,#10557,#10558,#10559,#10560,
#10561,#10562,#10563,#10564,#10565,#10566,#10567,#10568,#10569,#10570,#10571,
#10572,#10573,#10574,#10575,#10576,#10577,#10578,#10579,#10580,#10581,#10582,
#10583,#10584,#10585,#10586,#10587,#10588,#10589,#10590,#10591,#10592,#10593,
#10594,#10595,#10596,#10597,#10598,#10599,#10600,#10601,#10602,#10603,#10604,
#10605,#10606,#10607,#10608,#10609,#10610,#10611,#10612,#10613,#10614,#10615,
#10616,#10617,#10618,#10619,#10620,#10621,#10622,#10623,#10624,#10625,#10626,
#10627,#10628,#10629,#10630,#10631,#10632,#10633,#10634,#10635,#10636,#10637,
#10638,#10639,#10640,#10641,#10642,#10643,#10644,#10645,#10646,#10647,#10648,
#10649,#10650,#10651,#10652,#10653,#10654,#10655,#10656,#10657,#10658,#10659,
#10660,#10661,#10662,#10663,#10664,#10665,#10666,#10667,#10668,#10669,#10670,
#10671,#10672,#10673,#10674,#10675,#10676,#10677,#10678,#10679,#10680,#10681,
#10682,#10683,#10684,#10685,#10686,#10687,#10688,#10689,#10690,#10691,#10692,
#10693,#10694,#10695,#10696,#10697),(#10698,#10699,#10700,#10701,#10702,
#10703,#10704,#10705,#10706,#10707,#10708,#10709,#10710,#10711,#10712,#10713,
#10714,#10715,#10716,#10717,#10718,#10719,#10720,#10721,#10722,#10723,#10724,
#10725,#10726,#10727,#10728,#10729,#10730,#10731,#10732,#10733,#10734,#10735,
#10736,#10737,#10738,#10739,#10740,#10741,#10742,#10743,#10744,#10745,#10746,
#10747,#10748,#10749,#10750,#10751,#10752,#10753,#10754,#10755,#10756,#10757,
#10758,#10759,#10760,#10761,#10762,#10763,#10764,#10765,#10766,#10767,#10768,
#10769,#10770,#10771,#10772,#10773,#10774,#10775,#10776,#10777,#10778,#10779,
#10780,#10781,#10782,#10783,#10784,#10785,#10786,#10787,#10788,#10789,#10790,
#10791,#10792,#10793,#10794,#10795,#10796,#10797,#10798,#10799,#10800,#10801,
#10802,#10803,#10804,#10805,#10806,#10807,#10808,#10809,#10810,#10811,#10812,
#10813,#10814,#10815,#10816,#10817,#10818,#10819,#10820,#10821,#10822,#10823,
#10824,#10825,#10826,#10827,#10828,#10829,#10830,#10831,#10832,#10833,#10834,
#10835,#10836,#10837,#10838,#10839,#10840,#10841,#10842,#10843,#10844),
(#10845,#10846,#10847,#10848,#10849,#10850,#10851,#10852,#10853,#10854,
#10855,#10856,#10857,#10858,#10859,#10860,#10861,#10862,#10863,#10864,#10865,
#10866,#10867,#10868,#10869,#10870,#10871,#10872,#10873,#10874,#10875,#10876,
#10877,#10878,#10879,#10880,#10881,#10882,#10883,#10884,#10885,#10886,#10887,
#10888,#10889,#10890,#10891,#10892,#10893,#10894,#10895,#10896,#10897,#10898,
#10899,#10900,#10901,#10902,#10903,#10904,#10905,#10906,#10907,#10908,#10909,
#10910,#10911,#10912,#10913,#10914,#10915,#10916,#10917,#10918,#10919,#10920,
#10921,#10922,#10923,#10924,#10925,#10926,#10927,#10928,#10929,#10930,#10931,
#10932,#10933,#10934,#10935,#10936,#10937,#10938,#10939,#10940,#10941,#10942,
#10943,#10944,#10945,#10946,#10947,#10948,#10949,#10950,#10951,#10952,#10953,
#10954,#10955,#10956,#10957,#10958,#10959,#10960,#10961,#10962,#10963,#10964,
#10965,#10966,#10967,#10968,#10969,#10970,#10971,#10972,#10973,#10974,#10975,
#10976,#10977,#10978,#10979,#10980,#10981,#10982,#10983,#10984,#10985,#10986,
#10987,#10988,#10989,#10990,#10991)),.UNSPECIFIED.,.F.,.F.,.F.,(4,4),(4,
1,1,1,1,1,1,1,1,1,1,1,1,1,1,1,1,1,1,1,1,1,1,1,1,1,1,1,1,1,1,1,1,1,1,1,1,
1,1,1,1,1,1,1,1,1,1,1,1,1,1,1,1,1,1,1,1,1,1,1,1,1,1,1,1,1,1,1,1,1,1,1,1,
1,1,1,1,1,1,1,1,1,1,1,1,1,1,1,1,1,1,1,1,1,1,1,1,1,1,1,1,1,1,1,1,1,1,1,1,
1,1,1,1,1,1,1,1,1,1,1,1,1,1,1,1,1,1,1,1,1,1,1,1,1,1,1,1,1,1,1,1,1,1,1,4),
(0.0173236512261892,0.117434935515888),(11.5775489491112,12.2928377809878,
13.0081266128644,13.7234154447411,14.4387042766177,15.1539931084943,15.869281940371,
16.5845707722476,17.2998596041242,18.0151484360008,18.7304372678775,19.4457260997541,
20.1610149316307,20.8763037635074,21.591592595384,22.3068814272606,23.0221702591373,
23.4990294803883,23.9758887016394,24.4527479228905,24.9296071441416,25.4064663653927,
25.8833255866438,26.3601848078949,26.8370440291459,27.313903250397,27.7907624716481,
28.2676216928992,28.7444809141503,29.4597697460269,30.1750585779035,30.8903474097802,
31.6056362416568,32.3209250735334,33.0362139054101,33.7515027372867,34.4667915691633,
34.9436507904144,35.4205100116655,35.8973692329166,36.3742284541677,37.0100407491691,
37.6458530441706,38.281665339172,38.9174776341735,39.5532899291749,40.1891022241764,
40.4010396558435,40.8249145191778,41.4607268141793,42.0965391091807,42.5733983304318,
43.0502575516829,43.527116772934,44.003975994185,44.4808352154361,44.9576944366872,
45.4345536579383,45.9114128791894,46.3882721004405,46.8651313216916,47.3419905429427,
47.8188497641937,48.2957089854448,48.7725682066959,49.249427427947,49.7262866491981,
50.2031458704492,50.6800050917003,51.1568643129513,51.6337235342024,52.1105827554535,
52.2695358292039,52.9053481242053,53.5411604192068,54.1769727142082,54.8127850092097,
55.4485973042111,55.9254565254622,56.4023157467133,56.8791749679644,57.3560341892155,
57.8328934104665,58.3097526317176,58.7866118529687,59.2634710742198,59.7403302954709,
59.8992833692213,60.5350956642227,61.1709079592241,61.8067202542256,62.442532549227,
63.0783448442285,63.7141571392299,64.1380320025642,64.5619068658985,64.9857817292328,
65.4626409504839,65.939500171735,66.4163593929861,66.8932186142372,67.3700778354882,
67.8469370567393,68.3237962779904,68.8006554992415,69.2775147204926,69.7543739417437,
70.2312331629948,70.7080923842459,70.9465219948714,71.1849516054969,71.661810826748,
72.1386700479991,72.6155292692502,73.0394041325845,73.4632789959188,73.8871538592531,
74.5229661542546,75.158778449256,75.7945907442574,76.4304030392589,76.8542779025932,
77.2781527659275,77.7020276292618,78.0199337767625,78.3378399242632,78.9736522192647,
79.6094645142661,80.2452768092676,80.9605656411442,81.6758544730208,82.3911433048975,
83.1064321367741,83.8217209686507,84.5370098005274,85.252298632404,85.9675874642806,
86.6828762961572,87.3981651280339,88.1134539599105,88.8287427917871,89.5440316236638,
90.2593204555404,90.974609287417,91.6898981192937),.UNSPECIFIED.);
#101=FACE_OUTER_BOUND('',#219,.T.);
#102=FACE_OUTER_BOUND('',#220,.T.);
#103=FACE_OUTER_BOUND('',#221,.T.);
#104=FACE_OUTER_BOUND('',#222,.T.);
#105=FACE_OUTER_BOUND('',#223,.T.);
#106=FACE_OUTER_BOUND('',#224,.T.);
#107=FACE_OUTER_BOUND('',#225,.T.);
#108=FACE_OUTER_BOUND('',#226,.T.);
#109=FACE_OUTER_BOUND('',#227,.T.);
#110=FACE_OUTER_BOUND('',#228,.T.);
#111=FACE_OUTER_BOUND('',#229,.T.);
#112=FACE_OUTER_BOUND('',#230,.T.);
#113=FACE_OUTER_BOUND('',#231,.T.);
#114=FACE_OUTER_BOUND('',#232,.T.);
#115=FACE_OUTER_BOUND('',#233,.T.);
#116=FACE_OUTER_BOUND('',#234,.T.);
#117=FACE_OUTER_BOUND('',#235,.T.);
#118=FACE_OUTER_BOUND('',#236,.T.);
#119=FACE_OUTER_BOUND('',#237,.T.);
#120=FACE_OUTER_BOUND('',#238,.T.);
#121=FACE_OUTER_BOUND('',#239,.T.);
#122=FACE_OUTER_BOUND('',#240,.T.);
#123=FACE_OUTER_BOUND('',#241,.T.);
#124=FACE_OUTER_BOUND('',#242,.T.);
#125=FACE_OUTER_BOUND('',#243,.T.);
#126=FACE_OUTER_BOUND('',#244,.T.);
#127=FACE_OUTER_BOUND('',#245,.T.);
#128=FACE_OUTER_BOUND('',#246,.T.);
#129=FACE_OUTER_BOUND('',#247,.T.);
#130=FACE_OUTER_BOUND('',#248,.T.);
#131=FACE_OUTER_BOUND('',#249,.T.);
#132=FACE_OUTER_BOUND('',#250,.T.);
#133=FACE_OUTER_BOUND('',#251,.T.);
#134=FACE_OUTER_BOUND('',#252,.T.);
#135=FACE_OUTER_BOUND('',#253,.T.);
#136=FACE_OUTER_BOUND('',#254,.T.);
#137=FACE_OUTER_BOUND('',#255,.T.);
#138=FACE_OUTER_BOUND('',#256,.T.);
#139=FACE_OUTER_BOUND('',#257,.T.);
#140=FACE_OUTER_BOUND('',#258,.T.);
#141=FACE_OUTER_BOUND('',#259,.T.);
#142=FACE_OUTER_BOUND('',#260,.T.);
#143=FACE_OUTER_BOUND('',#261,.T.);
#144=FACE_OUTER_BOUND('',#262,.T.);
#145=FACE_OUTER_BOUND('',#263,.T.);
#146=FACE_OUTER_BOUND('',#264,.T.);
#147=FACE_OUTER_BOUND('',#265,.T.);
#148=FACE_OUTER_BOUND('',#266,.T.);
#149=FACE_OUTER_BOUND('',#267,.T.);
#150=FACE_OUTER_BOUND('',#268,.T.);
#151=FACE_OUTER_BOUND('',#269,.T.);
#152=FACE_OUTER_BOUND('',#271,.T.);
#153=FACE_OUTER_BOUND('',#273,.T.);
#154=FACE_OUTER_BOUND('',#274,.T.);
#155=FACE_OUTER_BOUND('',#275,.T.);
#156=FACE_OUTER_BOUND('',#277,.T.);
#157=FACE_OUTER_BOUND('',#278,.T.);
#158=FACE_OUTER_BOUND('',#279,.T.);
#159=FACE_OUTER_BOUND('',#280,.T.);
#160=FACE_OUTER_BOUND('',#281,.T.);
#161=FACE_OUTER_BOUND('',#282,.T.);
#162=FACE_OUTER_BOUND('',#283,.T.);
#163=FACE_OUTER_BOUND('',#284,.T.);
#164=FACE_OUTER_BOUND('',#285,.T.);
#165=FACE_OUTER_BOUND('',#286,.T.);
#166=FACE_OUTER_BOUND('',#287,.T.);
#167=FACE_OUTER_BOUND('',#288,.T.);
#168=FACE_OUTER_BOUND('',#289,.T.);
#169=FACE_OUTER_BOUND('',#290,.T.);
#170=FACE_OUTER_BOUND('',#291,.T.);
#171=FACE_OUTER_BOUND('',#292,.T.);
#172=FACE_OUTER_BOUND('',#293,.T.);
#173=FACE_OUTER_BOUND('',#294,.T.);
#174=FACE_OUTER_BOUND('',#295,.T.);
#175=FACE_OUTER_BOUND('',#296,.T.);
#176=FACE_OUTER_BOUND('',#297,.T.);
#177=FACE_OUTER_BOUND('',#298,.T.);
#178=FACE_OUTER_BOUND('',#299,.T.);
#179=FACE_OUTER_BOUND('',#300,.T.);
#180=FACE_OUTER_BOUND('',#301,.T.);
#181=FACE_OUTER_BOUND('',#302,.T.);
#182=FACE_OUTER_BOUND('',#303,.T.);
#183=FACE_OUTER_BOUND('',#304,.T.);
#184=FACE_OUTER_BOUND('',#305,.T.);
#185=FACE_OUTER_BOUND('',#306,.T.);
#186=FACE_OUTER_BOUND('',#307,.T.);
#187=FACE_OUTER_BOUND('',#308,.T.);
#188=FACE_OUTER_BOUND('',#309,.T.);
#189=FACE_OUTER_BOUND('',#310,.T.);
#190=FACE_OUTER_BOUND('',#311,.T.);
#191=FACE_OUTER_BOUND('',#312,.T.);
#192=FACE_OUTER_BOUND('',#313,.T.);
#193=FACE_OUTER_BOUND('',#314,.T.);
#194=FACE_OUTER_BOUND('',#315,.T.);
#195=FACE_OUTER_BOUND('',#316,.T.);
#196=FACE_OUTER_BOUND('',#317,.T.);
#197=FACE_OUTER_BOUND('',#318,.T.);
#198=FACE_OUTER_BOUND('',#319,.T.);
#199=FACE_OUTER_BOUND('',#320,.T.);
#200=FACE_OUTER_BOUND('',#321,.T.);
#201=FACE_OUTER_BOUND('',#322,.T.);
#202=FACE_OUTER_BOUND('',#323,.T.);
#203=FACE_OUTER_BOUND('',#324,.T.);
#204=FACE_OUTER_BOUND('',#325,.T.);
#205=FACE_OUTER_BOUND('',#326,.T.);
#206=FACE_OUTER_BOUND('',#327,.T.);
#207=FACE_OUTER_BOUND('',#328,.T.);
#208=FACE_OUTER_BOUND('',#329,.T.);
#209=FACE_OUTER_BOUND('',#330,.T.);
#210=FACE_OUTER_BOUND('',#331,.T.);
#211=FACE_OUTER_BOUND('',#332,.T.);
#212=FACE_OUTER_BOUND('',#333,.T.);
#213=FACE_OUTER_BOUND('',#334,.T.);
#214=FACE_OUTER_BOUND('',#335,.T.);
#215=FACE_OUTER_BOUND('',#336,.T.);
#216=FACE_OUTER_BOUND('',#351,.T.);
#217=FACE_OUTER_BOUND('',#366,.T.);
#218=FACE_OUTER_BOUND('',#367,.T.);
#219=EDGE_LOOP('',(#1373,#1374,#1375,#1376));
#220=EDGE_LOOP('',(#1377,#1378,#1379,#1380));
#221=EDGE_LOOP('',(#1381,#1382,#1383,#1384));
#222=EDGE_LOOP('',(#1385,#1386,#1387,#1388));
#223=EDGE_LOOP('',(#1389,#1390,#1391,#1392));
#224=EDGE_LOOP('',(#1393,#1394,#1395,#1396));
#225=EDGE_LOOP('',(#1397,#1398,#1399,#1400));
#226=EDGE_LOOP('',(#1401,#1402,#1403,#1404));
#227=EDGE_LOOP('',(#1405,#1406,#1407,#1408));
#228=EDGE_LOOP('',(#1409,#1410,#1411,#1412));
#229=EDGE_LOOP('',(#1413,#1414,#1415,#1416));
#230=EDGE_LOOP('',(#1417,#1418,#1419,#1420));
#231=EDGE_LOOP('',(#1421,#1422,#1423,#1424));
#232=EDGE_LOOP('',(#1425,#1426,#1427,#1428));
#233=EDGE_LOOP('',(#1429,#1430,#1431,#1432));
#234=EDGE_LOOP('',(#1433,#1434,#1435,#1436));
#235=EDGE_LOOP('',(#1437,#1438,#1439,#1440));
#236=EDGE_LOOP('',(#1441,#1442,#1443,#1444));
#237=EDGE_LOOP('',(#1445,#1446,#1447,#1448));
#238=EDGE_LOOP('',(#1449,#1450,#1451,#1452));
#239=EDGE_LOOP('',(#1453,#1454,#1455,#1456));
#240=EDGE_LOOP('',(#1457,#1458,#1459,#1460));
#241=EDGE_LOOP('',(#1461,#1462,#1463,#1464));
#242=EDGE_LOOP('',(#1465,#1466,#1467,#1468));
#243=EDGE_LOOP('',(#1469,#1470,#1471,#1472));
#244=EDGE_LOOP('',(#1473,#1474,#1475));
#245=EDGE_LOOP('',(#1476,#1477,#1478,#1479,#1480));
#246=EDGE_LOOP('',(#1481,#1482,#1483,#1484));
#247=EDGE_LOOP('',(#1485,#1486,#1487,#1488));
#248=EDGE_LOOP('',(#1489,#1490,#1491,#1492));
#249=EDGE_LOOP('',(#1493,#1494,#1495,#1496));
#250=EDGE_LOOP('',(#1497,#1498,#1499,#1500));
#251=EDGE_LOOP('',(#1501,#1502,#1503,#1504));
#252=EDGE_LOOP('',(#1505,#1506,#1507,#1508));
#253=EDGE_LOOP('',(#1509,#1510,#1511,#1512));
#254=EDGE_LOOP('',(#1513,#1514,#1515,#1516));
#255=EDGE_LOOP('',(#1517,#1518,#1519,#1520));
#256=EDGE_LOOP('',(#1521,#1522,#1523,#1524));
#257=EDGE_LOOP('',(#1525,#1526,#1527,#1528));
#258=EDGE_LOOP('',(#1529,#1530,#1531,#1532));
#259=EDGE_LOOP('',(#1533,#1534,#1535,#1536));
#260=EDGE_LOOP('',(#1537,#1538,#1539,#1540));
#261=EDGE_LOOP('',(#1541,#1542,#1543,#1544));
#262=EDGE_LOOP('',(#1545,#1546,#1547,#1548,#1549,#1550,#1551,#1552,#1553,
#1554,#1555,#1556,#1557));
#263=EDGE_LOOP('',(#1558,#1559,#1560,#1561,#1562,#1563,#1564,#1565,#1566,
#1567,#1568,#1569));
#264=EDGE_LOOP('',(#1570,#1571,#1572,#1573,#1574,#1575,#1576,#1577,#1578,
#1579,#1580,#1581,#1582));
#265=EDGE_LOOP('',(#1583,#1584,#1585,#1586));
#266=EDGE_LOOP('',(#1587,#1588,#1589,#1590));
#267=EDGE_LOOP('',(#1591,#1592,#1593,#1594,#1595,#1596,#1597,#1598,#1599,
#1600,#1601,#1602,#1603));
#268=EDGE_LOOP('',(#1604,#1605,#1606,#1607));
#269=EDGE_LOOP('',(#1608,#1609,#1610,#1611,#1612,#1613,#1614));
#270=EDGE_LOOP('',(#1615));
#271=EDGE_LOOP('',(#1616));
#272=EDGE_LOOP('',(#1617,#1618,#1619,#1620,#1621,#1622));
#273=EDGE_LOOP('',(#1623,#1624,#1625,#1626,#1627,#1628,#1629,#1630,#1631,
#1632,#1633,#1634,#1635,#1636,#1637,#1638));
#274=EDGE_LOOP('',(#1639,#1640,#1641,#1642,#1643,#1644,#1645,#1646,#1647,
#1648,#1649,#1650,#1651,#1652,#1653,#1654,#1655));
#275=EDGE_LOOP('',(#1656));
#276=EDGE_LOOP('',(#1657,#1658,#1659,#1660,#1661,#1662));
#277=EDGE_LOOP('',(#1663,#1664,#1665,#1666,#1667,#1668,#1669,#1670,#1671,
#1672,#1673,#1674,#1675,#1676,#1677,#1678));
#278=EDGE_LOOP('',(#1679,#1680,#1681,#1682,#1683,#1684,#1685,#1686,#1687,
#1688,#1689,#1690,#1691,#1692,#1693,#1694,#1695));
#279=EDGE_LOOP('',(#1696,#1697,#1698,#1699));
#280=EDGE_LOOP('',(#1700,#1701,#1702,#1703));
#281=EDGE_LOOP('',(#1704,#1705,#1706,#1707));
#282=EDGE_LOOP('',(#1708,#1709,#1710,#1711,#1712,#1713));
#283=EDGE_LOOP('',(#1714,#1715,#1716,#1717));
#284=EDGE_LOOP('',(#1718,#1719,#1720,#1721));
#285=EDGE_LOOP('',(#1722,#1723,#1724,#1725,#1726,#1727));
#286=EDGE_LOOP('',(#1728,#1729,#1730,#1731));
#287=EDGE_LOOP('',(#1732,#1733,#1734,#1735));
#288=EDGE_LOOP('',(#1736,#1737,#1738,#1739,#1740,#1741));
#289=EDGE_LOOP('',(#1742,#1743,#1744,#1745));
#290=EDGE_LOOP('',(#1746,#1747,#1748,#1749));
#291=EDGE_LOOP('',(#1750,#1751,#1752,#1753,#1754,#1755));
#292=EDGE_LOOP('',(#1756,#1757,#1758,#1759));
#293=EDGE_LOOP('',(#1760,#1761,#1762,#1763));
#294=EDGE_LOOP('',(#1764,#1765,#1766,#1767,#1768,#1769));
#295=EDGE_LOOP('',(#1770,#1771,#1772,#1773));
#296=EDGE_LOOP('',(#1774,#1775,#1776,#1777));
#297=EDGE_LOOP('',(#1778,#1779,#1780,#1781,#1782,#1783));
#298=EDGE_LOOP('',(#1784,#1785,#1786,#1787));
#299=EDGE_LOOP('',(#1788,#1789,#1790,#1791));
#300=EDGE_LOOP('',(#1792,#1793,#1794,#1795));
#301=EDGE_LOOP('',(#1796,#1797,#1798,#1799,#1800,#1801));
#302=EDGE_LOOP('',(#1802,#1803,#1804,#1805));
#303=EDGE_LOOP('',(#1806,#1807,#1808,#1809));
#304=EDGE_LOOP('',(#1810,#1811,#1812,#1813));
#305=EDGE_LOOP('',(#1814,#1815,#1816,#1817,#1818,#1819));
#306=EDGE_LOOP('',(#1820,#1821,#1822,#1823));
#307=EDGE_LOOP('',(#1824,#1825,#1826,#1827));
#308=EDGE_LOOP('',(#1828,#1829,#1830,#1831));
#309=EDGE_LOOP('',(#1832,#1833,#1834,#1835,#1836,#1837));
#310=EDGE_LOOP('',(#1838,#1839,#1840,#1841));
#311=EDGE_LOOP('',(#1842,#1843,#1844,#1845));
#312=EDGE_LOOP('',(#1846,#1847,#1848,#1849));
#313=EDGE_LOOP('',(#1850,#1851,#1852,#1853,#1854,#1855));
#314=EDGE_LOOP('',(#1856,#1857,#1858,#1859));
#315=EDGE_LOOP('',(#1860,#1861,#1862,#1863));
#316=EDGE_LOOP('',(#1864,#1865,#1866,#1867));
#317=EDGE_LOOP('',(#1868,#1869,#1870,#1871,#1872,#1873));
#318=EDGE_LOOP('',(#1874,#1875,#1876,#1877));
#319=EDGE_LOOP('',(#1878,#1879,#1880,#1881));
#320=EDGE_LOOP('',(#1882,#1883,#1884,#1885));
#321=EDGE_LOOP('',(#1886,#1887,#1888,#1889,#1890,#1891));
#322=EDGE_LOOP('',(#1892,#1893,#1894,#1895));
#323=EDGE_LOOP('',(#1896,#1897,#1898,#1899));
#324=EDGE_LOOP('',(#1900,#1901,#1902,#1903));
#325=EDGE_LOOP('',(#1904,#1905,#1906,#1907));
#326=EDGE_LOOP('',(#1908,#1909,#1910,#1911));
#327=EDGE_LOOP('',(#1912,#1913,#1914,#1915));
#328=EDGE_LOOP('',(#1916,#1917,#1918,#1919));
#329=EDGE_LOOP('',(#1920,#1921,#1922,#1923));
#330=EDGE_LOOP('',(#1924,#1925,#1926,#1927));
#331=EDGE_LOOP('',(#1928,#1929,#1930,#1931));
#332=EDGE_LOOP('',(#1932,#1933,#1934,#1935));
#333=EDGE_LOOP('',(#1936,#1937,#1938,#1939));
#334=EDGE_LOOP('',(#1940,#1941,#1942,#1943));
#335=EDGE_LOOP('',(#1944,#1945,#1946,#1947));
#336=EDGE_LOOP('',(#1948,#1949,#1950,#1951,#1952,#1953));
#337=EDGE_LOOP('',(#1954));
#338=EDGE_LOOP('',(#1955));
#339=EDGE_LOOP('',(#1956));
#340=EDGE_LOOP('',(#1957));
#341=EDGE_LOOP('',(#1958));
#342=EDGE_LOOP('',(#1959));
#343=EDGE_LOOP('',(#1960));
#344=EDGE_LOOP('',(#1961));
#345=EDGE_LOOP('',(#1962));
#346=EDGE_LOOP('',(#1963));
#347=EDGE_LOOP('',(#1964));
#348=EDGE_LOOP('',(#1965));
#349=EDGE_LOOP('',(#1966));
#350=EDGE_LOOP('',(#1967));
#351=EDGE_LOOP('',(#1968));
#352=EDGE_LOOP('',(#1969));
#353=EDGE_LOOP('',(#1970));
#354=EDGE_LOOP('',(#1971));
#355=EDGE_LOOP('',(#1972));
#356=EDGE_LOOP('',(#1973));
#357=EDGE_LOOP('',(#1974));
#358=EDGE_LOOP('',(#1975));
#359=EDGE_LOOP('',(#1976));
#360=EDGE_LOOP('',(#1977));
#361=EDGE_LOOP('',(#1978));
#362=EDGE_LOOP('',(#1979));
#363=EDGE_LOOP('',(#1980));
#364=EDGE_LOOP('',(#1981));
#365=EDGE_LOOP('',(#1982));
#366=EDGE_LOOP('',(#1983,#1984,#1985,#1986));
#367=EDGE_LOOP('',(#1987,#1988,#1989,#1990));
#368=EDGE_LOOP('',(#1991,#1992,#1993,#1994));
#369=EDGE_LOOP('',(#1995,#1996,#1997,#1998));
#370=EDGE_LOOP('',(#1999,#2000,#2001,#2002));
#371=EDGE_LOOP('',(#2003,#2004,#2005,#2006));
#372=EDGE_LOOP('',(#2007,#2008,#2009,#2010));
#373=EDGE_LOOP('',(#2011,#2012,#2013,#2014));
#374=CIRCLE('',#2217,14.21125);
#375=CIRCLE('',#2229,14.21125);
#376=CIRCLE('',#2231,15.12825);
#377=CIRCLE('',#2244,15.12825);
#378=CIRCLE('',#2246,16.566);
#379=CIRCLE('',#2248,16.566);
#380=CIRCLE('',#2257,17.225);
#381=CIRCLE('',#2267,17.225);
#382=CIRCLE('',#2269,16.566);
#383=CIRCLE('',#2271,15.5);
#384=CIRCLE('',#2272,15.5);
#385=CIRCLE('',#2275,18.);
#386=CIRCLE('',#2279,2.5);
#387=CIRCLE('',#2280,2.5);
#388=CIRCLE('',#2283,18.);
#389=CIRCLE('',#2285,2.5);
#390=CIRCLE('',#2286,2.5);
#391=CIRCLE('',#2289,18.);
#392=CIRCLE('',#2291,2.5);
#393=CIRCLE('',#2292,2.5);
#394=CIRCLE('',#2295,18.);
#395=CIRCLE('',#2297,2.5);
#396=CIRCLE('',#2298,2.5);
#397=CIRCLE('',#2301,18.);
#398=CIRCLE('',#2303,2.5);
#399=CIRCLE('',#2304,2.5);
#400=CIRCLE('',#2307,18.);
#401=CIRCLE('',#2309,2.5);
#402=CIRCLE('',#2310,2.5);
#403=CIRCLE('',#2313,18.);
#404=CIRCLE('',#2318,18.);
#405=CIRCLE('',#2323,18.);
#406=CIRCLE('',#2328,18.);
#407=CIRCLE('',#2333,18.);
#408=CIRCLE('',#2338,18.);
#409=CIRCLE('',#2343,18.);
#410=CIRCLE('',#2345,1.);
#411=CIRCLE('',#2346,1.);
#412=CIRCLE('',#2348,1.);
#413=CIRCLE('',#2349,1.);
#414=CIRCLE('',#2351,1.);
#415=CIRCLE('',#2352,1.);
#416=CIRCLE('',#2354,1.);
#417=CIRCLE('',#2355,1.);
#418=CIRCLE('',#2357,1.);
#419=CIRCLE('',#2358,1.);
#420=CIRCLE('',#2360,1.);
#421=CIRCLE('',#2361,1.);
#422=CIRCLE('',#2363,1.);
#423=CIRCLE('',#2364,1.);
#424=CIRCLE('',#2366,1.);
#425=CIRCLE('',#2367,1.);
#426=CIRCLE('',#2369,1.);
#427=CIRCLE('',#2370,1.);
#428=CIRCLE('',#2372,1.);
#429=CIRCLE('',#2373,1.);
#430=CIRCLE('',#2375,1.);
#431=CIRCLE('',#2376,1.);
#432=CIRCLE('',#2378,1.);
#433=CIRCLE('',#2379,1.);
#434=CIRCLE('',#2381,1.);
#435=CIRCLE('',#2382,1.);
#436=CIRCLE('',#2384,1.);
#437=CIRCLE('',#2385,1.);
#438=CIRCLE('',#2388,18.);
#439=B_SPLINE_CURVE_WITH_KNOTS('',3,(#2892,#2893,#2894,#2895,#2896,#2897,
#2898,#2899,#2900,#2901),.UNSPECIFIED.,.F.,.F.,(4,1,1,1,1,1,1,4),(-115.0630639366,
-114.05581285452,-113.048561772441,-112.041310690362,-111.034059608283,
-110.026808526203,-109.019557444124,-108.760559283132),.UNSPECIFIED.);
#440=B_SPLINE_CURVE_WITH_KNOTS('',3,(#2904,#2905,#2906,#2907,#2908,#2909,
#2910,#2911,#2912,#2913,#2914,#2915),.UNSPECIFIED.,.F.,.F.,(4,1,1,1,1,1,
1,1,1,4),(-10.8674407906629,-10.3089722573415,-9.3017211660532,-8.29447007476495,
-7.2872189834767,-6.27996789218845,-5.2727168009002,-4.26546570961195,-3.2582146183237,
-2.64021304259376),.UNSPECIFIED.);
#441=B_SPLINE_CURVE_WITH_KNOTS('',3,(#2920,#2921,#2922,#2923,#2924,#2925,
#2926,#2927,#2928,#2929,#2930,#2931,#2932),.UNSPECIFIED.,.F.,.F.,(4,1,1,
1,1,1,1,1,1,1,4),(-108.760559283132,-108.012306362045,-107.005055279965,
-105.997804197886,-104.990553115807,-103.983302033728,-102.976050951648,
-101.968799869569,-100.96154878749,-99.9542977054104,-99.7667537413511),
 .UNSPECIFIED.);
#442=B_SPLINE_CURVE_WITH_KNOTS('',3,(#2933,#2934,#2935,#2936,#2937,#2938,
#2939,#2940,#2941,#2942,#2943,#2944,#2945,#2946),.UNSPECIFIED.,.F.,.F.,
(4,1,1,1,1,1,1,1,1,1,1,4),(-19.8614438063844,-19.7099824426985,-19.038481715173,
-18.3669809876475,-17.3597298963592,-16.352478805071,-15.3452277137827,
-14.3379766224945,-13.3307255312062,-12.323474439918,-11.3162233486297,
-10.8674407906629),.UNSPECIFIED.);
#443=B_SPLINE_CURVE_WITH_KNOTS('',3,(#2951,#2952,#2953,#2954,#2955,#2956,
#2957,#2958,#2959,#2960,#2961,#2962,#2963,#2964,#2965,#2966,#2967),
 .UNSPECIFIED.,.F.,.F.,(4,1,1,1,1,1,1,1,1,1,1,1,1,1,4),(-99.7667537413511,
-98.9470466233311,-98.275545901945,-97.6040451805588,-96.9325444591726,
-96.2610437377864,-95.5895430164002,-94.918042295014,-94.2465415736278,
-93.5750408522416,-92.9035401308554,-92.2320394094693,-91.5605386880831,
-90.8890379666969,-90.77304891242),.UNSPECIFIED.);
#444=B_SPLINE_CURVE_WITH_KNOTS('',3,(#2968,#2969,#2970,#2971,#2972,#2973,
#2974,#2975,#2976,#2977,#2978,#2979,#2980,#2981,#2982,#2983),
 .UNSPECIFIED.,.F.,.F.,(4,1,1,1,1,1,1,1,1,1,1,1,1,4),(-28.8551905397741,
-28.43949190053,-27.4322408092417,-26.4249897179535,-25.753488990428,-25.0819882629025,
-24.410487535377,-23.7389868078515,-23.067486080326,-22.3959853528005,-21.724484625275,
-21.0529838977495,-20.381483170224,-19.8614438063844),.UNSPECIFIED.);
#445=B_SPLINE_CURVE_WITH_KNOTS('',3,(#2988,#2989,#2990,#2991,#2992,#2993,
#2994,#2995,#2996,#2997,#2998,#2999,#3000),.UNSPECIFIED.,.F.,.F.,(4,1,1,
1,1,1,1,1,1,1,4),(-90.77304891242,-89.8817868846176,-88.8745358025383,-87.867284720459,
-86.8600336383797,-85.8527825563004,-84.8455314742212,-83.8382803921419,
-82.8310293100626,-81.8237782279833,-81.7792544359334),.UNSPECIFIED.);
#446=B_SPLINE_CURVE_WITH_KNOTS('',3,(#3001,#3002,#3003,#3004,#3005,#3006,
#3007,#3008,#3009,#3010,#3011,#3012,#3013,#3014),.UNSPECIFIED.,.F.,.F.,
(4,1,1,1,1,1,1,1,1,1,1,4),(-37.8488627751225,-37.1690013583615,-36.497500630836,
-35.8259999033105,-35.154499175785,-34.4829984482595,-33.4757473569712,
-32.468496265683,-31.4612451743947,-30.4539940831065,-29.4467429918182,
-28.8551905397741),.UNSPECIFIED.);
#447=B_SPLINE_CURVE_WITH_KNOTS('',3,(#3019,#3020,#3021,#3022,#3023,#3024,
#3025,#3026,#3027,#3028,#3029,#3030),.UNSPECIFIED.,.F.,.F.,(4,1,1,1,1,1,
1,1,1,4),(-81.7792544359334,-80.816527145904,-79.8092760638247,-78.8020249817454,
-77.7947738996662,-76.7875228175869,-75.7802717355076,-74.7730206534283,
-73.765769571349,-72.7855536722126),.UNSPECIFIED.);
#448=B_SPLINE_CURVE_WITH_KNOTS('',3,(#3031,#3032,#3033,#3034,#3035,#3036,
#3037,#3038,#3039,#3040,#3041,#3042,#3043,#3044,#3045,#3046),
 .UNSPECIFIED.,.F.,.F.,(4,1,1,1,1,1,1,1,1,1,1,1,1,4),(-46.8427809424112,
-46.5700115437185,-45.898510816193,-45.2270100886675,-44.6301205530893,
-44.033231017511,-43.4363414819328,-42.5410071785655,-41.6456728751982,
-40.7503385718308,-39.8550042684635,-38.9596699650962,-38.0643356617288,
-37.8488627751225),.UNSPECIFIED.);
#449=B_SPLINE_CURVE_WITH_KNOTS('',3,(#3051,#3052,#3053,#3054,#3055,#3056,
#3057,#3058,#3059,#3060,#3061,#3062,#3063,#3064,#3065),.UNSPECIFIED.,.F.,
 .F.,(4,1,1,1,1,1,1,1,1,1,1,1,4),(-72.7855536722126,-72.7585184892697,-71.7512674071905,
-70.7440163251112,-69.7367652430319,-68.7295141609526,-67.7222630788733,
-66.715011996794,-66.0435112754078,-65.3720105540216,-64.7005098326354,
-64.0290091112493,-63.7916424968061),.UNSPECIFIED.);
#450=B_SPLINE_CURVE_WITH_KNOTS('',3,(#3066,#3067,#3068,#3069,#3070,#3071,
#3072,#3073,#3074,#3075,#3076,#3077,#3078,#3079,#3080,#3081,#3082),
 .UNSPECIFIED.,.F.,.F.,(4,1,1,1,1,1,1,1,1,1,1,1,1,1,4),(-55.8365284781371,
-55.29952100155,-54.6280202740245,-53.956519546499,-53.2850188189735,-52.613518091448,
-51.9420173639225,-51.270516636397,-50.5990159088715,-49.927515181346,-49.2560144538205,
-48.584513726295,-47.9130129987695,-47.241512271244,-46.8427809424112),
 .UNSPECIFIED.);
#451=B_SPLINE_CURVE_WITH_KNOTS('',3,(#3087,#3088,#3089,#3090,#3091,#3092,
#3093,#3094,#3095,#3096,#3097,#3098,#3099,#3100,#3101,#3102,#3103),
 .UNSPECIFIED.,.F.,.F.,(4,1,1,1,1,1,1,1,1,1,1,1,1,1,4),(-63.7916424968061,
-63.3575083898631,-62.6860076684769,-62.0145069470907,-61.3430062257045,
-60.6715055043183,-60.0000047829321,-59.3285040615459,-58.6570033401597,
-57.9855026187735,-57.3140018973874,-56.6425011760012,-55.971000454615,
-55.2994997332288,-54.7978906799442),.UNSPECIFIED.);
#452=B_SPLINE_CURVE_WITH_KNOTS('',3,(#3104,#3105,#3106,#3107,#3108,#3109,
#3110,#3111,#3112,#3113,#3114,#3115,#3116,#3117,#3118,#3119,#3120),
 .UNSPECIFIED.,.F.,.F.,(4,1,1,1,1,1,1,1,1,1,1,1,1,1,4),(-64.8304419161849,
-64.700531186907,-64.0290304593815,-63.357529731856,-62.6860290043305,-62.014528276805,
-61.3430275492795,-60.671526821754,-60.0000260942285,-59.328525366703,-58.6570246391775,
-57.7616903358102,-56.8663560324428,-55.9710217290755,-55.8365284781371),
 .UNSPECIFIED.);
#453=B_SPLINE_CURVE_WITH_KNOTS('',3,(#3125,#3126,#3127,#3128,#3129,#3130,
#3131,#3132,#3133,#3134,#3135,#3136,#3137,#3138,#3139,#3140,#3141,#3142),
 .UNSPECIFIED.,.F.,.F.,(4,1,1,1,1,1,1,1,1,1,1,1,1,1,1,4),(-54.7978906799442,
-54.6279990118426,-53.9564982904564,-53.2849975690702,-52.613496847684,
-51.9419961262978,-51.2704954049116,-50.5989946835255,-49.9274939621393,
-49.2559932407531,-48.5844925193669,-47.9129917979807,-47.2414910765945,
-46.5699903552083,-45.8984896338221,-45.8040208131665),.UNSPECIFIED.);
#454=B_SPLINE_CURVE_WITH_KNOTS('',3,(#3143,#3144,#3145,#3146,#3147,#3148,
#3149,#3150,#3151,#3152,#3153,#3154,#3155,#3156,#3157,#3158),
 .UNSPECIFIED.,.F.,.F.,(4,1,1,1,1,1,1,1,1,1,1,1,1,4),(-73.8244558112973,
-73.7657910085013,-72.758539917213,-72.0870391896875,-71.415538462162,-70.7440377346365,
-69.7367866433483,-69.2331610977041,-68.72953555206,-67.7222844607718,-66.7150333694835,
-66.043532641958,-65.3720319144325,-64.8304419161849),.UNSPECIFIED.);
#455=B_SPLINE_CURVE_WITH_KNOTS('',3,(#3163,#3164,#3165,#3166,#3167,#3168,
#3169,#3170,#3171,#3172,#3173,#3174,#3175,#3176,#3177,#3178,#3179),
 .UNSPECIFIED.,.F.,.F.,(4,1,1,1,1,1,1,1,1,1,1,1,1,1,4),(-45.8040208131665,
-45.2269889124359,-44.5554881910497,-43.8839874696636,-43.2124867482774,
-42.5409860268912,-41.6456517317096,-40.750317436528,-40.3026502889372,
-39.8549831413464,-39.2580936112253,-38.6612040811043,-38.0643145509832,
-37.1689802558016,-36.8101449684633),.UNSPECIFIED.);
#456=B_SPLINE_CURVE_WITH_KNOTS('',3,(#3180,#3181,#3182,#3183,#3184,#3185,
#3186,#3187,#3188,#3189,#3190,#3191),.UNSPECIFIED.,.F.,.F.,(4,1,1,1,1,1,
1,1,1,4),(-82.8180360181753,-81.8237997388073,-80.816548647519,-79.8092975562308,
-78.8020464649425,-77.7947953736543,-76.787544282366,-75.7802931910778,
-74.7730420997895,-73.8244558112973),.UNSPECIFIED.);
#457=B_SPLINE_CURVE_WITH_KNOTS('',3,(#3196,#3197,#3198,#3199,#3200,#3201,
#3202,#3203,#3204,#3205,#3206,#3207,#3208,#3209),.UNSPECIFIED.,.F.,.F.,
(4,1,1,1,1,1,1,1,1,1,1,4),(-36.8101449684633,-36.2736459606201,-35.3783116654385,
-34.4829773702569,-33.5876430750753,-32.6923087798937,-31.7969744847121,
-30.9016401895305,-30.006305894349,-29.1109715991674,-28.4394708777812,
-27.8164496877),.UNSPECIFIED.);
#458=B_SPLINE_CURVE_WITH_KNOTS('',3,(#3210,#3211,#3212,#3213,#3214,#3215,
#3216,#3217,#3218,#3219,#3220,#3221,#3222,#3223),.UNSPECIFIED.,.F.,.F.,
(4,1,1,1,1,1,1,1,1,1,1,4),(-91.8117787863343,-91.560560287927,-90.8890595604015,
-89.8818084691133,-88.8745573778251,-87.8673062865368,-86.8600551952485,
-85.8528041039603,-84.845553012672,-83.8383019213838,-82.8310508300955,
-82.8180360181753),.UNSPECIFIED.);
#459=B_SPLINE_CURVE_WITH_KNOTS('',3,(#3228,#3229,#3230,#3231,#3232,#3233,
#3234,#3235,#3236,#3237,#3238,#3239,#3240,#3241,#3242,#3243,#3244,#3245),
 .UNSPECIFIED.,.F.,.F.,(4,1,1,1,1,1,1,1,1,1,1,1,1,1,1,4),(-27.8164496877,
-27.767970156395,-27.0964694350088,-26.4249687136226,-25.529634418441,-25.0819672708502,
-24.6343001232594,-23.7389658280778,-23.0674651066916,-22.3959643853055,
-21.7244636639193,-21.0529629425331,-20.3814622211469,-19.7099614997607,
-19.0384607783745,-18.8225960524517),.UNSPECIFIED.);
#460=B_SPLINE_CURVE_WITH_KNOTS('',3,(#3246,#3247,#3248,#3249,#3250,#3251,
#3252,#3253,#3254,#3255,#3256,#3257,#3258,#3259,#3260,#3261),
 .UNSPECIFIED.,.F.,.F.,(4,1,1,1,1,1,1,1,1,1,1,1,1,4),(-100.805477781451,
-99.9543193819958,-98.9470682907076,-98.2755675631821,-97.6040668356566,
-96.9325661081311,-96.2610653806056,-95.2538142893173,-94.9180639255545,
-94.2465631980291,-93.5750624705036,-92.9035617429781,-92.2320610154526,
-91.8117787863343),.UNSPECIFIED.);
#461=B_SPLINE_CURVE_WITH_KNOTS('',3,(#3267,#3268,#3269,#3270,#3271,#3272,
#3273,#3274,#3275),.UNSPECIFIED.,.F.,.F.,(4,1,1,1,1,1,4),(-115.06308575132,
-114.055834660031,-113.048583568743,-112.041332477455,-111.034081386167,
-110.026830294878,-109.799307341262),.UNSPECIFIED.);
#462=B_SPLINE_CURVE_WITH_KNOTS('',3,(#3278,#3279,#3280,#3281,#3282,#3283,
#3284,#3285,#3286,#3287,#3288),.UNSPECIFIED.,.F.,.F.,(4,1,1,1,1,1,1,1,4),
(-9.82874374905656,-9.30170031827475,-8.29444923619547,-7.28719815411618,
-6.27994707203689,-5.27269598995761,-4.26544490787832,-3.25819382579904,
-2.64019124822508),.UNSPECIFIED.);
#463=B_SPLINE_CURVE_WITH_KNOTS('',3,(#3294,#3295,#3296,#3297),
 .UNSPECIFIED.,.F.,.F.,(4,4),(125.222692097613,126.108019403747),
 .UNSPECIFIED.);
#464=B_SPLINE_CURVE_WITH_KNOTS('',3,(#3300,#3301,#3302,#3303,#3304,#3305,
#3306,#3307),.UNSPECIFIED.,.F.,.F.,(4,1,1,1,1,4),(91.106186954104,91.136359165059,
91.6314398462735,92.126520527488,92.6216012087025,92.9386699165577),
 .UNSPECIFIED.);
#465=B_SPLINE_CURVE_WITH_KNOTS('',3,(#3312,#3313,#3314,#3315,#3316,#3317,
#3318,#3319,#3320,#3321,#3322,#3323,#3324,#3325,#3326,#3327,#3328,#3329,
#3330,#3331,#3332,#3333,#3334,#3335,#3336,#3337,#3338,#3339,#3340,#3341,
#3342),.UNSPECIFIED.,.F.,.F.,(4,3,3,3,3,3,3,3,3,3,4),(115.685238132628,
116.336514131811,117.4222746135,118.50803509519,119.593795576879,120.679556058569,
121.765316540258,122.851077021947,123.936837503637,125.022597985326,125.222692097613),
 .UNSPECIFIED.);
#466=B_SPLINE_CURVE_WITH_KNOTS('',3,(#3343,#3344,#3345,#3346,#3347,#3348,
#3349,#3350,#3351,#3352,#3353,#3354,#3355,#3356,#3357,#3358),
 .UNSPECIFIED.,.F.,.F.,(4,1,1,1,1,1,1,1,1,1,1,1,1,4),(84.8230016469244,
85.1953909904851,85.6904716716996,86.1855523529141,86.6806330341286,87.1757137153431,
87.6707943965576,88.1658750777721,88.6609557589866,89.1560364402011,89.6511171214156,
90.14619780263,90.6412784838445,91.106186954104),.UNSPECIFIED.);
#467=B_SPLINE_CURVE_WITH_KNOTS('',3,(#3363,#3364,#3365,#3366,#3367,#3368,
#3369,#3370,#3371,#3372,#3373,#3374,#3375,#3376,#3377,#3378,#3379,#3380,
#3381,#3382,#3383,#3384,#3385,#3386,#3387,#3388,#3389,#3390,#3391,#3392,
#3393),.UNSPECIFIED.,.F.,.F.,(4,3,3,3,3,3,3,3,3,3,4),(106.147721350161,
106.805891420646,107.771018205533,108.73614499042,109.821912623419,110.907680256417,
111.993447889415,113.079215522414,114.164983155412,115.25075078841,115.685238132628),
 .UNSPECIFIED.);
#468=B_SPLINE_CURVE_WITH_KNOTS('',3,(#3394,#3395,#3396,#3397,#3398,#3399,
#3400,#3401,#3402,#3403,#3404,#3405,#3406,#3407,#3408,#3409,#3410),
 .UNSPECIFIED.,.F.,.F.,(4,1,1,1,1,1,1,1,1,1,1,1,1,1,4),(78.5398163397448,
78.7593421346967,79.2544228159112,79.7495034971257,80.2445841783402,80.7396648595547,
81.2347455407692,81.7298262219837,82.2249069031982,82.7199875844127,83.2150682656272,
83.7101489468417,84.2052296280561,84.7003103092706,84.8230016469244),
 .UNSPECIFIED.);
#469=B_SPLINE_CURVE_WITH_KNOTS('',3,(#3415,#3416,#3417,#3418,#3419,#3420,
#3421,#3422,#3423,#3424,#3425,#3426,#3427,#3428,#3429,#3430,#3431,#3432,
#3433,#3434,#3435,#3436,#3437,#3438,#3439,#3440,#3441,#3442,#3443,#3444,
#3445,#3446,#3447,#3448,#3449,#3450,#3451,#3452,#3453,#3454,#3455,#3456,
#3457),.UNSPECIFIED.,.F.,.F.,(4,3,3,3,3,3,3,3,3,3,3,3,3,3,4),(96.6101915950208,
97.1546113394827,97.7980300712425,98.4414488030023,99.0848675347621,100.049995632402,
101.015123730041,101.980251827681,102.945379925321,103.588798657081,104.23221738884,
104.8756361206,105.35820016942,105.84076421824,106.147721350161),
 .UNSPECIFIED.);
#470=B_SPLINE_CURVE_WITH_KNOTS('',3,(#3458,#3459,#3460,#3461,#3462,#3463,
#3464,#3465,#3466,#3467,#3468,#3469,#3470,#3471,#3472,#3473,#3474),
 .UNSPECIFIED.,.F.,.F.,(4,1,1,1,1,1,1,1,1,1,1,1,1,1,4),(72.2566310325652,
72.3232932789084,72.8183739601228,73.3134546413373,73.8085353225518,74.3036160037663,
74.7986966849808,75.2937773661953,75.7888580474098,76.2839387286243,76.7790194098388,
77.2741000910533,77.7691807722678,78.2642614534822,78.5398163397448),
 .UNSPECIFIED.);
#471=B_SPLINE_CURVE_WITH_KNOTS('',3,(#3479,#3480,#3481,#3482,#3483,#3484,
#3485,#3486,#3487,#3488,#3489,#3490,#3491,#3492,#3493,#3494,#3495,#3496,
#3497,#3498,#3499,#3500,#3501,#3502,#3503,#3504,#3505,#3506,#3507,#3508,
#3509,#3510,#3511,#3512,#3513,#3514,#3515,#3516,#3517,#3518,#3519,#3520,
#3521,#3522,#3523,#3524),.UNSPECIFIED.,.F.,.F.,(4,3,3,3,3,3,3,3,3,3,3,3,
3,3,3,4),(87.072698581516,87.7446465408757,88.4684898255916,89.1923331103076,
89.9161763950236,90.6400196797395,91.3638629644555,92.0877062491715,92.8115495338875,
93.5353928186034,94.2592361033194,94.6211577456774,94.9830793880353,95.7069226727513,
96.4307659574673,96.6101915950208),.UNSPECIFIED.);
#472=B_SPLINE_CURVE_WITH_KNOTS('',3,(#3525,#3526,#3527,#3528,#3529,#3530,
#3531,#3532,#3533,#3534,#3535,#3536,#3537,#3538,#3539,#3540),
 .UNSPECIFIED.,.F.,.F.,(4,1,1,1,1,1,1,1,1,1,1,1,1,4),(65.9734457253856,
66.3823251043345,66.8774057855489,67.3724864667634,67.8675671479779,68.3626478291924,
68.8577285104069,69.3528091916214,69.8478898728359,70.3429705540504,70.8380512352649,
71.3331319164794,71.8282125976939,72.2566310325652),.UNSPECIFIED.);
#473=B_SPLINE_CURVE_WITH_KNOTS('',3,(#3545,#3546,#3547,#3548,#3549,#3550,
#3551,#3552,#3553,#3554,#3555,#3556,#3557,#3558,#3559,#3560,#3561,#3562,
#3563,#3564,#3565,#3566,#3567,#3568,#3569,#3570,#3571,#3572,#3573,#3574,
#3575,#3576,#3577,#3578,#3579,#3580,#3581,#3582,#3583,#3584,#3585,#3586,
#3587),.UNSPECIFIED.,.F.,.F.,(4,3,3,3,3,3,3,3,3,3,3,3,3,3,4),(77.5352923909596,
77.6109266898018,77.8522055882322,78.8173211819533,79.7824367756744,80.7475523693955,
81.7126679631166,82.6777835568378,83.6428991505589,84.286309546373,84.9297199421871,
85.5731303380012,86.296967033292,87.0208037285829,87.072698581516),
 .UNSPECIFIED.);
#474=B_SPLINE_CURVE_WITH_KNOTS('',3,(#3588,#3589,#3590,#3591,#3592,#3593,
#3594,#3595,#3596,#3597,#3598,#3599,#3600,#3601,#3602,#3603,#3604),
 .UNSPECIFIED.,.F.,.F.,(4,1,1,1,1,1,1,1,1,1,1,1,1,1,4),(59.690260418206,
59.9462762485461,60.4413569297606,60.936437610975,61.4315182921895,61.926598973404,
62.4216796546185,62.916760335833,63.4118410170475,63.906921698262,64.4020023794765,
64.897083060691,65.3921637419055,65.88724442312,65.9734457253856),
 .UNSPECIFIED.);
#475=B_SPLINE_CURVE_WITH_KNOTS('',3,(#3609,#3610,#3611,#3612,#3613,#3614,
#3615,#3616,#3617,#3618,#3619,#3620,#3621,#3622,#3623,#3624,#3625,#3626,
#3627,#3628,#3629,#3630,#3631,#3632,#3633,#3634,#3635,#3636,#3637,#3638,
#3639,#3640,#3641,#3642,#3643,#3644,#3645,#3646,#3647,#3648),
 .UNSPECIFIED.,.F.,.F.,(4,3,3,3,3,3,3,3,3,3,3,3,3,4),(67.9980239403767,
68.2011844570009,69.1662861124351,70.1313877678693,71.0964894233035,71.8203156648792,
72.5441419064548,73.2679681480305,73.9917943896062,74.7156206311818,75.4394468727575,
76.1632731143331,76.8870993559088,77.5352923909596),.UNSPECIFIED.);
#476=B_SPLINE_CURVE_WITH_KNOTS('',3,(#3649,#3650,#3651,#3652,#3653,#3654,
#3655,#3656,#3657,#3658,#3659,#3660,#3661,#3662,#3663,#3664,#3665),
 .UNSPECIFIED.,.F.,.F.,(4,1,1,1,1,1,1,1,1,1,1,1,1,1,4),(53.4070751110264,
53.5102273927577,54.0053080739722,54.5003887551867,54.9954694364012,55.4905501176156,
55.9856307988301,56.4807114800446,56.9757921612591,57.4708728424736,57.9659535236881,
58.4610342049026,58.9561148861171,59.4511955673316,59.690260418206),
 .UNSPECIFIED.);
#477=B_SPLINE_CURVE_WITH_KNOTS('',3,(#3670,#3671,#3672,#3673,#3674,#3675,
#3676,#3677,#3678,#3679,#3680,#3681,#3682,#3683,#3684,#3685,#3686,#3687,
#3688,#3689,#3690,#3691,#3692,#3693,#3694,#3695,#3696,#3697,#3698,#3699,
#3700,#3701,#3702,#3703,#3704,#3705,#3706,#3707,#3708,#3709,#3710,#3711,
#3712),.UNSPECIFIED.,.F.,.F.,(4,3,3,3,3,3,3,3,3,3,3,3,3,3,4),(58.460778377859,
58.7914654109184,59.5152899154205,60.2391144199227,60.9629389244248,61.686763428927,
62.4105879334292,63.1344124379313,63.8582369424335,64.5820614469356,65.3058859514378,
66.0297104559399,66.270985290774,67.2360846301102,67.9980239403767),
 .UNSPECIFIED.);
#478=B_SPLINE_CURVE_WITH_KNOTS('',3,(#3713,#3714,#3715,#3716,#3717,#3718,
#3719,#3720,#3721,#3722,#3723,#3724,#3725,#3726,#3727,#3728),
 .UNSPECIFIED.,.F.,.F.,(4,1,1,1,1,1,1,1,1,1,1,1,1,4),(47.1238898038468,
47.5692592181838,48.0643398993983,48.5594205806128,49.0545012618273,49.5495819430417,
50.0446626242562,50.5397433054707,51.0348239866852,51.5299046678997,52.0249853491142,
52.5200660303287,53.0151467115432,53.4070751110264),.UNSPECIFIED.);
#479=B_SPLINE_CURVE_WITH_KNOTS('',3,(#3733,#3734,#3735,#3736,#3737,#3738,
#3739,#3740,#3741,#3742,#3743,#3744,#3745,#3746,#3747,#3748,#3749,#3750,
#3751,#3752,#3753,#3754,#3755,#3756,#3757,#3758,#3759,#3760,#3761,#3762,
#3763,#3764,#3765,#3766,#3767,#3768,#3769,#3770,#3771,#3772),
 .UNSPECIFIED.,.F.,.F.,(4,3,3,3,3,3,3,3,3,3,3,3,3,4),(48.9233887024385,
49.8641666246116,50.829280547116,51.5531159889942,52.2769514308725,53.0007868727507,
53.7246223146289,54.4484577565072,55.1722931983854,55.8961286402637,56.6199640821419,
57.3437995240201,58.0676349658984,58.460778377859),.UNSPECIFIED.);
#480=B_SPLINE_CURVE_WITH_KNOTS('',3,(#3773,#3774,#3775,#3776,#3777,#3778,
#3779,#3780,#3781,#3782,#3783,#3784,#3785,#3786,#3787,#3788,#3789),
 .UNSPECIFIED.,.F.,.F.,(4,1,1,1,1,1,1,1,1,1,1,1,1,1,4),(40.8407044966672,
41.1332103623954,41.6282910436099,42.1233717248244,42.6184524060389,43.1135330872534,
43.6086137684678,44.1036944496823,44.5987751308968,45.0938558121113,45.5889364933258,
46.0840171745403,46.5790978557548,47.0741785369693,47.1238898038468),
 .UNSPECIFIED.);
#481=B_SPLINE_CURVE_WITH_KNOTS('',3,(#3794,#3795,#3796,#3797,#3798,#3799,
#3800,#3801,#3802,#3803,#3804,#3805,#3806,#3807,#3808,#3809,#3810,#3811,
#3812,#3813,#3814,#3815,#3816,#3817,#3818,#3819,#3820,#3821,#3822,#3823,
#3824,#3825,#3826,#3827,#3828,#3829,#3830,#3831,#3832,#3833),
 .UNSPECIFIED.,.F.,.F.,(4,3,3,3,3,3,3,3,3,3,3,3,3,4),(39.3859049999946,
39.971660666209,40.6955032442609,41.4193458223128,42.1431884003647,43.1083118377673,
44.0734352751699,45.0385587125725,46.003682149975,46.9688055873776,47.9339290247802,
48.2556368372477,48.8990524621827,48.9233887024385),.UNSPECIFIED.);
#482=B_SPLINE_CURVE_WITH_KNOTS('',3,(#3834,#3835,#3836,#3837,#3838,#3839,
#3840,#3841,#3842,#3843,#3844,#3845,#3846,#3847,#3848,#3849,#3850),
 .UNSPECIFIED.,.F.,.F.,(4,1,1,1,1,1,1,1,1,1,1,1,1,1,4),(34.5575191894876,
34.697161506607,35.1922421878215,35.687322869036,36.1824035502505,36.677484231465,
37.1725649126795,37.667645593894,38.1627262751084,38.6578069563229,39.1528876375374,
39.6479683187519,40.1430489999664,40.6381296811809,40.8407044966672),
 .UNSPECIFIED.);
#483=B_SPLINE_CURVE_WITH_KNOTS('',3,(#3855,#3856,#3857,#3858,#3859,#3860,
#3861,#3862,#3863,#3864,#3865,#3866,#3867,#3868,#3869,#3870,#3871,#3872,
#3873,#3874,#3875,#3876,#3877,#3878,#3879,#3880,#3881,#3882,#3883,#3884,
#3885),.UNSPECIFIED.,.F.,.F.,(4,3,3,3,3,3,3,3,3,3,4),(29.8483774435747,
30.5616665769306,31.6474354364666,32.7332042960026,33.8189731555387,34.9047420150747,
35.9905108746107,37.0762797341467,38.1620485936827,39.2478174532187,39.3859049999946),
 .UNSPECIFIED.);
#484=B_SPLINE_CURVE_WITH_KNOTS('',3,(#3886,#3887,#3888,#3889,#3890,#3891,
#3892,#3893,#3894,#3895,#3896,#3897,#3898,#3899,#3900,#3901),
 .UNSPECIFIED.,.F.,.F.,(4,1,1,1,1,1,1,1,1,1,1,1,1,4),(28.2743338823081,
28.7561933320331,29.2512740132476,29.7463546944621,30.2414353756766,30.7365160568911,
31.2315967381056,31.7266774193201,32.2217581005345,32.716838781749,33.2119194629635,
33.707000144178,34.2020808253925,34.5575191894876),.UNSPECIFIED.);
#485=B_SPLINE_CURVE_WITH_KNOTS('',3,(#3906,#3907,#3908,#3909,#3910,#3911,
#3912,#3913,#3914,#3915,#3916,#3917,#3918,#3919,#3920,#3921,#3922,#3923,
#3924,#3925,#3926,#3927,#3928,#3929,#3930,#3931,#3932,#3933,#3934,#3935,
#3936,#3937,#3938,#3939,#3940,#3941,#3942,#3943,#3944,#3945,#3946,#3947,
#3948),.UNSPECIFIED.,.F.,.F.,(4,3,3,3,3,3,3,3,3,3,3,3,3,3,4),(20.3108557696763,
20.789752428311,21.8755206181639,22.5993660780657,23.3232115379676,24.0470569978695,
24.7709024577714,25.4947479176733,26.2185933775751,26.942438837477,27.6662842973789,
28.3901297572808,29.1139752171827,29.8378206770845,29.8483774435747),
 .UNSPECIFIED.);
#486=B_SPLINE_CURVE_WITH_KNOTS('',3,(#3949,#3950,#3951,#3952,#3953,#3954,
#3955,#3956,#3957,#3958,#3959,#3960,#3961,#3962,#3963,#3964,#3965),
 .UNSPECIFIED.,.F.,.F.,(4,1,1,1,1,1,1,1,1,1,1,1,1,1,4),(21.9911485751285,
22.3201444762447,22.8152251574592,23.3103058386737,23.8053865198882,24.3004672011027,
24.7955478823172,25.2906285635317,25.7857092447462,26.2807899259606,26.7758706071751,
27.2709512883896,27.7660319696041,28.2611126508186,28.2743338823081),
 .UNSPECIFIED.);
#487=B_SPLINE_CURVE_WITH_KNOTS('',3,(#3971,#3972,#3973,#3974,#3975,#3976),
 .UNSPECIFIED.,.F.,.F.,(4,1,1,4),(14.3988535768129,14.8939342580273,15.3890149392418,
15.7079632679489),.UNSPECIFIED.);
#488=B_SPLINE_CURVE_WITH_KNOTS('',3,(#3979,#3980,#3981,#3982,#3983,#3984,
#3985,#3986,#3987,#3988,#3989,#3990,#3991),.UNSPECIFIED.,.F.,.F.,(4,3,3,
3,4),(6.89065241082795,7.76086202066089,8.84653211661861,9.93220221257633,
10.7733897740199),.UNSPECIFIED.);
#489=B_SPLINE_CURVE_WITH_KNOTS('',3,(#3997,#3998,#3999,#4000,#4001,#4002,
#4003,#4004,#4005,#4006,#4007,#4008,#4009),.UNSPECIFIED.,.F.,.F.,(4,3,3,
3,4),(90.3434460805594,90.4083358900872,91.2381352493558,92.0679346086244,
92.1098866415376),.UNSPECIFIED.);
#490=B_SPLINE_CURVE_WITH_KNOTS('',3,(#4015,#4016,#4017,#4018,#4019,#4020,
#4021,#4022,#4023,#4024,#4025,#4026,#4027,#4028,#4029,#4030,#4031,#4032,
#4033,#4034,#4035,#4036,#4037,#4038,#4039,#4040,#4041,#4042,#4043,#4044,
#4045,#4046,#4047,#4048,#4049,#4050,#4051,#4052,#4053,#4054,#4055,#4056,
#4057),.UNSPECIFIED.,.F.,.F.,(4,3,3,3,3,3,3,3,3,3,3,3,3,3,4),(79.9007253585092,
80.1726269505459,81.2791911255117,82.109114256736,82.9390373879604,83.7689605191847,
84.5988836504091,85.4288067816334,86.2587299128578,87.0886530440821,87.9185761753064,
88.7484993065308,89.1634608721429,89.5784224377551,90.3434460805594),
 .UNSPECIFIED.);
#491=B_SPLINE_CURVE_WITH_KNOTS('',3,(#4060,#4061,#4062,#4063,#4064,#4065,
#4066,#4067,#4068,#4069,#4070,#4071,#4072,#4073),.UNSPECIFIED.,.F.,.F.,
(4,1,1,1,1,1,1,1,1,1,1,4),(59.6902604182061,59.914199662796,60.4058487654591,
60.8974978681223,61.3891469707854,61.8807960734485,62.3724451761117,62.8640942787748,
63.3557433814379,63.8473924841011,64.3390415867642,64.8306906894273),
 .UNSPECIFIED.);
#492=B_SPLINE_CURVE_WITH_KNOTS('',3,(#4078,#4079,#4080,#4081,#4082,#4083,
#4084,#4085,#4086,#4087,#4088,#4089,#4090,#4091,#4092,#4093,#4094,#4095,
#4096,#4097,#4098,#4099,#4100,#4101,#4102,#4103,#4104,#4105,#4106,#4107,
#4108,#4109,#4110,#4111,#4112,#4113,#4114,#4115,#4116,#4117),
 .UNSPECIFIED.,.F.,.F.,(4,3,3,3,3,3,3,3,3,3,3,3,3,4),(69.4580295860552,
69.6602917548347,70.2135725204181,71.320134051585,72.4266955827518,73.1644032701964,
73.9021109576409,74.6398186450855,75.37752633253,76.1152340199746,76.8529417074191,
77.959503238586,79.0660647697528,79.9007253585092),.UNSPECIFIED.);
#493=B_SPLINE_CURVE_WITH_KNOTS('',3,(#4118,#4119,#4120,#4121,#4122,#4123,
#4124,#4125,#4126,#4127,#4128,#4129,#4130,#4131,#4132,#4133,#4134),
 .UNSPECIFIED.,.F.,.F.,(4,1,1,1,1,1,1,1,1,1,1,1,1,1,4),(53.4070751110265,
53.5227613281753,54.0144104308384,54.5060595335016,54.9977086361647,55.4893577388278,
55.981006841491,56.4726559441541,56.9643050468172,57.4559541494803,57.9476032521435,
58.4392523548066,58.9309014574697,59.4225505601329,59.6902604182061),
 .UNSPECIFIED.);
#494=B_SPLINE_CURVE_WITH_KNOTS('',3,(#4139,#4140,#4141,#4142,#4143,#4144,
#4145,#4146,#4147,#4148,#4149,#4150,#4151,#4152,#4153,#4154,#4155,#4156,
#4157,#4158,#4159,#4160,#4161,#4162,#4163,#4164,#4165,#4166,#4167,#4168,
#4169,#4170,#4171,#4172,#4173,#4174,#4175,#4176,#4177,#4178,#4179,#4180,
#4181),.UNSPECIFIED.,.F.,.F.,(4,3,3,3,3,3,3,3,3,3,3,3,3,3,4),(59.0154158131122,
59.1480381671328,60.2545910091819,61.3611438512311,62.0988457459305,62.8365476406299,
63.5742495353294,64.1275259563539,64.4041641668662,64.6808023773785,65.7873552194277,
66.8939080614768,68.000460903526,69.1070137455751,69.4580295860552),
 .UNSPECIFIED.);
#495=B_SPLINE_CURVE_WITH_KNOTS('',3,(#4182,#4183,#4184,#4185,#4186,#4187,
#4188,#4189,#4190,#4191,#4192,#4193,#4194,#4195,#4196,#4197,#4198),
 .UNSPECIFIED.,.F.,.F.,(4,1,1,1,1,1,1,1,1,1,1,1,1,1,4),(47.1238898038469,
47.1313229935546,47.6229720962177,48.1146211988809,48.606270301544,49.0979194042071,
49.5895685068703,50.0812176095334,50.5728667121965,51.0645158148597,51.5561649175228,
52.0478140201859,52.539463122849,53.0311122255122,53.4070751110265),
 .UNSPECIFIED.);
#496=B_SPLINE_CURVE_WITH_KNOTS('',3,(#4203,#4204,#4205,#4206,#4207,#4208,
#4209,#4210,#4211,#4212,#4213,#4214,#4215,#4216,#4217,#4218,#4219,#4220,
#4221,#4222,#4223,#4224,#4225,#4226,#4227,#4228,#4229,#4230,#4231,#4232,
#4233,#4234,#4235,#4236,#4237,#4238,#4239),.UNSPECIFIED.,.F.,.F.,(4,3,3,
3,3,3,3,3,3,3,3,3,4),(48.5729419122717,48.820348199706,49.3121428754695,
50.2957322269965,51.0334242406417,51.771116254287,52.5088082679323,53.6153462884001,
54.721884308868,55.8284223293359,56.9349603498038,58.0414983702717,59.0154158131122),
 .UNSPECIFIED.);
#497=B_SPLINE_CURVE_WITH_KNOTS('',3,(#4240,#4241,#4242,#4243,#4244,#4245,
#4246,#4247,#4248,#4249,#4250,#4251,#4252,#4253,#4254,#4255),
 .UNSPECIFIED.,.F.,.F.,(4,1,1,1,1,1,1,1,1,1,1,1,1,4),(40.8407044966673,
41.231533761597,41.7231828642602,42.2148319669233,42.7064810695864,43.1981301722496,
43.6897792749127,44.1814283775758,44.673077480239,45.1647265829021,45.6563756855652,
46.1480247882284,46.6396738908915,47.1238898038469),.UNSPECIFIED.);
#498=B_SPLINE_CURVE_WITH_KNOTS('',3,(#4260,#4261,#4262,#4263,#4264,#4265,
#4266,#4267,#4268,#4269,#4270,#4271,#4272,#4273,#4274,#4275,#4276,#4277,
#4278,#4279,#4280,#4281,#4282,#4283,#4284,#4285,#4286,#4287,#4288,#4289,
#4290,#4291,#4292,#4293),.UNSPECIFIED.,.F.,.F.,(4,3,3,3,3,3,3,3,3,3,3,4),
(38.1305652415713,39.230439011322,40.3369667287966,41.4434944462713,42.5500221637459,
43.6565498812205,44.7630775986951,45.8696053161698,46.6072904611528,47.3449756061359,
48.082660751119,48.5729419122717),.UNSPECIFIED.);
#499=B_SPLINE_CURVE_WITH_KNOTS('',3,(#4294,#4295,#4296,#4297,#4298,#4299,
#4300,#4301,#4302,#4303,#4304,#4305,#4306,#4307,#4308,#4309,#4310),
 .UNSPECIFIED.,.F.,.F.,(4,1,1,1,1,1,1,1,1,1,1,1,1,1,4),(34.5575191894877,
34.8400954269763,35.3317445296395,35.8233936323026,36.3150427349657,36.8066918376289,
37.298340940292,37.7899900429551,38.2816391456183,38.7732882482814,39.2649373509445,
39.7565864536077,40.2482355562708,40.7398846589339,40.8407044966673),
 .UNSPECIFIED.);
#500=B_SPLINE_CURVE_WITH_KNOTS('',3,(#4315,#4316,#4317,#4318,#4319,#4320,
#4321,#4322,#4323,#4324,#4325,#4326,#4327,#4328,#4329,#4330,#4331,#4332,
#4333,#4334,#4335,#4336,#4337,#4338,#4339,#4340,#4341,#4342,#4343,#4344,
#4345,#4346,#4347,#4348,#4349,#4350,#4351,#4352,#4353,#4354,#4355,#4356,
#4357),.UNSPECIFIED.,.F.,.F.,(4,3,3,3,3,3,3,3,3,3,3,3,3,3,4),(27.6880332516749,
28.1650136119235,29.2715577878072,30.3781019636909,31.1157980809468,31.8534941982026,
32.5911903154584,33.3288864327142,34.0665825499701,34.8042786672259,35.5419747844817,
36.2796709017375,37.0173670189934,38.1239111948771,38.1305652415713),
 .UNSPECIFIED.);
#501=B_SPLINE_CURVE_WITH_KNOTS('',3,(#4358,#4359,#4360,#4361,#4362,#4363,
#4364,#4365,#4366,#4367,#4368,#4369,#4370,#4371,#4372,#4373,#4374),
 .UNSPECIFIED.,.F.,.F.,(4,1,1,1,1,1,1,1,1,1,1,1,1,1,4),(28.2743338823081,
28.4486570923557,28.9403061950188,29.4319552976819,29.923604400345,30.4152535030082,
30.9069026056713,31.3985517083344,31.8902008109976,32.3818499136607,32.8734990163238,
33.365148118987,33.8567972216501,34.3484463243132,34.5575191894877),
 .UNSPECIFIED.);
#502=B_SPLINE_CURVE_WITH_KNOTS('',3,(#4379,#4380,#4381,#4382,#4383,#4384,
#4385,#4386,#4387,#4388,#4389,#4390,#4391,#4392,#4393,#4394,#4395,#4396,
#4397,#4398,#4399,#4400,#4401,#4402,#4403,#4404,#4405,#4406,#4407,#4408,
#4409,#4410,#4411,#4412,#4413,#4414,#4415,#4416,#4417,#4418),
 .UNSPECIFIED.,.F.,.F.,(4,3,3,3,3,3,3,3,3,3,3,3,3,4),(17.2453827421888,
18.2060084118428,19.3125651466956,20.0502696365975,20.7879741264994,21.5256786164012,
22.3555961675408,23.1855137186804,24.0154312698201,24.8453488209597,25.6752663720993,
26.5051839232389,27.3351014743785,27.6880332516749),.UNSPECIFIED.);
#503=B_SPLINE_CURVE_WITH_KNOTS('',3,(#4419,#4420,#4421,#4422,#4423,#4424,
#4425,#4426,#4427,#4428,#4429,#4430,#4431,#4432,#4433,#4434,#4435),
 .UNSPECIFIED.,.F.,.F.,(4,1,1,1,1,1,1,1,1,1,1,1,1,1,4),(21.9911485751285,
22.057218757735,22.5488678603981,23.0405169630612,23.5321660657244,24.0238151683875,
24.5154642710506,25.0071133737137,25.4987624763769,25.99041157904,26.4820606817031,
26.9737097843663,27.4653588870294,27.9570079896925,28.2743338823081),
 .UNSPECIFIED.);
#504=B_SPLINE_CURVE_WITH_KNOTS('',3,(#4440,#4441,#4442,#4443,#4444,#4445,
#4446,#4447,#4448,#4449,#4450,#4451,#4452,#4453,#4454,#4455,#4456,#4457,
#4458,#4459,#4460,#4461,#4462,#4463,#4464,#4465,#4466,#4467,#4468,#4469,
#4470,#4471,#4472,#4473,#4474,#4475,#4476,#4477,#4478,#4479,#4480,#4481,
#4482),.UNSPECIFIED.,.F.,.F.,(4,3,3,3,3,3,3,3,3,3,3,3,3,3,4),(6.80267122165672,
7.00206162510512,7.41702282507558,8.24694522501651,9.07686762495743,9.90679002489835,
10.7367124248393,11.5666348247802,12.3965572247211,13.226479624662,14.056402024603,
14.8863244245439,15.9928876244651,17.0994508243863,17.2453827421888),
 .UNSPECIFIED.);
#505=B_SPLINE_CURVE_WITH_KNOTS('',3,(#4483,#4484,#4485,#4486,#4487,#4488,
#4489,#4490,#4491,#4492,#4493,#4494,#4495,#4496,#4497,#4498),
 .UNSPECIFIED.,.F.,.F.,(4,1,1,1,1,1,1,1,1,1,1,1,1,4),(15.7079632679489,
16.1574295257774,16.6490786284405,17.1407277311037,17.6323768337668,18.1240259364299,
18.615675039093,19.1073241417562,19.5989732444193,20.0906223470824,20.5822714497456,
21.0739205524087,21.5655696550718,21.9911485751285),.UNSPECIFIED.);
#506=B_SPLINE_CURVE_WITH_KNOTS('',3,(#4504,#4505,#4506,#4507,#4508,#4509,
#4510),.UNSPECIFIED.,.F.,.F.,(4,1,1,1,4),(-92.8435193617283,-92.6264721475216,
-91.7882687183057,-90.9500652890897,-90.6338436410021),.UNSPECIFIED.);
#507=B_SPLINE_CURVE_WITH_KNOTS('',3,(#4513,#4514,#4515,#4516,#4517),
 .UNSPECIFIED.,.F.,.F.,(4,1,4),(-1.09972091318203,-0.424094239354831,0.414109185210311),
 .UNSPECIFIED.);
#508=B_SPLINE_CURVE_WITH_KNOTS('',3,(#4522,#4523,#4524,#4525,#4526,#4527,
#4528,#4529,#4530,#4531,#4532,#4533,#4534,#4535,#4536,#4537,#4538),
 .UNSPECIFIED.,.F.,.F.,(4,1,1,1,1,1,1,1,1,1,1,1,1,1,4),(-90.6338436410021,
-90.1118618598738,-89.2736584306579,-88.435455001442,-87.5972515722261,
-86.7590481430102,-85.9208447137943,-85.0826412845784,-84.2444378553625,
-83.4062344261466,-82.5680309969307,-81.7298275677148,-80.8916241384988,
-80.0534207092829,-79.8733022053634),.UNSPECIFIED.);
#509=B_SPLINE_CURVE_WITH_KNOTS('',3,(#4539,#4540,#4541,#4542,#4543,#4544,
#4545,#4546,#4547,#4548,#4549,#4550,#4551,#4552,#4553,#4554,#4555),
 .UNSPECIFIED.,.F.,.F.,(4,1,1,1,1,1,1,1,1,1,1,1,1,1,4),(-11.8602760729324,
-11.3207387587017,-10.4825353341365,-9.6443319095714,-8.80612848500626,
-7.96792506044111,-7.12972163587597,-6.29151821131083,-5.45331478674569,
-4.61511136218054,-3.7769079376154,-2.93870451305026,-2.10050108848512,
-1.26229766391997,-1.09972091318203),.UNSPECIFIED.);
#510=B_SPLINE_CURVE_WITH_KNOTS('',3,(#4560,#4561,#4562,#4563,#4564,#4565,
#4566,#4567,#4568,#4569,#4570,#4571,#4572),.UNSPECIFIED.,.F.,.F.,(4,1,1,
1,1,1,1,1,1,1,4),(-79.8733022053634,-78.935816136995,-77.8182115647072,
-76.7006069924193,-75.5830024201314,-74.4653978478435,-73.3477932755557,
-72.2301887032678,-71.1125841309799,-69.994979558692,-69.1130809384993),
 .UNSPECIFIED.);
#511=B_SPLINE_CURVE_WITH_KNOTS('',3,(#4573,#4574,#4575,#4576,#4577,#4578,
#4579,#4580,#4581,#4582,#4583,#4584,#4585,#4586,#4587,#4588,#4589),
 .UNSPECIFIED.,.F.,.F.,(4,1,1,1,1,1,1,1,1,1,1,1,1,1,4),(-22.6206353392072,
-21.9379821365268,-20.9445558555607,-20.4478427150777,-19.7027730043531,
-18.9577032936285,-18.212633582904,-17.4675638721794,-16.7224941614548,
-15.9774244507303,-15.2323547400057,-14.1147501739188,-12.997145607832,
-12.1589421832668,-11.8602760729324),.UNSPECIFIED.);
#512=B_SPLINE_CURVE_WITH_KNOTS('',3,(#4594,#4595,#4596,#4597,#4598,#4599,
#4600,#4601,#4602,#4603,#4604,#4605,#4606,#4607,#4608,#4609),
 .UNSPECIFIED.,.F.,.F.,(4,1,1,1,1,1,1,1,1,1,1,1,1,4),(-69.1130809384993,
-68.8773749864041,-67.7597704141162,-66.6421658418284,-65.5245612695405,
-64.4069566972526,-63.2893521249647,-62.1717475526769,-61.4266778378183,
-60.6816081229597,-59.9365384081011,-59.1914686932425,-58.4463989783839,
-58.352418491684),.UNSPECIFIED.);
#513=B_SPLINE_CURVE_WITH_KNOTS('',3,(#4610,#4611,#4612,#4613,#4614,#4615,
#4616,#4617,#4618,#4619,#4620,#4621,#4622,#4623,#4624,#4625),
 .UNSPECIFIED.,.F.,.F.,(4,1,1,1,1,1,1,1,1,1,1,1,1,4),(-33.3812919795433,
-33.1140277973954,-32.3689580866708,-31.6238883759462,-30.8788186652217,
-30.3200163821782,-29.7612140991348,-28.643609533048,-27.5260049669611,
-26.4084004008742,-25.2907958347874,-24.1731912687005,-23.0555867026137,
-22.6206353392072),.UNSPECIFIED.);
#514=B_SPLINE_CURVE_WITH_KNOTS('',3,(#4630,#4631,#4632,#4633,#4634,#4635,
#4636,#4637,#4638,#4639,#4640,#4641,#4642,#4643,#4644),.UNSPECIFIED.,.F.,
 .F.,(4,1,1,1,1,1,1,1,1,1,1,1,4),(-58.352418491684,-57.7013292635253,-56.9562595486667,
-56.2111898338082,-55.4661201189496,-54.3485155466617,-53.2309109743738,
-52.1133064020859,-50.9957018297981,-49.8780972575102,-48.7604926852223,
-48.0154229703637,-47.5920131709005),.UNSPECIFIED.);
#515=B_SPLINE_CURVE_WITH_KNOTS('',3,(#4645,#4646,#4647,#4648,#4649,#4650,
#4651,#4652,#4653,#4654,#4655,#4656,#4657,#4658,#4659,#4660),
 .UNSPECIFIED.,.F.,.F.,(4,1,1,1,1,1,1,1,1,1,1,1,1,4),(-44.1416870237021,
-43.5450037475394,-42.7999340368148,-42.0548643260902,-40.9372597600034,
-39.8196551939165,-38.7020506278297,-37.5844460617428,-36.8393763510182,
-36.0943066402937,-35.3492369295691,-34.355810648603,-33.85909750812,-33.3812919795433),
 .UNSPECIFIED.);
#516=B_SPLINE_CURVE_WITH_KNOTS('',3,(#4665,#4666,#4667,#4668,#4669,#4670,
#4671,#4672,#4673,#4674,#4675,#4676,#4677,#4678,#4679),.UNSPECIFIED.,.F.,
 .F.,(4,1,1,1,1,1,1,1,1,1,1,1,4),(-47.5920131709005,-47.2703532555051,-46.5252835406465,
-45.780213825788,-45.0351441109294,-44.2900743960708,-43.1724698237829,
-42.054865251495,-40.9372606792071,-39.8196561069193,-38.7020515346314,
-37.5844469623435,-36.8315799985067),.UNSPECIFIED.);
#517=B_SPLINE_CURVE_WITH_KNOTS('',3,(#4680,#4681,#4682,#4683,#4684,#4685,
#4686,#4687,#4688,#4689,#4690,#4691,#4692,#4693,#4694,#4695,#4696),
 .UNSPECIFIED.,.F.,.F.,(4,1,1,1,1,1,1,1,1,1,1,1,1,1,4),(-54.902174066403,
-54.3485145530457,-53.2309099869588,-52.113305420872,-51.5545031378285,
-50.9957008547851,-49.8780962886982,-48.7604917226114,-47.6428871565245,
-47.0840848734811,-46.5252825904377,-45.7802128797131,-45.0351431689885,
-44.290073458264,-44.1416870237021),.UNSPECIFIED.);
#518=B_SPLINE_CURVE_WITH_KNOTS('',3,(#4701,#4702,#4703,#4704,#4705,#4706,
#4707,#4708,#4709,#4710,#4711,#4712,#4713,#4714,#4715,#4716,#4717),
 .UNSPECIFIED.,.F.,.F.,(4,1,1,1,1,1,1,1,1,1,1,1,1,1,4),(-36.8315799985067,
-36.4668423900556,-35.3492378177678,-34.3558115312896,-33.8590983880506,
-33.114028673192,-32.3689589583334,-31.6238892434748,-30.8788195286162,
-30.1337498137576,-29.3886800988991,-28.6436103840405,-27.5260058117526,
-26.4084012394647,-26.070920342478),.UNSPECIFIED.);
#519=B_SPLINE_CURVE_WITH_KNOTS('',3,(#4718,#4719,#4720,#4721,#4722,#4723,
#4724,#4725,#4726,#4727,#4728,#4729,#4730,#4731),.UNSPECIFIED.,.F.,.F.,
(4,1,1,1,1,1,1,1,1,1,1,4),(-65.6627780283622,-65.5245602139142,-64.4069556478274,
-63.2893510817405,-62.1717465156537,-61.0541419495668,-59.93653738348,-58.8189328173931,
-57.7013282513062,-56.5837236852194,-55.4661191191325,-54.902174066403),
 .UNSPECIFIED.);
#520=B_SPLINE_CURVE_WITH_KNOTS('',3,(#4736,#4737,#4738,#4739,#4740,#4741,
#4742,#4743,#4744,#4745,#4746,#4747,#4748,#4749,#4750,#4751),
 .UNSPECIFIED.,.F.,.F.,(4,1,1,1,1,1,1,1,1,1,1,1,1,4),(-26.070920342478,
-25.5701978102488,-24.7319943810329,-23.893790951817,-23.0555875226011,
-22.2173840933852,-21.3791806641693,-20.5409772349533,-19.7027738057374,
-18.5851692334496,-17.4675646611617,-16.3499600888738,-15.5117566596579,
-15.3105372509825),.UNSPECIFIED.);
#521=B_SPLINE_CURVE_WITH_KNOTS('',3,(#4752,#4753,#4754,#4755,#4756,#4757,
#4758,#4759,#4760,#4761,#4762,#4763,#4764,#4765,#4766,#4767),
 .UNSPECIFIED.,.F.,.F.,(4,1,1,1,1,1,1,1,1,1,1,1,1,4),(-76.4231351427408,
-75.8624024502177,-75.0241990256525,-74.1859956010874,-73.3477921765222,
-72.5095887519571,-71.6713853273919,-70.8331819028268,-69.9949784782617,
-69.1567750536965,-68.3185716291314,-67.4803682045662,-66.6421647800011,
-65.6627780283622),.UNSPECIFIED.);
#522=B_SPLINE_CURVE_WITH_KNOTS('',3,(#4772,#4773,#4774,#4775,#4776,#4777,
#4778,#4779,#4780,#4781,#4782,#4783,#4784,#4785,#4786,#4787,#4788),
 .UNSPECIFIED.,.F.,.F.,(4,1,1,1,1,1,1,1,1,1,1,1,1,1,4),(-15.3105372509825,
-14.673553230442,-13.8353498012261,-12.9971463720102,-12.1589429427942,
-11.3207395135783,-10.4825360843624,-9.64433265514652,-8.80612922593061,
-7.9679257967147,-7.12972236749879,-6.29151893828288,-5.45331550906697,
-4.61511207985106,-4.54996003699891),.UNSPECIFIED.);
#523=B_SPLINE_CURVE_WITH_KNOTS('',3,(#4789,#4790,#4791,#4792,#4793,#4794,
#4795,#4796,#4797,#4798,#4799,#4800,#4801,#4802,#4803,#4804,#4805,#4806),
 .UNSPECIFIED.,.F.,.F.,(4,1,1,1,1,1,1,1,1,1,1,1,1,1,1,4),(-87.1836555163991,
-86.7590469695645,-85.9208435449994,-85.0826401204342,-84.2444366958691,
-83.4062332713039,-82.5680298467388,-81.7298264221737,-81.3107247098911,
-80.8916229976085,-80.0534195730434,-79.2152161484782,-78.3770127239131,
-77.5388092993479,-76.7006058747828,-76.4231351427408),.UNSPECIFIED.);
#524=B_SPLINE_CURVE_WITH_KNOTS('',3,(#5364,#5365,#5366,#5367,#5368,#5369,
#5370,#5371,#5372,#5373,#5374,#5375,#5376,#5377,#5378,#5379,#5380,#5381,
#5382,#5383,#5384,#5385,#5386,#5387,#5388,#5389,#5390,#5391,#5392,#5393,
#5394),.UNSPECIFIED.,.F.,.F.,(4,3,3,3,3,3,3,3,3,3,4),(0.,0.0325236341826474,
0.0661550722989392,0.100305188734059,0.134031642290084,0.166723571732417,
0.183051184206135,0.208909784778163,0.262852731702951,0.320926755682816,
0.379000779662681),.UNSPECIFIED.);
#525=B_SPLINE_CURVE_WITH_KNOTS('',3,(#5395,#5396,#5397,#5398,#5399,#5400,
#5401,#5402,#5403,#5404,#5405),.UNSPECIFIED.,.F.,.F.,(4,1,1,1,1,1,1,1,4),
(-92.8435186148293,-92.6264709415205,-91.7882675169554,-90.9500640923902,
-90.1118606678251,-89.2736572432599,-88.4354538186948,-87.5972503941296,
-87.1836555163991),.UNSPECIFIED.);
#526=B_SPLINE_CURVE_WITH_KNOTS('',3,(#5407,#5408,#5409,#5410,#5411,#5412,
#5413,#5414,#5415,#5416,#5417,#5418,#5419,#5420,#5421,#5422,#5423,#5424,
#5425,#5426,#5427,#5428,#5429,#5430,#5431,#5432,#5433,#5434,#5435,#5436,
#5437),.UNSPECIFIED.,.F.,.F.,(4,3,3,3,3,3,3,3,3,3,4),(0.,0.0322541036717683,
0.0654630351873331,0.0992145446817065,0.132709653882594,0.165425806182633,
0.183051184008103,0.208909784626349,0.262860074941253,0.320930427159875,
0.379000779378496),.UNSPECIFIED.);
#527=B_SPLINE_CURVE_WITH_KNOTS('',3,(#5438,#5439,#5440,#5441,#5442,#5443,
#5444,#5445,#5446,#5447,#5448,#5449,#5450,#5451,#5452,#5453,#5454,#5455,
#5456,#5457,#5458,#5459,#5460,#5461,#5462,#5463,#5464,#5465,#5466,#5467,
#5468,#5469,#5470,#5471,#5472,#5473,#5474,#5475,#5476,#5477,#5478,#5479,
#5480,#5481,#5482,#5483,#5484,#5485,#5486,#5487,#5488,#5489,#5490,#5491,
#5492,#5493,#5494,#5495,#5496,#5497,#5498,#5499,#5500,#5501,#5502,#5503,
#5504,#5505,#5506,#5507,#5508,#5509,#5510,#5511,#5512,#5513,#5514,#5515,
#5516,#5517,#5518,#5519,#5520,#5521,#5522,#5523,#5524,#5525,#5526,#5527,
#5528,#5529,#5530,#5531,#5532,#5533,#5534,#5535,#5536,#5537,#5538,#5539,
#5540,#5541,#5542,#5543,#5544,#5545,#5546,#5547,#5548),.UNSPECIFIED.,.F.,
 .F.,(4,1,1,1,1,1,1,1,1,1,1,1,1,1,1,1,1,1,1,1,1,1,1,1,1,1,1,1,1,1,1,1,1,
1,1,1,1,1,1,1,1,1,1,1,1,1,1,1,1,1,1,1,1,1,1,1,1,1,1,1,1,1,1,1,1,1,1,1,1,
1,1,1,1,1,1,1,1,1,1,1,1,1,1,1,1,1,1,1,1,1,1,1,1,1,1,1,1,1,1,1,1,1,1,1,1,
1,1,1,4),(0.207048152730694,0.424094239354831,1.26229766391997,2.10050108848512,
2.93870451305026,3.7769079376154,4.61511136218054,5.45331478674569,6.29151821131083,
7.12972163587597,7.96792506044111,8.80612848500626,9.6443319095714,10.4825353341365,
11.3207387587017,12.1589421832668,12.997145607832,14.1147501739188,15.2323547400057,
15.9774244507303,16.7224941614548,17.4675638721794,18.212633582904,18.9577032936285,
19.7027730043531,20.4478427150777,20.9445558555607,21.9379821365268,23.0555867026137,
24.1731912687005,25.2907958347874,26.4084004008742,27.5260049669611,28.643609533048,
29.7612140991348,30.3200163821782,30.8788186652217,31.6238883759462,32.3689580866708,
33.1140277973954,33.85909750812,34.355810648603,35.3492369295691,36.0943066402937,
36.8393763510182,37.5844460617428,38.7020506278297,39.8196551939165,40.9372597600034,
42.0548643260902,42.7999340368148,43.5450037475394,44.290073458264,45.0351431689885,
45.7802128797131,46.5252825904377,47.0840848734811,47.6428871565245,48.7604917226114,
49.8780962886982,50.9957008547851,51.5545031378285,52.113305420872,53.2309099869588,
54.3485145530457,55.4661191191325,56.5837236852194,57.7013282513062,58.8189328173931,
59.93653738348,61.0541419495668,62.1717465156537,63.2893510817405,64.4069556478274,
65.5245602139142,66.6421647800011,67.4803682045662,68.3185716291314,69.1567750536965,
69.9949784782617,70.8331819028268,71.6713853273919,72.5095887519571,73.3477921765222,
74.1859956010874,75.0241990256525,75.8624024502177,76.7006058747828,77.5388092993479,
78.3770127239131,79.2152161484782,80.0534195730434,80.8916229976085,81.3107247098911,
81.7298264221737,82.5680298467388,83.4062332713039,84.2444366958691,85.0826401204342,
85.9208435449994,86.7590469695645,87.5972503941296,88.4354538186948,89.2736572432599,
90.1118606678251,90.9500640923902,91.7882675169554,92.6264709415205,93.4646743660857),
 .UNSPECIFIED.);
#528=B_SPLINE_CURVE_WITH_KNOTS('',3,(#6018,#6019,#6020,#6021,#6022,#6023,
#6024,#6025,#6026,#6027,#6028,#6029,#6030,#6031,#6032,#6033,#6034,#6035,
#6036,#6037,#6038,#6039,#6040,#6041,#6042,#6043,#6044,#6045,#6046,#6047,
#6048,#6049,#6050,#6051,#6052,#6053,#6054,#6055,#6056,#6057,#6058,#6059,
#6060,#6061,#6062,#6063,#6064,#6065,#6066,#6067,#6068,#6069,#6070,#6071,
#6072,#6073,#6074,#6075,#6076,#6077,#6078,#6079,#6080,#6081,#6082,#6083,
#6084,#6085,#6086,#6087,#6088,#6089,#6090,#6091,#6092,#6093,#6094,#6095,
#6096,#6097,#6098,#6099,#6100,#6101,#6102,#6103,#6104,#6105,#6106,#6107,
#6108,#6109,#6110,#6111,#6112,#6113,#6114),.UNSPECIFIED.,.F.,.F.,(4,3,3,
3,3,3,3,3,3,3,3,3,3,3,3,3,3,3,3,3,3,3,3,3,3,3,3,3,3,3,3,3,4),(-3.5432038505327,
-3.43340227621109,-3.34563768200716,-3.23615345913857,-3.14683092745949,
-3.12383866193869,-3.10994563036492,-3.09711541705191,-2.98747396580687,
-2.87718342219341,-2.76707552621892,-2.70569994609068,-2.67861618387437,
-2.66458626374575,-2.55362276981258,-2.52157320570594,-2.41157689419871,
-2.30070443716199,-2.18953970920357,-2.07872777249926,-2.02964841586488,
-2.01706044687699,-2.00656062729251,-1.89510805185196,-1.78318475404689,
-1.68609291942423,-1.57459938709028,-1.46272596553155,-1.3594959642658,
-1.34820126639604,-1.23673896862012,-1.1241515350892,-1.04980596046853),
 .UNSPECIFIED.);
#529=B_SPLINE_CURVE_WITH_KNOTS('',3,(#6115,#6116,#6117,#6118,#6119,#6120,
#6121,#6122,#6123,#6124,#6125,#6126,#6127,#6128,#6129),.UNSPECIFIED.,.F.,
 .F.,(4,1,1,1,1,1,1,1,1,1,1,1,4),(10.3764180272042,10.749289396483,11.2409384991461,
11.7325876018092,12.2242367044724,12.7158858071355,13.2075349097986,13.6991840124617,
14.1908331151249,14.682482217788,15.1741313204511,15.6657804231143,15.7079632679489),
 .UNSPECIFIED.);
#530=B_SPLINE_CURVE_WITH_KNOTS('',3,(#6130,#6131,#6132,#6133,#6134,#6135,
#6136,#6137,#6138,#6139,#6140,#6141,#6142,#6143,#6144,#6145,#6146,#6147,
#6148,#6149,#6150,#6151,#6152,#6153,#6154,#6155,#6156,#6157,#6158,#6159,
#6160,#6161,#6162,#6163,#6164,#6165,#6166,#6167,#6168,#6169,#6170,#6171,
#6172,#6173,#6174,#6175,#6176,#6177,#6178,#6179,#6180,#6181,#6182,#6183,
#6184,#6185,#6186,#6187,#6188,#6189,#6190,#6191,#6192,#6193,#6194,#6195,
#6196,#6197,#6198,#6199,#6200,#6201,#6202,#6203,#6204,#6205,#6206,#6207,
#6208,#6209,#6210,#6211,#6212,#6213,#6214,#6215,#6216,#6217,#6218,#6219,
#6220,#6221,#6222,#6223,#6224,#6225,#6226,#6227,#6228,#6229),
 .UNSPECIFIED.,.F.,.F.,(4,3,3,3,3,3,3,3,3,3,3,3,3,3,3,3,3,3,3,3,3,3,3,3,
3,3,3,3,3,3,3,3,3,4),(1.04980596046817,1.16250680096027,1.27485066895475,
1.3132731300213,1.33469368093015,1.34655684595254,1.35579988644628,1.46697904829222,
1.57892607862402,1.69065315997058,1.80113596995189,1.88898205365738,1.99305478226526,
2.0121717379379,2.0221630107784,2.13214993801296,2.24304973815557,2.35425478306405,
2.46473616029457,2.57424046193406,2.64790217222723,2.66429869816994,2.68095416905783,
2.7215638825204,2.83137467300361,2.94171430883557,3.05194717676894,3.08765658486243,
3.10532892503929,3.11817519152,3.22799973647866,3.33762301670336,3.44600327011765,
3.5432038505327),.UNSPECIFIED.);
#531=B_SPLINE_CURVE_WITH_KNOTS('',3,(#6762,#6763,#6764,#6765,#6766,#6767,
#6768,#6769,#6770,#6771,#6772,#6773,#6774,#6775,#6776,#6777,#6778,#6779,
#6780,#6781,#6782,#6783,#6784,#6785,#6786,#6787,#6788,#6789,#6790,#6791,
#6792,#6793,#6794,#6795),.UNSPECIFIED.,.F.,.F.,(4,3,3,3,3,3,3,3,3,3,3,4),
(0.,0.10519636128289,0.209278325442234,0.307020566148125,0.313360289601578,
0.360987068192392,0.421157152786583,0.482486074665268,0.544672121890133,
0.606346248226289,0.665915539298789,0.698242358752718),.UNSPECIFIED.);
#532=B_SPLINE_CURVE_WITH_KNOTS('',3,(#6797,#6798,#6799,#6800,#6801,#6802,
#6803,#6804,#6805,#6806,#6807,#6808,#6809,#6810,#6811,#6812,#6813,#6814,
#6815,#6816,#6817,#6818,#6819,#6820,#6821,#6822,#6823,#6824,#6825,#6826,
#6827,#6828,#6829,#6830,#6831,#6832,#6833,#6834,#6835,#6836,#6837,#6838,
#6839,#6840,#6841,#6842,#6843,#6844,#6845,#6846,#6847,#6848,#6849,#6850,
#6851,#6852,#6853,#6854,#6855,#6856,#6857,#6858,#6859,#6860,#6861,#6862,
#6863,#6864,#6865,#6866,#6867,#6868,#6869,#6870,#6871,#6872,#6873,#6874,
#6875,#6876,#6877,#6878,#6879,#6880,#6881,#6882,#6883,#6884,#6885,#6886,
#6887,#6888,#6889,#6890,#6891,#6892,#6893,#6894,#6895,#6896,#6897,#6898,
#6899,#6900,#6901,#6902),.UNSPECIFIED.,.F.,.F.,(4,1,1,1,1,1,1,1,1,1,1,1,
1,1,1,1,1,1,1,1,1,1,1,1,1,1,1,1,1,1,1,1,1,1,1,1,1,1,1,1,1,1,1,1,1,1,1,1,
1,1,1,1,1,1,1,1,1,1,1,1,1,1,1,1,1,1,1,1,1,1,1,1,1,1,1,1,1,1,1,1,1,1,1,1,
1,1,1,1,1,1,1,1,1,1,1,1,1,1,1,1,1,1,1,4),(0.207049299140045,0.424094933771511,
1.26229836298742,2.10050179220333,2.93870522141924,3.77690865063515,4.61511207985106,
5.45331550906697,6.29151893828288,7.12972236749879,7.9679257967147,8.80612922593061,
9.64433265514652,10.4825360843624,11.3207395135783,12.1589429427942,12.9971463720102,
13.8353498012261,14.673553230442,15.5117566596579,16.3499600888738,17.4675646611617,
18.5851692334496,19.7027738057374,20.5409772349533,21.3791806641693,22.2173840933852,
23.0555875226011,23.893790951817,24.7319943810329,25.5701978102488,26.4084012394647,
27.5260058117526,28.6436103840405,29.3886800988991,30.1337498137576,30.8788195286162,
31.6238892434748,32.3689589583334,33.114028673192,33.8590983880506,34.3558115312896,
35.3492378177678,36.4668423900556,37.5844469623435,38.7020515346314,39.8196561069193,
40.9372606792071,42.054865251495,43.1724698237829,44.2900743960708,45.0351441109294,
45.780213825788,46.5252835406465,47.2703532555051,48.0154229703637,48.7604926852223,
49.8780972575102,50.9957018297981,52.1133064020859,53.2309109743738,54.3485155466617,
55.4661201189496,56.2111898338082,56.9562595486667,57.7013292635253,58.4463989783839,
59.1914686932425,59.9365384081011,60.6816081229597,61.4266778378183,62.1717475526769,
63.2893521249647,64.4069566972526,65.5245612695405,66.6421658418284,67.7597704141162,
68.8773749864041,69.994979558692,71.1125841309799,72.2301887032678,73.3477932755557,
74.4653978478435,75.5830024201314,76.7006069924193,77.8182115647072,78.935816136995,
80.0534207092829,80.8916241384988,81.7298275677148,82.5680309969307,83.4062344261466,
84.2444378553625,85.0826412845784,85.9208447137943,86.7590481430102,87.5972515722261,
88.435455001442,89.2736584306579,90.1118618598738,90.9500652890897,91.7882687183057,
92.6264721475216,93.4646755767375),.UNSPECIFIED.);
#533=B_SPLINE_CURVE_WITH_KNOTS('',3,(#6903,#6904,#6905,#6906,#6907,#6908,
#6909,#6910,#6911,#6912,#6913,#6914,#6915,#6916,#6917,#6918,#6919,#6920,
#6921,#6922,#6923,#6924,#6925,#6926,#6927,#6928,#6929,#6930,#6931,#6932,
#6933,#6934,#6935,#6936),.UNSPECIFIED.,.F.,.F.,(4,3,3,3,3,3,3,3,3,3,3,4),
(0.,0.105342475061913,0.209351382318851,0.307074441961892,0.313360289575789,
0.360987068147587,0.421124487468519,0.482766088284886,0.545744856697698,
0.608227218376466,0.668273528022321,0.69824235858316),.UNSPECIFIED.);
#534=B_SPLINE_CURVE_WITH_KNOTS('',3,(#6937,#6938,#6939,#6940,#6941,#6942,
#6943,#6944,#6945),.UNSPECIFIED.,.F.,.F.,(4,1,1,1,1,1,4),(-4.54996003699891,
-3.77690865063515,-2.93870522141924,-2.10050179220333,-1.26229836298742,
-0.424094933771511,0.414108495444399),.UNSPECIFIED.);
#535=B_SPLINE_CURVE_WITH_KNOTS('',3,(#6951,#6952,#6953,#6954,#6955,#6956,
#6957,#6958,#6959,#6960,#6961,#6962,#6963,#6964,#6965,#6966,#6967,#6968,
#6969,#6970,#6971,#6972),.UNSPECIFIED.,.F.,.F.,(4,3,3,3,3,3,3,4),(1.60760082350787,
2.4375176644362,3.26743450536452,4.09735134629285,4.92726818722118,5.7571850281495,
6.58710186907783,6.80267122165672),.UNSPECIFIED.);
#536=B_SPLINE_CURVE_WITH_KNOTS('',3,(#7421,#7422,#7423,#7424,#7425,#7426,
#7427,#7428,#7429,#7430,#7431,#7432,#7433,#7434,#7435,#7436,#7437,#7438,
#7439,#7440,#7441,#7442,#7443,#7444,#7445,#7446,#7447,#7448,#7449,#7450,
#7451,#7452,#7453,#7454,#7455,#7456,#7457,#7458,#7459,#7460,#7461,#7462,
#7463,#7464,#7465,#7466,#7467,#7468,#7469,#7470,#7471,#7472,#7473,#7474,
#7475,#7476,#7477,#7478,#7479,#7480,#7481,#7482,#7483,#7484,#7485,#7486,
#7487,#7488,#7489,#7490,#7491,#7492,#7493,#7494,#7495,#7496,#7497,#7498,
#7499,#7500,#7501,#7502,#7503,#7504,#7505,#7506,#7507,#7508,#7509,#7510,
#7511,#7512,#7513,#7514,#7515,#7516,#7517),.UNSPECIFIED.,.F.,.F.,(4,3,3,
3,3,3,3,3,3,3,3,3,3,3,3,3,3,3,3,3,3,3,3,3,3,3,3,3,3,3,3,3,4),(3.3255072811522,
3.43434894630556,3.54389086843582,3.65352909237955,3.76262681153728,3.78885236733781,
3.79986381079691,3.90984342424077,4.02027841913113,4.11748317776223,4.22765703768265,
4.33802629795809,4.41596153046388,4.44323859802225,4.45399538565941,4.5639153564205,
4.67506889644737,4.78630282533642,4.89673898896301,4.96150815800441,5.06820851446441,
5.09162168557455,5.10477862481178,5.11522160279832,5.22531901196472,5.33659809381841,
5.4485432866955,5.56033383851015,5.67141804847814,5.74326452908127,5.76952774885177,
5.78096038765493,5.81511100968439),.UNSPECIFIED.);
#537=B_SPLINE_CURVE_WITH_KNOTS('',3,(#7518,#7519,#7520,#7521,#7522,#7523,
#7524,#7525,#7526,#7527,#7528,#7529,#7530,#7531,#7532,#7533,#7534,#7535,
#7536,#7537,#7538,#7539,#7540,#7541,#7542,#7543,#7544,#7545,#7546,#7547,
#7548,#7549,#7550,#7551,#7552,#7553,#7554,#7555,#7556,#7557,#7558,#7559,
#7560,#7561,#7562,#7563,#7564,#7565,#7566,#7567,#7568,#7569,#7570,#7571,
#7572,#7573,#7574,#7575,#7576,#7577,#7578,#7579,#7580,#7581,#7582,#7583,
#7584,#7585,#7586,#7587,#7588,#7589,#7590,#7591,#7592,#7593,#7594,#7595,
#7596,#7597,#7598,#7599,#7600,#7601,#7602,#7603,#7604,#7605,#7606,#7607,
#7608,#7609,#7610,#7611,#7612,#7613,#7614,#7615,#7616,#7617,#7618,#7619,
#7620),.UNSPECIFIED.,.F.,.F.,(4,3,3,3,3,3,3,3,3,3,3,3,3,3,3,3,3,3,3,3,3,
3,3,3,3,3,3,3,3,3,3,3,3,3,4),(1.58815839600814,1.69746733718456,1.80698178174466,
1.88399527531986,1.90635131026218,1.92025768344277,1.93116395750435,2.04032862556015,
2.1506406980884,2.26100135441097,2.3705671309508,2.42308973034626,2.52865820741032,
2.56250926269411,2.57372975318155,2.58482918604653,2.6941124868867,2.80456547764307,
2.92033349494699,3.03119821253102,3.14130500186187,3.20447127436032,3.23332509906677,
3.24379908692384,3.26763754685876,3.37727196927578,3.48818919993208,3.59991052965507,
3.71183714372074,3.82290093178499,3.88690489708567,3.8983227671133,3.90952061158916,
4.0219443598937,4.07891679298769),.UNSPECIFIED.);
#538=B_SPLINE_CURVE_WITH_KNOTS('',3,(#8322,#8323,#8324,#8325,#8326,#8327,
#8328,#8329,#8330,#8331,#8332,#8333,#8334,#8335,#8336,#8337,#8338,#8339,
#8340,#8341,#8342,#8343,#8344,#8345,#8346,#8347,#8348,#8349),
 .UNSPECIFIED.,.F.,.F.,(4,3,3,3,3,3,3,3,3,4),(0.,0.0832294604055138,0.151340288849977,
0.19433713932183,0.223785389473209,0.263705825784424,0.304310167257965,
0.345195521027725,0.385847787828317,0.421628864296354),.UNSPECIFIED.);
#539=B_SPLINE_CURVE_WITH_KNOTS('',3,(#8351,#8352,#8353,#8354,#8355,#8356,
#8357,#8358,#8359,#8360,#8361,#8362,#8363,#8364,#8365,#8366,#8367,#8368,
#8369,#8370,#8371,#8372,#8373,#8374,#8375,#8376,#8377,#8378,#8379,#8380,
#8381,#8382,#8383,#8384,#8385,#8386,#8387,#8388,#8389,#8390,#8391,#8392,
#8393,#8394,#8395,#8396,#8397,#8398,#8399,#8400,#8401,#8402,#8403,#8404,
#8405,#8406,#8407,#8408,#8409,#8410,#8411,#8412,#8413,#8414,#8415,#8416,
#8417,#8418,#8419,#8420,#8421,#8422,#8423,#8424,#8425,#8426,#8427,#8428,
#8429,#8430,#8431,#8432,#8433,#8434,#8435,#8436,#8437,#8438,#8439,#8440,
#8441,#8442,#8443,#8444,#8445,#8446,#8447,#8448,#8449,#8450,#8451,#8452,
#8453,#8454,#8455,#8456,#8457,#8458,#8459,#8460,#8461,#8462,#8463,#8464,
#8465,#8466,#8467,#8468,#8469,#8470,#8471,#8472,#8473,#8474,#8475,#8476,
#8477,#8478,#8479,#8480,#8481,#8482,#8483,#8484,#8485,#8486,#8487,#8488),
 .UNSPECIFIED.,.F.,.F.,(4,1,1,1,1,1,1,1,1,1,1,1,1,1,1,1,1,1,1,1,1,1,1,1,
1,1,1,1,1,1,1,1,1,1,1,1,1,1,1,1,1,1,1,1,1,1,1,1,1,1,1,1,1,1,1,1,1,1,1,1,
1,1,1,1,1,1,1,1,1,1,1,1,1,1,1,1,1,1,1,1,1,1,1,1,1,1,1,1,1,1,1,1,1,1,1,1,
1,1,1,1,1,1,1,1,1,1,1,1,1,1,1,1,1,1,1,1,1,1,1,1,1,1,1,1,1,1,1,1,1,1,1,1,
1,1,1,4),(2.25096352703545,3.2582146183237,4.26546570961195,5.2727168009002,
6.27996789218845,7.2872189834767,8.29447007476495,9.3017211660532,10.3089722573415,
11.3162233486297,12.323474439918,13.3307255312062,14.3379766224945,15.3452277137827,
16.352478805071,17.3597298963592,18.3669809876475,19.038481715173,19.7099824426985,
20.381483170224,21.0529838977495,21.724484625275,22.3959853528005,23.067486080326,
23.7389868078515,24.410487535377,25.0819882629025,25.753488990428,26.4249897179535,
27.4322408092417,28.43949190053,29.4467429918182,30.4539940831065,31.4612451743947,
32.468496265683,33.4757473569712,34.4829984482595,35.154499175785,35.8259999033105,
36.497500630836,37.1690013583615,38.0643356617288,38.9596699650962,39.8550042684635,
40.7503385718308,41.6456728751982,42.5410071785655,43.4363414819328,44.033231017511,
44.6301205530893,45.2270100886675,45.898510816193,46.5700115437185,47.241512271244,
47.9130129987695,48.584513726295,49.2560144538205,49.927515181346,50.5990159088715,
51.270516636397,51.9420173639225,52.613518091448,53.2850188189735,53.956519546499,
54.6280202740245,55.29952100155,55.9710217290755,56.8663560324428,57.7616903358102,
58.6570246391775,59.328525366703,60.0000260942285,60.671526821754,61.3430275492795,
62.014528276805,62.6860290043305,63.357529731856,64.0290304593815,64.700531186907,
65.3720319144325,66.043532641958,66.7150333694835,67.7222844607718,68.72953555206,
69.2331610977041,69.7367866433483,70.7440377346365,71.415538462162,72.0870391896875,
72.758539917213,73.7657910085013,74.7730420997895,75.7802931910778,76.787544282366,
77.7947953736543,78.8020464649425,79.8092975562308,80.816548647519,81.8237997388073,
82.8310508300955,83.8383019213838,84.845553012672,85.8528041039603,86.8600551952485,
87.8673062865368,88.8745573778251,89.8818084691133,90.8890595604015,91.560560287927,
92.2320610154526,92.9035617429781,93.5750624705036,94.2465631980291,94.9180639255545,
95.2538142893173,96.2610653806056,96.9325661081311,97.6040668356566,98.2755675631821,
98.9470682907076,99.9543193819958,100.961570473284,101.968821564572,102.976072655861,
103.983323747149,104.990574838437,105.997825929725,107.005077021014,108.012328112302,
109.01957920359,110.026830294878,111.034081386167,112.041332477455,113.048583568743,
114.055834660031,114.673840780534),.UNSPECIFIED.);
#540=B_SPLINE_CURVE_WITH_KNOTS('',3,(#8489,#8490,#8491,#8492,#8493,#8494,
#8495,#8496,#8497,#8498,#8499,#8500,#8501,#8502,#8503,#8504,#8505,#8506,
#8507,#8508,#8509,#8510,#8511,#8512,#8513,#8514,#8515,#8516),
 .UNSPECIFIED.,.F.,.F.,(4,3,3,3,3,3,3,3,3,4),(0.,0.0800031572120816,0.148334673258635,
0.194337138906243,0.223785388990036,0.262382531438299,0.302194114644828,
0.34240625021213,0.382775608514354,0.421628864264415),.UNSPECIFIED.);
#541=B_SPLINE_CURVE_WITH_KNOTS('',3,(#8517,#8518,#8519,#8520,#8521,#8522,
#8523,#8524,#8525,#8526,#8527,#8528,#8529),.UNSPECIFIED.,.F.,.F.,(4,1,1,
1,1,1,1,1,1,1,4),(-109.799307341262,-109.01957920359,-108.012328112302,
-107.005077021014,-105.997825929725,-104.990574838437,-103.983323747149,
-102.976072655861,-101.968821564572,-100.961570473284,-100.805477781451),
 .UNSPECIFIED.);
#542=B_SPLINE_CURVE_WITH_KNOTS('',3,(#9190,#9191,#9192,#9193,#9194,#9195,
#9196,#9197,#9198,#9199,#9200,#9201,#9202,#9203,#9204,#9205,#9206,#9207,
#9208,#9209,#9210,#9211,#9212,#9213,#9214,#9215,#9216,#9217,#9218,#9219,
#9220,#9221,#9222,#9223,#9224,#9225,#9226,#9227,#9228,#9229,#9230,#9231,
#9232,#9233,#9234,#9235,#9236,#9237,#9238,#9239,#9240,#9241,#9242,#9243,
#9244,#9245,#9246,#9247,#9248,#9249,#9250,#9251,#9252,#9253,#9254,#9255,
#9256,#9257,#9258,#9259,#9260,#9261,#9262,#9263,#9264,#9265,#9266,#9267,
#9268,#9269,#9270,#9271,#9272,#9273,#9274,#9275,#9276,#9277,#9278,#9279,
#9280,#9281,#9282,#9283,#9284,#9285,#9286,#9287,#9288,#9289),
 .UNSPECIFIED.,.F.,.F.,(4,3,3,3,3,3,3,3,3,3,3,3,3,3,3,3,3,3,3,3,3,3,3,3,
3,3,3,3,3,3,3,3,3,4),(0.,0.100433973646421,0.201827142662925,0.303614129523859,
0.405174059111913,0.505363819156573,0.565288653444621,0.584346698198034,
0.594043689909064,0.694554091537711,0.745063156308762,0.84546147365539,
0.946174570813915,1.04656774311049,1.14606007356815,1.16410734679471,1.17442777274333,
1.27390521273193,1.3755714417162,1.47723767070047,1.5768383415521,1.67602212162403,
1.70852440883022,1.73165249712317,1.74147564014386,1.83946375486852,1.93798369200749,
2.03619109447649,2.13314786936119,2.19605871692306,2.2586189267486,2.29463330665826,
2.30430106280532,2.32117913657413),.UNSPECIFIED.);
#543=B_SPLINE_CURVE_WITH_KNOTS('',3,(#9290,#9291,#9292,#9293,#9294,#9295,
#9296,#9297,#9298,#9299,#9300,#9301,#9302,#9303,#9304,#9305,#9306),
 .UNSPECIFIED.,.F.,.F.,(4,1,1,1,1,1,1,1,1,1,1,1,1,1,4),(15.7079632679489,
15.8840956204563,16.3791763016708,16.8742569828853,17.3693376640998,17.8644183453143,
18.3594990265288,18.8545797077433,19.3496603889578,19.8447410701723,20.3398217513868,
20.8349024326012,21.3299831138157,21.8250637950302,21.9911485751285),
 .UNSPECIFIED.);
#544=B_SPLINE_CURVE_WITH_KNOTS('',3,(#9307,#9308,#9309,#9310,#9311,#9312,
#9313,#9314,#9315,#9316,#9317,#9318,#9319,#9320,#9321,#9322,#9323,#9324,
#9325,#9326,#9327,#9328,#9329,#9330,#9331,#9332,#9333,#9334,#9335,#9336,
#9337,#9338,#9339,#9340,#9341,#9342,#9343,#9344,#9345,#9346,#9347,#9348,
#9349,#9350,#9351,#9352,#9353,#9354,#9355,#9356,#9357,#9358,#9359,#9360,
#9361,#9362,#9363,#9364,#9365,#9366,#9367,#9368,#9369,#9370,#9371,#9372,
#9373,#9374,#9375,#9376,#9377,#9378,#9379,#9380,#9381,#9382,#9383,#9384,
#9385,#9386,#9387,#9388,#9389,#9390,#9391,#9392,#9393,#9394,#9395,#9396,
#9397,#9398,#9399,#9400),.UNSPECIFIED.,.F.,.F.,(4,3,3,3,3,3,3,3,3,3,3,3,
3,3,3,3,3,3,3,3,3,3,3,3,3,3,3,3,3,3,3,4),(-2.32117913657398,-2.30530626621486,
-2.28935705355624,-2.19249620624701,-2.09456110176339,-1.99598102811468,
-1.89765037468306,-1.80054234909622,-1.73712797913046,-1.72755028758694,
-1.63031311921034,-1.53180765032124,-1.43245972625839,-1.33282775490911,
-1.23390165623107,-1.17795380983112,-1.16621343889583,-1.15649785343888,
-1.05603314822477,-1.01011027063127,-0.910483034450927,-0.810063337117009,
-0.709406108729301,-0.60912581861371,-0.591471250223228,-0.579364988150925,
-0.478179985958359,-0.373813581997536,-0.269447178036714,-0.16811056769383,
-0.066483090644502,0.),.UNSPECIFIED.);
#545=B_SPLINE_CURVE_WITH_KNOTS('',3,(#9403,#9404,#9405,#9406,#9407,#9408,
#9409,#9410,#9411,#9412,#9413,#9414,#9415,#9416,#9417,#9418,#9419,#9420,
#9421,#9422,#9423,#9424,#9425,#9426,#9427,#9428,#9429,#9430),
 .UNSPECIFIED.,.F.,.F.,(4,3,3,3,3,3,3,3,3,4),(0.,0.0271387477777498,0.0543633093368219,
0.0812905507641871,0.107545125250756,0.133574236039071,0.153458661435602,
0.19887893182887,0.251727697040441,0.284667480417367),.UNSPECIFIED.);
#546=B_SPLINE_CURVE_WITH_KNOTS('',3,(#9431,#9432,#9433,#9434,#9435,#9436,
#9437,#9438,#9439,#9440,#9441,#9442,#9443,#9444,#9445,#9446,#9447,#9448,
#9449,#9450,#9451,#9452,#9453,#9454,#9455,#9456,#9457,#9458,#9459,#9460,
#9461,#9462,#9463,#9464,#9465,#9466,#9467,#9468,#9469,#9470,#9471,#9472,
#9473,#9474,#9475,#9476,#9477,#9478,#9479,#9480,#9481,#9482,#9483,#9484,
#9485,#9486,#9487,#9488,#9489,#9490,#9491,#9492,#9493,#9494,#9495,#9496,
#9497,#9498,#9499,#9500,#9501,#9502,#9503,#9504,#9505,#9506,#9507,#9508,
#9509,#9510,#9511,#9512,#9513,#9514,#9515,#9516,#9517,#9518,#9519,#9520,
#9521),.UNSPECIFIED.,.F.,.F.,(4,3,3,3,3,3,3,3,3,3,3,3,3,3,3,3,3,3,3,3,3,
3,3,3,3,3,3,3,3,3,4),(0.515718179189847,0.552985190317936,0.647941714200241,
0.744508417794194,0.84562543384605,0.944319816116126,1.04274947682478,1.10658636049782,
1.1210019840837,1.22012715396498,1.31991327919919,1.41944633083284,1.51782597651998,
1.55344454620904,1.65272401628383,1.68355213662207,1.78092313376813,1.87991430978615,
1.98050942193514,2.08137721583943,2.18185730478566,2.23645832840502,2.25786613091415,
2.26783542652965,2.36954424679351,2.47144087924737,2.57270071879845,2.61866549374055,
2.71956652862788,2.82118549364924,2.83331493694489),.UNSPECIFIED.);
#547=B_SPLINE_CURVE_WITH_KNOTS('',3,(#10222,#10223,#10224,#10225,#10226,
#10227,#10228,#10229,#10230,#10231,#10232,#10233,#10234),.UNSPECIFIED.,
 .F.,.F.,(4,1,1,1,1,1,1,1,1,1,4),(-18.8225960524517,-18.3669600569883,-17.359708974909,
-16.3524578928297,-15.3452068107505,-14.3379557286712,-13.3307046465919,
-12.3234535645126,-11.3162024824333,-10.308951400354,-9.82874374905656),
 .UNSPECIFIED.);
#548=B_SPLINE_CURVE_WITH_KNOTS('',3,(#10236,#10237,#10238,#10239,#10240,
#10241,#10242,#10243,#10244,#10245,#10246,#10247,#10248,#10249,#10250,#10251,
#10252,#10253,#10254,#10255,#10256,#10257,#10258,#10259,#10260,#10261,#10262,
#10263),.UNSPECIFIED.,.F.,.F.,(4,3,3,3,3,3,3,3,3,4),(0.,0.0272816876419055,
0.0549035448897407,0.0823805859816021,0.109447852557868,0.13357423596288,
0.153458661320079,0.198836862178928,0.250249973091827,0.284667480079349),
 .UNSPECIFIED.);
#549=B_SPLINE_CURVE_WITH_KNOTS('',3,(#10264,#10265,#10266,#10267,#10268,
#10269,#10270,#10271,#10272,#10273,#10274,#10275,#10276,#10277,#10278,#10279,
#10280,#10281,#10282,#10283,#10284,#10285,#10286,#10287,#10288,#10289,#10290,
#10291,#10292,#10293,#10294,#10295,#10296,#10297,#10298,#10299,#10300,#10301,
#10302,#10303,#10304,#10305,#10306,#10307,#10308,#10309,#10310,#10311,#10312,
#10313,#10314,#10315,#10316,#10317,#10318,#10319,#10320,#10321,#10322,#10323,
#10324,#10325,#10326,#10327,#10328,#10329,#10330,#10331,#10332,#10333,#10334,
#10335,#10336,#10337,#10338,#10339,#10340,#10341,#10342,#10343,#10344,#10345,
#10346,#10347,#10348,#10349,#10350,#10351,#10352,#10353,#10354,#10355,#10356,
#10357,#10358,#10359,#10360,#10361,#10362,#10363,#10364,#10365,#10366,#10367,
#10368,#10369,#10370,#10371,#10372,#10373,#10374,#10375,#10376,#10377,#10378,
#10379,#10380,#10381,#10382,#10383,#10384,#10385,#10386,#10387,#10388,#10389,
#10390,#10391,#10392,#10393,#10394,#10395,#10396,#10397,#10398,#10399,#10400,
#10401,#10402,#10403),.UNSPECIFIED.,.F.,.F.,(4,1,1,1,1,1,1,1,1,1,1,1,1,
1,1,1,1,1,1,1,1,1,1,1,1,1,1,1,1,1,1,1,1,1,1,1,1,1,1,1,1,1,1,1,1,1,1,1,1,
1,1,1,1,1,1,1,1,1,1,1,1,1,1,1,1,1,1,1,1,1,1,1,1,1,1,1,1,1,1,1,1,1,1,1,1,
1,1,1,1,1,1,1,1,1,1,1,1,1,1,1,1,1,1,1,1,1,1,1,1,1,1,1,1,1,1,1,1,1,1,1,1,
1,1,1,1,1,1,1,1,1,1,1,1,1,1,1,1,4),(2.25094274371975,3.25819382579904,4.26544490787832,
5.27269598995761,6.27994707203689,7.28719815411618,8.29444923619547,9.30170031827475,
10.308951400354,11.3162024824333,12.3234535645126,13.3307046465919,14.3379557286712,
15.3452068107505,16.3524578928297,17.359708974909,18.3669600569883,19.0384607783745,
19.7099614997607,20.3814622211469,21.0529629425331,21.7244636639193,22.3959643853055,
23.0674651066916,23.7389658280778,24.6343001232594,25.0819672708502,25.529634418441,
26.4249687136226,27.0964694350088,27.767970156395,28.4394708777812,29.1109715991674,
30.006305894349,30.9016401895305,31.7969744847121,32.6923087798937,33.5876430750753,
34.4829773702569,35.3783116654385,36.2736459606201,37.1689802558016,38.0643145509832,
38.6612040811043,39.2580936112253,39.8549831413464,40.3026502889372,40.750317436528,
41.6456517317096,42.5409860268912,43.2124867482774,43.8839874696636,44.5554881910497,
45.2269889124359,45.8984896338221,46.5699903552083,47.2414910765945,47.9129917979807,
48.5844925193669,49.2559932407531,49.9274939621393,50.5989946835255,51.2704954049116,
51.9419961262978,52.613496847684,53.2849975690702,53.9564982904564,54.6279990118426,
55.2994997332288,55.971000454615,56.6425011760012,57.3140018973874,57.9855026187735,
58.6570033401597,59.3285040615459,60.0000047829321,60.6715055043183,61.3430062257045,
62.0145069470907,62.6860076684769,63.3575083898631,64.0290091112493,64.7005098326354,
65.3720105540216,66.0435112754078,66.715011996794,67.7222630788733,68.7295141609526,
69.7367652430319,70.7440163251112,71.7512674071905,72.7585184892697,73.765769571349,
74.7730206534283,75.7802717355076,76.7875228175869,77.7947738996662,78.8020249817454,
79.8092760638247,80.816527145904,81.8237782279833,82.8310293100626,83.8382803921419,
84.8455314742212,85.8527825563004,86.8600336383797,87.867284720459,88.8745358025383,
89.8817868846176,90.8890379666969,91.5605386880831,92.2320394094693,92.9035401308554,
93.5750408522416,94.2465415736278,94.918042295014,95.5895430164002,96.2610437377864,
96.9325444591726,97.6040451805588,98.275545901945,98.9470466233311,99.9542977054104,
100.96154878749,101.968799869569,102.976050951648,103.983302033728,104.990553115807,
105.997804197886,107.005055279965,108.012306362045,109.019557444124,110.026808526203,
111.034059608283,112.041310690362,113.048561772441,114.05581285452,114.673819980927),
 .UNSPECIFIED.);
#550=B_SPLINE_CURVE_WITH_KNOTS('',3,(#10992,#10993,#10994,#10995,#10996,
#10997,#10998,#10999,#11000,#11001,#11002,#11003,#11004,#11005,#11006,#11007,
#11008,#11009,#11010,#11011,#11012,#11013,#11014,#11015,#11016,#11017,#11018,
#11019,#11020,#11021,#11022,#11023,#11024,#11025,#11026,#11027,#11028,#11029,
#11030,#11031,#11032,#11033,#11034,#11035,#11036,#11037,#11038,#11039,#11040,
#11041,#11042,#11043,#11044,#11045,#11046,#11047,#11048,#11049,#11050,#11051,
#11052,#11053,#11054,#11055,#11056,#11057,#11058,#11059,#11060,#11061,#11062,
#11063,#11064,#11065,#11066,#11067,#11068,#11069,#11070,#11071,#11072,#11073,
#11074,#11075,#11076,#11077,#11078,#11079),.UNSPECIFIED.,.F.,.F.,(4,3,3,
3,3,3,3,3,3,3,3,3,3,3,3,3,3,3,3,3,3,3,3,3,3,3,3,3,3,4),(1.11665638749938,
1.1960960025408,1.29574598625148,1.39678738688628,1.49878241003246,1.60053358930529,
1.70143826971492,1.76247254400938,1.77775097797202,1.78836924830169,1.88913788082889,
1.9896164160973,2.08966444008396,2.18971246407062,2.290505346309,2.35936200590562,
2.45730130077248,2.55691965263336,2.65678201625324,2.75622526460196,2.85466384024444,
2.90218280684259,2.91774081584643,2.92815611812703,2.93841757019689,3.03695873551708,
3.13588715427338,3.23481557302968,3.33682035254945,3.43882513206923),
 .UNSPECIFIED.);
#551=B_SPLINE_CURVE_WITH_KNOTS('',3,(#11080,#11081,#11082,#11083,#11084,
#11085,#11086,#11087,#11088,#11089,#11090,#11091,#11092,#11093,#11094,#11095,
#11096,#11097,#11098,#11099,#11100,#11101,#11102,#11103,#11104,#11105,#11106,
#11107,#11108,#11109,#11110),.UNSPECIFIED.,.F.,.F.,(4,3,3,3,3,3,3,3,3,3,
4),(10.7733897740199,11.0178929709586,12.1036548222499,13.1894166735411,
14.2751785248324,15.3609403761236,16.4467022274149,17.5324640787061,18.6182259299974,
19.7039877812886,20.3108557696763),.UNSPECIFIED.);
#552=LINE('',#2890,#695);
#553=LINE('',#2919,#696);
#554=LINE('',#2950,#697);
#555=LINE('',#2987,#698);
#556=LINE('',#3018,#699);
#557=LINE('',#3050,#700);
#558=LINE('',#3086,#701);
#559=LINE('',#3124,#702);
#560=LINE('',#3162,#703);
#561=LINE('',#3195,#704);
#562=LINE('',#3227,#705);
#563=LINE('',#3265,#706);
#564=LINE('',#3292,#707);
#565=LINE('',#3311,#708);
#566=LINE('',#3362,#709);
#567=LINE('',#3414,#710);
#568=LINE('',#3478,#711);
#569=LINE('',#3544,#712);
#570=LINE('',#3608,#713);
#571=LINE('',#3669,#714);
#572=LINE('',#3732,#715);
#573=LINE('',#3793,#716);
#574=LINE('',#3854,#717);
#575=LINE('',#3905,#718);
#576=LINE('',#3969,#719);
#577=LINE('',#3995,#720);
#578=LINE('',#4014,#721);
#579=LINE('',#4077,#722);
#580=LINE('',#4138,#723);
#581=LINE('',#4202,#724);
#582=LINE('',#4259,#725);
#583=LINE('',#4314,#726);
#584=LINE('',#4378,#727);
#585=LINE('',#4439,#728);
#586=LINE('',#4502,#729);
#587=LINE('',#4521,#730);
#588=LINE('',#4559,#731);
#589=LINE('',#4593,#732);
#590=LINE('',#4629,#733);
#591=LINE('',#4664,#734);
#592=LINE('',#4700,#735);
#593=LINE('',#4735,#736);
#594=LINE('',#4771,#737);
#595=LINE('',#7625,#738);
#596=LINE('',#11117,#739);
#597=LINE('',#11120,#740);
#598=LINE('',#11123,#741);
#599=LINE('',#11125,#742);
#600=LINE('',#11126,#743);
#601=LINE('',#11129,#744);
#602=LINE('',#11131,#745);
#603=LINE('',#11134,#746);
#604=LINE('',#11140,#747);
#605=LINE('',#11143,#748);
#606=LINE('',#11146,#749);
#607=LINE('',#11148,#750);
#608=LINE('',#11149,#751);
#609=LINE('',#11152,#752);
#610=LINE('',#11154,#753);
#611=LINE('',#11157,#754);
#612=LINE('',#11163,#755);
#613=LINE('',#11166,#756);
#614=LINE('',#11169,#757);
#615=LINE('',#11171,#758);
#616=LINE('',#11172,#759);
#617=LINE('',#11175,#760);
#618=LINE('',#11177,#761);
#619=LINE('',#11180,#762);
#620=LINE('',#11186,#763);
#621=LINE('',#11189,#764);
#622=LINE('',#11192,#765);
#623=LINE('',#11194,#766);
#624=LINE('',#11195,#767);
#625=LINE('',#11198,#768);
#626=LINE('',#11200,#769);
#627=LINE('',#11203,#770);
#628=LINE('',#11209,#771);
#629=LINE('',#11212,#772);
#630=LINE('',#11215,#773);
#631=LINE('',#11217,#774);
#632=LINE('',#11218,#775);
#633=LINE('',#11221,#776);
#634=LINE('',#11223,#777);
#635=LINE('',#11226,#778);
#636=LINE('',#11232,#779);
#637=LINE('',#11235,#780);
#638=LINE('',#11238,#781);
#639=LINE('',#11240,#782);
#640=LINE('',#11241,#783);
#641=LINE('',#11244,#784);
#642=LINE('',#11246,#785);
#643=LINE('',#11249,#786);
#644=LINE('',#11252,#787);
#645=LINE('',#11254,#788);
#646=LINE('',#11255,#789);
#647=LINE('',#11257,#790);
#648=LINE('',#11260,#791);
#649=LINE('',#11261,#792);
#650=LINE('',#11266,#793);
#651=LINE('',#11268,#794);
#652=LINE('',#11269,#795);
#653=LINE('',#11271,#796);
#654=LINE('',#11274,#797);
#655=LINE('',#11275,#798);
#656=LINE('',#11280,#799);
#657=LINE('',#11282,#800);
#658=LINE('',#11283,#801);
#659=LINE('',#11285,#802);
#660=LINE('',#11288,#803);
#661=LINE('',#11289,#804);
#662=LINE('',#11294,#805);
#663=LINE('',#11296,#806);
#664=LINE('',#11297,#807);
#665=LINE('',#11300,#808);
#666=LINE('',#11301,#809);
#667=LINE('',#11303,#810);
#668=LINE('',#11308,#811);
#669=LINE('',#11310,#812);
#670=LINE('',#11311,#813);
#671=LINE('',#11313,#814);
#672=LINE('',#11316,#815);
#673=LINE('',#11317,#816);
#674=LINE('',#11322,#817);
#675=LINE('',#11324,#818);
#676=LINE('',#11325,#819);
#677=LINE('',#11327,#820);
#678=LINE('',#11330,#821);
#679=LINE('',#11331,#822);
#680=LINE('',#11338,#823);
#681=LINE('',#11344,#824);
#682=LINE('',#11350,#825);
#683=LINE('',#11356,#826);
#684=LINE('',#11362,#827);
#685=LINE('',#11368,#828);
#686=LINE('',#11374,#829);
#687=LINE('',#11380,#830);
#688=LINE('',#11386,#831);
#689=LINE('',#11392,#832);
#690=LINE('',#11398,#833);
#691=LINE('',#11404,#834);
#692=LINE('',#11410,#835);
#693=LINE('',#11416,#836);
#694=LINE('',#11424,#837);
#695=VECTOR('',#2395,15.);
#696=VECTOR('',#2400,15.);
#697=VECTOR('',#2403,15.);
#698=VECTOR('',#2406,15.);
#699=VECTOR('',#2409,15.);
#700=VECTOR('',#2412,15.);
#701=VECTOR('',#2415,15.);
#702=VECTOR('',#2418,15.);
#703=VECTOR('',#2421,15.);
#704=VECTOR('',#2424,15.);
#705=VECTOR('',#2427,15.);
#706=VECTOR('',#2430,15.);
#707=VECTOR('',#2435,15.12825);
#708=VECTOR('',#2440,15.12825);
#709=VECTOR('',#2443,15.12825);
#710=VECTOR('',#2446,15.12825);
#711=VECTOR('',#2449,15.12825);
#712=VECTOR('',#2452,15.12825);
#713=VECTOR('',#2455,15.12825);
#714=VECTOR('',#2458,15.12825);
#715=VECTOR('',#2461,15.12825);
#716=VECTOR('',#2464,15.12825);
#717=VECTOR('',#2467,15.12825);
#718=VECTOR('',#2470,15.12825);
#719=VECTOR('',#2473,15.12825);
#720=VECTOR('',#2478,16.566);
#721=VECTOR('',#2483,16.566);
#722=VECTOR('',#2488,16.566);
#723=VECTOR('',#2491,16.566);
#724=VECTOR('',#2494,16.566);
#725=VECTOR('',#2497,16.566);
#726=VECTOR('',#2500,16.566);
#727=VECTOR('',#2503,16.566);
#728=VECTOR('',#2506,16.566);
#729=VECTOR('',#2509,17.);
#730=VECTOR('',#2514,17.);
#731=VECTOR('',#2517,17.);
#732=VECTOR('',#2520,17.);
#733=VECTOR('',#2523,17.);
#734=VECTOR('',#2526,17.);
#735=VECTOR('',#2529,17.);
#736=VECTOR('',#2532,17.);
#737=VECTOR('',#2535,17.);
#738=VECTOR('',#2548,15.5);
#739=VECTOR('',#2565,10.);
#740=VECTOR('',#2568,10.);
#741=VECTOR('',#2571,10.);
#742=VECTOR('',#2572,10.);
#743=VECTOR('',#2573,10.);
#744=VECTOR('',#2576,10.);
#745=VECTOR('',#2577,10.);
#746=VECTOR('',#2580,10.);
#747=VECTOR('',#2585,10.);
#748=VECTOR('',#2588,10.);
#749=VECTOR('',#2591,10.);
#750=VECTOR('',#2592,10.);
#751=VECTOR('',#2593,10.);
#752=VECTOR('',#2596,10.);
#753=VECTOR('',#2597,10.);
#754=VECTOR('',#2600,10.);
#755=VECTOR('',#2605,10.);
#756=VECTOR('',#2608,10.);
#757=VECTOR('',#2611,10.);
#758=VECTOR('',#2612,10.);
#759=VECTOR('',#2613,10.);
#760=VECTOR('',#2616,10.);
#761=VECTOR('',#2617,10.);
#762=VECTOR('',#2620,10.);
#763=VECTOR('',#2625,10.);
#764=VECTOR('',#2628,10.);
#765=VECTOR('',#2631,10.);
#766=VECTOR('',#2632,10.);
#767=VECTOR('',#2633,10.);
#768=VECTOR('',#2636,10.);
#769=VECTOR('',#2637,10.);
#770=VECTOR('',#2640,10.);
#771=VECTOR('',#2645,10.);
#772=VECTOR('',#2648,10.);
#773=VECTOR('',#2651,10.);
#774=VECTOR('',#2652,10.);
#775=VECTOR('',#2653,10.);
#776=VECTOR('',#2656,10.);
#777=VECTOR('',#2657,10.);
#778=VECTOR('',#2660,10.);
#779=VECTOR('',#2665,10.);
#780=VECTOR('',#2668,10.);
#781=VECTOR('',#2671,10.);
#782=VECTOR('',#2672,10.);
#783=VECTOR('',#2673,10.);
#784=VECTOR('',#2676,10.);
#785=VECTOR('',#2677,10.);
#786=VECTOR('',#2680,10.);
#787=VECTOR('',#2683,10.);
#788=VECTOR('',#2684,10.);
#789=VECTOR('',#2685,10.);
#790=VECTOR('',#2688,10.);
#791=VECTOR('',#2691,10.);
#792=VECTOR('',#2692,10.);
#793=VECTOR('',#2699,10.);
#794=VECTOR('',#2700,10.);
#795=VECTOR('',#2701,10.);
#796=VECTOR('',#2704,10.);
#797=VECTOR('',#2707,10.);
#798=VECTOR('',#2708,10.);
#799=VECTOR('',#2715,10.);
#800=VECTOR('',#2716,10.);
#801=VECTOR('',#2717,10.);
#802=VECTOR('',#2720,10.);
#803=VECTOR('',#2723,10.);
#804=VECTOR('',#2724,10.);
#805=VECTOR('',#2731,10.);
#806=VECTOR('',#2732,10.);
#807=VECTOR('',#2733,10.);
#808=VECTOR('',#2736,10.);
#809=VECTOR('',#2737,10.);
#810=VECTOR('',#2740,10.);
#811=VECTOR('',#2747,10.);
#812=VECTOR('',#2748,10.);
#813=VECTOR('',#2749,10.);
#814=VECTOR('',#2752,10.);
#815=VECTOR('',#2755,10.);
#816=VECTOR('',#2756,10.);
#817=VECTOR('',#2763,10.);
#818=VECTOR('',#2764,10.);
#819=VECTOR('',#2765,10.);
#820=VECTOR('',#2768,10.);
#821=VECTOR('',#2771,10.);
#822=VECTOR('',#2772,10.);
#823=VECTOR('',#2781,1.);
#824=VECTOR('',#2788,1.);
#825=VECTOR('',#2795,1.);
#826=VECTOR('',#2802,1.);
#827=VECTOR('',#2809,1.);
#828=VECTOR('',#2816,1.);
#829=VECTOR('',#2823,1.);
#830=VECTOR('',#2830,1.);
#831=VECTOR('',#2837,1.);
#832=VECTOR('',#2844,1.);
#833=VECTOR('',#2851,1.);
#834=VECTOR('',#2858,1.);
#835=VECTOR('',#2865,1.);
#836=VECTOR('',#2872,1.);
#837=VECTOR('',#2885,18.);
#838=VERTEX_POINT('',#2888);
#839=VERTEX_POINT('',#2889);
#840=VERTEX_POINT('',#2891);
#841=VERTEX_POINT('',#2902);
#842=VERTEX_POINT('',#2917);
#843=VERTEX_POINT('',#2918);
#844=VERTEX_POINT('',#2948);
#845=VERTEX_POINT('',#2949);
#846=VERTEX_POINT('',#2985);
#847=VERTEX_POINT('',#2986);
#848=VERTEX_POINT('',#3016);
#849=VERTEX_POINT('',#3017);
#850=VERTEX_POINT('',#3048);
#851=VERTEX_POINT('',#3049);
#852=VERTEX_POINT('',#3084);
#853=VERTEX_POINT('',#3085);
#854=VERTEX_POINT('',#3122);
#855=VERTEX_POINT('',#3123);
#856=VERTEX_POINT('',#3160);
#857=VERTEX_POINT('',#3161);
#858=VERTEX_POINT('',#3193);
#859=VERTEX_POINT('',#3194);
#860=VERTEX_POINT('',#3225);
#861=VERTEX_POINT('',#3226);
#862=VERTEX_POINT('',#3263);
#863=VERTEX_POINT('',#3264);
#864=VERTEX_POINT('',#3266);
#865=VERTEX_POINT('',#3276);
#866=VERTEX_POINT('',#3290);
#867=VERTEX_POINT('',#3291);
#868=VERTEX_POINT('',#3293);
#869=VERTEX_POINT('',#3298);
#870=VERTEX_POINT('',#3309);
#871=VERTEX_POINT('',#3310);
#872=VERTEX_POINT('',#3360);
#873=VERTEX_POINT('',#3361);
#874=VERTEX_POINT('',#3412);
#875=VERTEX_POINT('',#3413);
#876=VERTEX_POINT('',#3476);
#877=VERTEX_POINT('',#3477);
#878=VERTEX_POINT('',#3542);
#879=VERTEX_POINT('',#3543);
#880=VERTEX_POINT('',#3606);
#881=VERTEX_POINT('',#3607);
#882=VERTEX_POINT('',#3667);
#883=VERTEX_POINT('',#3668);
#884=VERTEX_POINT('',#3730);
#885=VERTEX_POINT('',#3731);
#886=VERTEX_POINT('',#3791);
#887=VERTEX_POINT('',#3792);
#888=VERTEX_POINT('',#3852);
#889=VERTEX_POINT('',#3853);
#890=VERTEX_POINT('',#3903);
#891=VERTEX_POINT('',#3904);
#892=VERTEX_POINT('',#3967);
#893=VERTEX_POINT('',#3968);
#894=VERTEX_POINT('',#3970);
#895=VERTEX_POINT('',#3977);
#896=VERTEX_POINT('',#3993);
#897=VERTEX_POINT('',#3994);
#898=VERTEX_POINT('',#3996);
#899=VERTEX_POINT('',#4012);
#900=VERTEX_POINT('',#4013);
#901=VERTEX_POINT('',#4058);
#902=VERTEX_POINT('',#4075);
#903=VERTEX_POINT('',#4076);
#904=VERTEX_POINT('',#4136);
#905=VERTEX_POINT('',#4137);
#906=VERTEX_POINT('',#4200);
#907=VERTEX_POINT('',#4201);
#908=VERTEX_POINT('',#4257);
#909=VERTEX_POINT('',#4258);
#910=VERTEX_POINT('',#4312);
#911=VERTEX_POINT('',#4313);
#912=VERTEX_POINT('',#4376);
#913=VERTEX_POINT('',#4377);
#914=VERTEX_POINT('',#4437);
#915=VERTEX_POINT('',#4438);
#916=VERTEX_POINT('',#4500);
#917=VERTEX_POINT('',#4501);
#918=VERTEX_POINT('',#4503);
#919=VERTEX_POINT('',#4511);
#920=VERTEX_POINT('',#4519);
#921=VERTEX_POINT('',#4520);
#922=VERTEX_POINT('',#4557);
#923=VERTEX_POINT('',#4558);
#924=VERTEX_POINT('',#4591);
#925=VERTEX_POINT('',#4592);
#926=VERTEX_POINT('',#4627);
#927=VERTEX_POINT('',#4628);
#928=VERTEX_POINT('',#4662);
#929=VERTEX_POINT('',#4663);
#930=VERTEX_POINT('',#4698);
#931=VERTEX_POINT('',#4699);
#932=VERTEX_POINT('',#4733);
#933=VERTEX_POINT('',#4734);
#934=VERTEX_POINT('',#4769);
#935=VERTEX_POINT('',#4770);
#936=VERTEX_POINT('',#5362);
#937=VERTEX_POINT('',#5363);
#938=VERTEX_POINT('',#5406);
#939=VERTEX_POINT('',#6017);
#940=VERTEX_POINT('',#6760);
#941=VERTEX_POINT('',#6761);
#942=VERTEX_POINT('',#6796);
#943=VERTEX_POINT('',#6949);
#944=VERTEX_POINT('',#7622);
#945=VERTEX_POINT('',#7624);
#946=VERTEX_POINT('',#7629);
#947=VERTEX_POINT('',#8321);
#948=VERTEX_POINT('',#8350);
#949=VERTEX_POINT('',#9402);
#950=VERTEX_POINT('',#10235);
#951=VERTEX_POINT('',#11113);
#952=VERTEX_POINT('',#11114);
#953=VERTEX_POINT('',#11116);
#954=VERTEX_POINT('',#11118);
#955=VERTEX_POINT('',#11122);
#956=VERTEX_POINT('',#11124);
#957=VERTEX_POINT('',#11128);
#958=VERTEX_POINT('',#11130);
#959=VERTEX_POINT('',#11132);
#960=VERTEX_POINT('',#11136);
#961=VERTEX_POINT('',#11137);
#962=VERTEX_POINT('',#11139);
#963=VERTEX_POINT('',#11141);
#964=VERTEX_POINT('',#11145);
#965=VERTEX_POINT('',#11147);
#966=VERTEX_POINT('',#11151);
#967=VERTEX_POINT('',#11153);
#968=VERTEX_POINT('',#11155);
#969=VERTEX_POINT('',#11159);
#970=VERTEX_POINT('',#11160);
#971=VERTEX_POINT('',#11162);
#972=VERTEX_POINT('',#11164);
#973=VERTEX_POINT('',#11168);
#974=VERTEX_POINT('',#11170);
#975=VERTEX_POINT('',#11174);
#976=VERTEX_POINT('',#11176);
#977=VERTEX_POINT('',#11178);
#978=VERTEX_POINT('',#11182);
#979=VERTEX_POINT('',#11183);
#980=VERTEX_POINT('',#11185);
#981=VERTEX_POINT('',#11187);
#982=VERTEX_POINT('',#11191);
#983=VERTEX_POINT('',#11193);
#984=VERTEX_POINT('',#11197);
#985=VERTEX_POINT('',#11199);
#986=VERTEX_POINT('',#11201);
#987=VERTEX_POINT('',#11205);
#988=VERTEX_POINT('',#11206);
#989=VERTEX_POINT('',#11208);
#990=VERTEX_POINT('',#11210);
#991=VERTEX_POINT('',#11214);
#992=VERTEX_POINT('',#11216);
#993=VERTEX_POINT('',#11220);
#994=VERTEX_POINT('',#11222);
#995=VERTEX_POINT('',#11224);
#996=VERTEX_POINT('',#11228);
#997=VERTEX_POINT('',#11229);
#998=VERTEX_POINT('',#11231);
#999=VERTEX_POINT('',#11233);
#1000=VERTEX_POINT('',#11237);
#1001=VERTEX_POINT('',#11239);
#1002=VERTEX_POINT('',#11243);
#1003=VERTEX_POINT('',#11245);
#1004=VERTEX_POINT('',#11247);
#1005=VERTEX_POINT('',#11251);
#1006=VERTEX_POINT('',#11253);
#1007=VERTEX_POINT('',#11259);
#1008=VERTEX_POINT('',#11265);
#1009=VERTEX_POINT('',#11267);
#1010=VERTEX_POINT('',#11273);
#1011=VERTEX_POINT('',#11279);
#1012=VERTEX_POINT('',#11281);
#1013=VERTEX_POINT('',#11287);
#1014=VERTEX_POINT('',#11293);
#1015=VERTEX_POINT('',#11295);
#1016=VERTEX_POINT('',#11299);
#1017=VERTEX_POINT('',#11307);
#1018=VERTEX_POINT('',#11309);
#1019=VERTEX_POINT('',#11315);
#1020=VERTEX_POINT('',#11321);
#1021=VERTEX_POINT('',#11323);
#1022=VERTEX_POINT('',#11329);
#1023=VERTEX_POINT('',#11335);
#1024=VERTEX_POINT('',#11337);
#1025=VERTEX_POINT('',#11341);
#1026=VERTEX_POINT('',#11343);
#1027=VERTEX_POINT('',#11347);
#1028=VERTEX_POINT('',#11349);
#1029=VERTEX_POINT('',#11353);
#1030=VERTEX_POINT('',#11355);
#1031=VERTEX_POINT('',#11359);
#1032=VERTEX_POINT('',#11361);
#1033=VERTEX_POINT('',#11365);
#1034=VERTEX_POINT('',#11367);
#1035=VERTEX_POINT('',#11371);
#1036=VERTEX_POINT('',#11373);
#1037=VERTEX_POINT('',#11377);
#1038=VERTEX_POINT('',#11379);
#1039=VERTEX_POINT('',#11383);
#1040=VERTEX_POINT('',#11385);
#1041=VERTEX_POINT('',#11389);
#1042=VERTEX_POINT('',#11391);
#1043=VERTEX_POINT('',#11395);
#1044=VERTEX_POINT('',#11397);
#1045=VERTEX_POINT('',#11401);
#1046=VERTEX_POINT('',#11403);
#1047=VERTEX_POINT('',#11407);
#1048=VERTEX_POINT('',#11409);
#1049=VERTEX_POINT('',#11413);
#1050=VERTEX_POINT('',#11415);
#1051=VERTEX_POINT('',#11420);
#1052=EDGE_CURVE('',#838,#839,#552,.T.);
#1053=EDGE_CURVE('',#840,#839,#439,.T.);
#1054=EDGE_CURVE('',#841,#840,#374,.F.);
#1055=EDGE_CURVE('',#838,#841,#440,.T.);
#1056=EDGE_CURVE('',#842,#843,#553,.T.);
#1057=EDGE_CURVE('',#839,#843,#441,.T.);
#1058=EDGE_CURVE('',#842,#838,#442,.T.);
#1059=EDGE_CURVE('',#844,#845,#554,.T.);
#1060=EDGE_CURVE('',#843,#845,#443,.T.);
#1061=EDGE_CURVE('',#844,#842,#444,.T.);
#1062=EDGE_CURVE('',#846,#847,#555,.T.);
#1063=EDGE_CURVE('',#845,#847,#445,.T.);
#1064=EDGE_CURVE('',#846,#844,#446,.T.);
#1065=EDGE_CURVE('',#848,#849,#556,.T.);
#1066=EDGE_CURVE('',#847,#849,#447,.T.);
#1067=EDGE_CURVE('',#848,#846,#448,.T.);
#1068=EDGE_CURVE('',#850,#851,#557,.T.);
#1069=EDGE_CURVE('',#849,#851,#449,.T.);
#1070=EDGE_CURVE('',#850,#848,#450,.T.);
#1071=EDGE_CURVE('',#852,#853,#558,.T.);
#1072=EDGE_CURVE('',#851,#853,#451,.T.);
#1073=EDGE_CURVE('',#852,#850,#452,.T.);
#1074=EDGE_CURVE('',#854,#855,#559,.T.);
#1075=EDGE_CURVE('',#853,#855,#453,.T.);
#1076=EDGE_CURVE('',#854,#852,#454,.T.);
#1077=EDGE_CURVE('',#856,#857,#560,.T.);
#1078=EDGE_CURVE('',#855,#857,#455,.T.);
#1079=EDGE_CURVE('',#856,#854,#456,.T.);
#1080=EDGE_CURVE('',#858,#859,#561,.T.);
#1081=EDGE_CURVE('',#857,#859,#457,.T.);
#1082=EDGE_CURVE('',#858,#856,#458,.T.);
#1083=EDGE_CURVE('',#860,#861,#562,.T.);
#1084=EDGE_CURVE('',#859,#861,#459,.T.);
#1085=EDGE_CURVE('',#860,#858,#460,.T.);
#1086=EDGE_CURVE('',#862,#863,#563,.T.);
#1087=EDGE_CURVE('',#864,#862,#461,.T.);
#1088=EDGE_CURVE('',#865,#864,#375,.F.);
#1089=EDGE_CURVE('',#863,#865,#462,.T.);
#1090=EDGE_CURVE('',#866,#867,#564,.T.);
#1091=EDGE_CURVE('',#867,#868,#463,.T.);
#1092=EDGE_CURVE('',#869,#868,#376,.T.);
#1093=EDGE_CURVE('',#866,#869,#464,.T.);
#1094=EDGE_CURVE('',#870,#871,#565,.T.);
#1095=EDGE_CURVE('',#871,#867,#465,.T.);
#1096=EDGE_CURVE('',#870,#866,#466,.T.);
#1097=EDGE_CURVE('',#872,#873,#566,.T.);
#1098=EDGE_CURVE('',#873,#871,#467,.T.);
#1099=EDGE_CURVE('',#872,#870,#468,.T.);
#1100=EDGE_CURVE('',#874,#875,#567,.T.);
#1101=EDGE_CURVE('',#875,#873,#469,.T.);
#1102=EDGE_CURVE('',#874,#872,#470,.T.);
#1103=EDGE_CURVE('',#876,#877,#568,.T.);
#1104=EDGE_CURVE('',#877,#875,#471,.T.);
#1105=EDGE_CURVE('',#876,#874,#472,.T.);
#1106=EDGE_CURVE('',#878,#879,#569,.T.);
#1107=EDGE_CURVE('',#879,#877,#473,.T.);
#1108=EDGE_CURVE('',#878,#876,#474,.T.);
#1109=EDGE_CURVE('',#880,#881,#570,.T.);
#1110=EDGE_CURVE('',#881,#879,#475,.T.);
#1111=EDGE_CURVE('',#880,#878,#476,.T.);
#1112=EDGE_CURVE('',#882,#883,#571,.T.);
#1113=EDGE_CURVE('',#883,#881,#477,.T.);
#1114=EDGE_CURVE('',#882,#880,#478,.T.);
#1115=EDGE_CURVE('',#884,#885,#572,.T.);
#1116=EDGE_CURVE('',#885,#883,#479,.T.);
#1117=EDGE_CURVE('',#884,#882,#480,.T.);
#1118=EDGE_CURVE('',#886,#887,#573,.T.);
#1119=EDGE_CURVE('',#887,#885,#481,.T.);
#1120=EDGE_CURVE('',#886,#884,#482,.T.);
#1121=EDGE_CURVE('',#888,#889,#574,.T.);
#1122=EDGE_CURVE('',#889,#887,#483,.T.);
#1123=EDGE_CURVE('',#888,#886,#484,.T.);
#1124=EDGE_CURVE('',#890,#891,#575,.T.);
#1125=EDGE_CURVE('',#891,#889,#485,.T.);
#1126=EDGE_CURVE('',#890,#888,#486,.T.);
#1127=EDGE_CURVE('',#892,#893,#576,.T.);
#1128=EDGE_CURVE('',#894,#892,#487,.T.);
#1129=EDGE_CURVE('',#895,#894,#377,.T.);
#1130=EDGE_CURVE('',#895,#893,#488,.T.);
#1131=EDGE_CURVE('',#896,#897,#577,.T.);
#1132=EDGE_CURVE('',#896,#898,#489,.T.);
#1133=EDGE_CURVE('',#897,#898,#378,.T.);
#1134=EDGE_CURVE('',#899,#900,#578,.T.);
#1135=EDGE_CURVE('',#899,#896,#490,.T.);
#1136=EDGE_CURVE('',#901,#897,#379,.T.);
#1137=EDGE_CURVE('',#900,#901,#491,.T.);
#1138=EDGE_CURVE('',#902,#903,#579,.T.);
#1139=EDGE_CURVE('',#902,#899,#492,.T.);
#1140=EDGE_CURVE('',#903,#900,#493,.T.);
#1141=EDGE_CURVE('',#904,#905,#580,.T.);
#1142=EDGE_CURVE('',#904,#902,#494,.T.);
#1143=EDGE_CURVE('',#905,#903,#495,.T.);
#1144=EDGE_CURVE('',#906,#907,#581,.T.);
#1145=EDGE_CURVE('',#906,#904,#496,.T.);
#1146=EDGE_CURVE('',#907,#905,#497,.T.);
#1147=EDGE_CURVE('',#908,#909,#582,.T.);
#1148=EDGE_CURVE('',#908,#906,#498,.T.);
#1149=EDGE_CURVE('',#909,#907,#499,.T.);
#1150=EDGE_CURVE('',#910,#911,#583,.T.);
#1151=EDGE_CURVE('',#910,#908,#500,.T.);
#1152=EDGE_CURVE('',#911,#909,#501,.T.);
#1153=EDGE_CURVE('',#912,#913,#584,.T.);
#1154=EDGE_CURVE('',#912,#910,#502,.T.);
#1155=EDGE_CURVE('',#913,#911,#503,.T.);
#1156=EDGE_CURVE('',#914,#915,#585,.T.);
#1157=EDGE_CURVE('',#914,#912,#504,.T.);
#1158=EDGE_CURVE('',#915,#913,#505,.T.);
#1159=EDGE_CURVE('',#916,#917,#586,.T.);
#1160=EDGE_CURVE('',#918,#916,#506,.T.);
#1161=EDGE_CURVE('',#919,#918,#380,.T.);
#1162=EDGE_CURVE('',#917,#919,#507,.T.);
#1163=EDGE_CURVE('',#920,#921,#587,.T.);
#1164=EDGE_CURVE('',#916,#920,#508,.T.);
#1165=EDGE_CURVE('',#921,#917,#509,.T.);
#1166=EDGE_CURVE('',#922,#923,#588,.T.);
#1167=EDGE_CURVE('',#920,#922,#510,.T.);
#1168=EDGE_CURVE('',#923,#921,#511,.T.);
#1169=EDGE_CURVE('',#924,#925,#589,.T.);
#1170=EDGE_CURVE('',#922,#924,#512,.T.);
#1171=EDGE_CURVE('',#925,#923,#513,.T.);
#1172=EDGE_CURVE('',#926,#927,#590,.T.);
#1173=EDGE_CURVE('',#924,#926,#514,.T.);
#1174=EDGE_CURVE('',#927,#925,#515,.T.);
#1175=EDGE_CURVE('',#928,#929,#591,.T.);
#1176=EDGE_CURVE('',#926,#928,#516,.T.);
#1177=EDGE_CURVE('',#929,#927,#517,.T.);
#1178=EDGE_CURVE('',#930,#931,#592,.T.);
#1179=EDGE_CURVE('',#928,#930,#518,.T.);
#1180=EDGE_CURVE('',#931,#929,#519,.T.);
#1181=EDGE_CURVE('',#932,#933,#593,.T.);
#1182=EDGE_CURVE('',#930,#932,#520,.T.);
#1183=EDGE_CURVE('',#933,#931,#521,.T.);
#1184=EDGE_CURVE('',#934,#935,#594,.T.);
#1185=EDGE_CURVE('',#932,#934,#522,.T.);
#1186=EDGE_CURVE('',#935,#933,#523,.T.);
#1187=EDGE_CURVE('',#936,#937,#524,.T.);
#1188=EDGE_CURVE('',#937,#935,#525,.T.);
#1189=EDGE_CURVE('',#919,#938,#526,.F.);
#1190=EDGE_CURVE('',#938,#936,#527,.T.);
#1191=EDGE_CURVE('',#939,#938,#528,.T.);
#1192=EDGE_CURVE('',#939,#915,#529,.T.);
#1193=EDGE_CURVE('',#936,#901,#530,.T.);
#1194=EDGE_CURVE('',#940,#941,#531,.T.);
#1195=EDGE_CURVE('',#941,#942,#532,.T.);
#1196=EDGE_CURVE('',#942,#918,#533,.F.);
#1197=EDGE_CURVE('',#934,#940,#534,.T.);
#1198=EDGE_CURVE('',#940,#937,#381,.F.);
#1199=EDGE_CURVE('',#943,#939,#382,.T.);
#1200=EDGE_CURVE('',#943,#914,#535,.T.);
#1201=EDGE_CURVE('',#898,#941,#536,.T.);
#1202=EDGE_CURVE('',#942,#943,#537,.F.);
#1203=EDGE_CURVE('',#944,#944,#383,.T.);
#1204=EDGE_CURVE('',#944,#945,#595,.T.);
#1205=EDGE_CURVE('',#945,#945,#384,.T.);
#1206=EDGE_CURVE('',#946,#946,#385,.T.);
#1207=EDGE_CURVE('',#841,#947,#538,.T.);
#1208=EDGE_CURVE('',#947,#948,#539,.T.);
#1209=EDGE_CURVE('',#948,#864,#540,.F.);
#1210=EDGE_CURVE('',#862,#860,#541,.T.);
#1211=EDGE_CURVE('',#894,#947,#542,.T.);
#1212=EDGE_CURVE('',#892,#890,#543,.T.);
#1213=EDGE_CURVE('',#948,#869,#544,.T.);
#1214=EDGE_CURVE('',#949,#840,#545,.T.);
#1215=EDGE_CURVE('',#949,#895,#546,.T.);
#1216=EDGE_CURVE('',#861,#863,#547,.T.);
#1217=EDGE_CURVE('',#865,#950,#548,.F.);
#1218=EDGE_CURVE('',#950,#949,#549,.T.);
#1219=EDGE_CURVE('',#868,#950,#550,.T.);
#1220=EDGE_CURVE('',#893,#891,#551,.T.);
#1221=EDGE_CURVE('',#951,#952,#386,.T.);
#1222=EDGE_CURVE('',#952,#953,#596,.T.);
#1223=EDGE_CURVE('',#953,#954,#387,.T.);
#1224=EDGE_CURVE('',#954,#951,#597,.T.);
#1225=EDGE_CURVE('',#955,#954,#598,.T.);
#1226=EDGE_CURVE('',#955,#956,#599,.T.);
#1227=EDGE_CURVE('',#951,#956,#600,.T.);
#1228=EDGE_CURVE('',#953,#957,#601,.T.);
#1229=EDGE_CURVE('',#957,#958,#602,.T.);
#1230=EDGE_CURVE('',#959,#958,#388,.T.);
#1231=EDGE_CURVE('',#959,#955,#603,.T.);
#1232=EDGE_CURVE('',#960,#961,#389,.T.);
#1233=EDGE_CURVE('',#961,#962,#604,.T.);
#1234=EDGE_CURVE('',#962,#963,#390,.T.);
#1235=EDGE_CURVE('',#963,#960,#605,.T.);
#1236=EDGE_CURVE('',#964,#963,#606,.T.);
#1237=EDGE_CURVE('',#965,#964,#607,.T.);
#1238=EDGE_CURVE('',#960,#965,#608,.T.);
#1239=EDGE_CURVE('',#962,#966,#609,.T.);
#1240=EDGE_CURVE('',#966,#967,#610,.T.);
#1241=EDGE_CURVE('',#968,#967,#391,.T.);
#1242=EDGE_CURVE('',#968,#964,#611,.T.);
#1243=EDGE_CURVE('',#969,#970,#392,.T.);
#1244=EDGE_CURVE('',#970,#971,#612,.T.);
#1245=EDGE_CURVE('',#971,#972,#393,.T.);
#1246=EDGE_CURVE('',#972,#969,#613,.T.);
#1247=EDGE_CURVE('',#973,#972,#614,.T.);
#1248=EDGE_CURVE('',#974,#973,#615,.T.);
#1249=EDGE_CURVE('',#969,#974,#616,.T.);
#1250=EDGE_CURVE('',#971,#975,#617,.T.);
#1251=EDGE_CURVE('',#975,#976,#618,.T.);
#1252=EDGE_CURVE('',#977,#976,#394,.T.);
#1253=EDGE_CURVE('',#977,#973,#619,.T.);
#1254=EDGE_CURVE('',#978,#979,#395,.T.);
#1255=EDGE_CURVE('',#979,#980,#620,.T.);
#1256=EDGE_CURVE('',#980,#981,#396,.T.);
#1257=EDGE_CURVE('',#981,#978,#621,.T.);
#1258=EDGE_CURVE('',#982,#981,#622,.T.);
#1259=EDGE_CURVE('',#983,#982,#623,.T.);
#1260=EDGE_CURVE('',#978,#983,#624,.T.);
#1261=EDGE_CURVE('',#980,#984,#625,.T.);
#1262=EDGE_CURVE('',#984,#985,#626,.T.);
#1263=EDGE_CURVE('',#986,#985,#397,.T.);
#1264=EDGE_CURVE('',#986,#982,#627,.T.);
#1265=EDGE_CURVE('',#987,#988,#398,.T.);
#1266=EDGE_CURVE('',#988,#989,#628,.T.);
#1267=EDGE_CURVE('',#989,#990,#399,.T.);
#1268=EDGE_CURVE('',#990,#987,#629,.T.);
#1269=EDGE_CURVE('',#991,#990,#630,.T.);
#1270=EDGE_CURVE('',#992,#991,#631,.T.);
#1271=EDGE_CURVE('',#987,#992,#632,.T.);
#1272=EDGE_CURVE('',#989,#993,#633,.T.);
#1273=EDGE_CURVE('',#993,#994,#634,.T.);
#1274=EDGE_CURVE('',#995,#994,#400,.T.);
#1275=EDGE_CURVE('',#995,#991,#635,.T.);
#1276=EDGE_CURVE('',#996,#997,#401,.T.);
#1277=EDGE_CURVE('',#997,#998,#636,.T.);
#1278=EDGE_CURVE('',#998,#999,#402,.T.);
#1279=EDGE_CURVE('',#999,#996,#637,.T.);
#1280=EDGE_CURVE('',#1000,#999,#638,.T.);
#1281=EDGE_CURVE('',#1001,#1000,#639,.T.);
#1282=EDGE_CURVE('',#996,#1001,#640,.T.);
#1283=EDGE_CURVE('',#998,#1002,#641,.T.);
#1284=EDGE_CURVE('',#1002,#1003,#642,.T.);
#1285=EDGE_CURVE('',#1004,#1003,#403,.T.);
#1286=EDGE_CURVE('',#1004,#1000,#643,.T.);
#1287=EDGE_CURVE('',#976,#1005,#644,.T.);
#1288=EDGE_CURVE('',#975,#1006,#645,.T.);
#1289=EDGE_CURVE('',#1005,#1006,#646,.T.);
#1290=EDGE_CURVE('',#1006,#970,#647,.T.);
#1291=EDGE_CURVE('',#1007,#977,#648,.T.);
#1292=EDGE_CURVE('',#974,#1007,#649,.T.);
#1293=EDGE_CURVE('',#1005,#1007,#404,.T.);
#1294=EDGE_CURVE('',#994,#1008,#650,.T.);
#1295=EDGE_CURVE('',#993,#1009,#651,.T.);
#1296=EDGE_CURVE('',#1008,#1009,#652,.T.);
#1297=EDGE_CURVE('',#1009,#988,#653,.T.);
#1298=EDGE_CURVE('',#1010,#995,#654,.T.);
#1299=EDGE_CURVE('',#992,#1010,#655,.T.);
#1300=EDGE_CURVE('',#1008,#1010,#405,.T.);
#1301=EDGE_CURVE('',#1003,#1011,#656,.T.);
#1302=EDGE_CURVE('',#1002,#1012,#657,.T.);
#1303=EDGE_CURVE('',#1011,#1012,#658,.T.);
#1304=EDGE_CURVE('',#1012,#997,#659,.T.);
#1305=EDGE_CURVE('',#1013,#1004,#660,.T.);
#1306=EDGE_CURVE('',#1001,#1013,#661,.T.);
#1307=EDGE_CURVE('',#1011,#1013,#406,.T.);
#1308=EDGE_CURVE('',#958,#1014,#662,.T.);
#1309=EDGE_CURVE('',#957,#1015,#663,.T.);
#1310=EDGE_CURVE('',#1014,#1015,#664,.T.);
#1311=EDGE_CURVE('',#1016,#959,#665,.T.);
#1312=EDGE_CURVE('',#956,#1016,#666,.T.);
#1313=EDGE_CURVE('',#1015,#952,#667,.T.);
#1314=EDGE_CURVE('',#1014,#1016,#407,.T.);
#1315=EDGE_CURVE('',#967,#1017,#668,.T.);
#1316=EDGE_CURVE('',#966,#1018,#669,.T.);
#1317=EDGE_CURVE('',#1017,#1018,#670,.T.);
#1318=EDGE_CURVE('',#1018,#961,#671,.T.);
#1319=EDGE_CURVE('',#1019,#968,#672,.T.);
#1320=EDGE_CURVE('',#965,#1019,#673,.T.);
#1321=EDGE_CURVE('',#1017,#1019,#408,.T.);
#1322=EDGE_CURVE('',#985,#1020,#674,.T.);
#1323=EDGE_CURVE('',#984,#1021,#675,.T.);
#1324=EDGE_CURVE('',#1020,#1021,#676,.T.);
#1325=EDGE_CURVE('',#1021,#979,#677,.T.);
#1326=EDGE_CURVE('',#1022,#986,#678,.T.);
#1327=EDGE_CURVE('',#983,#1022,#679,.T.);
#1328=EDGE_CURVE('',#1020,#1022,#409,.T.);
#1329=EDGE_CURVE('',#1023,#1023,#410,.T.);
#1330=EDGE_CURVE('',#1023,#1024,#680,.T.);
#1331=EDGE_CURVE('',#1024,#1024,#411,.T.);
#1332=EDGE_CURVE('',#1025,#1025,#412,.T.);
#1333=EDGE_CURVE('',#1025,#1026,#681,.T.);
#1334=EDGE_CURVE('',#1026,#1026,#413,.T.);
#1335=EDGE_CURVE('',#1027,#1027,#414,.T.);
#1336=EDGE_CURVE('',#1027,#1028,#682,.T.);
#1337=EDGE_CURVE('',#1028,#1028,#415,.T.);
#1338=EDGE_CURVE('',#1029,#1029,#416,.T.);
#1339=EDGE_CURVE('',#1029,#1030,#683,.T.);
#1340=EDGE_CURVE('',#1030,#1030,#417,.T.);
#1341=EDGE_CURVE('',#1031,#1031,#418,.T.);
#1342=EDGE_CURVE('',#1031,#1032,#684,.T.);
#1343=EDGE_CURVE('',#1032,#1032,#419,.T.);
#1344=EDGE_CURVE('',#1033,#1033,#420,.T.);
#1345=EDGE_CURVE('',#1033,#1034,#685,.T.);
#1346=EDGE_CURVE('',#1034,#1034,#421,.T.);
#1347=EDGE_CURVE('',#1035,#1035,#422,.T.);
#1348=EDGE_CURVE('',#1035,#1036,#686,.T.);
#1349=EDGE_CURVE('',#1036,#1036,#423,.T.);
#1350=EDGE_CURVE('',#1037,#1037,#424,.T.);
#1351=EDGE_CURVE('',#1037,#1038,#687,.T.);
#1352=EDGE_CURVE('',#1038,#1038,#425,.T.);
#1353=EDGE_CURVE('',#1039,#1039,#426,.T.);
#1354=EDGE_CURVE('',#1039,#1040,#688,.T.);
#1355=EDGE_CURVE('',#1040,#1040,#427,.T.);
#1356=EDGE_CURVE('',#1041,#1041,#428,.T.);
#1357=EDGE_CURVE('',#1041,#1042,#689,.T.);
#1358=EDGE_CURVE('',#1042,#1042,#429,.T.);
#1359=EDGE_CURVE('',#1043,#1043,#430,.T.);
#1360=EDGE_CURVE('',#1043,#1044,#690,.T.);
#1361=EDGE_CURVE('',#1044,#1044,#431,.T.);
#1362=EDGE_CURVE('',#1045,#1045,#432,.T.);
#1363=EDGE_CURVE('',#1045,#1046,#691,.T.);
#1364=EDGE_CURVE('',#1046,#1046,#433,.T.);
#1365=EDGE_CURVE('',#1047,#1047,#434,.T.);
#1366=EDGE_CURVE('',#1047,#1048,#692,.T.);
#1367=EDGE_CURVE('',#1048,#1048,#435,.T.);
#1368=EDGE_CURVE('',#1049,#1049,#436,.T.);
#1369=EDGE_CURVE('',#1049,#1050,#693,.T.);
#1370=EDGE_CURVE('',#1050,#1050,#437,.T.);
#1371=EDGE_CURVE('',#1051,#1051,#438,.T.);
#1372=EDGE_CURVE('',#1051,#946,#694,.T.);
#1373=ORIENTED_EDGE('',*,*,#1052,.T.);
#1374=ORIENTED_EDGE('',*,*,#1053,.F.);
#1375=ORIENTED_EDGE('',*,*,#1054,.F.);
#1376=ORIENTED_EDGE('',*,*,#1055,.F.);
#1377=ORIENTED_EDGE('',*,*,#1056,.T.);
#1378=ORIENTED_EDGE('',*,*,#1057,.F.);
#1379=ORIENTED_EDGE('',*,*,#1052,.F.);
#1380=ORIENTED_EDGE('',*,*,#1058,.F.);
#1381=ORIENTED_EDGE('',*,*,#1059,.T.);
#1382=ORIENTED_EDGE('',*,*,#1060,.F.);
#1383=ORIENTED_EDGE('',*,*,#1056,.F.);
#1384=ORIENTED_EDGE('',*,*,#1061,.F.);
#1385=ORIENTED_EDGE('',*,*,#1062,.T.);
#1386=ORIENTED_EDGE('',*,*,#1063,.F.);
#1387=ORIENTED_EDGE('',*,*,#1059,.F.);
#1388=ORIENTED_EDGE('',*,*,#1064,.F.);
#1389=ORIENTED_EDGE('',*,*,#1065,.T.);
#1390=ORIENTED_EDGE('',*,*,#1066,.F.);
#1391=ORIENTED_EDGE('',*,*,#1062,.F.);
#1392=ORIENTED_EDGE('',*,*,#1067,.F.);
#1393=ORIENTED_EDGE('',*,*,#1068,.T.);
#1394=ORIENTED_EDGE('',*,*,#1069,.F.);
#1395=ORIENTED_EDGE('',*,*,#1065,.F.);
#1396=ORIENTED_EDGE('',*,*,#1070,.F.);
#1397=ORIENTED_EDGE('',*,*,#1071,.T.);
#1398=ORIENTED_EDGE('',*,*,#1072,.F.);
#1399=ORIENTED_EDGE('',*,*,#1068,.F.);
#1400=ORIENTED_EDGE('',*,*,#1073,.F.);
#1401=ORIENTED_EDGE('',*,*,#1074,.T.);
#1402=ORIENTED_EDGE('',*,*,#1075,.F.);
#1403=ORIENTED_EDGE('',*,*,#1071,.F.);
#1404=ORIENTED_EDGE('',*,*,#1076,.F.);
#1405=ORIENTED_EDGE('',*,*,#1077,.T.);
#1406=ORIENTED_EDGE('',*,*,#1078,.F.);
#1407=ORIENTED_EDGE('',*,*,#1074,.F.);
#1408=ORIENTED_EDGE('',*,*,#1079,.F.);
#1409=ORIENTED_EDGE('',*,*,#1080,.T.);
#1410=ORIENTED_EDGE('',*,*,#1081,.F.);
#1411=ORIENTED_EDGE('',*,*,#1077,.F.);
#1412=ORIENTED_EDGE('',*,*,#1082,.F.);
#1413=ORIENTED_EDGE('',*,*,#1083,.T.);
#1414=ORIENTED_EDGE('',*,*,#1084,.F.);
#1415=ORIENTED_EDGE('',*,*,#1080,.F.);
#1416=ORIENTED_EDGE('',*,*,#1085,.F.);
#1417=ORIENTED_EDGE('',*,*,#1086,.F.);
#1418=ORIENTED_EDGE('',*,*,#1087,.F.);
#1419=ORIENTED_EDGE('',*,*,#1088,.F.);
#1420=ORIENTED_EDGE('',*,*,#1089,.F.);
#1421=ORIENTED_EDGE('',*,*,#1090,.T.);
#1422=ORIENTED_EDGE('',*,*,#1091,.T.);
#1423=ORIENTED_EDGE('',*,*,#1092,.F.);
#1424=ORIENTED_EDGE('',*,*,#1093,.F.);
#1425=ORIENTED_EDGE('',*,*,#1094,.T.);
#1426=ORIENTED_EDGE('',*,*,#1095,.T.);
#1427=ORIENTED_EDGE('',*,*,#1090,.F.);
#1428=ORIENTED_EDGE('',*,*,#1096,.F.);
#1429=ORIENTED_EDGE('',*,*,#1097,.T.);
#1430=ORIENTED_EDGE('',*,*,#1098,.T.);
#1431=ORIENTED_EDGE('',*,*,#1094,.F.);
#1432=ORIENTED_EDGE('',*,*,#1099,.F.);
#1433=ORIENTED_EDGE('',*,*,#1100,.T.);
#1434=ORIENTED_EDGE('',*,*,#1101,.T.);
#1435=ORIENTED_EDGE('',*,*,#1097,.F.);
#1436=ORIENTED_EDGE('',*,*,#1102,.F.);
#1437=ORIENTED_EDGE('',*,*,#1103,.T.);
#1438=ORIENTED_EDGE('',*,*,#1104,.T.);
#1439=ORIENTED_EDGE('',*,*,#1100,.F.);
#1440=ORIENTED_EDGE('',*,*,#1105,.F.);
#1441=ORIENTED_EDGE('',*,*,#1106,.T.);
#1442=ORIENTED_EDGE('',*,*,#1107,.T.);
#1443=ORIENTED_EDGE('',*,*,#1103,.F.);
#1444=ORIENTED_EDGE('',*,*,#1108,.F.);
#1445=ORIENTED_EDGE('',*,*,#1109,.T.);
#1446=ORIENTED_EDGE('',*,*,#1110,.T.);
#1447=ORIENTED_EDGE('',*,*,#1106,.F.);
#1448=ORIENTED_EDGE('',*,*,#1111,.F.);
#1449=ORIENTED_EDGE('',*,*,#1112,.T.);
#1450=ORIENTED_EDGE('',*,*,#1113,.T.);
#1451=ORIENTED_EDGE('',*,*,#1109,.F.);
#1452=ORIENTED_EDGE('',*,*,#1114,.F.);
#1453=ORIENTED_EDGE('',*,*,#1115,.T.);
#1454=ORIENTED_EDGE('',*,*,#1116,.T.);
#1455=ORIENTED_EDGE('',*,*,#1112,.F.);
#1456=ORIENTED_EDGE('',*,*,#1117,.F.);
#1457=ORIENTED_EDGE('',*,*,#1118,.T.);
#1458=ORIENTED_EDGE('',*,*,#1119,.T.);
#1459=ORIENTED_EDGE('',*,*,#1115,.F.);
#1460=ORIENTED_EDGE('',*,*,#1120,.F.);
#1461=ORIENTED_EDGE('',*,*,#1121,.T.);
#1462=ORIENTED_EDGE('',*,*,#1122,.T.);
#1463=ORIENTED_EDGE('',*,*,#1118,.F.);
#1464=ORIENTED_EDGE('',*,*,#1123,.F.);
#1465=ORIENTED_EDGE('',*,*,#1124,.T.);
#1466=ORIENTED_EDGE('',*,*,#1125,.T.);
#1467=ORIENTED_EDGE('',*,*,#1121,.F.);
#1468=ORIENTED_EDGE('',*,*,#1126,.F.);
#1469=ORIENTED_EDGE('',*,*,#1127,.F.);
#1470=ORIENTED_EDGE('',*,*,#1128,.F.);
#1471=ORIENTED_EDGE('',*,*,#1129,.F.);
#1472=ORIENTED_EDGE('',*,*,#1130,.T.);
#1473=ORIENTED_EDGE('',*,*,#1131,.F.);
#1474=ORIENTED_EDGE('',*,*,#1132,.T.);
#1475=ORIENTED_EDGE('',*,*,#1133,.F.);
#1476=ORIENTED_EDGE('',*,*,#1134,.F.);
#1477=ORIENTED_EDGE('',*,*,#1135,.T.);
#1478=ORIENTED_EDGE('',*,*,#1131,.T.);
#1479=ORIENTED_EDGE('',*,*,#1136,.F.);
#1480=ORIENTED_EDGE('',*,*,#1137,.F.);
#1481=ORIENTED_EDGE('',*,*,#1138,.F.);
#1482=ORIENTED_EDGE('',*,*,#1139,.T.);
#1483=ORIENTED_EDGE('',*,*,#1134,.T.);
#1484=ORIENTED_EDGE('',*,*,#1140,.F.);
#1485=ORIENTED_EDGE('',*,*,#1141,.F.);
#1486=ORIENTED_EDGE('',*,*,#1142,.T.);
#1487=ORIENTED_EDGE('',*,*,#1138,.T.);
#1488=ORIENTED_EDGE('',*,*,#1143,.F.);
#1489=ORIENTED_EDGE('',*,*,#1144,.F.);
#1490=ORIENTED_EDGE('',*,*,#1145,.T.);
#1491=ORIENTED_EDGE('',*,*,#1141,.T.);
#1492=ORIENTED_EDGE('',*,*,#1146,.F.);
#1493=ORIENTED_EDGE('',*,*,#1147,.F.);
#1494=ORIENTED_EDGE('',*,*,#1148,.T.);
#1495=ORIENTED_EDGE('',*,*,#1144,.T.);
#1496=ORIENTED_EDGE('',*,*,#1149,.F.);
#1497=ORIENTED_EDGE('',*,*,#1150,.F.);
#1498=ORIENTED_EDGE('',*,*,#1151,.T.);
#1499=ORIENTED_EDGE('',*,*,#1147,.T.);
#1500=ORIENTED_EDGE('',*,*,#1152,.F.);
#1501=ORIENTED_EDGE('',*,*,#1153,.F.);
#1502=ORIENTED_EDGE('',*,*,#1154,.T.);
#1503=ORIENTED_EDGE('',*,*,#1150,.T.);
#1504=ORIENTED_EDGE('',*,*,#1155,.F.);
#1505=ORIENTED_EDGE('',*,*,#1156,.F.);
#1506=ORIENTED_EDGE('',*,*,#1157,.T.);
#1507=ORIENTED_EDGE('',*,*,#1153,.T.);
#1508=ORIENTED_EDGE('',*,*,#1158,.F.);
#1509=ORIENTED_EDGE('',*,*,#1159,.F.);
#1510=ORIENTED_EDGE('',*,*,#1160,.F.);
#1511=ORIENTED_EDGE('',*,*,#1161,.F.);
#1512=ORIENTED_EDGE('',*,*,#1162,.F.);
#1513=ORIENTED_EDGE('',*,*,#1163,.F.);
#1514=ORIENTED_EDGE('',*,*,#1164,.F.);
#1515=ORIENTED_EDGE('',*,*,#1159,.T.);
#1516=ORIENTED_EDGE('',*,*,#1165,.F.);
#1517=ORIENTED_EDGE('',*,*,#1166,.F.);
#1518=ORIENTED_EDGE('',*,*,#1167,.F.);
#1519=ORIENTED_EDGE('',*,*,#1163,.T.);
#1520=ORIENTED_EDGE('',*,*,#1168,.F.);
#1521=ORIENTED_EDGE('',*,*,#1169,.F.);
#1522=ORIENTED_EDGE('',*,*,#1170,.F.);
#1523=ORIENTED_EDGE('',*,*,#1166,.T.);
#1524=ORIENTED_EDGE('',*,*,#1171,.F.);
#1525=ORIENTED_EDGE('',*,*,#1172,.F.);
#1526=ORIENTED_EDGE('',*,*,#1173,.F.);
#1527=ORIENTED_EDGE('',*,*,#1169,.T.);
#1528=ORIENTED_EDGE('',*,*,#1174,.F.);
#1529=ORIENTED_EDGE('',*,*,#1175,.F.);
#1530=ORIENTED_EDGE('',*,*,#1176,.F.);
#1531=ORIENTED_EDGE('',*,*,#1172,.T.);
#1532=ORIENTED_EDGE('',*,*,#1177,.F.);
#1533=ORIENTED_EDGE('',*,*,#1178,.F.);
#1534=ORIENTED_EDGE('',*,*,#1179,.F.);
#1535=ORIENTED_EDGE('',*,*,#1175,.T.);
#1536=ORIENTED_EDGE('',*,*,#1180,.F.);
#1537=ORIENTED_EDGE('',*,*,#1181,.F.);
#1538=ORIENTED_EDGE('',*,*,#1182,.F.);
#1539=ORIENTED_EDGE('',*,*,#1178,.T.);
#1540=ORIENTED_EDGE('',*,*,#1183,.F.);
#1541=ORIENTED_EDGE('',*,*,#1184,.F.);
#1542=ORIENTED_EDGE('',*,*,#1185,.F.);
#1543=ORIENTED_EDGE('',*,*,#1181,.T.);
#1544=ORIENTED_EDGE('',*,*,#1186,.F.);
#1545=ORIENTED_EDGE('',*,*,#1187,.T.);
#1546=ORIENTED_EDGE('',*,*,#1188,.T.);
#1547=ORIENTED_EDGE('',*,*,#1186,.T.);
#1548=ORIENTED_EDGE('',*,*,#1183,.T.);
#1549=ORIENTED_EDGE('',*,*,#1180,.T.);
#1550=ORIENTED_EDGE('',*,*,#1177,.T.);
#1551=ORIENTED_EDGE('',*,*,#1174,.T.);
#1552=ORIENTED_EDGE('',*,*,#1171,.T.);
#1553=ORIENTED_EDGE('',*,*,#1168,.T.);
#1554=ORIENTED_EDGE('',*,*,#1165,.T.);
#1555=ORIENTED_EDGE('',*,*,#1162,.T.);
#1556=ORIENTED_EDGE('',*,*,#1189,.T.);
#1557=ORIENTED_EDGE('',*,*,#1190,.T.);
#1558=ORIENTED_EDGE('',*,*,#1190,.F.);
#1559=ORIENTED_EDGE('',*,*,#1191,.F.);
#1560=ORIENTED_EDGE('',*,*,#1192,.T.);
#1561=ORIENTED_EDGE('',*,*,#1158,.T.);
#1562=ORIENTED_EDGE('',*,*,#1155,.T.);
#1563=ORIENTED_EDGE('',*,*,#1152,.T.);
#1564=ORIENTED_EDGE('',*,*,#1149,.T.);
#1565=ORIENTED_EDGE('',*,*,#1146,.T.);
#1566=ORIENTED_EDGE('',*,*,#1143,.T.);
#1567=ORIENTED_EDGE('',*,*,#1140,.T.);
#1568=ORIENTED_EDGE('',*,*,#1137,.T.);
#1569=ORIENTED_EDGE('',*,*,#1193,.F.);
#1570=ORIENTED_EDGE('',*,*,#1194,.T.);
#1571=ORIENTED_EDGE('',*,*,#1195,.T.);
#1572=ORIENTED_EDGE('',*,*,#1196,.T.);
#1573=ORIENTED_EDGE('',*,*,#1160,.T.);
#1574=ORIENTED_EDGE('',*,*,#1164,.T.);
#1575=ORIENTED_EDGE('',*,*,#1167,.T.);
#1576=ORIENTED_EDGE('',*,*,#1170,.T.);
#1577=ORIENTED_EDGE('',*,*,#1173,.T.);
#1578=ORIENTED_EDGE('',*,*,#1176,.T.);
#1579=ORIENTED_EDGE('',*,*,#1179,.T.);
#1580=ORIENTED_EDGE('',*,*,#1182,.T.);
#1581=ORIENTED_EDGE('',*,*,#1185,.T.);
#1582=ORIENTED_EDGE('',*,*,#1197,.T.);
#1583=ORIENTED_EDGE('',*,*,#1184,.T.);
#1584=ORIENTED_EDGE('',*,*,#1188,.F.);
#1585=ORIENTED_EDGE('',*,*,#1198,.F.);
#1586=ORIENTED_EDGE('',*,*,#1197,.F.);
#1587=ORIENTED_EDGE('',*,*,#1156,.T.);
#1588=ORIENTED_EDGE('',*,*,#1192,.F.);
#1589=ORIENTED_EDGE('',*,*,#1199,.F.);
#1590=ORIENTED_EDGE('',*,*,#1200,.T.);
#1591=ORIENTED_EDGE('',*,*,#1195,.F.);
#1592=ORIENTED_EDGE('',*,*,#1201,.F.);
#1593=ORIENTED_EDGE('',*,*,#1132,.F.);
#1594=ORIENTED_EDGE('',*,*,#1135,.F.);
#1595=ORIENTED_EDGE('',*,*,#1139,.F.);
#1596=ORIENTED_EDGE('',*,*,#1142,.F.);
#1597=ORIENTED_EDGE('',*,*,#1145,.F.);
#1598=ORIENTED_EDGE('',*,*,#1148,.F.);
#1599=ORIENTED_EDGE('',*,*,#1151,.F.);
#1600=ORIENTED_EDGE('',*,*,#1154,.F.);
#1601=ORIENTED_EDGE('',*,*,#1157,.F.);
#1602=ORIENTED_EDGE('',*,*,#1200,.F.);
#1603=ORIENTED_EDGE('',*,*,#1202,.F.);
#1604=ORIENTED_EDGE('',*,*,#1203,.F.);
#1605=ORIENTED_EDGE('',*,*,#1204,.T.);
#1606=ORIENTED_EDGE('',*,*,#1205,.F.);
#1607=ORIENTED_EDGE('',*,*,#1204,.F.);
#1608=ORIENTED_EDGE('',*,*,#1187,.F.);
#1609=ORIENTED_EDGE('',*,*,#1193,.T.);
#1610=ORIENTED_EDGE('',*,*,#1136,.T.);
#1611=ORIENTED_EDGE('',*,*,#1133,.T.);
#1612=ORIENTED_EDGE('',*,*,#1201,.T.);
#1613=ORIENTED_EDGE('',*,*,#1194,.F.);
#1614=ORIENTED_EDGE('',*,*,#1198,.T.);
#1615=ORIENTED_EDGE('',*,*,#1203,.T.);
#1616=ORIENTED_EDGE('',*,*,#1206,.T.);
#1617=ORIENTED_EDGE('',*,*,#1161,.T.);
#1618=ORIENTED_EDGE('',*,*,#1196,.F.);
#1619=ORIENTED_EDGE('',*,*,#1202,.T.);
#1620=ORIENTED_EDGE('',*,*,#1199,.T.);
#1621=ORIENTED_EDGE('',*,*,#1191,.T.);
#1622=ORIENTED_EDGE('',*,*,#1189,.F.);
#1623=ORIENTED_EDGE('',*,*,#1207,.T.);
#1624=ORIENTED_EDGE('',*,*,#1208,.T.);
#1625=ORIENTED_EDGE('',*,*,#1209,.T.);
#1626=ORIENTED_EDGE('',*,*,#1087,.T.);
#1627=ORIENTED_EDGE('',*,*,#1210,.T.);
#1628=ORIENTED_EDGE('',*,*,#1085,.T.);
#1629=ORIENTED_EDGE('',*,*,#1082,.T.);
#1630=ORIENTED_EDGE('',*,*,#1079,.T.);
#1631=ORIENTED_EDGE('',*,*,#1076,.T.);
#1632=ORIENTED_EDGE('',*,*,#1073,.T.);
#1633=ORIENTED_EDGE('',*,*,#1070,.T.);
#1634=ORIENTED_EDGE('',*,*,#1067,.T.);
#1635=ORIENTED_EDGE('',*,*,#1064,.T.);
#1636=ORIENTED_EDGE('',*,*,#1061,.T.);
#1637=ORIENTED_EDGE('',*,*,#1058,.T.);
#1638=ORIENTED_EDGE('',*,*,#1055,.T.);
#1639=ORIENTED_EDGE('',*,*,#1208,.F.);
#1640=ORIENTED_EDGE('',*,*,#1211,.F.);
#1641=ORIENTED_EDGE('',*,*,#1128,.T.);
#1642=ORIENTED_EDGE('',*,*,#1212,.T.);
#1643=ORIENTED_EDGE('',*,*,#1126,.T.);
#1644=ORIENTED_EDGE('',*,*,#1123,.T.);
#1645=ORIENTED_EDGE('',*,*,#1120,.T.);
#1646=ORIENTED_EDGE('',*,*,#1117,.T.);
#1647=ORIENTED_EDGE('',*,*,#1114,.T.);
#1648=ORIENTED_EDGE('',*,*,#1111,.T.);
#1649=ORIENTED_EDGE('',*,*,#1108,.T.);
#1650=ORIENTED_EDGE('',*,*,#1105,.T.);
#1651=ORIENTED_EDGE('',*,*,#1102,.T.);
#1652=ORIENTED_EDGE('',*,*,#1099,.T.);
#1653=ORIENTED_EDGE('',*,*,#1096,.T.);
#1654=ORIENTED_EDGE('',*,*,#1093,.T.);
#1655=ORIENTED_EDGE('',*,*,#1213,.F.);
#1656=ORIENTED_EDGE('',*,*,#1205,.T.);
#1657=ORIENTED_EDGE('',*,*,#1207,.F.);
#1658=ORIENTED_EDGE('',*,*,#1054,.T.);
#1659=ORIENTED_EDGE('',*,*,#1214,.F.);
#1660=ORIENTED_EDGE('',*,*,#1215,.T.);
#1661=ORIENTED_EDGE('',*,*,#1129,.T.);
#1662=ORIENTED_EDGE('',*,*,#1211,.T.);
#1663=ORIENTED_EDGE('',*,*,#1214,.T.);
#1664=ORIENTED_EDGE('',*,*,#1053,.T.);
#1665=ORIENTED_EDGE('',*,*,#1057,.T.);
#1666=ORIENTED_EDGE('',*,*,#1060,.T.);
#1667=ORIENTED_EDGE('',*,*,#1063,.T.);
#1668=ORIENTED_EDGE('',*,*,#1066,.T.);
#1669=ORIENTED_EDGE('',*,*,#1069,.T.);
#1670=ORIENTED_EDGE('',*,*,#1072,.T.);
#1671=ORIENTED_EDGE('',*,*,#1075,.T.);
#1672=ORIENTED_EDGE('',*,*,#1078,.T.);
#1673=ORIENTED_EDGE('',*,*,#1081,.T.);
#1674=ORIENTED_EDGE('',*,*,#1084,.T.);
#1675=ORIENTED_EDGE('',*,*,#1216,.T.);
#1676=ORIENTED_EDGE('',*,*,#1089,.T.);
#1677=ORIENTED_EDGE('',*,*,#1217,.T.);
#1678=ORIENTED_EDGE('',*,*,#1218,.T.);
#1679=ORIENTED_EDGE('',*,*,#1218,.F.);
#1680=ORIENTED_EDGE('',*,*,#1219,.F.);
#1681=ORIENTED_EDGE('',*,*,#1091,.F.);
#1682=ORIENTED_EDGE('',*,*,#1095,.F.);
#1683=ORIENTED_EDGE('',*,*,#1098,.F.);
#1684=ORIENTED_EDGE('',*,*,#1101,.F.);
#1685=ORIENTED_EDGE('',*,*,#1104,.F.);
#1686=ORIENTED_EDGE('',*,*,#1107,.F.);
#1687=ORIENTED_EDGE('',*,*,#1110,.F.);
#1688=ORIENTED_EDGE('',*,*,#1113,.F.);
#1689=ORIENTED_EDGE('',*,*,#1116,.F.);
#1690=ORIENTED_EDGE('',*,*,#1119,.F.);
#1691=ORIENTED_EDGE('',*,*,#1122,.F.);
#1692=ORIENTED_EDGE('',*,*,#1125,.F.);
#1693=ORIENTED_EDGE('',*,*,#1220,.F.);
#1694=ORIENTED_EDGE('',*,*,#1130,.F.);
#1695=ORIENTED_EDGE('',*,*,#1215,.F.);
#1696=ORIENTED_EDGE('',*,*,#1127,.T.);
#1697=ORIENTED_EDGE('',*,*,#1220,.T.);
#1698=ORIENTED_EDGE('',*,*,#1124,.F.);
#1699=ORIENTED_EDGE('',*,*,#1212,.F.);
#1700=ORIENTED_EDGE('',*,*,#1221,.T.);
#1701=ORIENTED_EDGE('',*,*,#1222,.T.);
#1702=ORIENTED_EDGE('',*,*,#1223,.T.);
#1703=ORIENTED_EDGE('',*,*,#1224,.T.);
#1704=ORIENTED_EDGE('',*,*,#1224,.F.);
#1705=ORIENTED_EDGE('',*,*,#1225,.F.);
#1706=ORIENTED_EDGE('',*,*,#1226,.T.);
#1707=ORIENTED_EDGE('',*,*,#1227,.F.);
#1708=ORIENTED_EDGE('',*,*,#1223,.F.);
#1709=ORIENTED_EDGE('',*,*,#1228,.T.);
#1710=ORIENTED_EDGE('',*,*,#1229,.T.);
#1711=ORIENTED_EDGE('',*,*,#1230,.F.);
#1712=ORIENTED_EDGE('',*,*,#1231,.T.);
#1713=ORIENTED_EDGE('',*,*,#1225,.T.);
#1714=ORIENTED_EDGE('',*,*,#1232,.T.);
#1715=ORIENTED_EDGE('',*,*,#1233,.T.);
#1716=ORIENTED_EDGE('',*,*,#1234,.T.);
#1717=ORIENTED_EDGE('',*,*,#1235,.T.);
#1718=ORIENTED_EDGE('',*,*,#1235,.F.);
#1719=ORIENTED_EDGE('',*,*,#1236,.F.);
#1720=ORIENTED_EDGE('',*,*,#1237,.F.);
#1721=ORIENTED_EDGE('',*,*,#1238,.F.);
#1722=ORIENTED_EDGE('',*,*,#1234,.F.);
#1723=ORIENTED_EDGE('',*,*,#1239,.T.);
#1724=ORIENTED_EDGE('',*,*,#1240,.T.);
#1725=ORIENTED_EDGE('',*,*,#1241,.F.);
#1726=ORIENTED_EDGE('',*,*,#1242,.T.);
#1727=ORIENTED_EDGE('',*,*,#1236,.T.);
#1728=ORIENTED_EDGE('',*,*,#1243,.T.);
#1729=ORIENTED_EDGE('',*,*,#1244,.T.);
#1730=ORIENTED_EDGE('',*,*,#1245,.T.);
#1731=ORIENTED_EDGE('',*,*,#1246,.T.);
#1732=ORIENTED_EDGE('',*,*,#1246,.F.);
#1733=ORIENTED_EDGE('',*,*,#1247,.F.);
#1734=ORIENTED_EDGE('',*,*,#1248,.F.);
#1735=ORIENTED_EDGE('',*,*,#1249,.F.);
#1736=ORIENTED_EDGE('',*,*,#1245,.F.);
#1737=ORIENTED_EDGE('',*,*,#1250,.T.);
#1738=ORIENTED_EDGE('',*,*,#1251,.T.);
#1739=ORIENTED_EDGE('',*,*,#1252,.F.);
#1740=ORIENTED_EDGE('',*,*,#1253,.T.);
#1741=ORIENTED_EDGE('',*,*,#1247,.T.);
#1742=ORIENTED_EDGE('',*,*,#1254,.T.);
#1743=ORIENTED_EDGE('',*,*,#1255,.T.);
#1744=ORIENTED_EDGE('',*,*,#1256,.T.);
#1745=ORIENTED_EDGE('',*,*,#1257,.T.);
#1746=ORIENTED_EDGE('',*,*,#1257,.F.);
#1747=ORIENTED_EDGE('',*,*,#1258,.F.);
#1748=ORIENTED_EDGE('',*,*,#1259,.F.);
#1749=ORIENTED_EDGE('',*,*,#1260,.F.);
#1750=ORIENTED_EDGE('',*,*,#1256,.F.);
#1751=ORIENTED_EDGE('',*,*,#1261,.T.);
#1752=ORIENTED_EDGE('',*,*,#1262,.T.);
#1753=ORIENTED_EDGE('',*,*,#1263,.F.);
#1754=ORIENTED_EDGE('',*,*,#1264,.T.);
#1755=ORIENTED_EDGE('',*,*,#1258,.T.);
#1756=ORIENTED_EDGE('',*,*,#1265,.T.);
#1757=ORIENTED_EDGE('',*,*,#1266,.T.);
#1758=ORIENTED_EDGE('',*,*,#1267,.T.);
#1759=ORIENTED_EDGE('',*,*,#1268,.T.);
#1760=ORIENTED_EDGE('',*,*,#1268,.F.);
#1761=ORIENTED_EDGE('',*,*,#1269,.F.);
#1762=ORIENTED_EDGE('',*,*,#1270,.F.);
#1763=ORIENTED_EDGE('',*,*,#1271,.F.);
#1764=ORIENTED_EDGE('',*,*,#1267,.F.);
#1765=ORIENTED_EDGE('',*,*,#1272,.T.);
#1766=ORIENTED_EDGE('',*,*,#1273,.T.);
#1767=ORIENTED_EDGE('',*,*,#1274,.F.);
#1768=ORIENTED_EDGE('',*,*,#1275,.T.);
#1769=ORIENTED_EDGE('',*,*,#1269,.T.);
#1770=ORIENTED_EDGE('',*,*,#1276,.T.);
#1771=ORIENTED_EDGE('',*,*,#1277,.T.);
#1772=ORIENTED_EDGE('',*,*,#1278,.T.);
#1773=ORIENTED_EDGE('',*,*,#1279,.T.);
#1774=ORIENTED_EDGE('',*,*,#1279,.F.);
#1775=ORIENTED_EDGE('',*,*,#1280,.F.);
#1776=ORIENTED_EDGE('',*,*,#1281,.F.);
#1777=ORIENTED_EDGE('',*,*,#1282,.F.);
#1778=ORIENTED_EDGE('',*,*,#1278,.F.);
#1779=ORIENTED_EDGE('',*,*,#1283,.T.);
#1780=ORIENTED_EDGE('',*,*,#1284,.T.);
#1781=ORIENTED_EDGE('',*,*,#1285,.F.);
#1782=ORIENTED_EDGE('',*,*,#1286,.T.);
#1783=ORIENTED_EDGE('',*,*,#1280,.T.);
#1784=ORIENTED_EDGE('',*,*,#1287,.F.);
#1785=ORIENTED_EDGE('',*,*,#1251,.F.);
#1786=ORIENTED_EDGE('',*,*,#1288,.T.);
#1787=ORIENTED_EDGE('',*,*,#1289,.F.);
#1788=ORIENTED_EDGE('',*,*,#1244,.F.);
#1789=ORIENTED_EDGE('',*,*,#1290,.F.);
#1790=ORIENTED_EDGE('',*,*,#1288,.F.);
#1791=ORIENTED_EDGE('',*,*,#1250,.F.);
#1792=ORIENTED_EDGE('',*,*,#1291,.F.);
#1793=ORIENTED_EDGE('',*,*,#1292,.F.);
#1794=ORIENTED_EDGE('',*,*,#1248,.T.);
#1795=ORIENTED_EDGE('',*,*,#1253,.F.);
#1796=ORIENTED_EDGE('',*,*,#1243,.F.);
#1797=ORIENTED_EDGE('',*,*,#1249,.T.);
#1798=ORIENTED_EDGE('',*,*,#1292,.T.);
#1799=ORIENTED_EDGE('',*,*,#1293,.F.);
#1800=ORIENTED_EDGE('',*,*,#1289,.T.);
#1801=ORIENTED_EDGE('',*,*,#1290,.T.);
#1802=ORIENTED_EDGE('',*,*,#1294,.F.);
#1803=ORIENTED_EDGE('',*,*,#1273,.F.);
#1804=ORIENTED_EDGE('',*,*,#1295,.T.);
#1805=ORIENTED_EDGE('',*,*,#1296,.F.);
#1806=ORIENTED_EDGE('',*,*,#1266,.F.);
#1807=ORIENTED_EDGE('',*,*,#1297,.F.);
#1808=ORIENTED_EDGE('',*,*,#1295,.F.);
#1809=ORIENTED_EDGE('',*,*,#1272,.F.);
#1810=ORIENTED_EDGE('',*,*,#1298,.F.);
#1811=ORIENTED_EDGE('',*,*,#1299,.F.);
#1812=ORIENTED_EDGE('',*,*,#1270,.T.);
#1813=ORIENTED_EDGE('',*,*,#1275,.F.);
#1814=ORIENTED_EDGE('',*,*,#1265,.F.);
#1815=ORIENTED_EDGE('',*,*,#1271,.T.);
#1816=ORIENTED_EDGE('',*,*,#1299,.T.);
#1817=ORIENTED_EDGE('',*,*,#1300,.F.);
#1818=ORIENTED_EDGE('',*,*,#1296,.T.);
#1819=ORIENTED_EDGE('',*,*,#1297,.T.);
#1820=ORIENTED_EDGE('',*,*,#1301,.F.);
#1821=ORIENTED_EDGE('',*,*,#1284,.F.);
#1822=ORIENTED_EDGE('',*,*,#1302,.T.);
#1823=ORIENTED_EDGE('',*,*,#1303,.F.);
#1824=ORIENTED_EDGE('',*,*,#1277,.F.);
#1825=ORIENTED_EDGE('',*,*,#1304,.F.);
#1826=ORIENTED_EDGE('',*,*,#1302,.F.);
#1827=ORIENTED_EDGE('',*,*,#1283,.F.);
#1828=ORIENTED_EDGE('',*,*,#1305,.F.);
#1829=ORIENTED_EDGE('',*,*,#1306,.F.);
#1830=ORIENTED_EDGE('',*,*,#1281,.T.);
#1831=ORIENTED_EDGE('',*,*,#1286,.F.);
#1832=ORIENTED_EDGE('',*,*,#1276,.F.);
#1833=ORIENTED_EDGE('',*,*,#1282,.T.);
#1834=ORIENTED_EDGE('',*,*,#1306,.T.);
#1835=ORIENTED_EDGE('',*,*,#1307,.F.);
#1836=ORIENTED_EDGE('',*,*,#1303,.T.);
#1837=ORIENTED_EDGE('',*,*,#1304,.T.);
#1838=ORIENTED_EDGE('',*,*,#1308,.F.);
#1839=ORIENTED_EDGE('',*,*,#1229,.F.);
#1840=ORIENTED_EDGE('',*,*,#1309,.T.);
#1841=ORIENTED_EDGE('',*,*,#1310,.F.);
#1842=ORIENTED_EDGE('',*,*,#1311,.F.);
#1843=ORIENTED_EDGE('',*,*,#1312,.F.);
#1844=ORIENTED_EDGE('',*,*,#1226,.F.);
#1845=ORIENTED_EDGE('',*,*,#1231,.F.);
#1846=ORIENTED_EDGE('',*,*,#1222,.F.);
#1847=ORIENTED_EDGE('',*,*,#1313,.F.);
#1848=ORIENTED_EDGE('',*,*,#1309,.F.);
#1849=ORIENTED_EDGE('',*,*,#1228,.F.);
#1850=ORIENTED_EDGE('',*,*,#1221,.F.);
#1851=ORIENTED_EDGE('',*,*,#1227,.T.);
#1852=ORIENTED_EDGE('',*,*,#1312,.T.);
#1853=ORIENTED_EDGE('',*,*,#1314,.F.);
#1854=ORIENTED_EDGE('',*,*,#1310,.T.);
#1855=ORIENTED_EDGE('',*,*,#1313,.T.);
#1856=ORIENTED_EDGE('',*,*,#1315,.F.);
#1857=ORIENTED_EDGE('',*,*,#1240,.F.);
#1858=ORIENTED_EDGE('',*,*,#1316,.T.);
#1859=ORIENTED_EDGE('',*,*,#1317,.F.);
#1860=ORIENTED_EDGE('',*,*,#1233,.F.);
#1861=ORIENTED_EDGE('',*,*,#1318,.F.);
#1862=ORIENTED_EDGE('',*,*,#1316,.F.);
#1863=ORIENTED_EDGE('',*,*,#1239,.F.);
#1864=ORIENTED_EDGE('',*,*,#1319,.F.);
#1865=ORIENTED_EDGE('',*,*,#1320,.F.);
#1866=ORIENTED_EDGE('',*,*,#1237,.T.);
#1867=ORIENTED_EDGE('',*,*,#1242,.F.);
#1868=ORIENTED_EDGE('',*,*,#1232,.F.);
#1869=ORIENTED_EDGE('',*,*,#1238,.T.);
#1870=ORIENTED_EDGE('',*,*,#1320,.T.);
#1871=ORIENTED_EDGE('',*,*,#1321,.F.);
#1872=ORIENTED_EDGE('',*,*,#1317,.T.);
#1873=ORIENTED_EDGE('',*,*,#1318,.T.);
#1874=ORIENTED_EDGE('',*,*,#1322,.F.);
#1875=ORIENTED_EDGE('',*,*,#1262,.F.);
#1876=ORIENTED_EDGE('',*,*,#1323,.T.);
#1877=ORIENTED_EDGE('',*,*,#1324,.F.);
#1878=ORIENTED_EDGE('',*,*,#1255,.F.);
#1879=ORIENTED_EDGE('',*,*,#1325,.F.);
#1880=ORIENTED_EDGE('',*,*,#1323,.F.);
#1881=ORIENTED_EDGE('',*,*,#1261,.F.);
#1882=ORIENTED_EDGE('',*,*,#1326,.F.);
#1883=ORIENTED_EDGE('',*,*,#1327,.F.);
#1884=ORIENTED_EDGE('',*,*,#1259,.T.);
#1885=ORIENTED_EDGE('',*,*,#1264,.F.);
#1886=ORIENTED_EDGE('',*,*,#1254,.F.);
#1887=ORIENTED_EDGE('',*,*,#1260,.T.);
#1888=ORIENTED_EDGE('',*,*,#1327,.T.);
#1889=ORIENTED_EDGE('',*,*,#1328,.F.);
#1890=ORIENTED_EDGE('',*,*,#1324,.T.);
#1891=ORIENTED_EDGE('',*,*,#1325,.T.);
#1892=ORIENTED_EDGE('',*,*,#1329,.F.);
#1893=ORIENTED_EDGE('',*,*,#1330,.T.);
#1894=ORIENTED_EDGE('',*,*,#1331,.F.);
#1895=ORIENTED_EDGE('',*,*,#1330,.F.);
#1896=ORIENTED_EDGE('',*,*,#1332,.F.);
#1897=ORIENTED_EDGE('',*,*,#1333,.T.);
#1898=ORIENTED_EDGE('',*,*,#1334,.F.);
#1899=ORIENTED_EDGE('',*,*,#1333,.F.);
#1900=ORIENTED_EDGE('',*,*,#1335,.F.);
#1901=ORIENTED_EDGE('',*,*,#1336,.T.);
#1902=ORIENTED_EDGE('',*,*,#1337,.F.);
#1903=ORIENTED_EDGE('',*,*,#1336,.F.);
#1904=ORIENTED_EDGE('',*,*,#1338,.F.);
#1905=ORIENTED_EDGE('',*,*,#1339,.T.);
#1906=ORIENTED_EDGE('',*,*,#1340,.F.);
#1907=ORIENTED_EDGE('',*,*,#1339,.F.);
#1908=ORIENTED_EDGE('',*,*,#1341,.F.);
#1909=ORIENTED_EDGE('',*,*,#1342,.T.);
#1910=ORIENTED_EDGE('',*,*,#1343,.F.);
#1911=ORIENTED_EDGE('',*,*,#1342,.F.);
#1912=ORIENTED_EDGE('',*,*,#1344,.F.);
#1913=ORIENTED_EDGE('',*,*,#1345,.T.);
#1914=ORIENTED_EDGE('',*,*,#1346,.F.);
#1915=ORIENTED_EDGE('',*,*,#1345,.F.);
#1916=ORIENTED_EDGE('',*,*,#1347,.F.);
#1917=ORIENTED_EDGE('',*,*,#1348,.T.);
#1918=ORIENTED_EDGE('',*,*,#1349,.F.);
#1919=ORIENTED_EDGE('',*,*,#1348,.F.);
#1920=ORIENTED_EDGE('',*,*,#1350,.F.);
#1921=ORIENTED_EDGE('',*,*,#1351,.T.);
#1922=ORIENTED_EDGE('',*,*,#1352,.F.);
#1923=ORIENTED_EDGE('',*,*,#1351,.F.);
#1924=ORIENTED_EDGE('',*,*,#1353,.F.);
#1925=ORIENTED_EDGE('',*,*,#1354,.T.);
#1926=ORIENTED_EDGE('',*,*,#1355,.F.);
#1927=ORIENTED_EDGE('',*,*,#1354,.F.);
#1928=ORIENTED_EDGE('',*,*,#1356,.F.);
#1929=ORIENTED_EDGE('',*,*,#1357,.T.);
#1930=ORIENTED_EDGE('',*,*,#1358,.F.);
#1931=ORIENTED_EDGE('',*,*,#1357,.F.);
#1932=ORIENTED_EDGE('',*,*,#1359,.F.);
#1933=ORIENTED_EDGE('',*,*,#1360,.T.);
#1934=ORIENTED_EDGE('',*,*,#1361,.F.);
#1935=ORIENTED_EDGE('',*,*,#1360,.F.);
#1936=ORIENTED_EDGE('',*,*,#1362,.F.);
#1937=ORIENTED_EDGE('',*,*,#1363,.T.);
#1938=ORIENTED_EDGE('',*,*,#1364,.F.);
#1939=ORIENTED_EDGE('',*,*,#1363,.F.);
#1940=ORIENTED_EDGE('',*,*,#1365,.F.);
#1941=ORIENTED_EDGE('',*,*,#1366,.T.);
#1942=ORIENTED_EDGE('',*,*,#1367,.F.);
#1943=ORIENTED_EDGE('',*,*,#1366,.F.);
#1944=ORIENTED_EDGE('',*,*,#1368,.F.);
#1945=ORIENTED_EDGE('',*,*,#1369,.T.);
#1946=ORIENTED_EDGE('',*,*,#1370,.F.);
#1947=ORIENTED_EDGE('',*,*,#1369,.F.);
#1948=ORIENTED_EDGE('',*,*,#1088,.T.);
#1949=ORIENTED_EDGE('',*,*,#1209,.F.);
#1950=ORIENTED_EDGE('',*,*,#1213,.T.);
#1951=ORIENTED_EDGE('',*,*,#1092,.T.);
#1952=ORIENTED_EDGE('',*,*,#1219,.T.);
#1953=ORIENTED_EDGE('',*,*,#1217,.F.);
#1954=ORIENTED_EDGE('',*,*,#1331,.T.);
#1955=ORIENTED_EDGE('',*,*,#1334,.T.);
#1956=ORIENTED_EDGE('',*,*,#1337,.T.);
#1957=ORIENTED_EDGE('',*,*,#1340,.T.);
#1958=ORIENTED_EDGE('',*,*,#1343,.T.);
#1959=ORIENTED_EDGE('',*,*,#1346,.T.);
#1960=ORIENTED_EDGE('',*,*,#1349,.T.);
#1961=ORIENTED_EDGE('',*,*,#1352,.T.);
#1962=ORIENTED_EDGE('',*,*,#1355,.T.);
#1963=ORIENTED_EDGE('',*,*,#1358,.T.);
#1964=ORIENTED_EDGE('',*,*,#1361,.T.);
#1965=ORIENTED_EDGE('',*,*,#1364,.T.);
#1966=ORIENTED_EDGE('',*,*,#1367,.T.);
#1967=ORIENTED_EDGE('',*,*,#1370,.T.);
#1968=ORIENTED_EDGE('',*,*,#1371,.T.);
#1969=ORIENTED_EDGE('',*,*,#1329,.T.);
#1970=ORIENTED_EDGE('',*,*,#1332,.T.);
#1971=ORIENTED_EDGE('',*,*,#1335,.T.);
#1972=ORIENTED_EDGE('',*,*,#1338,.T.);
#1973=ORIENTED_EDGE('',*,*,#1341,.T.);
#1974=ORIENTED_EDGE('',*,*,#1344,.T.);
#1975=ORIENTED_EDGE('',*,*,#1347,.T.);
#1976=ORIENTED_EDGE('',*,*,#1350,.T.);
#1977=ORIENTED_EDGE('',*,*,#1353,.T.);
#1978=ORIENTED_EDGE('',*,*,#1356,.T.);
#1979=ORIENTED_EDGE('',*,*,#1359,.T.);
#1980=ORIENTED_EDGE('',*,*,#1362,.T.);
#1981=ORIENTED_EDGE('',*,*,#1365,.T.);
#1982=ORIENTED_EDGE('',*,*,#1368,.T.);
#1983=ORIENTED_EDGE('',*,*,#1086,.T.);
#1984=ORIENTED_EDGE('',*,*,#1216,.F.);
#1985=ORIENTED_EDGE('',*,*,#1083,.F.);
#1986=ORIENTED_EDGE('',*,*,#1210,.F.);
#1987=ORIENTED_EDGE('',*,*,#1371,.F.);
#1988=ORIENTED_EDGE('',*,*,#1372,.T.);
#1989=ORIENTED_EDGE('',*,*,#1206,.F.);
#1990=ORIENTED_EDGE('',*,*,#1372,.F.);
#1991=ORIENTED_EDGE('',*,*,#1252,.T.);
#1992=ORIENTED_EDGE('',*,*,#1287,.T.);
#1993=ORIENTED_EDGE('',*,*,#1293,.T.);
#1994=ORIENTED_EDGE('',*,*,#1291,.T.);
#1995=ORIENTED_EDGE('',*,*,#1274,.T.);
#1996=ORIENTED_EDGE('',*,*,#1294,.T.);
#1997=ORIENTED_EDGE('',*,*,#1300,.T.);
#1998=ORIENTED_EDGE('',*,*,#1298,.T.);
#1999=ORIENTED_EDGE('',*,*,#1285,.T.);
#2000=ORIENTED_EDGE('',*,*,#1301,.T.);
#2001=ORIENTED_EDGE('',*,*,#1307,.T.);
#2002=ORIENTED_EDGE('',*,*,#1305,.T.);
#2003=ORIENTED_EDGE('',*,*,#1230,.T.);
#2004=ORIENTED_EDGE('',*,*,#1308,.T.);
#2005=ORIENTED_EDGE('',*,*,#1314,.T.);
#2006=ORIENTED_EDGE('',*,*,#1311,.T.);
#2007=ORIENTED_EDGE('',*,*,#1241,.T.);
#2008=ORIENTED_EDGE('',*,*,#1315,.T.);
#2009=ORIENTED_EDGE('',*,*,#1321,.T.);
#2010=ORIENTED_EDGE('',*,*,#1319,.T.);
#2011=ORIENTED_EDGE('',*,*,#1263,.T.);
#2012=ORIENTED_EDGE('',*,*,#1322,.T.);
#2013=ORIENTED_EDGE('',*,*,#1328,.T.);
#2014=ORIENTED_EDGE('',*,*,#1326,.T.);
#2015=CYLINDRICAL_SURFACE('',#2216,14.21125);
#2016=CYLINDRICAL_SURFACE('',#2218,14.21125);
#2017=CYLINDRICAL_SURFACE('',#2219,14.21125);
#2018=CYLINDRICAL_SURFACE('',#2220,14.21125);
#2019=CYLINDRICAL_SURFACE('',#2221,14.21125);
#2020=CYLINDRICAL_SURFACE('',#2222,14.21125);
#2021=CYLINDRICAL_SURFACE('',#2223,14.21125);
#2022=CYLINDRICAL_SURFACE('',#2224,14.21125);
#2023=CYLINDRICAL_SURFACE('',#2225,14.21125);
#2024=CYLINDRICAL_SURFACE('',#2226,14.21125);
#2025=CYLINDRICAL_SURFACE('',#2227,14.21125);
#2026=CYLINDRICAL_SURFACE('',#2228,14.21125);
#2027=CYLINDRICAL_SURFACE('',#2230,15.12825);
#2028=CYLINDRICAL_SURFACE('',#2232,15.12825);
#2029=CYLINDRICAL_SURFACE('',#2233,15.12825);
#2030=CYLINDRICAL_SURFACE('',#2234,15.12825);
#2031=CYLINDRICAL_SURFACE('',#2235,15.12825);
#2032=CYLINDRICAL_SURFACE('',#2236,15.12825);
#2033=CYLINDRICAL_SURFACE('',#2237,15.12825);
#2034=CYLINDRICAL_SURFACE('',#2238,15.12825);
#2035=CYLINDRICAL_SURFACE('',#2239,15.12825);
#2036=CYLINDRICAL_SURFACE('',#2240,15.12825);
#2037=CYLINDRICAL_SURFACE('',#2241,15.12825);
#2038=CYLINDRICAL_SURFACE('',#2242,15.12825);
#2039=CYLINDRICAL_SURFACE('',#2243,15.12825);
#2040=CYLINDRICAL_SURFACE('',#2245,16.566);
#2041=CYLINDRICAL_SURFACE('',#2247,16.566);
#2042=CYLINDRICAL_SURFACE('',#2249,16.566);
#2043=CYLINDRICAL_SURFACE('',#2250,16.566);
#2044=CYLINDRICAL_SURFACE('',#2251,16.566);
#2045=CYLINDRICAL_SURFACE('',#2252,16.566);
#2046=CYLINDRICAL_SURFACE('',#2253,16.566);
#2047=CYLINDRICAL_SURFACE('',#2254,16.566);
#2048=CYLINDRICAL_SURFACE('',#2255,16.566);
#2049=CYLINDRICAL_SURFACE('',#2256,17.225);
#2050=CYLINDRICAL_SURFACE('',#2258,17.225);
#2051=CYLINDRICAL_SURFACE('',#2259,17.225);
#2052=CYLINDRICAL_SURFACE('',#2260,17.225);
#2053=CYLINDRICAL_SURFACE('',#2261,17.225);
#2054=CYLINDRICAL_SURFACE('',#2262,17.225);
#2055=CYLINDRICAL_SURFACE('',#2263,17.225);
#2056=CYLINDRICAL_SURFACE('',#2264,17.225);
#2057=CYLINDRICAL_SURFACE('',#2265,17.225);
#2058=CYLINDRICAL_SURFACE('',#2266,17.225);
#2059=CYLINDRICAL_SURFACE('',#2268,16.566);
#2060=CYLINDRICAL_SURFACE('',#2270,15.5);
#2061=CYLINDRICAL_SURFACE('',#2277,15.12825);
#2062=CYLINDRICAL_SURFACE('',#2278,2.5);
#2063=CYLINDRICAL_SURFACE('',#2284,2.5);
#2064=CYLINDRICAL_SURFACE('',#2290,2.5);
#2065=CYLINDRICAL_SURFACE('',#2296,2.5);
#2066=CYLINDRICAL_SURFACE('',#2302,2.5);
#2067=CYLINDRICAL_SURFACE('',#2308,2.5);
#2068=CYLINDRICAL_SURFACE('',#2344,1.);
#2069=CYLINDRICAL_SURFACE('',#2347,1.);
#2070=CYLINDRICAL_SURFACE('',#2350,1.);
#2071=CYLINDRICAL_SURFACE('',#2353,1.);
#2072=CYLINDRICAL_SURFACE('',#2356,1.);
#2073=CYLINDRICAL_SURFACE('',#2359,1.);
#2074=CYLINDRICAL_SURFACE('',#2362,1.);
#2075=CYLINDRICAL_SURFACE('',#2365,1.);
#2076=CYLINDRICAL_SURFACE('',#2368,1.);
#2077=CYLINDRICAL_SURFACE('',#2371,1.);
#2078=CYLINDRICAL_SURFACE('',#2374,1.);
#2079=CYLINDRICAL_SURFACE('',#2377,1.);
#2080=CYLINDRICAL_SURFACE('',#2380,1.);
#2081=CYLINDRICAL_SURFACE('',#2383,1.);
#2082=CYLINDRICAL_SURFACE('',#2389,14.21125);
#2083=CYLINDRICAL_SURFACE('',#2390,18.);
#2084=ADVANCED_FACE('',(#101),#2015,.F.);
#2085=ADVANCED_FACE('',(#102),#2016,.F.);
#2086=ADVANCED_FACE('',(#103),#2017,.F.);
#2087=ADVANCED_FACE('',(#104),#2018,.F.);
#2088=ADVANCED_FACE('',(#105),#2019,.F.);
#2089=ADVANCED_FACE('',(#106),#2020,.F.);
#2090=ADVANCED_FACE('',(#107),#2021,.F.);
#2091=ADVANCED_FACE('',(#108),#2022,.F.);
#2092=ADVANCED_FACE('',(#109),#2023,.F.);
#2093=ADVANCED_FACE('',(#110),#2024,.F.);
#2094=ADVANCED_FACE('',(#111),#2025,.F.);
#2095=ADVANCED_FACE('',(#112),#2026,.F.);
#2096=ADVANCED_FACE('',(#113),#2027,.F.);
#2097=ADVANCED_FACE('',(#114),#2028,.F.);
#2098=ADVANCED_FACE('',(#115),#2029,.F.);
#2099=ADVANCED_FACE('',(#116),#2030,.F.);
#2100=ADVANCED_FACE('',(#117),#2031,.F.);
#2101=ADVANCED_FACE('',(#118),#2032,.F.);
#2102=ADVANCED_FACE('',(#119),#2033,.F.);
#2103=ADVANCED_FACE('',(#120),#2034,.F.);
#2104=ADVANCED_FACE('',(#121),#2035,.F.);
#2105=ADVANCED_FACE('',(#122),#2036,.F.);
#2106=ADVANCED_FACE('',(#123),#2037,.F.);
#2107=ADVANCED_FACE('',(#124),#2038,.F.);
#2108=ADVANCED_FACE('',(#125),#2039,.F.);
#2109=ADVANCED_FACE('',(#126),#2040,.T.);
#2110=ADVANCED_FACE('',(#127),#2041,.T.);
#2111=ADVANCED_FACE('',(#128),#2042,.T.);
#2112=ADVANCED_FACE('',(#129),#2043,.T.);
#2113=ADVANCED_FACE('',(#130),#2044,.T.);
#2114=ADVANCED_FACE('',(#131),#2045,.T.);
#2115=ADVANCED_FACE('',(#132),#2046,.T.);
#2116=ADVANCED_FACE('',(#133),#2047,.T.);
#2117=ADVANCED_FACE('',(#134),#2048,.T.);
#2118=ADVANCED_FACE('',(#135),#2049,.T.);
#2119=ADVANCED_FACE('',(#136),#2050,.T.);
#2120=ADVANCED_FACE('',(#137),#2051,.T.);
#2121=ADVANCED_FACE('',(#138),#2052,.T.);
#2122=ADVANCED_FACE('',(#139),#2053,.T.);
#2123=ADVANCED_FACE('',(#140),#2054,.T.);
#2124=ADVANCED_FACE('',(#141),#2055,.T.);
#2125=ADVANCED_FACE('',(#142),#2056,.T.);
#2126=ADVANCED_FACE('',(#143),#2057,.T.);
#2127=ADVANCED_FACE('',(#144),#93,.F.);
#2128=ADVANCED_FACE('',(#145),#94,.F.);
#2129=ADVANCED_FACE('',(#146),#95,.F.);
#2130=ADVANCED_FACE('',(#147),#2058,.T.);
#2131=ADVANCED_FACE('',(#148),#2059,.T.);
#2132=ADVANCED_FACE('',(#149),#96,.F.);
#2133=ADVANCED_FACE('',(#150),#2060,.F.);
#2134=ADVANCED_FACE('',(#151,#15),#52,.T.);
#2135=ADVANCED_FACE('',(#152,#16),#53,.T.);
#2136=ADVANCED_FACE('',(#153),#97,.F.);
#2137=ADVANCED_FACE('',(#154),#98,.F.);
#2138=ADVANCED_FACE('',(#155,#17),#54,.T.);
#2139=ADVANCED_FACE('',(#156),#99,.F.);
#2140=ADVANCED_FACE('',(#157),#100,.F.);
#2141=ADVANCED_FACE('',(#158),#2061,.F.);
#2142=ADVANCED_FACE('',(#159),#2062,.T.);
#2143=ADVANCED_FACE('',(#160),#55,.T.);
#2144=ADVANCED_FACE('',(#161),#56,.T.);
#2145=ADVANCED_FACE('',(#162),#2063,.T.);
#2146=ADVANCED_FACE('',(#163),#57,.T.);
#2147=ADVANCED_FACE('',(#164),#58,.T.);
#2148=ADVANCED_FACE('',(#165),#2064,.T.);
#2149=ADVANCED_FACE('',(#166),#59,.T.);
#2150=ADVANCED_FACE('',(#167),#60,.T.);
#2151=ADVANCED_FACE('',(#168),#2065,.T.);
#2152=ADVANCED_FACE('',(#169),#61,.T.);
#2153=ADVANCED_FACE('',(#170),#62,.T.);
#2154=ADVANCED_FACE('',(#171),#2066,.T.);
#2155=ADVANCED_FACE('',(#172),#63,.T.);
#2156=ADVANCED_FACE('',(#173),#64,.T.);
#2157=ADVANCED_FACE('',(#174),#2067,.T.);
#2158=ADVANCED_FACE('',(#175),#65,.T.);
#2159=ADVANCED_FACE('',(#176),#66,.T.);
#2160=ADVANCED_FACE('',(#177),#67,.T.);
#2161=ADVANCED_FACE('',(#178),#68,.T.);
#2162=ADVANCED_FACE('',(#179),#69,.T.);
#2163=ADVANCED_FACE('',(#180),#70,.T.);
#2164=ADVANCED_FACE('',(#181),#71,.T.);
#2165=ADVANCED_FACE('',(#182),#72,.T.);
#2166=ADVANCED_FACE('',(#183),#73,.T.);
#2167=ADVANCED_FACE('',(#184),#74,.T.);
#2168=ADVANCED_FACE('',(#185),#75,.T.);
#2169=ADVANCED_FACE('',(#186),#76,.T.);
#2170=ADVANCED_FACE('',(#187),#77,.T.);
#2171=ADVANCED_FACE('',(#188),#78,.T.);
#2172=ADVANCED_FACE('',(#189),#79,.T.);
#2173=ADVANCED_FACE('',(#190),#80,.T.);
#2174=ADVANCED_FACE('',(#191),#81,.T.);
#2175=ADVANCED_FACE('',(#192),#82,.T.);
#2176=ADVANCED_FACE('',(#193),#83,.T.);
#2177=ADVANCED_FACE('',(#194),#84,.T.);
#2178=ADVANCED_FACE('',(#195),#85,.T.);
#2179=ADVANCED_FACE('',(#196),#86,.T.);
#2180=ADVANCED_FACE('',(#197),#87,.T.);
#2181=ADVANCED_FACE('',(#198),#88,.T.);
#2182=ADVANCED_FACE('',(#199),#89,.T.);
#2183=ADVANCED_FACE('',(#200),#90,.T.);
#2184=ADVANCED_FACE('',(#201),#2068,.F.);
#2185=ADVANCED_FACE('',(#202),#2069,.F.);
#2186=ADVANCED_FACE('',(#203),#2070,.F.);
#2187=ADVANCED_FACE('',(#204),#2071,.F.);
#2188=ADVANCED_FACE('',(#205),#2072,.F.);
#2189=ADVANCED_FACE('',(#206),#2073,.F.);
#2190=ADVANCED_FACE('',(#207),#2074,.F.);
#2191=ADVANCED_FACE('',(#208),#2075,.F.);
#2192=ADVANCED_FACE('',(#209),#2076,.F.);
#2193=ADVANCED_FACE('',(#210),#2077,.F.);
#2194=ADVANCED_FACE('',(#211),#2078,.F.);
#2195=ADVANCED_FACE('',(#212),#2079,.F.);
#2196=ADVANCED_FACE('',(#213),#2080,.F.);
#2197=ADVANCED_FACE('',(#214),#2081,.F.);
#2198=ADVANCED_FACE('',(#215,#18,#19,#20,#21,#22,#23,#24,#25,#26,#27,#28,
#29,#30,#31),#91,.F.);
#2199=ADVANCED_FACE('',(#216,#32,#33,#34,#35,#36,#37,#38,#39,#40,#41,#42,
#43,#44,#45),#92,.T.);
#2200=ADVANCED_FACE('',(#217),#2082,.F.);
#2201=ADVANCED_FACE('',(#218,#46,#47,#48,#49,#50,#51),#2083,.T.);
#2202=CLOSED_SHELL('',(#2084,#2085,#2086,#2087,#2088,#2089,#2090,#2091,
#2092,#2093,#2094,#2095,#2096,#2097,#2098,#2099,#2100,#2101,#2102,#2103,
#2104,#2105,#2106,#2107,#2108,#2109,#2110,#2111,#2112,#2113,#2114,#2115,
#2116,#2117,#2118,#2119,#2120,#2121,#2122,#2123,#2124,#2125,#2126,#2127,
#2128,#2129,#2130,#2131,#2132,#2133,#2134,#2135,#2136,#2137,#2138,#2139,
#2140,#2141,#2142,#2143,#2144,#2145,#2146,#2147,#2148,#2149,#2150,#2151,
#2152,#2153,#2154,#2155,#2156,#2157,#2158,#2159,#2160,#2161,#2162,#2163,
#2164,#2165,#2166,#2167,#2168,#2169,#2170,#2171,#2172,#2173,#2174,#2175,
#2176,#2177,#2178,#2179,#2180,#2181,#2182,#2183,#2184,#2185,#2186,#2187,
#2188,#2189,#2190,#2191,#2192,#2193,#2194,#2195,#2196,#2197,#2198,#2199,
#2200,#2201));
#2203=DERIVED_UNIT_ELEMENT(#2205,1.);
#2204=DERIVED_UNIT_ELEMENT(#11430,-3.);
#2205=(
MASS_UNIT()
NAMED_UNIT(*)
SI_UNIT(.KILO.,.GRAM.)
);
#2206=DERIVED_UNIT((#2203,#2204));
#2207=MEASURE_REPRESENTATION_ITEM('density measure',
POSITIVE_RATIO_MEASURE(7850.),#2206);
#2208=PROPERTY_DEFINITION_REPRESENTATION(#2213,#2210);
#2209=PROPERTY_DEFINITION_REPRESENTATION(#2214,#2211);
#2210=REPRESENTATION('material name',(#2212),#11427);
#2211=REPRESENTATION('density',(#2207),#11427);
#2212=DESCRIPTIVE_REPRESENTATION_ITEM('Steel','Steel');
#2213=PROPERTY_DEFINITION('material property','material name',#11437);
#2214=PROPERTY_DEFINITION('material property','density of part',#11437);
#2215=AXIS2_PLACEMENT_3D('',#2886,#2391,#2392);
#2216=AXIS2_PLACEMENT_3D('',#2887,#2393,#2394);
#2217=AXIS2_PLACEMENT_3D('',#2903,#2396,#2397);
#2218=AXIS2_PLACEMENT_3D('',#2916,#2398,#2399);
#2219=AXIS2_PLACEMENT_3D('',#2947,#2401,#2402);
#2220=AXIS2_PLACEMENT_3D('',#2984,#2404,#2405);
#2221=AXIS2_PLACEMENT_3D('',#3015,#2407,#2408);
#2222=AXIS2_PLACEMENT_3D('',#3047,#2410,#2411);
#2223=AXIS2_PLACEMENT_3D('',#3083,#2413,#2414);
#2224=AXIS2_PLACEMENT_3D('',#3121,#2416,#2417);
#2225=AXIS2_PLACEMENT_3D('',#3159,#2419,#2420);
#2226=AXIS2_PLACEMENT_3D('',#3192,#2422,#2423);
#2227=AXIS2_PLACEMENT_3D('',#3224,#2425,#2426);
#2228=AXIS2_PLACEMENT_3D('',#3262,#2428,#2429);
#2229=AXIS2_PLACEMENT_3D('',#3277,#2431,#2432);
#2230=AXIS2_PLACEMENT_3D('',#3289,#2433,#2434);
#2231=AXIS2_PLACEMENT_3D('',#3299,#2436,#2437);
#2232=AXIS2_PLACEMENT_3D('',#3308,#2438,#2439);
#2233=AXIS2_PLACEMENT_3D('',#3359,#2441,#2442);
#2234=AXIS2_PLACEMENT_3D('',#3411,#2444,#2445);
#2235=AXIS2_PLACEMENT_3D('',#3475,#2447,#2448);
#2236=AXIS2_PLACEMENT_3D('',#3541,#2450,#2451);
#2237=AXIS2_PLACEMENT_3D('',#3605,#2453,#2454);
#2238=AXIS2_PLACEMENT_3D('',#3666,#2456,#2457);
#2239=AXIS2_PLACEMENT_3D('',#3729,#2459,#2460);
#2240=AXIS2_PLACEMENT_3D('',#3790,#2462,#2463);
#2241=AXIS2_PLACEMENT_3D('',#3851,#2465,#2466);
#2242=AXIS2_PLACEMENT_3D('',#3902,#2468,#2469);
#2243=AXIS2_PLACEMENT_3D('',#3966,#2471,#2472);
#2244=AXIS2_PLACEMENT_3D('',#3978,#2474,#2475);
#2245=AXIS2_PLACEMENT_3D('',#3992,#2476,#2477);
#2246=AXIS2_PLACEMENT_3D('',#4010,#2479,#2480);
#2247=AXIS2_PLACEMENT_3D('',#4011,#2481,#2482);
#2248=AXIS2_PLACEMENT_3D('',#4059,#2484,#2485);
#2249=AXIS2_PLACEMENT_3D('',#4074,#2486,#2487);
#2250=AXIS2_PLACEMENT_3D('',#4135,#2489,#2490);
#2251=AXIS2_PLACEMENT_3D('',#4199,#2492,#2493);
#2252=AXIS2_PLACEMENT_3D('',#4256,#2495,#2496);
#2253=AXIS2_PLACEMENT_3D('',#4311,#2498,#2499);
#2254=AXIS2_PLACEMENT_3D('',#4375,#2501,#2502);
#2255=AXIS2_PLACEMENT_3D('',#4436,#2504,#2505);
#2256=AXIS2_PLACEMENT_3D('',#4499,#2507,#2508);
#2257=AXIS2_PLACEMENT_3D('',#4512,#2510,#2511);
#2258=AXIS2_PLACEMENT_3D('',#4518,#2512,#2513);
#2259=AXIS2_PLACEMENT_3D('',#4556,#2515,#2516);
#2260=AXIS2_PLACEMENT_3D('',#4590,#2518,#2519);
#2261=AXIS2_PLACEMENT_3D('',#4626,#2521,#2522);
#2262=AXIS2_PLACEMENT_3D('',#4661,#2524,#2525);
#2263=AXIS2_PLACEMENT_3D('',#4697,#2527,#2528);
#2264=AXIS2_PLACEMENT_3D('',#4732,#2530,#2531);
#2265=AXIS2_PLACEMENT_3D('',#4768,#2533,#2534);
#2266=AXIS2_PLACEMENT_3D('',#6946,#2536,#2537);
#2267=AXIS2_PLACEMENT_3D('',#6947,#2538,#2539);
#2268=AXIS2_PLACEMENT_3D('',#6948,#2540,#2541);
#2269=AXIS2_PLACEMENT_3D('',#6950,#2542,#2543);
#2270=AXIS2_PLACEMENT_3D('',#7621,#2544,#2545);
#2271=AXIS2_PLACEMENT_3D('',#7623,#2546,#2547);
#2272=AXIS2_PLACEMENT_3D('',#7626,#2549,#2550);
#2273=AXIS2_PLACEMENT_3D('',#7627,#2551,#2552);
#2274=AXIS2_PLACEMENT_3D('',#7628,#2553,#2554);
#2275=AXIS2_PLACEMENT_3D('',#7630,#2555,#2556);
#2276=AXIS2_PLACEMENT_3D('',#9401,#2557,#2558);
#2277=AXIS2_PLACEMENT_3D('',#11111,#2559,#2560);
#2278=AXIS2_PLACEMENT_3D('',#11112,#2561,#2562);
#2279=AXIS2_PLACEMENT_3D('',#11115,#2563,#2564);
#2280=AXIS2_PLACEMENT_3D('',#11119,#2566,#2567);
#2281=AXIS2_PLACEMENT_3D('',#11121,#2569,#2570);
#2282=AXIS2_PLACEMENT_3D('',#11127,#2574,#2575);
#2283=AXIS2_PLACEMENT_3D('',#11133,#2578,#2579);
#2284=AXIS2_PLACEMENT_3D('',#11135,#2581,#2582);
#2285=AXIS2_PLACEMENT_3D('',#11138,#2583,#2584);
#2286=AXIS2_PLACEMENT_3D('',#11142,#2586,#2587);
#2287=AXIS2_PLACEMENT_3D('',#11144,#2589,#2590);
#2288=AXIS2_PLACEMENT_3D('',#11150,#2594,#2595);
#2289=AXIS2_PLACEMENT_3D('',#11156,#2598,#2599);
#2290=AXIS2_PLACEMENT_3D('',#11158,#2601,#2602);
#2291=AXIS2_PLACEMENT_3D('',#11161,#2603,#2604);
#2292=AXIS2_PLACEMENT_3D('',#11165,#2606,#2607);
#2293=AXIS2_PLACEMENT_3D('',#11167,#2609,#2610);
#2294=AXIS2_PLACEMENT_3D('',#11173,#2614,#2615);
#2295=AXIS2_PLACEMENT_3D('',#11179,#2618,#2619);
#2296=AXIS2_PLACEMENT_3D('',#11181,#2621,#2622);
#2297=AXIS2_PLACEMENT_3D('',#11184,#2623,#2624);
#2298=AXIS2_PLACEMENT_3D('',#11188,#2626,#2627);
#2299=AXIS2_PLACEMENT_3D('',#11190,#2629,#2630);
#2300=AXIS2_PLACEMENT_3D('',#11196,#2634,#2635);
#2301=AXIS2_PLACEMENT_3D('',#11202,#2638,#2639);
#2302=AXIS2_PLACEMENT_3D('',#11204,#2641,#2642);
#2303=AXIS2_PLACEMENT_3D('',#11207,#2643,#2644);
#2304=AXIS2_PLACEMENT_3D('',#11211,#2646,#2647);
#2305=AXIS2_PLACEMENT_3D('',#11213,#2649,#2650);
#2306=AXIS2_PLACEMENT_3D('',#11219,#2654,#2655);
#2307=AXIS2_PLACEMENT_3D('',#11225,#2658,#2659);
#2308=AXIS2_PLACEMENT_3D('',#11227,#2661,#2662);
#2309=AXIS2_PLACEMENT_3D('',#11230,#2663,#2664);
#2310=AXIS2_PLACEMENT_3D('',#11234,#2666,#2667);
#2311=AXIS2_PLACEMENT_3D('',#11236,#2669,#2670);
#2312=AXIS2_PLACEMENT_3D('',#11242,#2674,#2675);
#2313=AXIS2_PLACEMENT_3D('',#11248,#2678,#2679);
#2314=AXIS2_PLACEMENT_3D('',#11250,#2681,#2682);
#2315=AXIS2_PLACEMENT_3D('',#11256,#2686,#2687);
#2316=AXIS2_PLACEMENT_3D('',#11258,#2689,#2690);
#2317=AXIS2_PLACEMENT_3D('',#11262,#2693,#2694);
#2318=AXIS2_PLACEMENT_3D('',#11263,#2695,#2696);
#2319=AXIS2_PLACEMENT_3D('',#11264,#2697,#2698);
#2320=AXIS2_PLACEMENT_3D('',#11270,#2702,#2703);
#2321=AXIS2_PLACEMENT_3D('',#11272,#2705,#2706);
#2322=AXIS2_PLACEMENT_3D('',#11276,#2709,#2710);
#2323=AXIS2_PLACEMENT_3D('',#11277,#2711,#2712);
#2324=AXIS2_PLACEMENT_3D('',#11278,#2713,#2714);
#2325=AXIS2_PLACEMENT_3D('',#11284,#2718,#2719);
#2326=AXIS2_PLACEMENT_3D('',#11286,#2721,#2722);
#2327=AXIS2_PLACEMENT_3D('',#11290,#2725,#2726);
#2328=AXIS2_PLACEMENT_3D('',#11291,#2727,#2728);
#2329=AXIS2_PLACEMENT_3D('',#11292,#2729,#2730);
#2330=AXIS2_PLACEMENT_3D('',#11298,#2734,#2735);
#2331=AXIS2_PLACEMENT_3D('',#11302,#2738,#2739);
#2332=AXIS2_PLACEMENT_3D('',#11304,#2741,#2742);
#2333=AXIS2_PLACEMENT_3D('',#11305,#2743,#2744);
#2334=AXIS2_PLACEMENT_3D('',#11306,#2745,#2746);
#2335=AXIS2_PLACEMENT_3D('',#11312,#2750,#2751);
#2336=AXIS2_PLACEMENT_3D('',#11314,#2753,#2754);
#2337=AXIS2_PLACEMENT_3D('',#11318,#2757,#2758);
#2338=AXIS2_PLACEMENT_3D('',#11319,#2759,#2760);
#2339=AXIS2_PLACEMENT_3D('',#11320,#2761,#2762);
#2340=AXIS2_PLACEMENT_3D('',#11326,#2766,#2767);
#2341=AXIS2_PLACEMENT_3D('',#11328,#2769,#2770);
#2342=AXIS2_PLACEMENT_3D('',#11332,#2773,#2774);
#2343=AXIS2_PLACEMENT_3D('',#11333,#2775,#2776);
#2344=AXIS2_PLACEMENT_3D('',#11334,#2777,#2778);
#2345=AXIS2_PLACEMENT_3D('',#11336,#2779,#2780);
#2346=AXIS2_PLACEMENT_3D('',#11339,#2782,#2783);
#2347=AXIS2_PLACEMENT_3D('',#11340,#2784,#2785);
#2348=AXIS2_PLACEMENT_3D('',#11342,#2786,#2787);
#2349=AXIS2_PLACEMENT_3D('',#11345,#2789,#2790);
#2350=AXIS2_PLACEMENT_3D('',#11346,#2791,#2792);
#2351=AXIS2_PLACEMENT_3D('',#11348,#2793,#2794);
#2352=AXIS2_PLACEMENT_3D('',#11351,#2796,#2797);
#2353=AXIS2_PLACEMENT_3D('',#11352,#2798,#2799);
#2354=AXIS2_PLACEMENT_3D('',#11354,#2800,#2801);
#2355=AXIS2_PLACEMENT_3D('',#11357,#2803,#2804);
#2356=AXIS2_PLACEMENT_3D('',#11358,#2805,#2806);
#2357=AXIS2_PLACEMENT_3D('',#11360,#2807,#2808);
#2358=AXIS2_PLACEMENT_3D('',#11363,#2810,#2811);
#2359=AXIS2_PLACEMENT_3D('',#11364,#2812,#2813);
#2360=AXIS2_PLACEMENT_3D('',#11366,#2814,#2815);
#2361=AXIS2_PLACEMENT_3D('',#11369,#2817,#2818);
#2362=AXIS2_PLACEMENT_3D('',#11370,#2819,#2820);
#2363=AXIS2_PLACEMENT_3D('',#11372,#2821,#2822);
#2364=AXIS2_PLACEMENT_3D('',#11375,#2824,#2825);
#2365=AXIS2_PLACEMENT_3D('',#11376,#2826,#2827);
#2366=AXIS2_PLACEMENT_3D('',#11378,#2828,#2829);
#2367=AXIS2_PLACEMENT_3D('',#11381,#2831,#2832);
#2368=AXIS2_PLACEMENT_3D('',#11382,#2833,#2834);
#2369=AXIS2_PLACEMENT_3D('',#11384,#2835,#2836);
#2370=AXIS2_PLACEMENT_3D('',#11387,#2838,#2839);
#2371=AXIS2_PLACEMENT_3D('',#11388,#2840,#2841);
#2372=AXIS2_PLACEMENT_3D('',#11390,#2842,#2843);
#2373=AXIS2_PLACEMENT_3D('',#11393,#2845,#2846);
#2374=AXIS2_PLACEMENT_3D('',#11394,#2847,#2848);
#2375=AXIS2_PLACEMENT_3D('',#11396,#2849,#2850);
#2376=AXIS2_PLACEMENT_3D('',#11399,#2852,#2853);
#2377=AXIS2_PLACEMENT_3D('',#11400,#2854,#2855);
#2378=AXIS2_PLACEMENT_3D('',#11402,#2856,#2857);
#2379=AXIS2_PLACEMENT_3D('',#11405,#2859,#2860);
#2380=AXIS2_PLACEMENT_3D('',#11406,#2861,#2862);
#2381=AXIS2_PLACEMENT_3D('',#11408,#2863,#2864);
#2382=AXIS2_PLACEMENT_3D('',#11411,#2866,#2867);
#2383=AXIS2_PLACEMENT_3D('',#11412,#2868,#2869);
#2384=AXIS2_PLACEMENT_3D('',#11414,#2870,#2871);
#2385=AXIS2_PLACEMENT_3D('',#11417,#2873,#2874);
#2386=AXIS2_PLACEMENT_3D('',#11418,#2875,#2876);
#2387=AXIS2_PLACEMENT_3D('',#11419,#2877,#2878);
#2388=AXIS2_PLACEMENT_3D('',#11421,#2879,#2880);
#2389=AXIS2_PLACEMENT_3D('',#11422,#2881,#2882);
#2390=AXIS2_PLACEMENT_3D('',#11423,#2883,#2884);
#2391=DIRECTION('axis',(0.,0.,1.));
#2392=DIRECTION('refdir',(1.,0.,0.));
#2393=DIRECTION('center_axis',(0.,0.,-1.));
#2394=DIRECTION('ref_axis',(1.,0.,0.));
#2395=DIRECTION('',(0.,0.,1.));
#2396=DIRECTION('center_axis',(0.,0.,1.));
#2397=DIRECTION('ref_axis',(1.,0.,0.));
#2398=DIRECTION('center_axis',(0.,0.,-1.));
#2399=DIRECTION('ref_axis',(1.,0.,0.));
#2400=DIRECTION('',(0.,0.,1.));
#2401=DIRECTION('center_axis',(0.,0.,-1.));
#2402=DIRECTION('ref_axis',(1.,0.,0.));
#2403=DIRECTION('',(0.,0.,1.));
#2404=DIRECTION('center_axis',(0.,0.,-1.));
#2405=DIRECTION('ref_axis',(1.,0.,0.));
#2406=DIRECTION('',(0.,0.,1.));
#2407=DIRECTION('center_axis',(0.,0.,-1.));
#2408=DIRECTION('ref_axis',(1.,0.,0.));
#2409=DIRECTION('',(0.,0.,1.));
#2410=DIRECTION('center_axis',(0.,0.,-1.));
#2411=DIRECTION('ref_axis',(1.,0.,0.));
#2412=DIRECTION('',(0.,0.,1.));
#2413=DIRECTION('center_axis',(0.,0.,-1.));
#2414=DIRECTION('ref_axis',(1.,0.,0.));
#2415=DIRECTION('',(0.,0.,1.));
#2416=DIRECTION('center_axis',(0.,0.,-1.));
#2417=DIRECTION('ref_axis',(1.,0.,0.));
#2418=DIRECTION('',(0.,0.,1.));
#2419=DIRECTION('center_axis',(0.,0.,-1.));
#2420=DIRECTION('ref_axis',(1.,0.,0.));
#2421=DIRECTION('',(0.,0.,1.));
#2422=DIRECTION('center_axis',(0.,0.,-1.));
#2423=DIRECTION('ref_axis',(1.,0.,0.));
#2424=DIRECTION('',(0.,0.,1.));
#2425=DIRECTION('center_axis',(0.,0.,-1.));
#2426=DIRECTION('ref_axis',(1.,0.,0.));
#2427=DIRECTION('',(0.,0.,1.));
#2428=DIRECTION('center_axis',(0.,0.,-1.));
#2429=DIRECTION('ref_axis',(0.807659807089625,0.589648739515272,0.));
#2430=DIRECTION('',(0.,0.,1.));
#2431=DIRECTION('center_axis',(0.,0.,-1.));
#2432=DIRECTION('ref_axis',(1.,0.,0.));
#2433=DIRECTION('center_axis',(0.,0.,-1.));
#2434=DIRECTION('ref_axis',(1.,-6.07635265793527E-14,0.));
#2435=DIRECTION('',(1.22464679914735E-16,-7.45638343085756E-30,-1.));
#2436=DIRECTION('center_axis',(0.,0.,1.));
#2437=DIRECTION('ref_axis',(1.,-6.07635265793527E-14,0.));
#2438=DIRECTION('center_axis',(0.,0.,-1.));
#2439=DIRECTION('ref_axis',(1.,-6.07635265793527E-14,0.));
#2440=DIRECTION('',(1.22464679914735E-16,-7.45638343085756E-30,-1.));
#2441=DIRECTION('center_axis',(0.,0.,-1.));
#2442=DIRECTION('ref_axis',(1.,-6.07635265793527E-14,0.));
#2443=DIRECTION('',(1.22464679914735E-16,-7.45638343085756E-30,-1.));
#2444=DIRECTION('center_axis',(0.,0.,-1.));
#2445=DIRECTION('ref_axis',(1.,-6.07635265793527E-14,0.));
#2446=DIRECTION('',(1.22464679914735E-16,-7.45638343085756E-30,-1.));
#2447=DIRECTION('center_axis',(0.,0.,-1.));
#2448=DIRECTION('ref_axis',(1.,-6.07635265793527E-14,0.));
#2449=DIRECTION('',(1.22464679914735E-16,-7.45638343085756E-30,-1.));
#2450=DIRECTION('center_axis',(0.,0.,-1.));
#2451=DIRECTION('ref_axis',(1.,-6.07635265793527E-14,0.));
#2452=DIRECTION('',(1.22464679914735E-16,-7.45638343085756E-30,-1.));
#2453=DIRECTION('center_axis',(0.,0.,-1.));
#2454=DIRECTION('ref_axis',(1.,-6.07635265793527E-14,0.));
#2455=DIRECTION('',(1.22464679914735E-16,-7.45638343085756E-30,-1.));
#2456=DIRECTION('center_axis',(0.,0.,-1.));
#2457=DIRECTION('ref_axis',(1.,-6.07635265793527E-14,0.));
#2458=DIRECTION('',(1.22464679914735E-16,-7.45638343085756E-30,-1.));
#2459=DIRECTION('center_axis',(0.,0.,-1.));
#2460=DIRECTION('ref_axis',(1.,-6.07635265793527E-14,0.));
#2461=DIRECTION('',(1.22464679914735E-16,-7.45638343085756E-30,-1.));
#2462=DIRECTION('center_axis',(0.,0.,-1.));
#2463=DIRECTION('ref_axis',(1.,-6.07635265793527E-14,0.));
#2464=DIRECTION('',(1.22464679914735E-16,-7.45638343085756E-30,-1.));
#2465=DIRECTION('center_axis',(0.,0.,-1.));
#2466=DIRECTION('ref_axis',(1.,-6.07635265793527E-14,0.));
#2467=DIRECTION('',(1.22464679914735E-16,-7.45638343085756E-30,-1.));
#2468=DIRECTION('center_axis',(0.,0.,-1.));
#2469=DIRECTION('ref_axis',(1.,-6.07635265793527E-14,0.));
#2470=DIRECTION('',(1.22464679914735E-16,-7.45638343085756E-30,-1.));
#2471=DIRECTION('center_axis',(0.,0.,-1.));
#2472=DIRECTION('ref_axis',(1.,-6.07635265793527E-14,0.));
#2473=DIRECTION('',(1.22464679914735E-16,-7.45638343085756E-30,-1.));
#2474=DIRECTION('center_axis',(0.,0.,-1.));
#2475=DIRECTION('ref_axis',(1.,-6.07635265793527E-14,0.));
#2476=DIRECTION('center_axis',(0.,0.,1.));
#2477=DIRECTION('ref_axis',(-1.,-1.89422958686781E-14,0.));
#2478=DIRECTION('',(0.,0.,1.));
#2479=DIRECTION('center_axis',(0.,0.,1.));
#2480=DIRECTION('ref_axis',(-1.,-1.89422958686781E-14,0.));
#2481=DIRECTION('center_axis',(0.,0.,1.));
#2482=DIRECTION('ref_axis',(-1.,-1.89422958686781E-14,0.));
#2483=DIRECTION('',(0.,0.,1.));
#2484=DIRECTION('center_axis',(0.,0.,1.));
#2485=DIRECTION('ref_axis',(-1.,-1.89422958686781E-14,0.));
#2486=DIRECTION('center_axis',(0.,0.,1.));
#2487=DIRECTION('ref_axis',(-1.,-1.89422958686781E-14,0.));
#2488=DIRECTION('',(0.,0.,1.));
#2489=DIRECTION('center_axis',(0.,0.,1.));
#2490=DIRECTION('ref_axis',(-1.,-1.89422958686781E-14,0.));
#2491=DIRECTION('',(0.,0.,1.));
#2492=DIRECTION('center_axis',(0.,0.,1.));
#2493=DIRECTION('ref_axis',(-1.,-1.89422958686781E-14,0.));
#2494=DIRECTION('',(0.,0.,1.));
#2495=DIRECTION('center_axis',(0.,0.,1.));
#2496=DIRECTION('ref_axis',(-1.,-1.89422958686781E-14,0.));
#2497=DIRECTION('',(0.,0.,1.));
#2498=DIRECTION('center_axis',(0.,0.,1.));
#2499=DIRECTION('ref_axis',(-1.,-1.89422958686781E-14,0.));
#2500=DIRECTION('',(0.,0.,1.));
#2501=DIRECTION('center_axis',(0.,0.,1.));
#2502=DIRECTION('ref_axis',(-1.,-1.89422958686781E-14,0.));
#2503=DIRECTION('',(0.,0.,1.));
#2504=DIRECTION('center_axis',(0.,0.,1.));
#2505=DIRECTION('ref_axis',(-1.,-1.89422958686781E-14,0.));
#2506=DIRECTION('',(0.,0.,1.));
#2507=DIRECTION('center_axis',(0.,0.,1.));
#2508=DIRECTION('ref_axis',(-1.,0.,0.));
#2509=DIRECTION('',(0.,0.,-1.));
#2510=DIRECTION('center_axis',(0.,0.,-1.));
#2511=DIRECTION('ref_axis',(-1.,0.,0.));
#2512=DIRECTION('center_axis',(0.,0.,1.));
#2513=DIRECTION('ref_axis',(-1.,0.,0.));
#2514=DIRECTION('',(0.,0.,-1.));
#2515=DIRECTION('center_axis',(0.,0.,1.));
#2516=DIRECTION('ref_axis',(-1.,0.,0.));
#2517=DIRECTION('',(0.,0.,-1.));
#2518=DIRECTION('center_axis',(0.,0.,1.));
#2519=DIRECTION('ref_axis',(-1.,0.,0.));
#2520=DIRECTION('',(0.,0.,-1.));
#2521=DIRECTION('center_axis',(0.,0.,1.));
#2522=DIRECTION('ref_axis',(-1.,0.,0.));
#2523=DIRECTION('',(0.,0.,-1.));
#2524=DIRECTION('center_axis',(0.,0.,1.));
#2525=DIRECTION('ref_axis',(-1.,0.,0.));
#2526=DIRECTION('',(0.,0.,-1.));
#2527=DIRECTION('center_axis',(0.,0.,1.));
#2528=DIRECTION('ref_axis',(-1.,0.,0.));
#2529=DIRECTION('',(0.,0.,-1.));
#2530=DIRECTION('center_axis',(0.,0.,1.));
#2531=DIRECTION('ref_axis',(-1.,0.,0.));
#2532=DIRECTION('',(0.,0.,-1.));
#2533=DIRECTION('center_axis',(0.,0.,1.));
#2534=DIRECTION('ref_axis',(-1.,0.,0.));
#2535=DIRECTION('',(0.,0.,-1.));
#2536=DIRECTION('center_axis',(0.,0.,1.));
#2537=DIRECTION('ref_axis',(-1.,0.,0.));
#2538=DIRECTION('center_axis',(0.,0.,-1.));
#2539=DIRECTION('ref_axis',(-1.,0.,0.));
#2540=DIRECTION('center_axis',(0.,0.,1.));
#2541=DIRECTION('ref_axis',(-1.,-1.89422958686781E-14,0.));
#2542=DIRECTION('center_axis',(0.,0.,-1.));
#2543=DIRECTION('ref_axis',(-1.,-1.89422958686781E-14,0.));
#2544=DIRECTION('center_axis',(0.,0.,1.));
#2545=DIRECTION('ref_axis',(-1.,0.,0.));
#2546=DIRECTION('center_axis',(0.,0.,-1.));
#2547=DIRECTION('ref_axis',(-1.,0.,0.));
#2548=DIRECTION('',(0.,0.,-1.));
#2549=DIRECTION('center_axis',(0.,0.,1.));
#2550=DIRECTION('ref_axis',(-1.,0.,0.));
#2551=DIRECTION('center_axis',(0.,0.,1.));
#2552=DIRECTION('ref_axis',(-1.,0.,0.));
#2553=DIRECTION('center_axis',(0.,0.,1.));
#2554=DIRECTION('ref_axis',(1.,0.,0.));
#2555=DIRECTION('center_axis',(0.,0.,1.));
#2556=DIRECTION('ref_axis',(1.,0.,0.));
#2557=DIRECTION('center_axis',(0.,0.,1.));
#2558=DIRECTION('ref_axis',(1.,0.,0.));
#2559=DIRECTION('center_axis',(0.,0.,-1.));
#2560=DIRECTION('ref_axis',(1.,-6.07635265793527E-14,0.));
#2561=DIRECTION('center_axis',(0.,0.,1.));
#2562=DIRECTION('ref_axis',(0.,1.,0.));
#2563=DIRECTION('center_axis',(0.,0.,-1.));
#2564=DIRECTION('ref_axis',(0.,1.,0.));
#2565=DIRECTION('',(0.,0.,-1.));
#2566=DIRECTION('center_axis',(0.,0.,1.));
#2567=DIRECTION('ref_axis',(0.,1.,0.));
#2568=DIRECTION('',(0.,0.,1.));
#2569=DIRECTION('center_axis',(-0.707106781186548,0.707106781186548,0.));
#2570=DIRECTION('ref_axis',(-0.707106781186548,-0.707106781186548,0.));
#2571=DIRECTION('',(0.707106781186548,0.707106781186548,0.));
#2572=DIRECTION('',(0.,0.,1.));
#2573=DIRECTION('',(-0.707106781186548,-0.707106781186548,0.));
#2574=DIRECTION('center_axis',(0.,0.,-1.));
#2575=DIRECTION('ref_axis',(-1.,0.,0.));
#2576=DIRECTION('',(0.707106781186548,-0.707106781186548,0.));
#2577=DIRECTION('',(0.,-1.,0.));
#2578=DIRECTION('center_axis',(0.,0.,-1.));
#2579=DIRECTION('ref_axis',(1.,0.,0.));
#2580=DIRECTION('',(0.,1.,0.));
#2581=DIRECTION('center_axis',(0.,0.,1.));
#2582=DIRECTION('ref_axis',(-0.866025403784439,0.5,0.));
#2583=DIRECTION('center_axis',(0.,0.,-1.));
#2584=DIRECTION('ref_axis',(-0.866025403784439,0.5,0.));
#2585=DIRECTION('',(0.,0.,-1.));
#2586=DIRECTION('center_axis',(0.,0.,1.));
#2587=DIRECTION('ref_axis',(-0.866025403784439,0.5,0.));
#2588=DIRECTION('',(0.,0.,1.));
#2589=DIRECTION('center_axis',(-0.965925826289068,-0.258819045102521,0.));
#2590=DIRECTION('ref_axis',(0.258819045102521,-0.965925826289068,0.));
#2591=DIRECTION('',(-0.258819045102521,0.965925826289068,0.));
#2592=DIRECTION('',(0.,0.,-1.));
#2593=DIRECTION('',(0.258819045102521,-0.965925826289068,0.));
#2594=DIRECTION('center_axis',(0.,0.,-1.));
#2595=DIRECTION('ref_axis',(-1.,0.,0.));
#2596=DIRECTION('',(0.965925826289068,0.258819045102521,0.));
#2597=DIRECTION('',(0.866025403784439,-0.5,0.));
#2598=DIRECTION('center_axis',(0.,0.,-1.));
#2599=DIRECTION('ref_axis',(1.,0.,0.));
#2600=DIRECTION('',(-0.866025403784439,0.5,0.));
#2601=DIRECTION('center_axis',(0.,0.,1.));
#2602=DIRECTION('ref_axis',(-0.866025403784439,-0.499999999999999,0.));
#2603=DIRECTION('center_axis',(0.,0.,-1.));
#2604=DIRECTION('ref_axis',(-0.866025403784439,-0.499999999999999,0.));
#2605=DIRECTION('',(0.,0.,-1.));
#2606=DIRECTION('center_axis',(0.,0.,1.));
#2607=DIRECTION('ref_axis',(-0.866025403784439,-0.499999999999999,0.));
#2608=DIRECTION('',(0.,0.,1.));
#2609=DIRECTION('center_axis',(-0.258819045102521,-0.965925826289068,0.));
#2610=DIRECTION('ref_axis',(0.965925826289068,-0.258819045102521,0.));
#2611=DIRECTION('',(-0.965925826289068,0.258819045102521,0.));
#2612=DIRECTION('',(0.,0.,-1.));
#2613=DIRECTION('',(0.965925826289068,-0.258819045102521,0.));
#2614=DIRECTION('center_axis',(0.,0.,-1.));
#2615=DIRECTION('ref_axis',(-1.,0.,0.));
#2616=DIRECTION('',(0.258819045102521,0.965925826289068,0.));
#2617=DIRECTION('',(0.866025403784439,0.499999999999999,0.));
#2618=DIRECTION('center_axis',(0.,0.,-1.));
#2619=DIRECTION('ref_axis',(1.,0.,0.));
#2620=DIRECTION('',(-0.866025403784439,-0.5,0.));
#2621=DIRECTION('center_axis',(0.,0.,1.));
#2622=DIRECTION('ref_axis',(-3.92523114670944E-16,-1.,0.));
#2623=DIRECTION('center_axis',(0.,0.,-1.));
#2624=DIRECTION('ref_axis',(-3.92523114670944E-16,-1.,0.));
#2625=DIRECTION('',(0.,0.,-1.));
#2626=DIRECTION('center_axis',(0.,0.,1.));
#2627=DIRECTION('ref_axis',(-3.92523114670944E-16,-1.,0.));
#2628=DIRECTION('',(0.,0.,1.));
#2629=DIRECTION('center_axis',(0.707106781186547,-0.707106781186548,0.));
#2630=DIRECTION('ref_axis',(0.707106781186548,0.707106781186547,0.));
#2631=DIRECTION('',(-0.707106781186548,-0.707106781186547,0.));
#2632=DIRECTION('',(0.,0.,-1.));
#2633=DIRECTION('',(0.707106781186548,0.707106781186547,0.));
#2634=DIRECTION('center_axis',(0.,0.,-1.));
#2635=DIRECTION('ref_axis',(-1.,0.,0.));
#2636=DIRECTION('',(-0.707106781186547,0.707106781186548,0.));
#2637=DIRECTION('',(0.,1.,0.));
#2638=DIRECTION('center_axis',(0.,0.,-1.));
#2639=DIRECTION('ref_axis',(1.,0.,0.));
#2640=DIRECTION('',(0.,-1.,0.));
#2641=DIRECTION('center_axis',(0.,0.,1.));
#2642=DIRECTION('ref_axis',(0.866025403784439,0.499999999999999,0.));
#2643=DIRECTION('center_axis',(0.,0.,-1.));
#2644=DIRECTION('ref_axis',(0.866025403784439,0.499999999999999,0.));
#2645=DIRECTION('',(0.,0.,-1.));
#2646=DIRECTION('center_axis',(0.,0.,1.));
#2647=DIRECTION('ref_axis',(0.866025403784439,0.499999999999999,0.));
#2648=DIRECTION('',(0.,0.,1.));
#2649=DIRECTION('center_axis',(0.258819045102522,0.965925826289068,0.));
#2650=DIRECTION('ref_axis',(-0.965925826289068,0.258819045102522,0.));
#2651=DIRECTION('',(0.965925826289068,-0.258819045102522,0.));
#2652=DIRECTION('',(0.,0.,-1.));
#2653=DIRECTION('',(-0.965925826289068,0.258819045102522,0.));
#2654=DIRECTION('center_axis',(0.,0.,-1.));
#2655=DIRECTION('ref_axis',(-1.,0.,0.));
#2656=DIRECTION('',(-0.258819045102522,-0.965925826289068,0.));
#2657=DIRECTION('',(-0.866025403784439,-0.5,0.));
#2658=DIRECTION('center_axis',(0.,0.,-1.));
#2659=DIRECTION('ref_axis',(1.,0.,0.));
#2660=DIRECTION('',(0.866025403784439,0.499999999999999,0.));
#2661=DIRECTION('center_axis',(0.,0.,1.));
#2662=DIRECTION('ref_axis',(0.866025403784439,-0.5,0.));
#2663=DIRECTION('center_axis',(0.,0.,-1.));
#2664=DIRECTION('ref_axis',(0.866025403784439,-0.5,0.));
#2665=DIRECTION('',(0.,0.,-1.));
#2666=DIRECTION('center_axis',(0.,0.,1.));
#2667=DIRECTION('ref_axis',(0.866025403784439,-0.5,0.));
#2668=DIRECTION('',(0.,0.,1.));
#2669=DIRECTION('center_axis',(0.965925826289068,0.25881904510252,0.));
#2670=DIRECTION('ref_axis',(-0.25881904510252,0.965925826289068,0.));
#2671=DIRECTION('',(0.25881904510252,-0.965925826289068,0.));
#2672=DIRECTION('',(0.,0.,-1.));
#2673=DIRECTION('',(-0.25881904510252,0.965925826289068,0.));
#2674=DIRECTION('center_axis',(0.,0.,-1.));
#2675=DIRECTION('ref_axis',(-1.,0.,0.));
#2676=DIRECTION('',(-0.965925826289068,-0.25881904510252,0.));
#2677=DIRECTION('',(-0.866025403784439,0.5,0.));
#2678=DIRECTION('center_axis',(0.,0.,-1.));
#2679=DIRECTION('ref_axis',(1.,0.,0.));
#2680=DIRECTION('',(0.866025403784438,-0.5,0.));
#2681=DIRECTION('center_axis',(-0.499999999999999,0.866025403784439,0.));
#2682=DIRECTION('ref_axis',(-0.866025403784439,-0.499999999999999,0.));
#2683=DIRECTION('',(0.,0.,1.));
#2684=DIRECTION('',(0.,0.,1.));
#2685=DIRECTION('',(-0.866025403784439,-0.499999999999999,0.));
#2686=DIRECTION('center_axis',(-0.965925826289068,0.258819045102521,0.));
#2687=DIRECTION('ref_axis',(-0.258819045102521,-0.965925826289068,0.));
#2688=DIRECTION('',(-0.258819045102521,-0.965925826289068,0.));
#2689=DIRECTION('center_axis',(0.5,-0.866025403784439,0.));
#2690=DIRECTION('ref_axis',(0.866025403784438,0.5,0.));
#2691=DIRECTION('',(0.,0.,-1.));
#2692=DIRECTION('',(0.866025403784439,0.5,0.));
#2693=DIRECTION('center_axis',(0.,0.,1.));
#2694=DIRECTION('ref_axis',(1.,0.,0.));
#2695=DIRECTION('center_axis',(0.,0.,1.));
#2696=DIRECTION('ref_axis',(1.,0.,0.));
#2697=DIRECTION('center_axis',(0.5,-0.866025403784439,0.));
#2698=DIRECTION('ref_axis',(0.866025403784439,0.5,0.));
#2699=DIRECTION('',(0.,0.,1.));
#2700=DIRECTION('',(0.,0.,1.));
#2701=DIRECTION('',(0.866025403784439,0.5,0.));
#2702=DIRECTION('center_axis',(0.965925826289068,-0.258819045102522,0.));
#2703=DIRECTION('ref_axis',(0.258819045102522,0.965925826289068,0.));
#2704=DIRECTION('',(0.258819045102522,0.965925826289068,0.));
#2705=DIRECTION('center_axis',(-0.499999999999999,0.866025403784439,0.));
#2706=DIRECTION('ref_axis',(-0.866025403784439,-0.499999999999999,0.));
#2707=DIRECTION('',(0.,0.,-1.));
#2708=DIRECTION('',(-0.866025403784439,-0.499999999999999,0.));
#2709=DIRECTION('center_axis',(0.,0.,1.));
#2710=DIRECTION('ref_axis',(1.,0.,0.));
#2711=DIRECTION('center_axis',(0.,0.,1.));
#2712=DIRECTION('ref_axis',(1.,0.,0.));
#2713=DIRECTION('center_axis',(-0.5,-0.866025403784439,0.));
#2714=DIRECTION('ref_axis',(0.866025403784438,-0.5,0.));
#2715=DIRECTION('',(0.,0.,1.));
#2716=DIRECTION('',(0.,0.,1.));
#2717=DIRECTION('',(0.866025403784439,-0.5,0.));
#2718=DIRECTION('center_axis',(0.25881904510252,-0.965925826289068,0.));
#2719=DIRECTION('ref_axis',(0.965925826289068,0.25881904510252,0.));
#2720=DIRECTION('',(0.965925826289068,0.25881904510252,0.));
#2721=DIRECTION('center_axis',(0.500000000000001,0.866025403784438,0.));
#2722=DIRECTION('ref_axis',(-0.866025403784438,0.5,0.));
#2723=DIRECTION('',(0.,0.,-1.));
#2724=DIRECTION('',(-0.866025403784438,0.5,0.));
#2725=DIRECTION('center_axis',(0.,0.,1.));
#2726=DIRECTION('ref_axis',(1.,0.,0.));
#2727=DIRECTION('center_axis',(0.,0.,1.));
#2728=DIRECTION('ref_axis',(1.,0.,0.));
#2729=DIRECTION('center_axis',(1.,0.,0.));
#2730=DIRECTION('ref_axis',(0.,1.,0.));
#2731=DIRECTION('',(0.,0.,1.));
#2732=DIRECTION('',(0.,0.,1.));
#2733=DIRECTION('',(0.,1.,0.));
#2734=DIRECTION('center_axis',(-1.,0.,0.));
#2735=DIRECTION('ref_axis',(0.,-1.,0.));
#2736=DIRECTION('',(0.,0.,-1.));
#2737=DIRECTION('',(0.,-1.,0.));
#2738=DIRECTION('center_axis',(0.707106781186548,0.707106781186548,0.));
#2739=DIRECTION('ref_axis',(-0.707106781186548,0.707106781186548,0.));
#2740=DIRECTION('',(-0.707106781186548,0.707106781186548,0.));
#2741=DIRECTION('center_axis',(0.,0.,1.));
#2742=DIRECTION('ref_axis',(1.,0.,0.));
#2743=DIRECTION('center_axis',(0.,0.,1.));
#2744=DIRECTION('ref_axis',(1.,0.,0.));
#2745=DIRECTION('center_axis',(0.5,0.866025403784439,0.));
#2746=DIRECTION('ref_axis',(-0.866025403784439,0.5,0.));
#2747=DIRECTION('',(0.,0.,1.));
#2748=DIRECTION('',(0.,0.,1.));
#2749=DIRECTION('',(-0.866025403784439,0.5,0.));
#2750=DIRECTION('center_axis',(-0.258819045102521,0.965925826289068,0.));
#2751=DIRECTION('ref_axis',(-0.965925826289068,-0.258819045102521,0.));
#2752=DIRECTION('',(-0.965925826289068,-0.258819045102521,0.));
#2753=DIRECTION('center_axis',(-0.5,-0.866025403784439,0.));
#2754=DIRECTION('ref_axis',(0.866025403784439,-0.5,0.));
#2755=DIRECTION('',(0.,0.,-1.));
#2756=DIRECTION('',(0.866025403784439,-0.5,0.));
#2757=DIRECTION('center_axis',(0.,0.,1.));
#2758=DIRECTION('ref_axis',(1.,0.,0.));
#2759=DIRECTION('center_axis',(0.,0.,1.));
#2760=DIRECTION('ref_axis',(1.,0.,0.));
#2761=DIRECTION('center_axis',(-1.,0.,0.));
#2762=DIRECTION('ref_axis',(0.,-1.,0.));
#2763=DIRECTION('',(0.,0.,1.));
#2764=DIRECTION('',(0.,0.,1.));
#2765=DIRECTION('',(0.,-1.,0.));
#2766=DIRECTION('center_axis',(-0.707106781186548,-0.707106781186547,0.));
#2767=DIRECTION('ref_axis',(0.707106781186547,-0.707106781186548,0.));
#2768=DIRECTION('',(0.707106781186547,-0.707106781186548,0.));
#2769=DIRECTION('center_axis',(1.,0.,0.));
#2770=DIRECTION('ref_axis',(0.,1.,0.));
#2771=DIRECTION('',(0.,0.,-1.));
#2772=DIRECTION('',(0.,1.,0.));
#2773=DIRECTION('center_axis',(0.,0.,1.));
#2774=DIRECTION('ref_axis',(1.,0.,0.));
#2775=DIRECTION('center_axis',(0.,0.,1.));
#2776=DIRECTION('ref_axis',(1.,0.,0.));
#2777=DIRECTION('center_axis',(0.,0.,1.));
#2778=DIRECTION('ref_axis',(1.,0.,0.));
#2779=DIRECTION('center_axis',(0.,0.,1.));
#2780=DIRECTION('ref_axis',(1.,0.,0.));
#2781=DIRECTION('',(0.,0.,1.));
#2782=DIRECTION('center_axis',(0.,0.,-1.));
#2783=DIRECTION('ref_axis',(1.,0.,0.));
#2784=DIRECTION('center_axis',(0.,0.,1.));
#2785=DIRECTION('ref_axis',(1.,0.,0.));
#2786=DIRECTION('center_axis',(0.,0.,1.));
#2787=DIRECTION('ref_axis',(1.,0.,0.));
#2788=DIRECTION('',(0.,0.,1.));
#2789=DIRECTION('center_axis',(0.,0.,-1.));
#2790=DIRECTION('ref_axis',(1.,0.,0.));
#2791=DIRECTION('center_axis',(0.,0.,1.));
#2792=DIRECTION('ref_axis',(1.,0.,0.));
#2793=DIRECTION('center_axis',(0.,0.,1.));
#2794=DIRECTION('ref_axis',(1.,0.,0.));
#2795=DIRECTION('',(0.,0.,1.));
#2796=DIRECTION('center_axis',(0.,0.,-1.));
#2797=DIRECTION('ref_axis',(1.,0.,0.));
#2798=DIRECTION('center_axis',(0.,0.,1.));
#2799=DIRECTION('ref_axis',(1.,0.,0.));
#2800=DIRECTION('center_axis',(0.,0.,1.));
#2801=DIRECTION('ref_axis',(1.,0.,0.));
#2802=DIRECTION('',(0.,0.,1.));
#2803=DIRECTION('center_axis',(0.,0.,-1.));
#2804=DIRECTION('ref_axis',(1.,0.,0.));
#2805=DIRECTION('center_axis',(0.,0.,1.));
#2806=DIRECTION('ref_axis',(1.,0.,0.));
#2807=DIRECTION('center_axis',(0.,0.,1.));
#2808=DIRECTION('ref_axis',(1.,0.,0.));
#2809=DIRECTION('',(0.,0.,1.));
#2810=DIRECTION('center_axis',(0.,0.,-1.));
#2811=DIRECTION('ref_axis',(1.,0.,0.));
#2812=DIRECTION('center_axis',(0.,0.,1.));
#2813=DIRECTION('ref_axis',(1.,0.,0.));
#2814=DIRECTION('center_axis',(0.,0.,1.));
#2815=DIRECTION('ref_axis',(1.,0.,0.));
#2816=DIRECTION('',(0.,0.,1.));
#2817=DIRECTION('center_axis',(0.,0.,-1.));
#2818=DIRECTION('ref_axis',(1.,0.,0.));
#2819=DIRECTION('center_axis',(0.,0.,1.));
#2820=DIRECTION('ref_axis',(1.,0.,0.));
#2821=DIRECTION('center_axis',(0.,0.,1.));
#2822=DIRECTION('ref_axis',(1.,0.,0.));
#2823=DIRECTION('',(0.,0.,1.));
#2824=DIRECTION('center_axis',(0.,0.,-1.));
#2825=DIRECTION('ref_axis',(1.,0.,0.));
#2826=DIRECTION('center_axis',(0.,0.,1.));
#2827=DIRECTION('ref_axis',(1.,0.,0.));
#2828=DIRECTION('center_axis',(0.,0.,1.));
#2829=DIRECTION('ref_axis',(1.,0.,0.));
#2830=DIRECTION('',(0.,0.,1.));
#2831=DIRECTION('center_axis',(0.,0.,-1.));
#2832=DIRECTION('ref_axis',(1.,0.,0.));
#2833=DIRECTION('center_axis',(0.,0.,1.));
#2834=DIRECTION('ref_axis',(1.,0.,0.));
#2835=DIRECTION('center_axis',(0.,0.,1.));
#2836=DIRECTION('ref_axis',(1.,0.,0.));
#2837=DIRECTION('',(0.,0.,1.));
#2838=DIRECTION('center_axis',(0.,0.,-1.));
#2839=DIRECTION('ref_axis',(1.,0.,0.));
#2840=DIRECTION('center_axis',(0.,0.,1.));
#2841=DIRECTION('ref_axis',(1.,0.,0.));
#2842=DIRECTION('center_axis',(0.,0.,1.));
#2843=DIRECTION('ref_axis',(1.,0.,0.));
#2844=DIRECTION('',(0.,0.,1.));
#2845=DIRECTION('center_axis',(0.,0.,-1.));
#2846=DIRECTION('ref_axis',(1.,0.,0.));
#2847=DIRECTION('center_axis',(0.,0.,1.));
#2848=DIRECTION('ref_axis',(1.,0.,0.));
#2849=DIRECTION('center_axis',(0.,0.,1.));
#2850=DIRECTION('ref_axis',(1.,0.,0.));
#2851=DIRECTION('',(0.,0.,1.));
#2852=DIRECTION('center_axis',(0.,0.,-1.));
#2853=DIRECTION('ref_axis',(1.,0.,0.));
#2854=DIRECTION('center_axis',(0.,0.,1.));
#2855=DIRECTION('ref_axis',(1.,0.,0.));
#2856=DIRECTION('center_axis',(0.,0.,1.));
#2857=DIRECTION('ref_axis',(1.,0.,0.));
#2858=DIRECTION('',(0.,0.,1.));
#2859=DIRECTION('center_axis',(0.,0.,-1.));
#2860=DIRECTION('ref_axis',(1.,0.,0.));
#2861=DIRECTION('center_axis',(0.,0.,1.));
#2862=DIRECTION('ref_axis',(1.,0.,0.));
#2863=DIRECTION('center_axis',(0.,0.,1.));
#2864=DIRECTION('ref_axis',(1.,0.,0.));
#2865=DIRECTION('',(0.,0.,1.));
#2866=DIRECTION('center_axis',(0.,0.,-1.));
#2867=DIRECTION('ref_axis',(1.,0.,0.));
#2868=DIRECTION('center_axis',(0.,0.,1.));
#2869=DIRECTION('ref_axis',(1.,0.,0.));
#2870=DIRECTION('center_axis',(0.,0.,1.));
#2871=DIRECTION('ref_axis',(1.,0.,0.));
#2872=DIRECTION('',(0.,0.,1.));
#2873=DIRECTION('center_axis',(0.,0.,-1.));
#2874=DIRECTION('ref_axis',(1.,0.,0.));
#2875=DIRECTION('center_axis',(0.,0.,-1.));
#2876=DIRECTION('ref_axis',(1.,0.,0.));
#2877=DIRECTION('center_axis',(0.,0.,-1.));
#2878=DIRECTION('ref_axis',(1.,0.,0.));
#2879=DIRECTION('center_axis',(0.,0.,-1.));
#2880=DIRECTION('ref_axis',(1.,0.,0.));
#2881=DIRECTION('center_axis',(0.,0.,-1.));
#2882=DIRECTION('ref_axis',(1.,0.,0.));
#2883=DIRECTION('center_axis',(0.,0.,-1.));
#2884=DIRECTION('ref_axis',(1.,0.,0.));
#2885=DIRECTION('',(0.,0.,1.));
#2886=CARTESIAN_POINT('',(0.,0.,0.));
#2887=CARTESIAN_POINT('Origin',(0.,0.,0.));
#2888=CARTESIAN_POINT('',(-14.2063847948498,4.73114410523556E-6,-1.82950096698321));
#2889=CARTESIAN_POINT('',(-14.2104336794943,-3.57986689833445E-6,-1.4015162094481));
#2890=CARTESIAN_POINT('',(-14.21125,1.74037618243828E-15,0.));
#2891=CARTESIAN_POINT('',(4.32915098502546,13.5358072648569,2.60750622482764E-16));
#2892=CARTESIAN_POINT('Ctrl Pts',(4.32915098502546,13.5358072648569,5.04696111292002E-16));
#2893=CARTESIAN_POINT('Ctrl Pts',(7.5042253890088,12.5203246848692,-0.0746654818867709));
#2894=CARTESIAN_POINT('Ctrl Pts',(13.098689352222,8.17366544918125,-0.223980626960815));
#2895=CARTESIAN_POINT('Ctrl Pts',(15.2751524870244,-2.24967386139399,-0.447972943930632));
#2896=CARTESIAN_POINT('Ctrl Pts',(10.1915683750489,-11.5953853868654,-0.671956751195343));
#2897=CARTESIAN_POINT('Ctrl Pts',(0.268059051577187,-15.4370461392991,-0.895945990058744));
#2898=CARTESIAN_POINT('Ctrl Pts',(-9.78374722665565,-11.9427582223198,-1.11993377519135));
#2899=CARTESIAN_POINT('Ctrl Pts',(-13.8491062614694,-5.04596975727935,-1.2884574780591));
#2900=CARTESIAN_POINT('Ctrl Pts',(-14.213056218847,-0.857195519478989,-1.38231802142256));
#2901=CARTESIAN_POINT('Ctrl Pts',(-14.2104336794943,-3.57986689825118E-6,
-1.4015162094481));
#2902=CARTESIAN_POINT('',(-12.2212026235778,7.25271211313081,-1.43898192244297E-16));
#2903=CARTESIAN_POINT('Origin',(0.,0.,0.));
#2904=CARTESIAN_POINT('Ctrl Pts',(-14.2063847948498,4.73114410559639E-6,
-1.82950096698321));
#2905=CARTESIAN_POINT('Ctrl Pts',(-14.2047127025553,-1.84977295958205,-1.78810439534219));
#2906=CARTESIAN_POINT('Ctrl Pts',(-13.2102212974165,-7.03736383626974,-1.6720452902628));
#2907=CARTESIAN_POINT('Ctrl Pts',(-7.08720105456334,-13.7160516654661,-1.48132444036674));
#2908=CARTESIAN_POINT('Ctrl Pts',(3.47103310734825,-15.0434905910992,-1.25733798078371));
#2909=CARTESIAN_POINT('Ctrl Pts',(12.3797079701402,-9.22463143084332,-1.03335075555019));
#2910=CARTESIAN_POINT('Ctrl Pts',(15.4084159678303,0.977075916611116,-0.809362227402992));
#2911=CARTESIAN_POINT('Ctrl Pts',(11.1148475857358,10.7136677141667,-0.585374244650659));
#2912=CARTESIAN_POINT('Ctrl Pts',(1.54534407062729,15.3623043774247,-0.361386913329292));
#2913=CARTESIAN_POINT('Ctrl Pts',(-7.43848687502713,13.0511791736948,-0.166254194583306));
#2914=CARTESIAN_POINT('Ctrl Pts',(-11.1691750243701,9.00765334255178,-0.0457818220420246));
#2915=CARTESIAN_POINT('Ctrl Pts',(-12.2151185998861,7.24909421397772,2.74983834818512E-5));
#2916=CARTESIAN_POINT('Origin',(0.,0.,0.));
#2917=CARTESIAN_POINT('',(-14.2117055340156,-1.28592604203837E-7,-3.82954260043181));
#2918=CARTESIAN_POINT('',(-14.212713727217,4.17447051662134E-6,-3.4015130390565));
#2919=CARTESIAN_POINT('',(-14.21125,1.74037618243828E-15,0.));
#2920=CARTESIAN_POINT('Ctrl Pts',(-14.2104336794943,-3.57986689825118E-6,
-1.4015162094481));
#2921=CARTESIAN_POINT('Ctrl Pts',(-14.202857090055,2.47644787558758,-1.45698031087147));
#2922=CARTESIAN_POINT('Ctrl Pts',(-12.6760003592584,8.29479802442038,-1.5871064378389));
#2923=CARTESIAN_POINT('Ctrl Pts',(-5.21015133937661,14.5329688036907,-1.79189489298772));
#2924=CARTESIAN_POINT('Ctrl Pts',(5.43058335106737,14.4522279258111,-2.0158824047198));
#2925=CARTESIAN_POINT('Ctrl Pts',(13.4917608408423,7.50530980019267,-2.23987094771769));
#2926=CARTESIAN_POINT('Ctrl Pts',(15.1429155308201,-3.00649793364819,-2.46385888606845));
#2927=CARTESIAN_POINT('Ctrl Pts',(9.60118653221338,-12.091089560051,-2.68784558043753));
#2928=CARTESIAN_POINT('Ctrl Pts',(-0.503475023907478,-15.4295795886952,
-2.91183208636129));
#2929=CARTESIAN_POINT('Ctrl Pts',(-10.3655420002618,-11.4420897975948,-3.1358192945236));
#2930=CARTESIAN_POINT('Ctrl Pts',(-13.9687425125964,-4.56936031538442,-3.29904686856523));
#2931=CARTESIAN_POINT('Ctrl Pts',(-14.21492884877,-0.620091430786673,-3.38761130885863));
#2932=CARTESIAN_POINT('Ctrl Pts',(-14.212713727217,4.17447051670461E-6,
-3.4015130390565));
#2933=CARTESIAN_POINT('Ctrl Pts',(-14.2117055340156,-1.28592603954036E-7,
-3.82954260043181));
#2934=CARTESIAN_POINT('Ctrl Pts',(-14.2121877821259,-0.501260349305456,
-3.81831552588059));
#2935=CARTESIAN_POINT('Ctrl Pts',(-14.070665402656,-3.22422861189898,-3.75731344617819));
#2936=CARTESIAN_POINT('Ctrl Pts',(-12.3710050334798,-8.01034505963535,-3.64653623244325));
#2937=CARTESIAN_POINT('Ctrl Pts',(-6.59152437058014,-13.5450419955757,-3.472324549547));
#2938=CARTESIAN_POINT('Ctrl Pts',(2.71235888833734,-15.2014506685136,-3.27322484688234));
#2939=CARTESIAN_POINT('Ctrl Pts',(11.9063017130734,-9.82883423302133,-3.04923600084634));
#2940=CARTESIAN_POINT('Ctrl Pts',(15.4364187720809,0.206063049449124,-2.825248380542));
#2941=CARTESIAN_POINT('Ctrl Pts',(11.6371264744302,10.1466506735354,-2.60126166911549));
#2942=CARTESIAN_POINT('Ctrl Pts',(2.30748998395713,15.2650686778574,-2.37727521845475));
#2943=CARTESIAN_POINT('Ctrl Pts',(-8.11732254750864,13.132642036698,-2.15328769075513));
#2944=CARTESIAN_POINT('Ctrl Pts',(-13.4724082780973,6.30803086849221,-1.97069586967562));
#2945=CARTESIAN_POINT('Ctrl Pts',(-14.2077284799678,1.48647695685163,-1.86276704770869));
#2946=CARTESIAN_POINT('Ctrl Pts',(-14.2063847948498,4.73114410559639E-6,
-1.82950096698321));
#2947=CARTESIAN_POINT('Origin',(0.,0.,0.));
#2948=CARTESIAN_POINT('',(-14.206986090935,-6.40504987728385E-6,-5.82952732178888));
#2949=CARTESIAN_POINT('',(-14.2123405717989,2.92325372970581E-6,-5.40148696316513));
#2950=CARTESIAN_POINT('',(-14.21125,1.74037618243828E-15,0.));
#2951=CARTESIAN_POINT('Ctrl Pts',(-14.212713727217,4.17447051670461E-6,
-3.4015130390565));
#2952=CARTESIAN_POINT('Ctrl Pts',(-14.2030319925189,2.71028484935994,-3.46227397718181));
#2953=CARTESIAN_POINT('Ctrl Pts',(-12.7654733265572,7.64737883207412,-3.5728097996514));
#2954=CARTESIAN_POINT('Ctrl Pts',(-7.43342397396855,12.726003272578,-3.73311970765949));
#2955=CARTESIAN_POINT('Ctrl Pts',(-0.883400922530826,14.7182727480189,-3.88244499134905));
#2956=CARTESIAN_POINT('Ctrl Pts',(5.86952332747423,13.5242048707811,-4.03176984916095));
#2957=CARTESIAN_POINT('Ctrl Pts',(11.3479597811379,9.41136278055532,-4.18109482847967));
#2958=CARTESIAN_POINT('Ctrl Pts',(14.377733888196,3.26313822074389,-4.33041967161045));
#2959=CARTESIAN_POINT('Ctrl Pts',(14.2993798835466,-3.58896803787467,-4.47974444833837));
#2960=CARTESIAN_POINT('Ctrl Pts',(11.1324894061878,-9.66627127264068,-4.62906978307106));
#2961=CARTESIAN_POINT('Ctrl Pts',(5.55862683722098,-13.6547340029798,-4.77839441402987));
#2962=CARTESIAN_POINT('Ctrl Pts',(-1.21306456461894,-14.6929191468703,-4.9277199511128));
#2963=CARTESIAN_POINT('Ctrl Pts',(-7.72914645219041,-12.5567418174582,-5.07704416475683));
#2964=CARTESIAN_POINT('Ctrl Pts',(-12.5620921846327,-7.70714933046291,-5.22636977613863));
#2965=CARTESIAN_POINT('Ctrl Pts',(-14.1148278985388,-2.98856476348972,-5.33451675880502));
#2966=CARTESIAN_POINT('Ctrl Pts',(-14.2135196505192,-0.383694539213392,
-5.39288929163686));
#2967=CARTESIAN_POINT('Ctrl Pts',(-14.2123405717989,2.92325372946989E-6,
-5.40148696316513));
#2968=CARTESIAN_POINT('Ctrl Pts',(-14.206986090935,-6.40504987703405E-6,
-5.82952732178888));
#2969=CARTESIAN_POINT('Ctrl Pts',(-14.2089709537265,-1.376587944149,-5.79871371573477));
#2970=CARTESIAN_POINT('Ctrl Pts',(-13.5451974112418,-6.08733918189471,-5.69323765989862));
#2971=CARTESIAN_POINT('Ctrl Pts',(-8.41663502367781,-12.9461854328502,-5.51309840079486));
#2972=CARTESIAN_POINT('Ctrl Pts',(0.798126311801211,-15.0425291894264,-5.31399767033401));
#2973=CARTESIAN_POINT('Ctrl Pts',(8.27624824959113,-12.1946918059274,-5.13978625259887));
#2974=CARTESIAN_POINT('Ctrl Pts',(12.8986469789316,-7.14399760296714,-4.99046062617324));
#2975=CARTESIAN_POINT('Ctrl Pts',(14.7331153145941,-0.536620669040117,-4.84113659449059));
#2976=CARTESIAN_POINT('Ctrl Pts',(13.3849534380036,6.18014638316082,-4.69181071023298));
#2977=CARTESIAN_POINT('Ctrl Pts',(9.14433273591185,11.5649387293628,-4.5424864481611));
#2978=CARTESIAN_POINT('Ctrl Pts',(2.92829134558717,14.4491622928453,-4.39316129599477));
#2979=CARTESIAN_POINT('Ctrl Pts',(-3.92055140429491,14.2126342302297,-4.24383611845775));
#2980=CARTESIAN_POINT('Ctrl Pts',(-9.9227751095653,10.9035485373731,-4.09451129566135));
#2981=CARTESIAN_POINT('Ctrl Pts',(-13.4896906918382,5.66753345661942,-3.95641339160058));
#2982=CARTESIAN_POINT('Ctrl Pts',(-14.2100497454083,1.72106615493964,-3.86809052160005));
#2983=CARTESIAN_POINT('Ctrl Pts',(-14.2117055340156,-1.28592603954036E-7,
-3.82954260043181));
#2984=CARTESIAN_POINT('Origin',(0.,0.,0.));
#2985=CARTESIAN_POINT('',(-14.2111231071581,8.04301380288863E-7,-7.82949410620474));
#2986=CARTESIAN_POINT('',(-14.2161047218147,5.64025694900841E-6,-7.40148195496156));
#2987=CARTESIAN_POINT('',(-14.21125,1.74037618243828E-15,0.));
#2988=CARTESIAN_POINT('Ctrl Pts',(-14.2123405717989,2.92325372946989E-6,
-5.40148696316513));
#2989=CARTESIAN_POINT('Ctrl Pts',(-14.2032805092112,2.94834128667279,-5.46755162942564));
#2990=CARTESIAN_POINT('Ctrl Pts',(-12.2074259764555,9.23213250415916,-5.60827919951663));
#2991=CARTESIAN_POINT('Ctrl Pts',(-3.73351828006078,14.9808589100615,-5.82367008656527));
#2992=CARTESIAN_POINT('Ctrl Pts',(6.84264253231617,13.8384935997671,-6.04765727390082));
#2993=CARTESIAN_POINT('Ctrl Pts',(14.1730430834256,6.12388497257613,-6.27164375611134));
#2994=CARTESIAN_POINT('Ctrl Pts',(14.7678261517197,-4.50092351598632,-6.49563048489073));
#2995=CARTESIAN_POINT('Ctrl Pts',(8.34828364661145,-12.987052544717,-6.71961848047718));
#2996=CARTESIAN_POINT('Ctrl Pts',(-2.03798313279289,-15.3037307910515,-6.94360698491873));
#2997=CARTESIAN_POINT('Ctrl Pts',(-11.4556610712431,-10.3499819028725,-7.16759450181684));
#2998=CARTESIAN_POINT('Ctrl Pts',(-14.1646984066227,-3.62419948829781,-7.32021914304931));
#2999=CARTESIAN_POINT('Ctrl Pts',(-14.2162853401063,-0.147188513664777,
-7.39818164209201));
#3000=CARTESIAN_POINT('Ctrl Pts',(-14.2161047218147,5.64025694901882E-6,
-7.40148195496156));
#3001=CARTESIAN_POINT('Ctrl Pts',(-14.2111231071581,8.04301380274985E-7,
-7.82949410620474));
#3002=CARTESIAN_POINT('Ctrl Pts',(-14.2054304423505,-2.24929893070899,-7.77909927388889));
#3003=CARTESIAN_POINT('Ctrl Pts',(-13.1349738589186,-6.72414396986146,-7.67892930598369));
#3004=CARTESIAN_POINT('Ctrl Pts',(-8.64382727766606,-11.9395441849465,-7.52898517729823));
#3005=CARTESIAN_POINT('Ctrl Pts',(-2.31216279817822,-14.56323412401,-7.37966001923042));
#3006=CARTESIAN_POINT('Ctrl Pts',(4.51585162717687,-14.02902956414,-7.23033505272863));
#3007=CARTESIAN_POINT('Ctrl Pts',(11.3625442803912,-9.88939776001381,-7.05612296850165));
#3008=CARTESIAN_POINT('Ctrl Pts',(15.3838528997795,-1.3369881632962,-6.85702385850422));
#3009=CARTESIAN_POINT('Ctrl Pts',(12.5883865624091,8.93842355802985,-6.63303525452712));
#3010=CARTESIAN_POINT('Ctrl Pts',(3.81828773866552,14.9579000848176,-6.40904707499512));
#3011=CARTESIAN_POINT('Ctrl Pts',(-6.76905701551386,13.8772726006577,-6.18505988903185));
#3012=CARTESIAN_POINT('Ctrl Pts',(-13.1243595380651,7.25546246769587,-5.99188701149856));
#3013=CARTESIAN_POINT('Ctrl Pts',(-14.2041615677337,1.95891312948,-5.87337606820472));
#3014=CARTESIAN_POINT('Ctrl Pts',(-14.206986090935,-6.40504987703405E-6,
-5.82952732178888));
#3015=CARTESIAN_POINT('Origin',(0.,0.,0.));
#3016=CARTESIAN_POINT('',(-14.2104734592023,-3.1364694466629E-7,-9.82951631623344));
#3017=CARTESIAN_POINT('',(-14.2165879786334,-4.25609869188867E-6,-9.40145664474462));
#3018=CARTESIAN_POINT('',(-14.21125,1.74037618243828E-15,0.));
#3019=CARTESIAN_POINT('Ctrl Pts',(-14.2161047218147,5.64025694901882E-6,
-7.40148195496156));
#3020=CARTESIAN_POINT('Ctrl Pts',(-14.2121992557637,3.18274957083379,-7.47284382956529));
#3021=CARTESIAN_POINT('Ctrl Pts',(-11.9421626298849,9.70034271026887,-7.61886794429707));
#3022=CARTESIAN_POINT('Ctrl Pts',(-2.98399797405432,15.1476614761533,-7.83955537830674));
#3023=CARTESIAN_POINT('Ctrl Pts',(7.52576989304031,13.4803223267577,-8.06354392446784));
#3024=CARTESIAN_POINT('Ctrl Pts',(14.460293583908,5.40889542662233,-8.2875316544994));
#3025=CARTESIAN_POINT('Ctrl Pts',(14.5251682621959,-5.2319667413363,-8.51151826977508));
#3026=CARTESIAN_POINT('Ctrl Pts',(7.68989489685971,-13.3874751686209,-8.73550474804927));
#3027=CARTESIAN_POINT('Ctrl Pts',(-2.79892991913457,-15.1828481761568,-8.95949234805055));
#3028=CARTESIAN_POINT('Ctrl Pts',(-11.8755583094144,-9.81435187275576,-9.1814767606536));
#3029=CARTESIAN_POINT('Ctrl Pts',(-14.2138727339384,-3.24030136600728,-9.32879824938843));
#3030=CARTESIAN_POINT('Ctrl Pts',(-14.2165879852175,-4.25610394155784E-6,
-9.40145664473097));
#3031=CARTESIAN_POINT('Ctrl Pts',(-14.2104734592023,-3.13646944749557E-7,
-9.82951631623344));
#3032=CARTESIAN_POINT('Ctrl Pts',(-14.2108503124871,-0.902797534914295,
-9.80929729248509));
#3033=CARTESIAN_POINT('Ctrl Pts',(-13.916874708585,-4.02793677072834,-9.73930327775958));
#3034=CARTESIAN_POINT('Ctrl Pts',(-11.6495806522823,-9.03643694221549,-9.61953407187129));
#3035=CARTESIAN_POINT('Ctrl Pts',(-6.50480148896629,-13.1654853558471,-9.47574010139563));
#3036=CARTESIAN_POINT('Ctrl Pts',(-0.364042139205598,-14.6262083379972,
-9.33747586597356));
#3037=CARTESIAN_POINT('Ctrl Pts',(5.58628843361861,-13.5179846699496,-9.20474273780477));
#3038=CARTESIAN_POINT('Ctrl Pts',(11.4253535427853,-9.53308988925341,-9.0498874450259));
#3039=CARTESIAN_POINT('Ctrl Pts',(15.0324662411434,-2.06344050969886,-8.87290992696789));
#3040=CARTESIAN_POINT('Ctrl Pts',(13.3919967733421,7.13029979721002,-8.67380897309847));
#3041=CARTESIAN_POINT('Ctrl Pts',(6.68345486860454,13.6201090718019,-8.47471077122798));
#3042=CARTESIAN_POINT('Ctrl Pts',(-2.55769624942528,14.9548167077811,-8.27560868261815));
#3043=CARTESIAN_POINT('Ctrl Pts',(-10.8279369451733,10.6267139362537,-8.07650996261342));
#3044=CARTESIAN_POINT('Ctrl Pts',(-13.9463021384051,4.38693822960345,-7.92780481073242));
#3045=CARTESIAN_POINT('Ctrl Pts',(-14.2129273203232,0.712885952357575,-7.84546606713887));
#3046=CARTESIAN_POINT('Ctrl Pts',(-14.2111231071581,8.04301380274985E-7,
-7.82949410620474));
#3047=CARTESIAN_POINT('Origin',(0.,0.,0.));
#3048=CARTESIAN_POINT('',(-14.2131949975211,-1.36214901232718E-6,-11.8295004699473));
#3049=CARTESIAN_POINT('',(-14.2105017264462,-6.15113954285929E-7,-11.4014764945034));
#3050=CARTESIAN_POINT('',(-14.21125,1.74037618243828E-15,0.));
#3051=CARTESIAN_POINT('Ctrl Pts',(-14.2165879852175,-4.25610394155784E-6,
-9.40145664473097));
#3052=CARTESIAN_POINT('Ctrl Pts',(-14.2166628741426,0.0893658767746019,
-9.40346062468289));
#3053=CARTESIAN_POINT('Ctrl Pts',(-14.1860446541793,3.50834460309323,-9.48012696962227));
#3054=CARTESIAN_POINT('Ctrl Pts',(-11.5817515339765,10.2079861755381,-9.63145488183504));
#3055=CARTESIAN_POINT('Ctrl Pts',(-2.22429762717801,15.2788373024742,-9.85544224756798));
#3056=CARTESIAN_POINT('Ctrl Pts',(8.18888883617721,13.0865472546849,-10.0794291458455));
#3057=CARTESIAN_POINT('Ctrl Pts',(14.7117483553711,4.68345707910205,-10.3034177417796));
#3058=CARTESIAN_POINT('Ctrl Pts',(14.2469679831512,-5.95520878388015,-10.5274059344514));
#3059=CARTESIAN_POINT('Ctrl Pts',(7.81453434724886,-12.8782222160989,-10.7265051718763));
#3060=CARTESIAN_POINT('Ctrl Pts',(0.0315278130421926,-14.7379058549422,
-10.9007170537895));
#3061=CARTESIAN_POINT('Ctrl Pts',(-6.63282260393798,-13.1687875436937,-11.0500425220365));
#3062=CARTESIAN_POINT('Ctrl Pts',(-11.870688970361,-8.74299816269088,-11.1993672461125));
#3063=CARTESIAN_POINT('Ctrl Pts',(-13.9651629124953,-3.79351903401929,-11.3165119554061));
#3064=CARTESIAN_POINT('Ctrl Pts',(-14.2109691290314,-0.785658909586604,
-11.3838817040569));
#3065=CARTESIAN_POINT('Ctrl Pts',(-14.2105017264462,-6.15113954105517E-7,
-11.4014764945034));
#3066=CARTESIAN_POINT('Ctrl Pts',(-14.2131950281204,-1.36217044194309E-6,
-11.8295004697055));
#3067=CARTESIAN_POINT('Ctrl Pts',(-14.2116263873284,-1.77696081735484,-11.7896948033186));
#3068=CARTESIAN_POINT('Ctrl Pts',(-13.452647792798,-5.77864269423652,-11.7001142087116));
#3069=CARTESIAN_POINT('Ctrl Pts',(-9.79450323443599,-11.0204098753203,-11.5607585575715));
#3070=CARTESIAN_POINT('Ctrl Pts',(-3.75159653669764,-14.2577923467863,-11.4114335236899));
#3071=CARTESIAN_POINT('Ctrl Pts',(3.09837336860808,-14.4136590737564,-11.2621087643456));
#3072=CARTESIAN_POINT('Ctrl Pts',(9.28072160207814,-11.4556945745909,-11.112783572889));
#3073=CARTESIAN_POINT('Ctrl Pts',(13.4568755165149,-6.02231715764462,-10.9634588637176));
#3074=CARTESIAN_POINT('Ctrl Pts',(14.7259608198583,0.712151526996702,-10.8141337689834));
#3075=CARTESIAN_POINT('Ctrl Pts',(12.813014836679,7.292826706953,-10.6648088441302));
#3076=CARTESIAN_POINT('Ctrl Pts',(8.13176703097956,12.2977030882443,-10.5154840055442));
#3077=CARTESIAN_POINT('Ctrl Pts',(1.69342518840858,14.6455658432491,-10.3661588557319));
#3078=CARTESIAN_POINT('Ctrl Pts',(-5.11071268832277,13.8288751857262,-10.2168341455493));
#3079=CARTESIAN_POINT('Ctrl Pts',(-10.8107201681749,10.0245261220332,-10.0675090210002));
#3080=CARTESIAN_POINT('Ctrl Pts',(-13.7192278772038,4.86214995883298,-9.93840315286011));
#3081=CARTESIAN_POINT('Ctrl Pts',(-14.2099225791852,1.31969880739686,-9.85907226439156));
#3082=CARTESIAN_POINT('Ctrl Pts',(-14.2104734592023,-3.13646944749557E-7,
-9.82951631623344));
#3083=CARTESIAN_POINT('Origin',(0.,0.,0.));
#3084=CARTESIAN_POINT('',(-14.2114443676292,2.18408311575269E-8,-13.8295214893291));
#3085=CARTESIAN_POINT('',(-14.2111198053849,2.88266365153222E-7,-13.4014616674913));
#3086=CARTESIAN_POINT('',(-14.21125,1.74037618243828E-15,0.));
#3087=CARTESIAN_POINT('Ctrl Pts',(-14.2105017264462,-6.15113954105517E-7,
-11.4014764945034));
#3088=CARTESIAN_POINT('Ctrl Pts',(-14.2096468656883,1.43693719028686,-11.4336566671669));
#3089=CARTESIAN_POINT('Ctrl Pts',(-13.6565873323381,5.09734831677197,-11.5156118138551));
#3090=CARTESIAN_POINT('Ctrl Pts',(-10.5590807613339,10.2887864004717,-11.6473420595748));
#3091=CARTESIAN_POINT('Ctrl Pts',(-4.76687646062358,13.9513185904594,-11.7966669538184));
#3092=CARTESIAN_POINT('Ctrl Pts',(2.05552859891393,14.5990669793748,-11.9459918236593));
#3093=CARTESIAN_POINT('Ctrl Pts',(8.43368797553483,12.0926731658791,-12.0953169605252));
#3094=CARTESIAN_POINT('Ctrl Pts',(12.9896703668956,6.97334321201571,-12.2446416404186));
#3095=CARTESIAN_POINT('Ctrl Pts',(14.7390171285699,0.34742452784455,-12.3939668626054));
#3096=CARTESIAN_POINT('Ctrl Pts',(13.3037710388208,-6.35371142116243,-12.5432915730705));
#3097=CARTESIAN_POINT('Ctrl Pts',(8.99406560841102,-11.6817598473768,-12.6926166794824));
#3098=CARTESIAN_POINT('Ctrl Pts',(2.74098044725603,-14.4862757821362,-12.8419415158967));
#3099=CARTESIAN_POINT('Ctrl Pts',(-4.10406500502023,-14.160253944739,-12.9912661142398));
#3100=CARTESIAN_POINT('Ctrl Pts',(-10.0628157222109,-10.7749927661537,-13.1405917329998));
#3101=CARTESIAN_POINT('Ctrl Pts',(-13.5278279297475,-5.54344237267255,-13.2773230474952));
#3102=CARTESIAN_POINT('Ctrl Pts',(-14.2097004885037,-1.66003485916296,-13.3642798709331));
#3103=CARTESIAN_POINT('Ctrl Pts',(-14.2111198053849,2.88266365056078E-7,
-13.4014616674913));
#3104=CARTESIAN_POINT('Ctrl Pts',(-14.2114443676292,2.18408305330264E-8,
-13.8295214893291));
#3105=CARTESIAN_POINT('Ctrl Pts',(-14.2117726269189,-0.430017363037406,
-13.8198918677894));
#3106=CARTESIAN_POINT('Ctrl Pts',(-14.0933363793488,-3.08247388689725,-13.7604873142249));
#3107=CARTESIAN_POINT('Ctrl Pts',(-12.492503080213,-7.82884338222067,-13.6513077737762));
#3108=CARTESIAN_POINT('Ctrl Pts',(-7.60288737833679,-12.6318819895651,-13.5019828893169));
#3109=CARTESIAN_POINT('Ctrl Pts',(-1.07094871829109,-14.7038617398975,-13.3526578356638));
#3110=CARTESIAN_POINT('Ctrl Pts',(5.69249942407413,-13.6001240338427,-13.203332935904));
#3111=CARTESIAN_POINT('Ctrl Pts',(11.2260932896399,-9.55648677801596,-13.0540080718752));
#3112=CARTESIAN_POINT('Ctrl Pts',(14.3337653950706,-3.45014039349035,-12.9046829201183));
#3113=CARTESIAN_POINT('Ctrl Pts',(14.3451773040112,3.40547549377844,-12.7553582638352));
#3114=CARTESIAN_POINT('Ctrl Pts',(11.2555688666228,9.5180486675412,-12.6060329985616));
#3115=CARTESIAN_POINT('Ctrl Pts',(5.12361348305529,14.0401100141473,-12.4401166833357));
#3116=CARTESIAN_POINT('Ctrl Pts',(-3.39497047753937,14.7889507201313,-12.2576080956069));
#3117=CARTESIAN_POINT('Ctrl Pts',(-11.4151834174496,9.99610735869839,-12.0585085309621));
#3118=CARTESIAN_POINT('Ctrl Pts',(-14.0553683116744,3.85215846623778,-11.9158057316787));
#3119=CARTESIAN_POINT('Ctrl Pts',(-14.2135878934135,0.445037234745297,-11.8394697787218));
#3120=CARTESIAN_POINT('Ctrl Pts',(-14.2131950281204,-1.36217044194309E-6,
-11.8295004697055));
#3121=CARTESIAN_POINT('Origin',(0.,0.,0.));
#3122=CARTESIAN_POINT('',(-14.216464935158,6.94295047773408E-6,-15.8295647822227));
#3123=CARTESIAN_POINT('',(-14.2117766370829,2.74400110619744E-7,-15.401473142734));
#3124=CARTESIAN_POINT('',(-14.21125,1.74037618243828E-15,0.));
#3125=CARTESIAN_POINT('Ctrl Pts',(-14.2111198053849,2.88266365056078E-7,
-13.4014616674913));
#3126=CARTESIAN_POINT('Ctrl Pts',(-14.2116005186234,0.562243211230563,-13.4140548960204));
#3127=CARTESIAN_POINT('Ctrl Pts',(-14.0491458375407,3.34649837621863,-13.4764231492012));
#3128=CARTESIAN_POINT('Ctrl Pts',(-12.2687551963919,8.17536552591658,-13.5885663153276));
#3129=CARTESIAN_POINT('Ctrl Pts',(-7.24726737516808,12.8388690886145,-13.7378911295405));
#3130=CARTESIAN_POINT('Ctrl Pts',(-0.659858094526515,14.72833495763,-13.8872162899037));
#3131=CARTESIAN_POINT('Ctrl Pts',(6.07009446452386,13.4355213402651,-14.0365410136969));
#3132=CARTESIAN_POINT('Ctrl Pts',(11.4885294583171,9.23975138994642,-14.1858660980838));
#3133=CARTESIAN_POINT('Ctrl Pts',(14.4246825439689,3.04759677735759,-14.3351910270632));
#3134=CARTESIAN_POINT('Ctrl Pts',(14.2441621658733,-3.8030421090839,-14.484515860087));
#3135=CARTESIAN_POINT('Ctrl Pts',(10.9859748958774,-9.83196883694277,-14.6338410136334));
#3136=CARTESIAN_POINT('Ctrl Pts',(5.35408959221709,-13.7365674921546,-14.7831657136479));
#3137=CARTESIAN_POINT('Ctrl Pts',(-1.43459969555334,-14.6731178624267,-14.9324908538102));
#3138=CARTESIAN_POINT('Ctrl Pts',(-7.91339620658223,-12.4394282564899,-15.0818157070336));
#3139=CARTESIAN_POINT('Ctrl Pts',(-12.6822217046045,-7.51778688434658,-15.2311406198408));
#3140=CARTESIAN_POINT('Ctrl Pts',(-14.1300045612293,-2.84714083679637,-15.3376931812303));
#3141=CARTESIAN_POINT('Ctrl Pts',(-14.2120309189822,-0.312606842355717,
-15.3944706456151));
#3142=CARTESIAN_POINT('Ctrl Pts',(-14.2117766370829,2.74400110800155E-7,
-15.401473142734));
#3143=CARTESIAN_POINT('Ctrl Pts',(-14.216464935158,6.94295047803939E-6,
-15.8295647822227));
#3144=CARTESIAN_POINT('Ctrl Pts',(-14.2167622611301,-0.193887734646366,
-15.825216238623));
#3145=CARTESIAN_POINT('Ctrl Pts',(-14.1477189309035,-3.71645019439878,-15.7462049572486));
#3146=CARTESIAN_POINT('Ctrl Pts',(-11.8027286598196,-9.3596025312454,-15.6174188068202));
#3147=CARTESIAN_POINT('Ctrl Pts',(-5.14850444593905,-13.8111510122244,-15.443207418083));
#3148=CARTESIAN_POINT('Ctrl Pts',(1.64009518138211,-14.649111264126,-15.2938821099253));
#3149=CARTESIAN_POINT('Ctrl Pts',(9.17984309658043,-11.9433262704318,-15.1196701027839));
#3150=CARTESIAN_POINT('Ctrl Pts',(13.7512777445844,-5.78637776170063,-14.9579020002852));
#3151=CARTESIAN_POINT('Ctrl Pts',(14.4658562902949,0.955977071928155,-14.8085758671034));
#3152=CARTESIAN_POINT('Ctrl Pts',(12.8747574840031,7.53040460515406,-14.6592510285712));
#3153=CARTESIAN_POINT('Ctrl Pts',(6.70829938986754,13.9123103970558,-14.4725938243597));
#3154=CARTESIAN_POINT('Ctrl Pts',(-2.70180275644243,14.818396566392,-14.2734947955969));
#3155=CARTESIAN_POINT('Ctrl Pts',(-9.75629341764802,11.0464208339082,-14.0992828155236));
#3156=CARTESIAN_POINT('Ctrl Pts',(-13.4468405879028,5.81002738761213,-13.9595870531183));
#3157=CARTESIAN_POINT('Ctrl Pts',(-14.2100758744405,1.7927165743315,-13.8696668009735));
#3158=CARTESIAN_POINT('Ctrl Pts',(-14.2114443676292,2.18408305330264E-8,
-13.8295214893291));
#3159=CARTESIAN_POINT('Origin',(0.,0.,0.));
#3160=CARTESIAN_POINT('',(-14.2163400075379,-1.90944209840262E-6,-17.8295114416754));
#3161=CARTESIAN_POINT('',(-14.2089987028031,-2.93927615621636E-6,-17.401485747807));
#3162=CARTESIAN_POINT('',(-14.21125,1.74037618243828E-15,0.));
#3163=CARTESIAN_POINT('Ctrl Pts',(-14.2117766370829,2.74400110800155E-7,
-15.401473142734));
#3164=CARTESIAN_POINT('Ctrl Pts',(-14.2102234392486,1.9094586280846,-15.4442456066473));
#3165=CARTESIAN_POINT('Ctrl Pts',(-13.3696528467913,6.04236232881851,-15.5367929695302));
#3166=CARTESIAN_POINT('Ctrl Pts',(-9.48184580928047,11.2892563462162,-15.6791155277487));
#3167=CARTESIAN_POINT('Ctrl Pts',(-3.35173735169647,14.3582661557654,-15.8284405330288));
#3168=CARTESIAN_POINT('Ctrl Pts',(3.49805480034959,14.3188267808858,-15.9777651065399));
#3169=CARTESIAN_POINT('Ctrl Pts',(10.2789998218315,10.8501226471645,-16.1436826400283));
#3170=CARTESIAN_POINT('Ctrl Pts',(14.75226394181,3.55645261275715,-16.3261897328632));
#3171=CARTESIAN_POINT('Ctrl Pts',(14.1544469602234,-4.20097335814067,-16.4921070351407));
#3172=CARTESIAN_POINT('Ctrl Pts',(11.0276039294498,-9.32300563882711,-16.6248401007318));
#3173=CARTESIAN_POINT('Ctrl Pts',(7.25290238152263,-12.5951768886843,-16.7354511795813));
#3174=CARTESIAN_POINT('Ctrl Pts',(2.02932519261477,-14.4896005581926,-16.8571235623999));
#3175=CARTESIAN_POINT('Ctrl Pts',(-4.00779798754207,-14.0667824926474,-16.9898566318688));
#3176=CARTESIAN_POINT('Ctrl Pts',(-10.2636887765684,-10.7740633709554,-17.1447121758419));
#3177=CARTESIAN_POINT('Ctrl Pts',(-13.7022835737522,-5.33957756789459,-17.2819227129602));
#3178=CARTESIAN_POINT('Ctrl Pts',(-14.2103377376238,-1.18817533785429,-17.3748872916404));
#3179=CARTESIAN_POINT('Ctrl Pts',(-14.2089987028031,-2.93927615602207E-6,
-17.401485747807));
#3180=CARTESIAN_POINT('Ctrl Pts',(-14.2163400075379,-1.90944209840782E-6,
-17.8295114416754));
#3181=CARTESIAN_POINT('Ctrl Pts',(-14.2150379706283,-3.28675178154254,-17.7558138304301));
#3182=CARTESIAN_POINT('Ctrl Pts',(-11.8221565310563,-9.90496070303251,-17.6074542156943));
#3183=CARTESIAN_POINT('Ctrl Pts',(-2.65035046270377,-15.2095207267286,-17.3844323163702));
#3184=CARTESIAN_POINT('Ctrl Pts',(7.82012774702923,-13.3117909574651,-17.1604445452993));
#3185=CARTESIAN_POINT('Ctrl Pts',(14.5757407230192,-5.08962918736637,-16.9364560109311));
#3186=CARTESIAN_POINT('Ctrl Pts',(14.406553854204,5.54963046169831,-16.7124682588812));
#3187=CARTESIAN_POINT('Ctrl Pts',(7.39398349849659,13.5539120536858,-16.4884816763633));
#3188=CARTESIAN_POINT('Ctrl Pts',(-3.13233004613871,15.1164185526103,-16.2644951237013));
#3189=CARTESIAN_POINT('Ctrl Pts',(-11.9929863354019,9.61213553627015,-16.0448561859856));
#3190=CARTESIAN_POINT('Ctrl Pts',(-14.2116572936611,3.13520596883774,-15.8998789848961));
#3191=CARTESIAN_POINT('Ctrl Pts',(-14.216464935158,6.94295047803939E-6,
-15.8295647822227));
#3192=CARTESIAN_POINT('Origin',(0.,0.,0.));
#3193=CARTESIAN_POINT('',(-14.2093925884582,3.86109169012161E-7,-19.8294951764035));
#3194=CARTESIAN_POINT('',(-14.2124695975651,-5.62217373489826E-7,-19.4014585444667));
#3195=CARTESIAN_POINT('',(-14.21125,1.74037618243828E-15,0.));
#3196=CARTESIAN_POINT('Ctrl Pts',(-14.2089987028031,-2.93927615602207E-6,
-17.401485747807));
#3197=CARTESIAN_POINT('Ctrl Pts',(-14.2069966955366,1.77644808289652,-17.4412534235263));
#3198=CARTESIAN_POINT('Ctrl Pts',(-13.3264637492368,6.51990125376306,-17.5473872471293));
#3199=CARTESIAN_POINT('Ctrl Pts',(-8.1930059155209,12.7687854156088,-17.7198914093474));
#3200=CARTESIAN_POINT('Ctrl Pts',(0.834872025702026,15.1493699847555,-17.9189885480203));
#3201=CARTESIAN_POINT('Ctrl Pts',(9.5460459966271,11.7916240544374,-18.1180897776838));
#3202=CARTESIAN_POINT('Ctrl Pts',(14.6436021927722,3.97080017895657,-18.3171902015405));
#3203=CARTESIAN_POINT('Ctrl Pts',(14.1944604454992,-5.3557755906329,-18.5162883057088));
#3204=CARTESIAN_POINT('Ctrl Pts',(8.37391019891998,-12.6520114752503,-18.7153910677131));
#3205=CARTESIAN_POINT('Ctrl Pts',(-0.621680145555979,-15.1605454141316,
-18.9144882558749));
#3206=CARTESIAN_POINT('Ctrl Pts',(-8.64515058986489,-12.1917116685512,-19.0969974872917));
#3207=CARTESIAN_POINT('Ctrl Pts',(-13.2638495100031,-6.34414649179411,-19.2593205573464));
#3208=CARTESIAN_POINT('Ctrl Pts',(-14.2111483813868,-2.06073022888273,-19.3552771415248));
#3209=CARTESIAN_POINT('Ctrl Pts',(-14.2124695975651,-5.62217373573093E-7,
-19.4014585444667));
#3210=CARTESIAN_POINT('Ctrl Pts',(-14.2093925884582,3.86109168970528E-7,
-19.8294951764035));
#3211=CARTESIAN_POINT('Ctrl Pts',(-14.2094132676455,-0.831211312900376,
-19.8108735810776));
#3212=CARTESIAN_POINT('Ctrl Pts',(-13.94425486202,-3.88460557769145,-19.7424769708286));
#3213=CARTESIAN_POINT('Ctrl Pts',(-11.3389570123443,-9.91719131732987,-19.5994187979842));
#3214=CARTESIAN_POINT('Ctrl Pts',(-3.410457150053,-15.0601499779147,-19.4003184898913));
#3215=CARTESIAN_POINT('Ctrl Pts',(7.14873145995368,-13.6843347286651,-19.176329859386));
#3216=CARTESIAN_POINT('Ctrl Pts',(14.3023555430181,-5.81110296788776,-18.9523426737107));
#3217=CARTESIAN_POINT('Ctrl Pts',(14.6663016236865,4.82454355958075,-18.7283561846905));
#3218=CARTESIAN_POINT('Ctrl Pts',(8.06035291978111,13.1673038337736,-18.5043694539321));
#3219=CARTESIAN_POINT('Ctrl Pts',(-2.37350628319667,15.2552913121994,-18.2803814573177));
#3220=CARTESIAN_POINT('Ctrl Pts',(-11.6805060970303,10.0957026621322,-18.056392954231));
#3221=CARTESIAN_POINT('Ctrl Pts',(-14.2017434216427,3.41580995685724,-17.9061032179078));
#3222=CARTESIAN_POINT('Ctrl Pts',(-14.2163570515403,0.0430225026639544,
-17.8304761626067));
#3223=CARTESIAN_POINT('Ctrl Pts',(-14.2163400075379,-1.90944209840782E-6,
-17.8295114416754));
#3224=CARTESIAN_POINT('Origin',(0.,0.,0.));
#3225=CARTESIAN_POINT('',(-14.2135972715666,-5.86562122734113E-6,-21.8294692195976));
#3226=CARTESIAN_POINT('',(-14.2112594237601,7.63036531181704E-8,-21.4014662284915));
#3227=CARTESIAN_POINT('',(-14.21125,1.74037618243828E-15,0.));
#3228=CARTESIAN_POINT('Ctrl Pts',(-14.2124695975651,-5.62217373573093E-7,
-19.4014585444667));
#3229=CARTESIAN_POINT('Ctrl Pts',(-14.2125724061727,0.160352263620396,-19.4050520863964));
#3230=CARTESIAN_POINT('Ctrl Pts',(-14.1732208860504,2.54171815962489,-19.4584205629683));
#3231=CARTESIAN_POINT('Ctrl Pts',(-12.9155047229798,7.1034984288229,-19.5615636509702));
#3232=CARTESIAN_POINT('Ctrl Pts',(-7.80010494966236,12.7498793607486,-19.7274813868926));
#3233=CARTESIAN_POINT('Ctrl Pts',(-1.0888916949447,14.7268856900403,-19.8768054938158));
#3234=CARTESIAN_POINT('Ctrl Pts',(4.80849349076515,13.6138270380395,-20.0095389246236));
#3235=CARTESIAN_POINT('Ctrl Pts',(10.0941804304104,10.775465082042,-20.1422727370244));
#3236=CARTESIAN_POINT('Ctrl Pts',(14.0777942685799,5.02349531118653,-20.2915973153479));
#3237=CARTESIAN_POINT('Ctrl Pts',(14.5117377261792,-2.58452579086883,-20.4575136756931));
#3238=CARTESIAN_POINT('Ctrl Pts',(11.7811441661321,-8.86467163332864,-20.606838635327));
#3239=CARTESIAN_POINT('Ctrl Pts',(6.49817286450463,-13.2342250226811,-20.7561636068346));
#3240=CARTESIAN_POINT('Ctrl Pts',(-0.186521225254269,-14.7413183578353,
-20.9054885590938));
#3241=CARTESIAN_POINT('Ctrl Pts',(-6.8296701869632,-13.0659342918661,-21.0548134666656));
#3242=CARTESIAN_POINT('Ctrl Pts',(-12.0025152907245,-8.56404684706198,-21.204138398486));
#3243=CARTESIAN_POINT('Ctrl Pts',(-13.9894725862132,-3.65296129907545,-21.3196895054618));
#3244=CARTESIAN_POINT('Ctrl Pts',(-14.2109143731083,-0.714817876205643,
-21.3854653039437));
#3245=CARTESIAN_POINT('Ctrl Pts',(-14.2112594237601,7.6303653340215E-8,
-21.4014662284915));
#3246=CARTESIAN_POINT('Ctrl Pts',(-14.2135972715666,-5.86562122789624E-6,
-21.8294692195976));
#3247=CARTESIAN_POINT('Ctrl Pts',(-14.2053171509249,-2.81624395390771,-21.7663769144005));
#3248=CARTESIAN_POINT('Ctrl Pts',(-12.3417321648103,-8.97639219764122,-21.6286216234975));
#3249=CARTESIAN_POINT('Ctrl Pts',(-5.11185952278522,-14.1692372345048,-21.4410917234629));
#3250=CARTESIAN_POINT('Ctrl Pts',(2.88352190505709,-14.4535302535602,-21.2668803683383));
#3251=CARTESIAN_POINT('Ctrl Pts',(9.10893829790947,-11.5951024469055,-21.1175547405691));
#3252=CARTESIAN_POINT('Ctrl Pts',(13.3611891302396,-6.22446375329038,-20.9682305622602));
#3253=CARTESIAN_POINT('Ctrl Pts',(14.9737458251137,1.61552324033627,-20.7940167064713));
#3254=CARTESIAN_POINT('Ctrl Pts',(12.3226981093663,8.17634755378653,-20.6446929399208));
#3255=CARTESIAN_POINT('Ctrl Pts',(7.23910909505331,12.5763741110152,-20.4953673999366));
#3256=CARTESIAN_POINT('Ctrl Pts',(1.91822446016836,14.6218648489648,-20.3709305382124));
#3257=CARTESIAN_POINT('Ctrl Pts',(-4.905942178771,13.9019945528914,-20.2216053622575));
#3258=CARTESIAN_POINT('Ctrl Pts',(-10.6569671519663,10.1868633444939,-20.0722800825067));
#3259=CARTESIAN_POINT('Ctrl Pts',(-13.6842359255858,5.00225935767965,-19.9415772347181));
#3260=CARTESIAN_POINT('Ctrl Pts',(-14.2093579926978,1.39059665168596,-19.8606486370082));
#3261=CARTESIAN_POINT('Ctrl Pts',(-14.2093925884582,3.86109168970528E-7,
-19.8294951764035));
#3262=CARTESIAN_POINT('Origin',(0.,0.,0.));
#3263=CARTESIAN_POINT('',(-14.2113864207157,5.7572744988077E-7,-23.8294706302687));
#3264=CARTESIAN_POINT('',(-14.2061818948879,-2.0658984127564E-6,-23.4014743990196));
#3265=CARTESIAN_POINT('',(-14.21125,1.74037618243828E-15,0.));
#3266=CARTESIAN_POINT('',(12.2212026235779,-7.2527121131307,-25.));
#3267=CARTESIAN_POINT('Ctrl Pts',(12.2212026235779,-7.2527121131307,-25.));
#3268=CARTESIAN_POINT('Ctrl Pts',(13.9224606528274,-4.38600256143008,-24.9253345174588));
#3269=CARTESIAN_POINT('Ctrl Pts',(15.2229177205386,2.57821318291084,-24.7760193729949));
#3270=CARTESIAN_POINT('Ctrl Pts',(9.93385135300121,11.8198953470407,-24.5520270513118));
#3271=CARTESIAN_POINT('Ctrl Pts',(-0.0710598861144695,15.4374868805505,
-24.3280432404465));
#3272=CARTESIAN_POINT('Ctrl Pts',(-10.0439069841204,11.7257904387552,-24.1040540006538));
#3273=CARTESIAN_POINT('Ctrl Pts',(-13.9024746784903,4.83697595826545,-23.9378636483715));
#3274=CARTESIAN_POINT('Ctrl Pts',(-14.2137513913333,0.752873992388859,-23.8463358076242));
#3275=CARTESIAN_POINT('Ctrl Pts',(-14.2113864207157,5.75727450158325E-7,
-23.8294706302687));
#3276=CARTESIAN_POINT('',(-4.32700080824878,-13.5290637337558,-25.0000274945199));
#3277=CARTESIAN_POINT('Origin',(0.,0.,-25.));
#3278=CARTESIAN_POINT('Ctrl Pts',(-14.2061818948879,-2.06589841278415E-6,
-23.4014743990196));
#3279=CARTESIAN_POINT('Ctrl Pts',(-14.2055214813539,1.7457541264668,-23.4405413933785));
#3280=CARTESIAN_POINT('Ctrl Pts',(-13.2888509387647,6.82851503477879,-23.554270577263));
#3281=CARTESIAN_POINT('Ctrl Pts',(-7.38671259408603,13.5569595631046,-23.7426618006568));
#3282=CARTESIAN_POINT('Ctrl Pts',(3.13909441528112,15.1161195086093,-23.9666490229893));
#3283=CARTESIAN_POINT('Ctrl Pts',(12.1748900425025,9.49452639194153,-24.1906375531621));
#3284=CARTESIAN_POINT('Ctrl Pts',(15.4244916901552,-0.638392963969276,-24.4146255339464));
#3285=CARTESIAN_POINT('Ctrl Pts',(11.3508567608662,-10.4664474751496,-24.6386128633078));
#3286=CARTESIAN_POINT('Ctrl Pts',(3.09664934693366,-14.6994965929169,-24.8337456493412));
#3287=CARTESIAN_POINT('Ctrl Pts',(-2.37753861135305,-14.1504640867361,-24.9542180992604));
#3288=CARTESIAN_POINT('Ctrl Pts',(-4.32700080824878,-13.5290637337558,-25.0000274945199));
#3289=CARTESIAN_POINT('Origin',(0.,0.,4.41670255678759));
#3290=CARTESIAN_POINT('',(-15.1293767093281,0.000147792159065352,-24.4167025567876));
#3291=CARTESIAN_POINT('',(-15.1296582867242,-0.00274058269950942,-24.8142761427406));
#3292=CARTESIAN_POINT('',(-15.12825,9.21098497268013E-13,4.41670255678759));
#3293=CARTESIAN_POINT('',(-12.6253822174133,8.33448690242688,-25.));
#3294=CARTESIAN_POINT('Ctrl Pts',(-15.1296582867242,-0.00274058269950941,
-24.8142761427405));
#3295=CARTESIAN_POINT('Ctrl Pts',(-15.1195420542971,2.93613369730465,-24.8761840951604));
#3296=CARTESIAN_POINT('Ctrl Pts',(-14.2463529789092,5.87898176255085,-24.9380920475802));
#3297=CARTESIAN_POINT('Ctrl Pts',(-12.6253822174134,8.33448690242671,-25.));
#3298=CARTESIAN_POINT('',(3.91383157338884,14.6132087673325,-25.));
#3299=CARTESIAN_POINT('Origin',(0.,0.,-25.));
#3300=CARTESIAN_POINT('Ctrl Pts',(-15.1293767093281,0.00014779215906582,
-24.4167025567876));
#3301=CARTESIAN_POINT('Ctrl Pts',(-15.1294563766892,0.152263007104072,-24.4199039277993));
#3302=CARTESIAN_POINT('Ctrl Pts',(-15.0903400346662,2.80032007574835,-24.475634990574));
#3303=CARTESIAN_POINT('Ctrl Pts',(-13.6357750185793,7.90273453534258,-24.5838957451119));
#3304=CARTESIAN_POINT('Ctrl Pts',(-8.24387892840095,13.432168312112,-24.741484820401));
#3305=CARTESIAN_POINT('Ctrl Pts',(-1.75595796978629,15.460069236399,-24.8801862386971));
#3306=CARTESIAN_POINT('Ctrl Pts',(2.36893448824419,15.0249193082112,-24.9663579652301));
#3307=CARTESIAN_POINT('Ctrl Pts',(3.91391914644083,14.6122428036161,-25.));
#3308=CARTESIAN_POINT('Origin',(0.,0.,4.41670255678759));
#3309=CARTESIAN_POINT('',(-15.1281182699016,-0.000378044700726776,-22.4167025567876));
#3310=CARTESIAN_POINT('',(-15.1233435439477,-0.00141735230225183,-22.8142761427334));
#3311=CARTESIAN_POINT('',(-15.12825,9.21098497268013E-13,4.41670255678759));
#3312=CARTESIAN_POINT('Ctrl Pts',(-15.1233435439477,-0.00141735230225183,
-22.8142761427334));
#3313=CARTESIAN_POINT('Ctrl Pts',(-15.1198939864715,2.16396225564459,-22.8598002418328));
#3314=CARTESIAN_POINT('Ctrl Pts',(-14.6613884090579,4.33075209385521,-22.9053243409321));
#3315=CARTESIAN_POINT('Ctrl Pts',(-13.7623422756117,6.29598083678955,-22.9508484400314));
#3316=CARTESIAN_POINT('Ctrl Pts',(-12.263517254982,9.57226878419388,-23.0267429422524));
#3317=CARTESIAN_POINT('Ctrl Pts',(-9.54029085783255,12.2883547725968,-23.1026374444735));
#3318=CARTESIAN_POINT('Ctrl Pts',(-6.26012840518061,13.7786519031748,-23.1785319466945));
#3319=CARTESIAN_POINT('Ctrl Pts',(-2.97996595252872,15.2689490337527,-23.2544264489156));
#3320=CARTESIAN_POINT('Ctrl Pts',(0.85713255562563,15.5334573065057,-23.3303209511367));
#3321=CARTESIAN_POINT('Ctrl Pts',(4.31073762372212,14.5072192136376,-23.4062154533577));
#3322=CARTESIAN_POINT('Ctrl Pts',(7.76434269181871,13.4809811207695,-23.4821099555788));
#3323=CARTESIAN_POINT('Ctrl Pts',(10.8344543198573,11.1639966622806,-23.5580044577999));
#3324=CARTESIAN_POINT('Ctrl Pts',(12.7685432281487,8.12434558592842,-23.6338989600209));
#3325=CARTESIAN_POINT('Ctrl Pts',(14.7026321364401,5.08469450957627,-23.709793462242));
#3326=CARTESIAN_POINT('Ctrl Pts',(15.500698324984,1.32237681536088,-23.7856879644631));
#3327=CARTESIAN_POINT('Ctrl Pts',(14.9672486621925,-2.24082792759536,-23.8615824666841));
#3328=CARTESIAN_POINT('Ctrl Pts',(14.433798999401,-5.80403267055151,-23.9374769689052));
#3329=CARTESIAN_POINT('Ctrl Pts',(12.5688334852742,-9.16812446224876,-24.0133714711262));
#3330=CARTESIAN_POINT('Ctrl Pts',(9.82923642048577,-11.5079185593206,-24.0892659733473));
#3331=CARTESIAN_POINT('Ctrl Pts',(7.08963935569724,-13.8477126563925,-24.1651604755684));
#3332=CARTESIAN_POINT('Ctrl Pts',(3.47541074024716,-15.163209058839,-24.2410549777894));
#3333=CARTESIAN_POINT('Ctrl Pts',(-0.127205611458477,-15.1332490752572,
-24.3169494800105));
#3334=CARTESIAN_POINT('Ctrl Pts',(-3.72982196316392,-15.1032890916755,-24.3928439822316));
#3335=CARTESIAN_POINT('Ctrl Pts',(-7.32082605112492,-13.7278727220656,-24.4687384844526));
#3336=CARTESIAN_POINT('Ctrl Pts',(-10.020902653622,-11.3416143949371,-24.5446329866737));
#3337=CARTESIAN_POINT('Ctrl Pts',(-12.7209792561191,-8.95535606780847,-24.6205274888947));
#3338=CARTESIAN_POINT('Ctrl Pts',(-14.5301283731523,-5.55825578316123,-24.6964219911158));
#3339=CARTESIAN_POINT('Ctrl Pts',(-15.003026230203,-1.9883612821259,-24.7723164933369));
#3340=CARTESIAN_POINT('Ctrl Pts',(-15.0901762771098,-1.3304676829502,-24.7863030431381));
#3341=CARTESIAN_POINT('Ctrl Pts',(-15.1319437958246,-0.666705547944786,
-24.8002895929393));
#3342=CARTESIAN_POINT('Ctrl Pts',(-15.1296582867242,-0.00274058269950942,
-24.8142761427406));
#3343=CARTESIAN_POINT('Ctrl Pts',(-15.1281182699016,-0.000378044700726846,
-22.4167025567876));
#3344=CARTESIAN_POINT('Ctrl Pts',(-15.1262636819094,1.87749857555944,-22.4562142933093));
#3345=CARTESIAN_POINT('Ctrl Pts',(-14.3094302485054,6.25352553337267,-22.5482557215939));
#3346=CARTESIAN_POINT('Ctrl Pts',(-10.1930948836417,12.0202933931814,-22.6928268416417));
#3347=CARTESIAN_POINT('Ctrl Pts',(-3.25834064298698,15.4197876723736,-22.8504159169308));
#3348=CARTESIAN_POINT('Ctrl Pts',(4.45886898199976,15.1163859564562,-23.0080049922201));
#3349=CARTESIAN_POINT('Ctrl Pts',(11.1053293144101,11.1829466918571,-23.1655940675092));
#3350=CARTESIAN_POINT('Ctrl Pts',(15.0849641131645,4.56404339659992,-23.3231831427984));
#3351=CARTESIAN_POINT('Ctrl Pts',(15.4421075293905,-3.15086632827094,-23.4807722180876));
#3352=CARTESIAN_POINT('Ctrl Pts',(12.0909942095976,-10.1091283935586,-23.6383612933768));
#3353=CARTESIAN_POINT('Ctrl Pts',(5.83636029621045,-14.639794047139,-23.7959503686659));
#3354=CARTESIAN_POINT('Ctrl Pts',(-1.81981573777955,-15.6548668606315,-23.9535394439551));
#3355=CARTESIAN_POINT('Ctrl Pts',(-9.03897676903097,-12.9105993476196,-24.1111285192443));
#3356=CARTESIAN_POINT('Ctrl Pts',(-13.984976297645,-7.18470744673765,-24.2655162235218));
#3357=CARTESIAN_POINT('Ctrl Pts',(-15.1281491549068,-2.34371928435848,-24.3673742360362));
#3358=CARTESIAN_POINT('Ctrl Pts',(-15.1293767093281,0.00014779215906582,
-24.4167025567876));
#3359=CARTESIAN_POINT('Origin',(0.,0.,4.41670255678759));
#3360=CARTESIAN_POINT('',(-15.1270590950555,0.00012550007715606,-20.4167025567876));
#3361=CARTESIAN_POINT('',(-15.1256150858182,-9.73732670242928E-5,-20.8142761428307));
#3362=CARTESIAN_POINT('',(-15.12825,9.21098497268013E-13,4.41670255678759));
#3363=CARTESIAN_POINT('Ctrl Pts',(-15.1256150858182,-9.73732670242928E-5,
-20.8142761428307));
#3364=CARTESIAN_POINT('Ctrl Pts',(-15.1218113361134,2.18726919283698,-20.8602818335127));
#3365=CARTESIAN_POINT('Ctrl Pts',(-14.6498357661171,4.37538156998064,-20.9062875241947));
#3366=CARTESIAN_POINT('Ctrl Pts',(-13.7322611222647,6.35751950840265,-20.9522932148767));
#3367=CARTESIAN_POINT('Ctrl Pts',(-12.3867489125363,9.26408500188164,-21.0197549946288));
#3368=CARTESIAN_POINT('Ctrl Pts',(-10.0830795234807,11.7277503665268,-21.0872167743808));
#3369=CARTESIAN_POINT('Ctrl Pts',(-7.27289445902652,13.2686875983962,-21.1546785541329));
#3370=CARTESIAN_POINT('Ctrl Pts',(-4.46270939457231,14.8096248302657,-21.222140333885));
#3371=CARTESIAN_POINT('Ctrl Pts',(-1.14600865471943,15.4278339293596,-21.289602113637));
#3372=CARTESIAN_POINT('Ctrl Pts',(2.02791008453058,14.9964670681778,-21.3570638933891));
#3373=CARTESIAN_POINT('Ctrl Pts',(5.59856866618688,14.5111793493483,-21.4329583956101));
#3374=CARTESIAN_POINT('Ctrl Pts',(8.98851877833024,12.697522055795,-21.5088528978312));
#3375=CARTESIAN_POINT('Ctrl Pts',(11.3671158567481,9.99234801721587,-21.5847474000523));
#3376=CARTESIAN_POINT('Ctrl Pts',(13.745712935166,7.28717397863682,-21.6606419022733));
#3377=CARTESIAN_POINT('Ctrl Pts',(15.1129569798583,3.69048319503208,-21.7365364044944));
#3378=CARTESIAN_POINT('Ctrl Pts',(15.1338300323691,0.0872866796291673,-21.8124309067154));
#3379=CARTESIAN_POINT('Ctrl Pts',(15.1547030848799,-3.51590983577379,-21.8883254089365));
#3380=CARTESIAN_POINT('Ctrl Pts',(13.8292051452091,-7.12561208297495,-21.9642199111576));
#3381=CARTESIAN_POINT('Ctrl Pts',(11.4821479661327,-9.85885138695048,-22.0401144133786));
#3382=CARTESIAN_POINT('Ctrl Pts',(9.13509078705632,-12.5920906909261,-22.1160089155997));
#3383=CARTESIAN_POINT('Ctrl Pts',(5.76647436857447,-14.448867051676,-22.1919034178208));
#3384=CARTESIAN_POINT('Ctrl Pts',(2.20196733764807,-14.973180066703,-22.2677979200418));
#3385=CARTESIAN_POINT('Ctrl Pts',(-1.36253969327829,-15.4974930817299,-22.3436924222629));
#3386=CARTESIAN_POINT('Ctrl Pts',(-5.1229373366492,-14.6893427510339,-22.4195869244839));
#3387=CARTESIAN_POINT('Ctrl Pts',(-8.15758275907475,-12.7472833362006,-22.495481426705));
#3388=CARTESIAN_POINT('Ctrl Pts',(-11.1922281815003,-10.8052239213673,-22.5713759289261));
#3389=CARTESIAN_POINT('Ctrl Pts',(-13.5011213829805,-7.72925542239683,-22.6472704311471));
#3390=CARTESIAN_POINT('Ctrl Pts',(-14.5183561616658,-4.27302621970874,-22.7231649333682));
#3391=CARTESIAN_POINT('Ctrl Pts',(-14.9254189843212,-2.8899606339954,-22.7535353364899));
#3392=CARTESIAN_POINT('Ctrl Pts',(-15.1256448404745,-1.44600281156614,-22.7839057396117));
#3393=CARTESIAN_POINT('Ctrl Pts',(-15.1233435439477,-0.00141735230225183,
-22.8142761427334));
#3394=CARTESIAN_POINT('Ctrl Pts',(-15.1270590950555,0.000125500077157031,
-20.4167025567876));
#3395=CARTESIAN_POINT('Ctrl Pts',(-15.1273853133726,1.10736770435146,-20.4399949670561));
#3396=CARTESIAN_POINT('Ctrl Pts',(-14.7368767786266,4.71146669822348,-20.5158170690877));
#3397=CARTESIAN_POINT('Ctrl Pts',(-11.9045512005607,10.3280345143408,-20.6441688628823));
#3398=CARTESIAN_POINT('Ctrl Pts',(-5.56829973900871,14.7438351263475,-20.8017579381716));
#3399=CARTESIAN_POINT('Ctrl Pts',(2.10511898059792,15.6190624012329,-20.9593470134607));
#3400=CARTESIAN_POINT('Ctrl Pts',(9.27301603161835,12.7435399278898,-21.1169360887499));
#3401=CARTESIAN_POINT('Ctrl Pts',(14.2140980759447,6.8077934827564,-21.274525164039));
#3402=CARTESIAN_POINT('Ctrl Pts',(15.7418174348818,-0.762771303850335,-21.4321142393283));
#3403=CARTESIAN_POINT('Ctrl Pts',(13.4893087454269,-8.15016477072194,-21.5897033146174));
#3404=CARTESIAN_POINT('Ctrl Pts',(7.99748772815109,-13.5803838770443,-21.7472923899066));
#3405=CARTESIAN_POINT('Ctrl Pts',(0.585156099924181,-15.749419943769,-21.9048814651958));
#3406=CARTESIAN_POINT('Ctrl Pts',(-6.96769446947312,-14.136402299937,-22.062470540485));
#3407=CARTESIAN_POINT('Ctrl Pts',(-12.8473281941303,-9.12867977784325,-22.2200596157741));
#3408=CARTESIAN_POINT('Ctrl Pts',(-14.9411629593881,-3.73400198778735,-22.3381369545417));
#3409=CARTESIAN_POINT('Ctrl Pts',(-15.1287293021062,-0.619083167369936,
-22.4036846015462));
#3410=CARTESIAN_POINT('Ctrl Pts',(-15.1281182699016,-0.000378044700726846,
-22.4167025567876));
#3411=CARTESIAN_POINT('Origin',(0.,0.,4.41670255678759));
#3412=CARTESIAN_POINT('',(-15.1289689020813,0.000296009005432696,-18.4167025567876));
#3413=CARTESIAN_POINT('',(-15.1280697362113,-0.000259977165650753,-18.8142761429546));
#3414=CARTESIAN_POINT('',(-15.12825,9.21098497268013E-13,4.41670255678759));
#3415=CARTESIAN_POINT('Ctrl Pts',(-15.1280697362113,-0.000259977165650753,
-18.8142761429546));
#3416=CARTESIAN_POINT('Ctrl Pts',(-15.1263370461526,1.80796501049417,-18.8523307027414));
#3417=CARTESIAN_POINT('Ctrl Pts',(-14.8010062371003,3.616558657078,-18.8903852625282));
#3418=CARTESIAN_POINT('Ctrl Pts',(-14.1665326889979,5.31016793995532,-18.9284398223151));
#3419=CARTESIAN_POINT('Ctrl Pts',(-13.4166844885828,7.31174842628122,-18.9734143421498));
#3420=CARTESIAN_POINT('Ctrl Pts',(-12.2350401872304,9.15272413803017,-19.0183888619845));
#3421=CARTESIAN_POINT('Ctrl Pts',(-10.7281229778756,10.667690641811,-19.0633633818192));
#3422=CARTESIAN_POINT('Ctrl Pts',(-9.22120576852086,12.1826571455919,-19.1083379016539));
#3423=CARTESIAN_POINT('Ctrl Pts',(-7.38901565116362,13.3716144414047,-19.1533124214886));
#3424=CARTESIAN_POINT('Ctrl Pts',(-5.39205123067738,14.1341487956581,-19.1982869413233));
#3425=CARTESIAN_POINT('Ctrl Pts',(-3.39508681019105,14.8966831499115,-19.243261461158));
#3426=CARTESIAN_POINT('Ctrl Pts',(-1.23334808657575,15.2327945626054,-19.2882359809927));
#3427=CARTESIAN_POINT('Ctrl Pts',(0.899631597509298,15.1040136233095,-19.3332105008274));
#3428=CARTESIAN_POINT('Ctrl Pts',(4.09910112363684,14.9108422143655,-19.4006722805795));
#3429=CARTESIAN_POINT('Ctrl Pts',(7.23386281082117,13.6716630134444,-19.4681340603315));
#3430=CARTESIAN_POINT('Ctrl Pts',(9.69367537219282,11.6203056543648,-19.5355958400836));
#3431=CARTESIAN_POINT('Ctrl Pts',(12.1534879335644,9.56894829528522,-19.6030576198356));
#3432=CARTESIAN_POINT('Ctrl Pts',(13.9383513691234,6.70541277804726,-19.6705193995877));
#3433=CARTESIAN_POINT('Ctrl Pts',(14.699166300287,3.59207351396227,-19.7379811793397));
#3434=CARTESIAN_POINT('Ctrl Pts',(15.4599812314507,0.478734249877226,-19.8054429590918));
#3435=CARTESIAN_POINT('Ctrl Pts',(15.196747658219,-2.88440876105504,-19.8729047388439));
#3436=CARTESIAN_POINT('Ctrl Pts',(13.9602362669978,-5.83897142619894,-19.9403665185959));
#3437=CARTESIAN_POINT('Ctrl Pts',(12.7237248757766,-8.79353409134288,-20.007828298348));
#3438=CARTESIAN_POINT('Ctrl Pts',(10.5139356665661,-11.3395164106984,-20.0752900781));
#3439=CARTESIAN_POINT('Ctrl Pts',(7.76451393901796,-12.986857788503,-20.1427518578521));
#3440=CARTESIAN_POINT('Ctrl Pts',(5.93156612065255,-14.085085373706,-20.1877263776868));
#3441=CARTESIAN_POINT('Ctrl Pts',(3.85878162747037,-14.7839169848863,-20.2327008975215));
#3442=CARTESIAN_POINT('Ctrl Pts',(1.73521408719181,-15.0283386922366,-20.2776754173562));
#3443=CARTESIAN_POINT('Ctrl Pts',(-0.388353453086709,-15.2727603995868,
-20.3226499371909));
#3444=CARTESIAN_POINT('Ctrl Pts',(-2.5627040404617,-15.0627722031069,-20.3676244570256));
#3445=CARTESIAN_POINT('Ctrl Pts',(-4.59878725568868,-14.4133484668395,-20.4125989768603));
#3446=CARTESIAN_POINT('Ctrl Pts',(-6.63487047091575,-13.763924730572,-20.457573496695));
#3447=CARTESIAN_POINT('Ctrl Pts',(-8.53268631399475,-12.6750654545169,-20.5025480165297));
#3448=CARTESIAN_POINT('Ctrl Pts',(-10.1207727256566,-11.2454450359741,-20.5475225363644));
#3449=CARTESIAN_POINT('Ctrl Pts',(-11.3118375344029,-10.173229722067,-20.5812534262404));
#3450=CARTESIAN_POINT('Ctrl Pts',(-12.3286795379771,-8.90933626551061,-20.6149843161165));
#3451=CARTESIAN_POINT('Ctrl Pts',(-13.1262610817697,-7.51836473843126,-20.6487152059925));
#3452=CARTESIAN_POINT('Ctrl Pts',(-13.9238426255622,-6.127393211352,-20.6824460958685));
#3453=CARTESIAN_POINT('Ctrl Pts',(-14.5021637095731,-4.60934361374982,-20.7161769857445));
#3454=CARTESIAN_POINT('Ctrl Pts',(-14.8231519271801,-3.03906627829623,-20.7499078756206));
#3455=CARTESIAN_POINT('Ctrl Pts',(-15.0273312954898,-2.04021891619038,-20.7713639646906));
#3456=CARTESIAN_POINT('Ctrl Pts',(-15.127389074889,-1.02023925518197,-20.7928200537606));
#3457=CARTESIAN_POINT('Ctrl Pts',(-15.1256150858182,-9.73732670242923E-5,
-20.8142761428307));
#3458=CARTESIAN_POINT('Ctrl Pts',(-15.1289689020813,0.000296009005433424,
-18.4167025567876));
#3459=CARTESIAN_POINT('Ctrl Pts',(-15.1292680407594,0.33640436732703,-18.423775640803));
#3460=CARTESIAN_POINT('Ctrl Pts',(-15.0367768124264,3.16852517094538,-18.4833784165815));
#3461=CARTESIAN_POINT('Ctrl Pts',(-13.3383719918712,8.39490731471831,-18.595510884123));
#3462=CARTESIAN_POINT('Ctrl Pts',(-7.74839606285115,13.724029826164,-18.7530999594122));
#3463=CARTESIAN_POINT('Ctrl Pts',(-0.297726205121721,15.7574742685187,-18.9106890347014));
#3464=CARTESIAN_POINT('Ctrl Pts',(7.22443939673263,14.0069308422361,-19.0682781099906));
#3465=CARTESIAN_POINT('Ctrl Pts',(13.0117336245903,8.89277371234375,-19.2258671852798));
#3466=CARTESIAN_POINT('Ctrl Pts',(15.6744000506588,1.64311267664615,-19.3834562605689));
#3467=CARTESIAN_POINT('Ctrl Pts',(14.5730279874903,-6.00112418568967,-19.5410453358581));
#3468=CARTESIAN_POINT('Ctrl Pts',(9.97210008343776,-12.20425565703,-19.6986344111473));
#3469=CARTESIAN_POINT('Ctrl Pts',(2.97647966093031,-15.4766664706684,-19.8562234864365));
#3470=CARTESIAN_POINT('Ctrl Pts',(-4.733910320218,-15.0325223863589,-20.0138125617256));
#3471=CARTESIAN_POINT('Ctrl Pts',(-11.3075026828098,-10.9784798262097,-20.1714016370149));
#3472=CARTESIAN_POINT('Ctrl Pts',(-14.595457211529,-5.27694716656955,-20.3056983020355));
#3473=CARTESIAN_POINT('Ctrl Pts',(-15.1266496167467,-1.38971572441634,-20.3874652752931));
#3474=CARTESIAN_POINT('Ctrl Pts',(-15.1270590950555,0.000125500077157031,
-20.4167025567876));
#3475=CARTESIAN_POINT('Origin',(0.,0.,4.41670255678759));
#3476=CARTESIAN_POINT('',(-15.1286843532814,-0.000345743454079339,-16.4167025567876));
#3477=CARTESIAN_POINT('',(-15.1292133398055,1.68402465805181E-5,-16.8142761430076));
#3478=CARTESIAN_POINT('',(-15.12825,9.21098497268013E-13,4.41670255678759));
#3479=CARTESIAN_POINT('Ctrl Pts',(-15.1292133398055,1.68402465805181E-5,
-16.8142761430076));
#3480=CARTESIAN_POINT('Ctrl Pts',(-15.1280466727773,2.23193436282356,-16.8612450168609));
#3481=CARTESIAN_POINT('Ctrl Pts',(-14.6270152281795,4.46404803701673,-16.9082138907142));
#3482=CARTESIAN_POINT('Ctrl Pts',(-13.6710080833386,6.48064659995402,-16.9551827645675));
#3483=CARTESIAN_POINT('Ctrl Pts',(-12.6411673906264,8.65298942415268,-17.0057790993815));
#3484=CARTESIAN_POINT('Ctrl Pts',(-11.0833606164264,10.5752426969085,-17.0563754341955));
#3485=CARTESIAN_POINT('Ctrl Pts',(-9.17131166576059,12.0326525302337,-17.1069717690096));
#3486=CARTESIAN_POINT('Ctrl Pts',(-7.25926271509476,13.4900623635589,-17.1575681038236));
#3487=CARTESIAN_POINT('Ctrl Pts',(-4.99297158796309,14.4826287574535,-17.2081644386377));
#3488=CARTESIAN_POINT('Ctrl Pts',(-2.62529561303208,14.8997901908997,-17.2587607734517));
#3489=CARTESIAN_POINT('Ctrl Pts',(-0.257619638100988,15.3169516243459,-17.3093571082658));
#3490=CARTESIAN_POINT('Ctrl Pts',(2.21144118462937,15.1587080973437,-17.3599534430798));
#3491=CARTESIAN_POINT('Ctrl Pts',(4.50645556278534,14.4426076227862,-17.4105497778938));
#3492=CARTESIAN_POINT('Ctrl Pts',(6.80146994094127,13.7265071482287,-17.4611461127079));
#3493=CARTESIAN_POINT('Ctrl Pts',(8.9224378745228,12.4525497261158,-17.5117424475219));
#3494=CARTESIAN_POINT('Ctrl Pts',(10.6327412295607,10.7629483107693,-17.5623387823359));
#3495=CARTESIAN_POINT('Ctrl Pts',(12.3430445845986,9.07334689542275,-17.61293511715));
#3496=CARTESIAN_POINT('Ctrl Pts',(13.6426833610929,6.96810148684263,-17.663531451964));
#3497=CARTESIAN_POINT('Ctrl Pts',(14.3866680029589,4.68195185695626,-17.7141277867781));
#3498=CARTESIAN_POINT('Ctrl Pts',(15.1306526448248,2.39580222706994,-17.7647241215921));
#3499=CARTESIAN_POINT('Ctrl Pts',(15.3189831520625,-0.0712516241226241,
-17.8153204564062));
#3500=CARTESIAN_POINT('Ctrl Pts',(14.9306618235083,-2.44378415809864,-17.8659167912202));
#3501=CARTESIAN_POINT('Ctrl Pts',(14.5423404949541,-4.81631669207471,-17.9165131260342));
#3502=CARTESIAN_POINT('Ctrl Pts',(13.5773673306081,-7.09432790883423,-17.9671094608483));
#3503=CARTESIAN_POINT('Ctrl Pts',(12.1433664196695,-9.02406963996421,-18.0177057956623));
#3504=CARTESIAN_POINT('Ctrl Pts',(10.7093655087309,-10.9538113710942,-18.0683021304764));
#3505=CARTESIAN_POINT('Ctrl Pts',(8.80633685119978,-12.5352836165946,-18.1188984652904));
#3506=CARTESIAN_POINT('Ctrl Pts',(6.64663833847785,-13.5912726774208,-18.1694948001045));
#3507=CARTESIAN_POINT('Ctrl Pts',(4.48693982575596,-14.647261738247,-18.2200911349185));
#3508=CARTESIAN_POINT('Ctrl Pts',(2.07057145784325,-15.1777676143991,-18.2706874697325));
#3509=CARTESIAN_POINT('Ctrl Pts',(-0.333087984642693,-15.1253913825161,
-18.3212838045466));
#3510=CARTESIAN_POINT('Ctrl Pts',(-1.53491770588569,-15.0992032665746,-18.3465819719536));
#3511=CARTESIAN_POINT('Ctrl Pts',(-2.73357019577202,-14.9272946236244,-18.3718801393606));
#3512=CARTESIAN_POINT('Ctrl Pts',(-3.89554491133476,-14.617609497551,-18.3971783067676));
#3513=CARTESIAN_POINT('Ctrl Pts',(-5.05751962689745,-14.3079243714776,-18.4224764741747));
#3514=CARTESIAN_POINT('Ctrl Pts',(-6.18281656813654,-13.860462762281,-18.4477746415817));
#3515=CARTESIAN_POINT('Ctrl Pts',(-7.23830338964543,-13.2850979281172,-18.4730728089887));
#3516=CARTESIAN_POINT('Ctrl Pts',(-9.34927703266327,-12.1343682597895,-18.5236691438027));
#3517=CARTESIAN_POINT('Ctrl Pts',(-11.18101019676,-10.4720256915928,-18.5742654786168));
#3518=CARTESIAN_POINT('Ctrl Pts',(-12.5288006328158,-8.4811900597689,-18.6248618134308));
#3519=CARTESIAN_POINT('Ctrl Pts',(-13.8765910688715,-6.49035442794496,-18.6754581482449));
#3520=CARTESIAN_POINT('Ctrl Pts',(-14.7404387768863,-4.17102573249376,-18.7260544830589));
#3521=CARTESIAN_POINT('Ctrl Pts',(-15.0238189882846,-1.78383965229788,-18.7766508178729));
#3522=CARTESIAN_POINT('Ctrl Pts',(-15.0940630261499,-1.19210606376837,-18.7891925929002));
#3523=CARTESIAN_POINT('Ctrl Pts',(-15.1286407849641,-0.596203042093868,
-18.8017343679274));
#3524=CARTESIAN_POINT('Ctrl Pts',(-15.1280697362113,-0.000259977165650755,
-18.8142761429546));
#3525=CARTESIAN_POINT('Ctrl Pts',(-15.1286843532814,-0.000345743454079339,
-16.4167025567876));
#3526=CARTESIAN_POINT('Ctrl Pts',(-15.1266605887293,2.06131966995326,-16.460086006313));
#3527=CARTESIAN_POINT('Ctrl Pts',(-14.1875629869962,6.62108493555332,-16.5559991476014));
#3528=CARTESIAN_POINT('Ctrl Pts',(-9.74778586276894,12.3841554814952,-16.7044419806529));
#3529=CARTESIAN_POINT('Ctrl Pts',(-2.69362788057031,15.5283935117983,-16.8620310559421));
#3530=CARTESIAN_POINT('Ctrl Pts',(5.00737584917716,14.9436549518959,-17.0196201312312));
#3531=CARTESIAN_POINT('Ctrl Pts',(11.5059121565378,10.7703584741773,-17.1772092065204));
#3532=CARTESIAN_POINT('Ctrl Pts',(15.2414274824882,4.01067631607169,-17.3347982818096));
#3533=CARTESIAN_POINT('Ctrl Pts',(15.3168780219344,-3.71212659771029,-17.4923873570988));
#3534=CARTESIAN_POINT('Ctrl Pts',(11.7141451398031,-10.5435022577829,-17.649976432388));
#3535=CARTESIAN_POINT('Ctrl Pts',(5.29838636626797,-14.8429693164809,-17.8075655076772));
#3536=CARTESIAN_POINT('Ctrl Pts',(-2.3897228735705,-15.5780570291606,-17.9651545829663));
#3537=CARTESIAN_POINT('Ctrl Pts',(-9.50396588276164,-12.5722419924033,-18.1227436582555));
#3538=CARTESIAN_POINT('Ctrl Pts',(-14.1190601340267,-6.81775460831286,-18.2732596495293));
#3539=CARTESIAN_POINT('Ctrl Pts',(-15.1270464267475,-2.15977246630621,-18.37124594904));
#3540=CARTESIAN_POINT('Ctrl Pts',(-15.1289689020813,0.000296009005433424,
-18.4167025567876));
#3541=CARTESIAN_POINT('Origin',(0.,0.,4.41670255678759));
#3542=CARTESIAN_POINT('',(-15.1270004148233,-3.86109769634491E-5,-14.4167025567876));
#3543=CARTESIAN_POINT('',(-15.1277345405604,-9.95998640158628E-5,-14.8142761429482));
#3544=CARTESIAN_POINT('',(-15.12825,9.21098497268013E-13,4.41670255678759));
#3545=CARTESIAN_POINT('Ctrl Pts',(-15.1277345405604,-9.95998640158629E-5,
-14.8142761429482));
#3546=CARTESIAN_POINT('Ctrl Pts',(-15.1281493676134,0.251204652761772,-14.8195629960914));
#3547=CARTESIAN_POINT('Ctrl Pts',(-15.1223227376537,0.502521690816845,-14.8248498492345));
#3548=CARTESIAN_POINT('Ctrl Pts',(-15.1102075402546,0.753545675866727,-14.8301367023777));
#3549=CARTESIAN_POINT('Ctrl Pts',(-15.0715591819375,1.55433039284788,-14.8470021473157));
#3550=CARTESIAN_POINT('Ctrl Pts',(-14.9689148228226,2.35213283754959,-14.8638675922538));
#3551=CARTESIAN_POINT('Ctrl Pts',(-14.802214962946,3.13608655613318,-14.8807330371918));
#3552=CARTESIAN_POINT('Ctrl Pts',(-14.1354155234395,6.27190143046717,-14.9481948169438));
#3553=CARTESIAN_POINT('Ctrl Pts',(-12.4437280717465,9.18613668691037,-15.0156565966959));
#3554=CARTESIAN_POINT('Ctrl Pts',(-10.0490765859427,11.3134288580832,-15.0831183764479));
#3555=CARTESIAN_POINT('Ctrl Pts',(-7.65442510013881,13.440721029256,-15.1505801562));
#3556=CARTESIAN_POINT('Ctrl Pts',(-4.55680958022409,14.7810701151584,-15.218041935952));
#3557=CARTESIAN_POINT('Ctrl Pts',(-1.36542278690749,15.070365051415,-15.2855037157041));
#3558=CARTESIAN_POINT('Ctrl Pts',(1.82596400640907,15.3596599876716,-15.3529654954562));
#3559=CARTESIAN_POINT('Ctrl Pts',(5.11112207312753,14.5979007742824,-15.4204272752082));
#3560=CARTESIAN_POINT('Ctrl Pts',(7.84986670903901,12.935929197527,-15.4878890549603));
#3561=CARTESIAN_POINT('Ctrl Pts',(10.5886113449505,11.2739576207715,-15.5553508347123));
#3562=CARTESIAN_POINT('Ctrl Pts',(12.780942550055,8.71177368064986,-15.6228126144644));
#3563=CARTESIAN_POINT('Ctrl Pts',(13.9980035253887,5.7474377147524,-15.6902743942164));
#3564=CARTESIAN_POINT('Ctrl Pts',(15.2150645007225,2.78310174885482,-15.7577361739685));
#3565=CARTESIAN_POINT('Ctrl Pts',(15.4568552462855,-0.583386242818542,-15.8251979537205));
#3566=CARTESIAN_POINT('Ctrl Pts',(14.6754522334066,-3.68987321508719,-15.8926597334726));
#3567=CARTESIAN_POINT('Ctrl Pts',(13.8940492205277,-6.79636018735575,-15.9601215132246));
#3568=CARTESIAN_POINT('Ctrl Pts',(12.089452449207,-9.64284614021962,-16.0275832929767));
#3569=CARTESIAN_POINT('Ctrl Pts',(9.61681647304906,-11.681965233272,-16.0950450727287));
#3570=CARTESIAN_POINT('Ctrl Pts',(7.96839248894373,-13.0413779619737,-16.1400195925634));
#3571=CARTESIAN_POINT('Ctrl Pts',(6.02306219157743,-14.0419609752036,-16.1849941123982));
#3572=CARTESIAN_POINT('Ctrl Pts',(3.95971550618881,-14.6007499906503,-16.2299686322329));
#3573=CARTESIAN_POINT('Ctrl Pts',(1.89636882080027,-15.1595390060969,-16.2749431520676));
#3574=CARTESIAN_POINT('Ctrl Pts',(-0.284994252610605,-15.2765340237604,
-16.3199176719023));
#3575=CARTESIAN_POINT('Ctrl Pts',(-2.39499737428091,-14.9385603932946,-16.364892191737));
#3576=CARTESIAN_POINT('Ctrl Pts',(-4.50500049595132,-14.6005867628288,-16.4098667115717));
#3577=CARTESIAN_POINT('Ctrl Pts',(-6.54364366588117,-13.8076444842337,-16.4548412314064));
#3578=CARTESIAN_POINT('Ctrl Pts',(-8.32788491998693,-12.6306988239471,-16.4998157512411));
#3579=CARTESIAN_POINT('Ctrl Pts',(-10.3351563308559,-11.3066349561247,-16.5504120860551));
#3580=CARTESIAN_POINT('Ctrl Pts',(-12.0204503170099,-9.49656680834902,-16.6010084208692));
#3581=CARTESIAN_POINT('Ctrl Pts',(-13.1962395926429,-7.39987645362022,-16.6516047556832));
#3582=CARTESIAN_POINT('Ctrl Pts',(-14.3720288682759,-5.30318609889143,-16.7022010904973));
#3583=CARTESIAN_POINT('Ctrl Pts',(-15.0383134333878,-2.91987353720958,-16.7527974253113));
#3584=CARTESIAN_POINT('Ctrl Pts',(-15.1205184103316,-0.517001068547898,
-16.8033937601253));
#3585=CARTESIAN_POINT('Ctrl Pts',(-15.126412025862,-0.34472918154721,-16.8070212210861));
#3586=CARTESIAN_POINT('Ctrl Pts',(-15.1293034428621,-0.172356755638491,
-16.8106486820468));
#3587=CARTESIAN_POINT('Ctrl Pts',(-15.1292133398055,1.6840246580518E-5,
-16.8142761430076));
#3588=CARTESIAN_POINT('Ctrl Pts',(-15.1270004148233,-3.86109769633797E-5,
-14.4167025567876));
#3589=CARTESIAN_POINT('Ctrl Pts',(-15.126883935004,1.29126604069318,-14.4438666800599));
#3590=CARTESIAN_POINT('Ctrl Pts',(-14.64674387636,5.07976689497414,-14.5235604950952));
#3591=CARTESIAN_POINT('Ctrl Pts',(-11.5198397747229,10.7554603704797,-14.6557840018936));
#3592=CARTESIAN_POINT('Ctrl Pts',(-5.02670931204814,14.937162706097,-14.8133730771828));
#3593=CARTESIAN_POINT('Ctrl Pts',(2.67353129606139,15.5318661668592,-14.9709621524719));
#3594=CARTESIAN_POINT('Ctrl Pts',(9.73175213511887,12.3967591166747,-15.1285512277611));
#3595=CARTESIAN_POINT('Ctrl Pts',(14.4529974289617,6.28470377461588,-15.2861403030503));
#3596=CARTESIAN_POINT('Ctrl Pts',(15.7035109288202,-1.3365555449253,-15.4437293783395));
#3597=CARTESIAN_POINT('Ctrl Pts',(13.1829952753335,-8.63685543394011,-15.6013184536287));
#3598=CARTESIAN_POINT('Ctrl Pts',(7.49672517769524,-13.863107437597,-15.7589075289178));
#3599=CARTESIAN_POINT('Ctrl Pts',(0.0101972060154357,-15.7602833804864,
-15.916496604207));
#3600=CARTESIAN_POINT('Ctrl Pts',(-7.47877951494985,-13.8727968767301,-16.0740856794962));
#3601=CARTESIAN_POINT('Ctrl Pts',(-13.1718078196563,-8.65390749767329,-16.2316747547854));
#3602=CARTESIAN_POINT('Ctrl Pts',(-15.0052833380702,-3.36571020636892,-16.3458803805492));
#3603=CARTESIAN_POINT('Ctrl Pts',(-15.1291110100141,-0.434992860969788,
-16.4075563145499));
#3604=CARTESIAN_POINT('Ctrl Pts',(-15.1286843532814,-0.000345743454079339,
-16.4167025567876));
#3605=CARTESIAN_POINT('Origin',(0.,0.,4.41670255678759));
#3606=CARTESIAN_POINT('',(-15.1284220473207,0.000370761545711584,-12.4167025567876));
#3607=CARTESIAN_POINT('',(-15.1283465711472,0.00151862824542155,-12.8142761428654));
#3608=CARTESIAN_POINT('',(-15.12825,9.21098497268013E-13,4.41670255678759));
#3609=CARTESIAN_POINT('Ctrl Pts',(-15.1283465711472,0.00151862824542155,
-12.8142761428654));
#3610=CARTESIAN_POINT('Ctrl Pts',(-15.1298525256835,0.67657491322253,-12.8284773101203));
#3611=CARTESIAN_POINT('Ctrl Pts',(-15.0861971611012,1.35140485781336,-12.8426784773752));
#3612=CARTESIAN_POINT('Ctrl Pts',(-14.9962589829463,2.01991562106014,-12.8568796446301));
#3613=CARTESIAN_POINT('Ctrl Pts',(-14.5690131476517,5.19563526878316,-12.9243414243822));
#3614=CARTESIAN_POINT('Ctrl Pts',(-13.0973182694271,8.22875202792857,-12.9918032041342));
#3615=CARTESIAN_POINT('Ctrl Pts',(-10.8675471182285,10.5295864103851,-13.0592649838863));
#3616=CARTESIAN_POINT('Ctrl Pts',(-8.63777596702997,12.8304207928416,-13.1267267636383));
#3617=CARTESIAN_POINT('Ctrl Pts',(-5.6499285428575,14.3989727986093,-13.1941885433904));
#3618=CARTESIAN_POINT('Ctrl Pts',(-2.49002625157501,14.9258406634547,-13.2616503231424));
#3619=CARTESIAN_POINT('Ctrl Pts',(0.669876039707573,15.4527085283001,-13.3291121028945));
#3620=CARTESIAN_POINT('Ctrl Pts',(4.00183319810016,14.937892252223,-13.3965738826465));
#3621=CARTESIAN_POINT('Ctrl Pts',(6.8595016467036,13.4872416638484,-13.4640356623986));
#3622=CARTESIAN_POINT('Ctrl Pts',(9.00275298315613,12.3992537225674,-13.5146319972126));
#3623=CARTESIAN_POINT('Ctrl Pts',(10.8792169203523,10.7848589806191,-13.5652283320267));
#3624=CARTESIAN_POINT('Ctrl Pts',(12.2824985590488,8.83213213175929,-13.6158246668407));
#3625=CARTESIAN_POINT('Ctrl Pts',(13.6857801977453,6.87940528289948,-13.6664210016548));
#3626=CARTESIAN_POINT('Ctrl Pts',(14.615879537942,4.58834632712825,-13.7170173364688));
#3627=CARTESIAN_POINT('Ctrl Pts',(14.9672815335282,2.21045477175556,-13.7676136712829));
#3628=CARTESIAN_POINT('Ctrl Pts',(15.3186835291143,-0.16743678361713,-13.8182100060969));
#3629=CARTESIAN_POINT('Ctrl Pts',(15.0913881800897,-2.63216093859126,-13.8688063409109));
#3630=CARTESIAN_POINT('Ctrl Pts',(14.3115976085836,-4.90661143683812,-13.919402675725));
#3631=CARTESIAN_POINT('Ctrl Pts',(13.5318070370774,-7.18106193508494,-13.969999010539));
#3632=CARTESIAN_POINT('Ctrl Pts',(12.1995212430896,-9.26523877660449,-14.0205953453531));
#3633=CARTESIAN_POINT('Ctrl Pts',(10.4631216407746,-10.9277829870075,-14.0711916801671));
#3634=CARTESIAN_POINT('Ctrl Pts',(8.72672203845964,-12.5903271974105,-14.1217880149811));
#3635=CARTESIAN_POINT('Ctrl Pts',(6.58620862781738,-13.831238776697,-14.1723843497952));
#3636=CARTESIAN_POINT('Ctrl Pts',(4.28013065633803,-14.5113995656243,-14.2229806846092));
#3637=CARTESIAN_POINT('Ctrl Pts',(1.97405268485863,-15.1915603545516,-14.2735770194233));
#3638=CARTESIAN_POINT('Ctrl Pts',(-0.497589847457863,-15.3109703531197,
-14.3241733542373));
#3639=CARTESIAN_POINT('Ctrl Pts',(-2.85821160915355,-14.8568402629908,-14.3747696890513));
#3640=CARTESIAN_POINT('Ctrl Pts',(-5.21883337084923,-14.4027101728618,-14.4253660238654));
#3641=CARTESIAN_POINT('Ctrl Pts',(-7.46843436192407,-13.3750399940359,-14.4759623586794));
#3642=CARTESIAN_POINT('Ctrl Pts',(-9.35791475708611,-11.8878428817532,-14.5265586934935));
#3643=CARTESIAN_POINT('Ctrl Pts',(-11.2473951522481,-10.4006457694706,-14.5771550283075));
#3644=CARTESIAN_POINT('Ctrl Pts',(-12.7767549514973,-8.45392172373119,-14.6277513631216));
#3645=CARTESIAN_POINT('Ctrl Pts',(-13.7714443172367,-6.26596240013267,-14.6783476979356));
#3646=CARTESIAN_POINT('Ctrl Pts',(-14.66219776313,-4.30662476760376,-14.7236571796065));
#3647=CARTESIAN_POINT('Ctrl Pts',(-15.124179382464,-2.15383171985923,-14.7689666612773));
#3648=CARTESIAN_POINT('Ctrl Pts',(-15.1277345405604,-9.95998640158624E-5,
-14.8142761429482));
#3649=CARTESIAN_POINT('Ctrl Pts',(-15.1284220473207,0.000370761545711099,
-12.4167025567876));
#3650=CARTESIAN_POINT('Ctrl Pts',(-15.1289469466725,0.520514694537718,-12.4276473538068));
#3651=CARTESIAN_POINT('Ctrl Pts',(-14.9763600205285,3.53678953564297,-12.491121842589));
#3652=CARTESIAN_POINT('Ctrl Pts',(-13.0232303162194,8.87592859068566,-12.6071260231343));
#3653=CARTESIAN_POINT('Ctrl Pts',(-7.24255884685953,13.997570416541,-12.7647150984234));
#3654=CARTESIAN_POINT('Ctrl Pts',(0.277335187449157,15.7578463442835,-12.9223041737126));
#3655=CARTESIAN_POINT('Ctrl Pts',(7.73063016108542,13.7340450533979,-13.0798932490018));
#3656=CARTESIAN_POINT('Ctrl Pts',(13.3274974961304,8.41216064438174,-13.237482324291));
#3657=CARTESIAN_POINT('Ctrl Pts',(15.7239097337866,1.07018638562584,-13.3950713995802));
#3658=CARTESIAN_POINT('Ctrl Pts',(14.3443942646103,-6.52878161663113,-13.5526604748693));
#3659=CARTESIAN_POINT('Ctrl Pts',(9.52022688261587,-12.5599329743341,-13.7102495501585));
#3660=CARTESIAN_POINT('Ctrl Pts',(2.4098794684277,-15.5749515942714,-13.8678386254477));
#3661=CARTESIAN_POINT('Ctrl Pts',(-5.27917456574384,-14.8498132015406,-14.0254277007369));
#3662=CARTESIAN_POINT('Ctrl Pts',(-11.7004916407567,-10.5586519774463,-14.1830167760261));
#3663=CARTESIAN_POINT('Ctrl Pts',(-14.6895239276739,-4.90868516069424,-14.3134417280429));
#3664=CARTESIAN_POINT('Ctrl Pts',(-15.1271091824358,-1.2058451174534,-14.3913369882968));
#3665=CARTESIAN_POINT('Ctrl Pts',(-15.1270004148233,-3.86109769633797E-5,
-14.4167025567876));
#3666=CARTESIAN_POINT('Origin',(0.,0.,4.41670255678759));
#3667=CARTESIAN_POINT('',(-15.1291852819587,-0.000236291590620524,-10.4167025567876));
#3668=CARTESIAN_POINT('',(-15.1272059635248,8.29742116158864E-5,-10.8142761427958));
#3669=CARTESIAN_POINT('',(-15.12825,9.21098497268013E-13,4.41670255678759));
#3670=CARTESIAN_POINT('Ctrl Pts',(-15.1272059635248,8.29742116158864E-5,
-10.8142761427958));
#3671=CARTESIAN_POINT('Ctrl Pts',(-15.1274264272489,1.0988873200515,-10.8373916241581));
#3672=CARTESIAN_POINT('Ctrl Pts',(-15.0091080349699,2.19764413100047,-10.8605071055203));
#3673=CARTESIAN_POINT('Ctrl Pts',(-14.7717100702434,3.27003938534214,-10.8836225868825));
#3674=CARTESIAN_POINT('Ctrl Pts',(-14.2520813971798,5.6173523610672,-10.9342189216965));
#3675=CARTESIAN_POINT('Ctrl Pts',(-13.1619345300563,7.83836535637534,-10.9848152565106));
#3676=CARTESIAN_POINT('Ctrl Pts',(-11.6228760706724,9.68531583824004,-11.0354115913246));
#3677=CARTESIAN_POINT('Ctrl Pts',(-10.0838176112885,11.5322663201047,-11.0860079261387));
#3678=CARTESIAN_POINT('Ctrl Pts',(-8.09584755964415,13.0051542885259,-11.1366042609527));
#3679=CARTESIAN_POINT('Ctrl Pts',(-5.88075801944897,13.9396361199574,-11.1872005957667));
#3680=CARTESIAN_POINT('Ctrl Pts',(-3.66566847925375,14.874117951389,-11.2377969305808));
#3681=CARTESIAN_POINT('Ctrl Pts',(-1.2234594505077,15.2701936458311,-11.2883932653948));
#3682=CARTESIAN_POINT('Ctrl Pts',(1.17344842511733,15.0837384062703,-11.3389896002089));
#3683=CARTESIAN_POINT('Ctrl Pts',(3.57035630074235,14.8972831667095,-11.3895859350229));
#3684=CARTESIAN_POINT('Ctrl Pts',(5.92196302324629,14.1282969931457,-11.4401822698369));
#3685=CARTESIAN_POINT('Ctrl Pts',(7.96586748667225,12.8624465662744,-11.490778604651));
#3686=CARTESIAN_POINT('Ctrl Pts',(10.0097719500982,11.5965961394032,-11.541374939465));
#3687=CARTESIAN_POINT('Ctrl Pts',(11.7459741544463,9.83388145922446,-11.5919712742791));
#3688=CARTESIAN_POINT('Ctrl Pts',(12.9808975797644,7.77118553953135,-11.6425676090931));
#3689=CARTESIAN_POINT('Ctrl Pts',(14.2158210050824,5.70848961983833,-11.6931639439072));
#3690=CARTESIAN_POINT('Ctrl Pts',(14.9494656513706,3.34581246063092,-11.7437602787212));
#3691=CARTESIAN_POINT('Ctrl Pts',(15.0997673624057,0.946271595547633,-11.7943566135352));
#3692=CARTESIAN_POINT('Ctrl Pts',(15.2500690734408,-1.45326926953575,-11.8449529483493));
#3693=CARTESIAN_POINT('Ctrl Pts',(14.8170278492229,-3.88967384049504,-11.8955492831633));
#3694=CARTESIAN_POINT('Ctrl Pts',(13.8493816809115,-6.09024021963614,-11.9461456179774));
#3695=CARTESIAN_POINT('Ctrl Pts',(12.8817355126001,-8.29080659877723,-11.9967419527914));
#3696=CARTESIAN_POINT('Ctrl Pts',(11.3794844001951,-10.2555347861001,-12.0473382876054));
#3697=CARTESIAN_POINT('Ctrl Pts',(9.50937440516772,-11.7670043874651,-12.0979346224195));
#3698=CARTESIAN_POINT('Ctrl Pts',(7.63926441014038,-13.2784739888301,-12.1485309572335));
#3699=CARTESIAN_POINT('Ctrl Pts',(5.40129553249062,-14.3366850042373,-12.1991272920476));
#3700=CARTESIAN_POINT('Ctrl Pts',(3.04691121657872,-14.8199715583867,-12.2497236268616));
#3701=CARTESIAN_POINT('Ctrl Pts',(0.692526900666819,-15.3032581125362,-12.3003199616756));
#3702=CARTESIAN_POINT('Ctrl Pts',(-1.77827285350725,-15.2116202054279,-12.3509162964897));
#3703=CARTESIAN_POINT('Ctrl Pts',(-4.09458630320017,-14.5643591561315,-12.4015126313037));
#3704=CARTESIAN_POINT('Ctrl Pts',(-4.86669078643117,-14.3486054730327,-12.4183780762417));
#3705=CARTESIAN_POINT('Ctrl Pts',(-5.62163012471984,-14.0711158852463,-12.4352435211798));
#3706=CARTESIAN_POINT('Ctrl Pts',(-6.34886406035289,-13.7342640275764,-12.4521089661178));
#3707=CARTESIAN_POINT('Ctrl Pts',(-9.25779980288501,-12.3868565968967,-12.5195707458698));
#3708=CARTESIAN_POINT('Ctrl Pts',(-11.7234491029275,-10.0896528480805,-12.5870325256219));
#3709=CARTESIAN_POINT('Ctrl Pts',(-13.2648753567665,-7.28188970552207,-12.6544943053739));
#3710=CARTESIAN_POINT('Ctrl Pts',(-14.4818208138886,-5.06517995862267,-12.7077549178711));
#3711=CARTESIAN_POINT('Ctrl Pts',(-15.1226985804183,-2.53023883665472,-12.7610155303682));
#3712=CARTESIAN_POINT('Ctrl Pts',(-15.1283465711472,0.00151862824542155,
-12.8142761428654));
#3713=CARTESIAN_POINT('Ctrl Pts',(-15.1291852819587,-0.000236291590620455,
-10.4167025567876));
#3714=CARTESIAN_POINT('Ctrl Pts',(-15.127493984963,2.24520531756712,-10.4639577193167));
#3715=CARTESIAN_POINT('Ctrl Pts',(-14.057774209305,6.9882783371458,-10.5637425736089));
#3716=CARTESIAN_POINT('Ctrl Pts',(-9.2894988908634,12.7315296242397,-10.7160571196641));
#3717=CARTESIAN_POINT('Ctrl Pts',(-2.12532887624437,15.6163252202318,-10.8736461949533));
#3718=CARTESIAN_POINT('Ctrl Pts',(5.54921599588853,14.7510283725312,-11.0312352702425));
#3719=CARTESIAN_POINT('Ctrl Pts',(11.8911763655138,10.3434308070627,-11.1888243455317));
#3720=CARTESIAN_POINT('Ctrl Pts',(15.3775987000348,3.45196964600434,-11.3464134208208));
#3721=CARTESIAN_POINT('Ctrl Pts',(15.1712561955892,-4.26844487653788,-11.50400249611));
#3722=CARTESIAN_POINT('Ctrl Pts',(11.321699784027,-10.9638382976314,-11.6615915713992));
#3723=CARTESIAN_POINT('Ctrl Pts',(4.753359009878,-15.026383940904,-11.8191806466884));
#3724=CARTESIAN_POINT('Ctrl Pts',(-2.95644977634904,-15.4805051899533,-11.9767697219776));
#3725=CARTESIAN_POINT('Ctrl Pts',(-9.95629896516198,-12.2171497139292,-12.1343587972667));
#3726=CARTESIAN_POINT('Ctrl Pts',(-14.2451515528205,-6.4503801119768,-12.2810030755368));
#3727=CARTESIAN_POINT('Ctrl Pts',(-15.1264276855928,-1.97592269253005,-12.3751176620437));
#3728=CARTESIAN_POINT('Ctrl Pts',(-15.1284220473207,0.000370761545711099,
-12.4167025567876));
#3729=CARTESIAN_POINT('Origin',(0.,0.,4.41670255678759));
#3730=CARTESIAN_POINT('',(-15.1271592319931,-0.000195582171415021,-8.41670255678761));
#3731=CARTESIAN_POINT('',(-15.1315835051358,-0.00113940350781964,-8.81427614272374));
#3732=CARTESIAN_POINT('',(-15.12825,9.21098497268013E-13,4.41670255678759));
#3733=CARTESIAN_POINT('Ctrl Pts',(-15.1315835051358,-0.00113940350781964,
-8.81427614272374));
#3734=CARTESIAN_POINT('Ctrl Pts',(-15.1289706120109,3.12217062040318,-8.88003682807015));
#3735=CARTESIAN_POINT('Ctrl Pts',(-14.1318917189656,6.24795465391301,-8.94579751341655));
#3736=CARTESIAN_POINT('Ctrl Pts',(-12.3179807123906,8.78956457823648,-9.01155819876295));
#3737=CARTESIAN_POINT('Ctrl Pts',(-10.4571475387277,11.3969207520225,-9.07901997851501));
#3738=CARTESIAN_POINT('Ctrl Pts',(-7.73667611583334,13.3894891375353,-9.14648175826707));
#3739=CARTESIAN_POINT('Ctrl Pts',(-4.69041187923437,14.3854862962118,-9.21394353801913));
#3740=CARTESIAN_POINT('Ctrl Pts',(-2.40571370178522,15.1324841652192,-9.26453987283317));
#3741=CARTESIAN_POINT('Ctrl Pts',(0.0622429333727859,15.3189107191311,-9.31513620764721));
#3742=CARTESIAN_POINT('Ctrl Pts',(2.43533141200902,14.9311633460579,-9.36573254246125));
#3743=CARTESIAN_POINT('Ctrl Pts',(4.80841989064531,14.5434159729847,-9.41632887727529));
#3744=CARTESIAN_POINT('Ctrl Pts',(7.08664021275984,13.5814946729263,-9.46692521208933));
#3745=CARTESIAN_POINT('Ctrl Pts',(9.01699396765141,12.1490409758059,-9.51752154690337));
#3746=CARTESIAN_POINT('Ctrl Pts',(10.947347722543,10.7165872786855,-9.56811788171741));
#3747=CARTESIAN_POINT('Ctrl Pts',(12.5298349102115,8.81360118450311,-9.61871421653146));
#3748=CARTESIAN_POINT('Ctrl Pts',(13.5873437998746,6.6542808962028,-9.6693105513455));
#3749=CARTESIAN_POINT('Ctrl Pts',(14.6448526895376,4.49496060790251,-9.71990688615954));
#3750=CARTESIAN_POINT('Ctrl Pts',(15.1773832811952,2.07930612548432,-9.77050322097358));
#3751=CARTESIAN_POINT('Ctrl Pts',(15.1258177243765,-0.324172743724542,-9.82109955578762));
#3752=CARTESIAN_POINT('Ctrl Pts',(15.0742521675578,-2.72765161293338,-9.87169589060166));
#3753=CARTESIAN_POINT('Ctrl Pts',(14.4385904622628,-5.11895486893292,-9.92229222541571));
#3754=CARTESIAN_POINT('Ctrl Pts',(13.2895973671742,-7.23080855878769,-9.97288856022975));
#3755=CARTESIAN_POINT('Ctrl Pts',(12.1406042720856,-9.34266224864253,-10.0234848950438));
#3756=CARTESIAN_POINT('Ctrl Pts',(10.4782797872034,-11.1750663723526,-10.0740812298578));
#3757=CARTESIAN_POINT('Ctrl Pts',(8.48814796260878,-12.5238571787693,-10.1246775646719));
#3758=CARTESIAN_POINT('Ctrl Pts',(6.49801613801415,-13.8726479851859,-10.1752738994859));
#3759=CARTESIAN_POINT('Ctrl Pts',(4.18007697370705,-14.7378254743092,-10.2258702343));
#3760=CARTESIAN_POINT('Ctrl Pts',(1.79287816817582,-15.0227394126969,-10.276466569114));
#3761=CARTESIAN_POINT('Ctrl Pts',(-0.594320637355392,-15.3076533510846,
-10.327062903928));
#3762=CARTESIAN_POINT('Ctrl Pts',(-3.05077908411074,-15.0123037387368,-10.3776592387421));
#3763=CARTESIAN_POINT('Ctrl Pts',(-5.30243616990214,-14.1697063299421,-10.4282555735561));
#3764=CARTESIAN_POINT('Ctrl Pts',(-7.55409325569351,-13.3271089211473,-10.4788519083702));
#3765=CARTESIAN_POINT('Ctrl Pts',(-9.60094898052096,-11.9372637159056,-10.5294482431842));
#3766=CARTESIAN_POINT('Ctrl Pts',(-11.2146693422622,-10.1551879452853,-10.5800445779982));
#3767=CARTESIAN_POINT('Ctrl Pts',(-12.8283897040035,-8.37311217466489,-10.6306409128123));
#3768=CARTESIAN_POINT('Ctrl Pts',(-14.0089747026586,-6.19880583866584,-10.6812372476263));
#3769=CARTESIAN_POINT('Ctrl Pts',(-14.6247119624845,-3.87484619259536,-10.7318335824404));
#3770=CARTESIAN_POINT('Ctrl Pts',(-14.9591430129606,-2.61261258029237,-10.7593144358922));
#3771=CARTESIAN_POINT('Ctrl Pts',(-15.1269438650984,-1.306231210948,-10.786795289344));
#3772=CARTESIAN_POINT('Ctrl Pts',(-15.1272059635248,8.29742116158848E-5,
-10.8142761427958));
#3773=CARTESIAN_POINT('Ctrl Pts',(-15.1271592319931,-0.000195582171414674,
-8.41670255678761));
#3774=CARTESIAN_POINT('Ctrl Pts',(-15.1264760728264,1.47511487183811,-8.44773839306361));
#3775=CARTESIAN_POINT('Ctrl Pts',(-14.549236771053,5.44798464006835,-8.53130392110268));
#3776=CARTESIAN_POINT('Ctrl Pts',(-11.119791122859,11.1685666761779,-8.66739914090481));
#3777=CARTESIAN_POINT('Ctrl Pts',(-4.47842645026546,15.1106033217013,-8.82498821619398));
#3778=CARTESIAN_POINT('Ctrl Pts',(3.23838413895231,15.4239911950451,-8.98257729148317));
#3779=CARTESIAN_POINT('Ctrl Pts',(10.1775316276651,12.033473571007,-9.14016636677233));
#3780=CARTESIAN_POINT('Ctrl Pts',(14.672654423366,5.75324676932289,-9.29775544206154));
#3781=CARTESIAN_POINT('Ctrl Pts',(15.6442971617554,-1.90856032939455,-9.45534451735068));
#3782=CARTESIAN_POINT('Ctrl Pts',(12.8591302957204,-9.11204720432972,-9.61293359263989));
#3783=CARTESIAN_POINT('Ctrl Pts',(6.98598167505556,-14.1273740041111,-9.77052266792904));
#3784=CARTESIAN_POINT('Ctrl Pts',(-0.564775263951636,-15.7501639711298,
-9.92811174321825));
#3785=CARTESIAN_POINT('Ctrl Pts',(-7.97990750125332,-13.5907215587579,-10.0857008185074));
#3786=CARTESIAN_POINT('Ctrl Pts',(-13.4787508293662,-8.16761362309129,-10.2432898937966));
#3787=CARTESIAN_POINT('Ctrl Pts',(-15.0625067662604,-2.99747262454667,-10.3536238065567));
#3788=CARTESIAN_POINT('Ctrl Pts',(-15.1293740612363,-0.250868112046748,
-10.4114280275537));
#3789=CARTESIAN_POINT('Ctrl Pts',(-15.1291852819587,-0.000236291590620455,
-10.4167025567876));
#3790=CARTESIAN_POINT('Origin',(0.,0.,4.41670255678759));
#3791=CARTESIAN_POINT('',(-15.1278655357459,0.000366023711206864,-6.41670255678761));
#3792=CARTESIAN_POINT('',(-15.132398155654,-0.000999993339744626,-6.81427614276092));
#3793=CARTESIAN_POINT('',(-15.12825,9.21098497268013E-13,4.41670255678759));
#3794=CARTESIAN_POINT('Ctrl Pts',(-15.132398155654,-0.000999993339744626,
-6.81427614276092));
#3795=CARTESIAN_POINT('Ctrl Pts',(-15.1306266679605,1.94436287859372,-6.85522025230304));
#3796=CARTESIAN_POINT('Ctrl Pts',(-14.7485613714015,3.89156385589067,-6.89616436184515));
#3797=CARTESIAN_POINT('Ctrl Pts',(-14.0150204802453,5.69450894608929,-6.93710847138726));
#3798=CARTESIAN_POINT('Ctrl Pts',(-13.1085535685505,7.92248299303243,-6.98770480620131));
#3799=CARTESIAN_POINT('Ctrl Pts',(-11.6653633817236,9.93017007447732,-7.03830114101534));
#3800=CARTESIAN_POINT('Ctrl Pts',(-9.84011212763578,11.4930616195335,-7.08889747582938));
#3801=CARTESIAN_POINT('Ctrl Pts',(-8.01486087354791,13.0559531645896,-7.13949381064342));
#3802=CARTESIAN_POINT('Ctrl Pts',(-5.807548552199,14.174049173257,-7.19009014545746));
#3803=CARTESIAN_POINT('Ctrl Pts',(-3.46656245485234,14.7258701175043,-7.24068648027151));
#3804=CARTESIAN_POINT('Ctrl Pts',(-1.12557635750567,15.2776910617517,-7.29128281508555));
#3805=CARTESIAN_POINT('Ctrl Pts',(1.34908351583877,15.2632369415789,-7.34187914989959));
#3806=CARTESIAN_POINT('Ctrl Pts',(3.67978388631862,14.6768968181208,-7.39247548471363));
#3807=CARTESIAN_POINT('Ctrl Pts',(6.78738438029175,13.8951099868433,-7.45993726446569));
#3808=CARTESIAN_POINT('Ctrl Pts',(9.6390568691723,12.096636927503,-7.52739904421773));
#3809=CARTESIAN_POINT('Ctrl Pts',(11.6769231222773,9.62510428311381,-7.59486082396979));
#3810=CARTESIAN_POINT('Ctrl Pts',(13.7147893753823,7.15357163872458,-7.66232260372185));
#3811=CARTESIAN_POINT('Ctrl Pts',(14.9388493927117,4.00897940928646,-7.72978438347391));
#3812=CARTESIAN_POINT('Ctrl Pts',(15.1100820058365,0.809103041043634,-7.79724616322597));
#3813=CARTESIAN_POINT('Ctrl Pts',(15.2813146189613,-2.39077332719914,-7.86470794297802));
#3814=CARTESIAN_POINT('Ctrl Pts',(14.3997198278814,-5.64593383424661,-7.93216972273007));
#3815=CARTESIAN_POINT('Ctrl Pts',(12.6378558501608,-8.32167834812722,-7.99963150248212));
#3816=CARTESIAN_POINT('Ctrl Pts',(10.8759918724401,-10.9974228620079,-8.06709328223418));
#3817=CARTESIAN_POINT('Ctrl Pts',(8.2338587080786,-13.0937513827217,-8.13455506198624));
#3818=CARTESIAN_POINT('Ctrl Pts',(5.2268646960601,-14.2005322704494,-8.2020168417383));
#3819=CARTESIAN_POINT('Ctrl Pts',(2.21987068404157,-15.3073131581771,-8.26947862149036));
#3820=CARTESIAN_POINT('Ctrl Pts',(-1.15198417563398,-15.4245464129187,-8.3369404012424));
#3821=CARTESIAN_POINT('Ctrl Pts',(-4.22751625493968,-14.5292358843549,-8.40440218099446));
#3822=CARTESIAN_POINT('Ctrl Pts',(-7.3030483342453,-13.6339253557911,-8.47186396074651));
#3823=CARTESIAN_POINT('Ctrl Pts',(-10.0822576331811,-11.7260710439219,-8.53932574049858));
#3824=CARTESIAN_POINT('Ctrl Pts',(-12.0282393141125,-9.17921451710891,-8.60678752025063));
#3825=CARTESIAN_POINT('Ctrl Pts',(-12.676899874423,-8.33026234150455,-8.62927478016798));
#3826=CARTESIAN_POINT('Ctrl Pts',(-13.2329795882885,-7.41030991979535,-8.65176204008533));
#3827=CARTESIAN_POINT('Ctrl Pts',(-13.6871623462778,-6.44243199731906,-8.67424930000268));
#3828=CARTESIAN_POINT('Ctrl Pts',(-14.5955278622561,-4.50667615236653,-8.71922381983738));
#3829=CARTESIAN_POINT('Ctrl Pts',(-15.0963055547292,-2.37921830434573,-8.76419833967209));
#3830=CARTESIAN_POINT('Ctrl Pts',(-15.1297868570313,-0.243505205650829,
-8.80917285950679));
#3831=CARTESIAN_POINT('Ctrl Pts',(-15.1310532375563,-0.16272503017342,-8.81087395391244));
#3832=CARTESIAN_POINT('Ctrl Pts',(-15.1316510953358,-0.081933044583679,
-8.81257504831809));
#3833=CARTESIAN_POINT('Ctrl Pts',(-15.1315835051358,-0.00113940350781964,
-8.81427614272374));
#3834=CARTESIAN_POINT('Ctrl Pts',(-15.1278655357459,0.000366023711207211,
-6.41670255678761));
#3835=CARTESIAN_POINT('Ctrl Pts',(-15.1285192235515,0.704584991859518,-6.43151906681051));
#3836=CARTESIAN_POINT('Ctrl Pts',(-14.909006032772,3.90510139925975,-6.49886526859647));
#3837=CARTESIAN_POINT('Ctrl Pts',(-12.690749838046,9.3451326777302,-6.61874116214549));
#3838=CARTESIAN_POINT('Ctrl Pts',(-6.72707906949525,14.2524749924006,-6.77633023743467));
#3839=CARTESIAN_POINT('Ctrl Pts',(0.852027342900514,15.7372388182679,-6.93391931272384));
#3840=CARTESIAN_POINT('Ctrl Pts',(8.22652855814712,13.4428741011078,-7.09150838801303));
#3841=CARTESIAN_POINT('Ctrl Pts',(13.6255174714495,7.92034783652024,-7.2490974633022));
#3842=CARTESIAN_POINT('Ctrl Pts',(15.7524849974868,0.495835275267221,-7.40668653859138));
#3843=CARTESIAN_POINT('Ctrl Pts',(14.0966627746321,-7.04774679131903,-7.56427561388056));
#3844=CARTESIAN_POINT('Ctrl Pts',(9.05567869026958,-12.8988883115889,-7.72186468916973));
#3845=CARTESIAN_POINT('Ctrl Pts',(1.84007082278472,-15.6525006175813,-7.87945376445892));
#3846=CARTESIAN_POINT('Ctrl Pts',(-5.81741025053249,-14.6473333475157,-8.03704283974809));
#3847=CARTESIAN_POINT('Ctrl Pts',(-12.0779028573109,-10.1247666040066,-8.19463191503728));
#3848=CARTESIAN_POINT('Ctrl Pts',(-14.7762709800751,-4.54036197781995,-8.32118515405045));
#3849=CARTESIAN_POINT('Ctrl Pts',(-15.1276323535894,-1.02192122265417,-8.39520870130055));
#3850=CARTESIAN_POINT('Ctrl Pts',(-15.1271592319931,-0.000195582171414674,
-8.41670255678761));
#3851=CARTESIAN_POINT('Origin',(0.,0.,4.41670255678759));
#3852=CARTESIAN_POINT('',(-15.12948276717,-6.82705853173246E-5,-4.41670255678761));
#3853=CARTESIAN_POINT('',(-15.1277604964107,-0.000929212029425493,-4.81427614288024));
#3854=CARTESIAN_POINT('',(-15.12825,9.21098497268013E-13,4.41670255678759));
#3855=CARTESIAN_POINT('Ctrl Pts',(-15.1277604964107,-0.000929212029425493,
-4.81427614288024));
#3856=CARTESIAN_POINT('Ctrl Pts',(-15.1287896980681,2.36913712207036,-4.86413456646671));
#3857=CARTESIAN_POINT('Ctrl Pts',(-14.56723864759,4.74182374049144,-4.91399299005318));
#3858=CARTESIAN_POINT('Ctrl Pts',(-13.492305966351,6.85196763425838,-4.96385141363964));
#3859=CARTESIAN_POINT('Ctrl Pts',(-11.8560432268702,10.0640290857103,-5.0397459158607));
#3860=CARTESIAN_POINT('Ctrl Pts',(-9.03022727817677,12.6677545119623,-5.11564041808176));
#3861=CARTESIAN_POINT('Ctrl Pts',(-5.69348441333455,14.0231023416082,-5.19153492030283));
#3862=CARTESIAN_POINT('Ctrl Pts',(-2.35674154849233,15.378450171254,-5.26742942252389));
#3863=CARTESIAN_POINT('Ctrl Pts',(1.49092823249868,15.4854204042938,-5.34332392474496));
#3864=CARTESIAN_POINT('Ctrl Pts',(4.90038244977834,14.3188938364207,-5.41921842696602));
#3865=CARTESIAN_POINT('Ctrl Pts',(8.30983666705805,13.1523672685476,-5.49511292918708));
#3866=CARTESIAN_POINT('Ctrl Pts',(11.2810753206264,10.7123438997617,-5.57100743140813));
#3867=CARTESIAN_POINT('Ctrl Pts',(13.089173529921,7.59625587307139,-5.6469019336292));
#3868=CARTESIAN_POINT('Ctrl Pts',(14.8972717392155,4.48016784638113,-5.72279643585026));
#3869=CARTESIAN_POINT('Ctrl Pts',(15.5422295042363,0.688015161786491,-5.79869093807132));
#3870=CARTESIAN_POINT('Ctrl Pts',(14.8636820781199,-2.85036035124624,-5.87458544029239));
#3871=CARTESIAN_POINT('Ctrl Pts',(14.1851346520034,-6.38873586427906,-5.95047994251345));
#3872=CARTESIAN_POINT('Ctrl Pts',(12.1830820347496,-9.67333420574995,-6.02637444473451));
#3873=CARTESIAN_POINT('Ctrl Pts',(9.35052230743189,-11.8994826893021,-6.10226894695557));
#3874=CARTESIAN_POINT('Ctrl Pts',(6.51796258011415,-14.1256311728542,-6.17816344917664));
#3875=CARTESIAN_POINT('Ctrl Pts',(2.85489574273242,-15.2933297984876,-6.25405795139769));
#3876=CARTESIAN_POINT('Ctrl Pts',(-0.744238297516525,-15.1158690386267,
-6.32995245361876));
#3877=CARTESIAN_POINT('Ctrl Pts',(-4.34337233776544,-14.9384082787657,-6.40584695583982));
#3878=CARTESIAN_POINT('Ctrl Pts',(-7.87857358088158,-13.4157881334106,-6.48174145806089));
#3879=CARTESIAN_POINT('Ctrl Pts',(-10.4771876385676,-10.9221561189646,-6.55763596028195));
#3880=CARTESIAN_POINT('Ctrl Pts',(-13.0758016962537,-8.42852410451867,-6.63353046250302));
#3881=CARTESIAN_POINT('Ctrl Pts',(-14.7378285685097,-4.96388022098194,-6.70942496472407));
#3882=CARTESIAN_POINT('Ctrl Pts',(-15.0698700445056,-1.37458775636998,-6.78531946694513));
#3883=CARTESIAN_POINT('Ctrl Pts',(-15.1120989152689,-0.918103315186518,
-6.79497169221706));
#3884=CARTESIAN_POINT('Ctrl Pts',(-15.1328157687972,-0.459602729741662,
-6.80462391748899));
#3885=CARTESIAN_POINT('Ctrl Pts',(-15.132398155654,-0.000999993339744627,
-6.81427614276092));
#3886=CARTESIAN_POINT('Ctrl Pts',(-15.12948276717,-6.82705853171511E-5,
-4.41670255678761));
#3887=CARTESIAN_POINT('Ctrl Pts',(-15.1288620047415,2.42920820392439,-4.46782943232046));
#3888=CARTESIAN_POINT('Ctrl Pts',(-13.9199211733708,7.35501135887376,-4.57148599961638));
#3889=CARTESIAN_POINT('Ctrl Pts',(-8.81884411290149,13.0619533274585,-4.72767225867534));
#3890=CARTESIAN_POINT('Ctrl Pts',(-1.55420026230621,15.6834657445614,-4.88526133396453));
#3891=CARTESIAN_POINT('Ctrl Pts',(6.08366805546855,14.538762643607,-5.0428504092537));
#3892=CARTESIAN_POINT('Ctrl Pts',(12.2606089602325,9.90273215534506,-5.20043948454289));
#3893=CARTESIAN_POINT('Ctrl Pts',(15.4932965679865,2.8886671100462,-5.35802855983206));
#3894=CARTESIAN_POINT('Ctrl Pts',(15.0054357388894,-4.81908025481086,-5.51561763512124));
#3895=CARTESIAN_POINT('Ctrl Pts',(10.9141810008448,-11.3695773578898,-5.67320671041042));
#3896=CARTESIAN_POINT('Ctrl Pts',(4.20200315040657,-15.1897928142625,-5.83079578569959));
#3897=CARTESIAN_POINT('Ctrl Pts',(-3.51924053597485,-15.3623429940292,-5.98838486098878));
#3898=CARTESIAN_POINT('Ctrl Pts',(-10.3953764805939,-11.8457918284495,-6.14597393627796));
#3899=CARTESIAN_POINT('Ctrl Pts',(-14.3633864249804,-6.08267977657973,-6.28874650154423));
#3900=CARTESIAN_POINT('Ctrl Pts',(-15.1262016724626,-1.7921166790032,-6.37898937504745));
#3901=CARTESIAN_POINT('Ctrl Pts',(-15.1278655357459,0.000366023711207211,
-6.41670255678761));
#3902=CARTESIAN_POINT('Origin',(0.,0.,4.41670255678759));
#3903=CARTESIAN_POINT('',(-15.1275139005204,-0.000315933841666394,-2.41670255678761));
#3904=CARTESIAN_POINT('',(-15.1230654361771,0.00214824522033787,-2.81427614298736));
#3905=CARTESIAN_POINT('',(-15.12825,9.21098497268013E-13,4.41670255678759));
#3906=CARTESIAN_POINT('Ctrl Pts',(-15.1230654361771,0.00214824522033787,
-2.81427614298736));
#3907=CARTESIAN_POINT('Ctrl Pts',(-15.1247248614483,1.59500107503236,-2.84775071321523));
#3908=CARTESIAN_POINT('Ctrl Pts',(-14.88071501408,3.18710286346444,-2.8812252834431));
#3909=CARTESIAN_POINT('Ctrl Pts',(-14.387489878228,4.69708030628371,-2.91469985367097));
#3910=CARTESIAN_POINT('Ctrl Pts',(-13.2692357553644,8.1205443151627,-2.99059435589203));
#3911=CARTESIAN_POINT('Ctrl Pts',(-10.8699339500441,11.1218624626836,-3.06648885811309));
#3912=CARTESIAN_POINT('Ctrl Pts',(-7.78035628563284,12.9791515374999,-3.14238336033415));
#3913=CARTESIAN_POINT('Ctrl Pts',(-5.72063784269202,14.2173442540441,-3.19297969514819));
#3914=CARTESIAN_POINT('Ctrl Pts',(-3.35413012904409,14.9470796049418,-3.24357602996223));
#3915=CARTESIAN_POINT('Ctrl Pts',(-0.953811347405321,15.0976292322203,-3.29417236477627));
#3916=CARTESIAN_POINT('Ctrl Pts',(1.4465074342335,15.2481788594987,-3.34476869959032));
#3917=CARTESIAN_POINT('Ctrl Pts',(3.88063728386316,14.8195427631577,-3.39536503440436));
#3918=CARTESIAN_POINT('Ctrl Pts',(6.0814561396835,13.8537515308432,-3.4459613692184));
#3919=CARTESIAN_POINT('Ctrl Pts',(8.28227499550383,12.8879602985286,-3.49655770403244));
#3920=CARTESIAN_POINT('Ctrl Pts',(10.2497828575148,11.3850139302404,-3.54715403884648));
#3921=CARTESIAN_POINT('Ctrl Pts',(11.7621939856159,9.51561597520707,-3.59775037366053));
#3922=CARTESIAN_POINT('Ctrl Pts',(13.274605113717,7.64621802017377,-3.64834670847457));
#3923=CARTESIAN_POINT('Ctrl Pts',(14.3319195079081,5.4103684783953,-3.69894304328861));
#3924=CARTESIAN_POINT('Ctrl Pts',(14.8173697481741,3.05596593509286,-3.74953937810265));
#3925=CARTESIAN_POINT('Ctrl Pts',(15.30281998844,0.701563391790413,-3.80013571291669));
#3926=CARTESIAN_POINT('Ctrl Pts',(15.2164060747807,-1.77139215303601,-3.85073204773073));
#3927=CARTESIAN_POINT('Ctrl Pts',(14.5671410870596,-4.08630008111691,-3.90132838254477));
#3928=CARTESIAN_POINT('Ctrl Pts',(13.9178760993386,-6.40120800919783,-3.95192471735881));
#3929=CARTESIAN_POINT('Ctrl Pts',(12.7057600375558,-8.55806832053323,-4.00252105217285));
#3930=CARTESIAN_POINT('Ctrl Pts',(11.0664286311634,-10.3165579512173,-4.05311738698689));
#3931=CARTESIAN_POINT('Ctrl Pts',(9.42709722477109,-12.0750475819013,-4.10371372180094));
#3932=CARTESIAN_POINT('Ctrl Pts',(7.36055047376922,-13.435166531934,-4.15431005661498));
#3933=CARTESIAN_POINT('Ctrl Pts',(5.09682996155157,-14.2449962650973,-4.20490639142902));
#3934=CARTESIAN_POINT('Ctrl Pts',(2.83310944933396,-15.0548259982605,-4.25550272624306));
#3935=CARTESIAN_POINT('Ctrl Pts',(0.372215175900581,-15.3143665145544,-4.3060990610571));
#3936=CARTESIAN_POINT('Ctrl Pts',(-2.01044274295576,-14.9950372518964,-4.35669539587114));
#3937=CARTESIAN_POINT('Ctrl Pts',(-4.39310066181212,-14.6757079892384,-4.40729173068519));
#3938=CARTESIAN_POINT('Ctrl Pts',(-6.69752222609145,-13.7775089476286,-4.45788806549923));
#3939=CARTESIAN_POINT('Ctrl Pts',(-8.66828740362397,-12.3998072189427,-4.50848440031327));
#3940=CARTESIAN_POINT('Ctrl Pts',(-10.6390525811565,-11.0221054902569,-4.55908073512731));
#3941=CARTESIAN_POINT('Ctrl Pts',(-12.2761613719422,-9.16490107449502,-4.60967706994135));
#3942=CARTESIAN_POINT('Ctrl Pts',(-13.3937458760306,-7.03716582385132,-4.66027340475539));
#3943=CARTESIAN_POINT('Ctrl Pts',(-14.511330380119,-4.90943057320762,-4.71086973956943));
#3944=CARTESIAN_POINT('Ctrl Pts',(-15.1093905975101,-2.51116448768207,-4.76146607438348));
#3945=CARTESIAN_POINT('Ctrl Pts',(-15.1273449506482,-0.106158511057556,
-4.81206240919752));
#3946=CARTESIAN_POINT('Ctrl Pts',(-15.127606802002,-0.071083225089619,-4.81280032042509));
#3947=CARTESIAN_POINT('Ctrl Pts',(-15.1277452640908,-0.0360065055381635,
-4.81353823165267));
#3948=CARTESIAN_POINT('Ctrl Pts',(-15.1277604964107,-0.000929212029425492,
-4.81427614288024));
#3949=CARTESIAN_POINT('Ctrl Pts',(-15.1275139005204,-0.000315933841666463,
-2.41670255678761));
#3950=CARTESIAN_POINT('Ctrl Pts',(-15.1262320737954,1.65892763391002,-2.45161010606736));
#3951=CARTESIAN_POINT('Ctrl Pts',(-14.4442334969636,5.81606766748068,-2.53904734711016));
#3952=CARTESIAN_POINT('Ctrl Pts',(-10.7049378535243,11.5668034114446,-2.67901427991603));
#3953=CARTESIAN_POINT('Ctrl Pts',(-3.92418112691173,15.2639260692743,-2.83660335520521));
#3954=CARTESIAN_POINT('Ctrl Pts',(3.79892547998594,15.2955811023717,-2.99419243049439));
#3955=CARTESIAN_POINT('Ctrl Pts',(10.6097610087744,11.6541669629579,-3.15178150578356));
#3956=CARTESIAN_POINT('Ctrl Pts',(14.8727766137567,5.21413003399335,-3.30937058107274));
#3957=CARTESIAN_POINT('Ctrl Pts',(15.5642549692228,-2.47802410371958,-3.46695965636192));
#3958=CARTESIAN_POINT('Ctrl Pts',(12.5181449923563,-9.57510742377395,-3.6245487316511));
#3959=CARTESIAN_POINT('Ctrl Pts',(6.46593721140134,-14.3728317386668,-3.78213780694028));
#3960=CARTESIAN_POINT('Ctrl Pts',(-1.13899580625325,-15.7190751882134,-3.93972688222946));
#3961=CARTESIAN_POINT('Ctrl Pts',(-8.47041123867694,-13.2905518945911,-4.09731595751864));
#3962=CARTESIAN_POINT('Ctrl Pts',(-13.7677485679491,-7.67044559241319,-4.25490503280782));
#3963=CARTESIAN_POINT('Ctrl Pts',(-15.1129138030721,-2.62929927747333,-4.36136723256414));
#3964=CARTESIAN_POINT('Ctrl Pts',(-15.1294997996134,-0.0667226168675887,
-4.4152997405574));
#3965=CARTESIAN_POINT('Ctrl Pts',(-15.12948276717,-6.82705853171511E-5,
-4.41670255678761));
#3966=CARTESIAN_POINT('Origin',(0.,0.,4.41670255678759));
#3967=CARTESIAN_POINT('',(-15.1274115443001,0.000330864890653038,-0.416702556787608));
#3968=CARTESIAN_POINT('',(-15.1284749757482,0.00244532356003245,-0.814276142997067));
#3969=CARTESIAN_POINT('',(-15.12825,9.21098497268013E-13,4.41670255678759));
#3970=CARTESIAN_POINT('',(-3.91383157338886,-14.6132087673325,0.));
#3971=CARTESIAN_POINT('Ctrl Pts',(-3.91383157338883,-14.6132087673325,5.55111512312578E-16));
#3972=CARTESIAN_POINT('Ctrl Pts',(-6.32540402380903,-13.9673213001618,-0.052529691763059));
#3973=CARTESIAN_POINT('Ctrl Pts',(-10.8203496088094,-11.4596013932987,-0.157589075289178));
#3974=CARTESIAN_POINT('Ctrl Pts',(-14.4739867104921,-5.71445040958412,-0.296489927551714));
#3975=CARTESIAN_POINT('Ctrl Pts',(-15.1263124015464,-1.60820302086131,-0.382861088051191));
#3976=CARTESIAN_POINT('Ctrl Pts',(-15.1274115443001,0.000330864890653523,
-0.416702556787608));
#3977=CARTESIAN_POINT('',(12.6253822174131,-8.33448690242714,-2.42861286636753E-16));
#3978=CARTESIAN_POINT('Origin',(0.,0.,0.));
#3979=CARTESIAN_POINT('Ctrl Pts',(12.6277592914743,-8.33394980942159,-2.63782051757033E-12));
#3980=CARTESIAN_POINT('Ctrl Pts',(11.0278056780316,-10.7410579065671,-0.0608325912402139));
#3981=CARTESIAN_POINT('Ctrl Pts',(8.73183945812306,-12.6938284648779,-0.12166518247779));
#3982=CARTESIAN_POINT('Ctrl Pts',(6.0879498089848,-13.8552614197314,-0.182497773715366));
#3983=CARTESIAN_POINT('Ctrl Pts',(2.7894434529902,-15.3042606186559,-0.258392275936428));
#3984=CARTESIAN_POINT('Ctrl Pts',(-1.05060431949841,-15.5215460245486,-0.334286778157489));
#3985=CARTESIAN_POINT('Ctrl Pts',(-4.49113442848446,-14.4525362409138,-0.410181280378552));
#3986=CARTESIAN_POINT('Ctrl Pts',(-7.93166453747053,-13.3835264572789,-0.486075782599614));
#3987=CARTESIAN_POINT('Ctrl Pts',(-10.9726769829541,-11.0282214841166,-0.561970284820676));
#3988=CARTESIAN_POINT('Ctrl Pts',(-12.8687658654148,-7.96458989135673,-0.637864787041738));
#3989=CARTESIAN_POINT('Ctrl Pts',(-14.3378736443394,-5.59085886729125,-0.696668572361061));
#3990=CARTESIAN_POINT('Ctrl Pts',(-15.1196496404547,-2.79189823490692,-0.755472357680382));
#3991=CARTESIAN_POINT('Ctrl Pts',(-15.1284749757437,0.00244532356002949,
-0.814276142999705));
#3992=CARTESIAN_POINT('Origin',(0.,0.,-2.77281266907388));
#3993=CARTESIAN_POINT('',(16.5672723320032,0.000159212271437554,12.7462293465078));
#3994=CARTESIAN_POINT('',(16.566,3.1582682324799E-13,13.));
#3995=CARTESIAN_POINT('',(16.566,3.1582682324799E-13,-2.77281266907388));
#3996=CARTESIAN_POINT('',(8.05537961391014,14.4756075960759,13.));
#3997=CARTESIAN_POINT('Ctrl Pts',(16.5672723320032,0.000159212271437554,
12.7462293465078));
#3998=CARTESIAN_POINT('Ctrl Pts',(16.5674361925172,0.215723715478982,12.749336749748));
#3999=CARTESIAN_POINT('Ctrl Pts',(16.5633371256142,0.431284377253587,12.7524441529883));
#4000=CARTESIAN_POINT('Ctrl Pts',(16.5549395292447,0.646679340931521,12.7555515562286));
#4001=CARTESIAN_POINT('Ctrl Pts',(16.447552558355,3.40111188049968,12.7952884769645));
#4002=CARTESIAN_POINT('Ctrl Pts',(15.6372339349357,6.12844807519022,12.8350253977005));
#4003=CARTESIAN_POINT('Ctrl Pts',(14.2236006899555,8.49518467397882,12.8747623184364));
#4004=CARTESIAN_POINT('Ctrl Pts',(12.8099674449752,10.8619212727675,12.9144992391724));
#4005=CARTESIAN_POINT('Ctrl Pts',(10.7930195784339,12.8680582756541,12.9542361599083));
#4006=CARTESIAN_POINT('Ctrl Pts',(8.41892496061977,14.268858964725,12.9939730806443));
#4007=CARTESIAN_POINT('Ctrl Pts',(8.29889824038524,14.3396790201473,12.9959820537628));
#4008=CARTESIAN_POINT('Ctrl Pts',(8.17795865519489,14.4089518395795,12.9979910268814));
#4009=CARTESIAN_POINT('Ctrl Pts',(8.05614925299558,14.4766648600218,13.));
#4010=CARTESIAN_POINT('Origin',(0.,0.,13.));
#4011=CARTESIAN_POINT('Origin',(0.,0.,-2.77281266907388));
#4012=CARTESIAN_POINT('',(16.5661449169671,0.0030432848932046,11.2462293465529));
#4013=CARTESIAN_POINT('',(16.5647062214728,0.000105405390434243,11.7728126690739));
#4014=CARTESIAN_POINT('',(16.566,3.1582682324799E-13,-2.77281266907388));
#4015=CARTESIAN_POINT('Ctrl Pts',(16.5661449169671,0.0030432848932046,11.2462293465529));
#4016=CARTESIAN_POINT('Ctrl Pts',(16.5683778889039,0.906369153321183,11.2592480607016));
#4017=CARTESIAN_POINT('Ctrl Pts',(16.4969680366368,1.80924068718487,11.2722667748502));
#4018=CARTESIAN_POINT('Ctrl Pts',(16.3498173844949,2.69948684538237,11.2852854889988));
#4019=CARTESIAN_POINT('Ctrl Pts',(15.7509549844501,6.32254215073402,11.3382680499801));
#4020=CARTESIAN_POINT('Ctrl Pts',(13.8976245541138,9.73648783260855,11.3912506109613));
#4021=CARTESIAN_POINT('Ctrl Pts',(11.1897775300887,12.2205347891172,11.4442331719426));
#4022=CARTESIAN_POINT('Ctrl Pts',(9.15889226206984,14.0835700064987,11.4839700926785));
#4023=CARTESIAN_POINT('Ctrl Pts',(6.64734141010092,15.4235371908619,11.5237070134144));
#4024=CARTESIAN_POINT('Ctrl Pts',(3.97013646699987,16.083537125156,11.5634439341504));
#4025=CARTESIAN_POINT('Ctrl Pts',(1.29293152389872,16.74353705945,11.6031808548863));
#4026=CARTESIAN_POINT('Ctrl Pts',(-1.54992751033462,16.723569743675,11.6429177756223));
#4027=CARTESIAN_POINT('Ctrl Pts',(-4.21537803238539,16.0225051242456,11.6826546963582));
#4028=CARTESIAN_POINT('Ctrl Pts',(-6.88082855443612,15.3214405048163,11.7223916170942));
#4029=CARTESIAN_POINT('Ctrl Pts',(-9.36887056430432,13.9392785817327,11.7621285378301));
#4030=CARTESIAN_POINT('Ctrl Pts',(-11.3735905584951,12.0466441531337,11.801865458566));
#4031=CARTESIAN_POINT('Ctrl Pts',(-13.3783105526859,10.1540097245347,11.841602379302));
#4032=CARTESIAN_POINT('Ctrl Pts',(-14.8997085311993,7.75090279042037,11.8813393000379));
#4033=CARTESIAN_POINT('Ctrl Pts',(-15.7531301657182,5.12983203301222,11.9210762207739));
#4034=CARTESIAN_POINT('Ctrl Pts',(-16.6065518002371,2.50876127560407,11.9608131415098));
#4035=CARTESIAN_POINT('Ctrl Pts',(-16.7919970907614,-0.33027330509777,12.0005500622457));
#4036=CARTESIAN_POINT('Ctrl Pts',(-16.2861895084095,-3.04020301299939,12.0402869829817));
#4037=CARTESIAN_POINT('Ctrl Pts',(-15.7803819260577,-5.75013272090101,12.0800239037176));
#4038=CARTESIAN_POINT('Ctrl Pts',(-14.5833214708297,-8.33095755600232,12.1197608244536));
#4039=CARTESIAN_POINT('Ctrl Pts',(-12.8416132220319,-10.4676197223022,12.1594977451895));
#4040=CARTESIAN_POINT('Ctrl Pts',(-11.099904973234,-12.6042818886021,12.1992346659254));
#4041=CARTESIAN_POINT('Ctrl Pts',(-8.81354893086616,-14.2967813861005,12.2389715866614));
#4042=CARTESIAN_POINT('Ctrl Pts',(-6.26127677795775,-15.3386815793041,12.2787085073973));
#4043=CARTESIAN_POINT('Ctrl Pts',(-3.7090046250493,-16.3805817725078,12.3184454281333));
#4044=CARTESIAN_POINT('Ctrl Pts',(-0.89081636160024,-16.7718826614166,12.3581823488692));
#4045=CARTESIAN_POINT('Ctrl Pts',(1.84848594932393,-16.4641337858767,12.3979192696051));
#4046=CARTESIAN_POINT('Ctrl Pts',(4.58778826024809,-16.1563849103368,12.4376561903411));
#4047=CARTESIAN_POINT('Ctrl Pts',(7.24820461864727,-15.1495862703482,12.477393111077));
#4048=CARTESIAN_POINT('Ctrl Pts',(9.50636420526565,-13.5682520350934,12.517130031813));
#4049=CARTESIAN_POINT('Ctrl Pts',(10.6354439985748,-12.777584917466,12.5369984921809));
#4050=CARTESIAN_POINT('Ctrl Pts',(11.6639595989388,-11.843283901022,12.5568669525489));
#4051=CARTESIAN_POINT('Ctrl Pts',(12.5627841839172,-10.797516347891,12.5767354129169));
#4052=CARTESIAN_POINT('Ctrl Pts',(13.4616087688957,-9.75174879475992,12.5966038732848));
#4053=CARTESIAN_POINT('Ctrl Pts',(14.2307423384886,-8.59451470494172,12.6164723336528));
#4054=CARTESIAN_POINT('Ctrl Pts',(14.8427554984905,-7.35943716432194,12.6363407940208));
#4055=CARTESIAN_POINT('Ctrl Pts',(15.9710636983551,-5.08244672093768,12.6729703115165));
#4056=CARTESIAN_POINT('Ctrl Pts',(16.5653407733669,-2.5408768654822,12.7095998290121));
#4057=CARTESIAN_POINT('Ctrl Pts',(16.5672723320032,0.000159212271437553,
12.7462293465078));
#4058=CARTESIAN_POINT('',(6.87637438572285,-15.0714243290863,13.));
#4059=CARTESIAN_POINT('Origin',(0.,0.,13.));
#4060=CARTESIAN_POINT('Ctrl Pts',(16.5647062214728,0.000105405390433966,
11.7728126690739));
#4061=CARTESIAN_POINT('Ctrl Pts',(16.5649880290581,1.23695179326053,11.7906331879383));
#4062=CARTESIAN_POINT('Ctrl Pts',(16.1278876541139,5.18904545896339,11.8475778992804));
#4063=CARTESIAN_POINT('Ctrl Pts',(13.0174456921101,11.3159636580869,11.9436468031003));
#4064=CARTESIAN_POINT('Ctrl Pts',(6.13354587428114,16.1209357266335,12.0610193805336));
#4065=CARTESIAN_POINT('Ctrl Pts',(-2.20329146650729,17.1070159712262,12.1783919579669));
#4066=CARTESIAN_POINT('Ctrl Pts',(-10.0182546076031,14.0406749090702,12.2957645354002));
#4067=CARTESIAN_POINT('Ctrl Pts',(-15.4598856260589,7.64817420036245,12.4131371128335));
#4068=CARTESIAN_POINT('Ctrl Pts',(-17.2394722936966,-0.55593933370887,12.5305096902668));
#4069=CARTESIAN_POINT('Ctrl Pts',(-14.9347696200426,-8.62865850352922,12.6478822677001));
#4070=CARTESIAN_POINT('Ctrl Pts',(-9.0930662176283,-14.6567518305192,12.7652548451334));
#4071=CARTESIAN_POINT('Ctrl Pts',(-1.09554093782298,-17.2140388450144,12.8826274225667));
#4072=CARTESIAN_POINT('Ctrl Pts',(4.40642363663939,-16.1983454278584,12.9608758075222));
#4073=CARTESIAN_POINT('Ctrl Pts',(6.87637438572285,-15.0714243290863,13.));
#4074=CARTESIAN_POINT('Origin',(0.,0.,-2.77281266907388));
#4075=CARTESIAN_POINT('',(16.5650958031836,-0.000896386961511267,9.74622934658194));
#4076=CARTESIAN_POINT('',(16.5659614494962,0.000399844640587288,10.2728126690739));
#4077=CARTESIAN_POINT('',(16.566,3.1582682324799E-13,-2.77281266907388));
#4078=CARTESIAN_POINT('Ctrl Pts',(16.5650958031836,-0.000896386961511267,
9.74622934658194));
#4079=CARTESIAN_POINT('Ctrl Pts',(16.5640928898161,0.67135395486671,9.75591373139899));
#4080=CARTESIAN_POINT('Ctrl Pts',(16.5225557153658,1.34370291240953,9.76559811621603));
#4081=CARTESIAN_POINT('Ctrl Pts',(16.4409525199044,2.01106741845511,9.77528250103308));
#4082=CARTESIAN_POINT('Ctrl Pts',(16.2177299631042,3.8366186179513,9.8017737815237));
#4083=CARTESIAN_POINT('Ctrl Pts',(15.6947029802543,5.62487236233146,9.82826506201434));
#4084=CARTESIAN_POINT('Ctrl Pts',(14.8872359212355,7.27480136107599,9.85475634250496));
#4085=CARTESIAN_POINT('Ctrl Pts',(13.2723018031979,10.5746593585651,9.90773890348622));
#4086=CARTESIAN_POINT('Ctrl Pts',(10.5196073804847,13.3212183735121,9.96072146446747));
#4087=CARTESIAN_POINT('Ctrl Pts',(7.21377852974002,14.9195647633191,10.0137040254487));
#4088=CARTESIAN_POINT('Ctrl Pts',(3.90794967899533,16.5179111531261,10.06668658643));
#4089=CARTESIAN_POINT('Ctrl Pts',(0.0489864002192125,16.968044917793,10.1196691474112));
#4090=CARTESIAN_POINT('Ctrl Pts',(-3.54185916104143,16.1862313886121,10.1726517083925));
#4091=CARTESIAN_POINT('Ctrl Pts',(-5.93575620188188,15.6650223691581,10.2079734157133));
#4092=CARTESIAN_POINT('Ctrl Pts',(-8.21048981271542,14.5962812191051,10.2432951230342));
#4093=CARTESIAN_POINT('Ctrl Pts',(-10.1473862095194,13.0939082971823,10.278616830355));
#4094=CARTESIAN_POINT('Ctrl Pts',(-12.0842826063234,11.5915353752595,10.3139385376758));
#4095=CARTESIAN_POINT('Ctrl Pts',(-13.6833417890979,9.6555306814669,10.3492602449967));
#4096=CARTESIAN_POINT('Ctrl Pts',(-14.7881722894737,7.46890109102337,10.3845819523175));
#4097=CARTESIAN_POINT('Ctrl Pts',(-15.8930027898495,5.28227150057989,10.4199036596383));
#4098=CARTESIAN_POINT('Ctrl Pts',(-16.5036046078266,2.84501701348553,10.4552253669592));
#4099=CARTESIAN_POINT('Ctrl Pts',(-16.5619857145208,0.394408844269607,10.49054707428));
#4100=CARTESIAN_POINT('Ctrl Pts',(-16.620366821215,-2.05619932494641,10.5258687816008));
#4101=CARTESIAN_POINT('Ctrl Pts',(-16.1265272166261,-4.52016117628392,10.5611904889217));
#4102=CARTESIAN_POINT('Ctrl Pts',(-15.1270569458898,-6.75702567051198,10.5965121962425));
#4103=CARTESIAN_POINT('Ctrl Pts',(-14.1275866751534,-8.99389016474,10.6318339035634));
#4104=CARTESIAN_POINT('Ctrl Pts',(-12.6224857382696,-11.0036573018586,10.6671556108842));
#4105=CARTESIAN_POINT('Ctrl Pts',(-10.7591593029281,-12.5965149529593,10.702477318205));
#4106=CARTESIAN_POINT('Ctrl Pts',(-8.89583286758653,-14.1893726040599,10.7377990255259));
#4107=CARTESIAN_POINT('Ctrl Pts',(-6.67428093378727,-15.3653207691427,10.7731207328467));
#4108=CARTESIAN_POINT('Ctrl Pts',(-4.30792121573909,-15.9996342554771,10.8084424401675));
#4109=CARTESIAN_POINT('Ctrl Pts',(-0.758381638666772,-16.9511044849788,
10.8614250011488));
#4110=CARTESIAN_POINT('Ctrl Pts',(3.11697545296562,-16.6838966872967,10.91440756213));
#4111=CARTESIAN_POINT('Ctrl Pts',(6.49550999535658,-15.245494359791,10.9673901231113));
#4112=CARTESIAN_POINT('Ctrl Pts',(9.8740445377475,-13.8070920322853,11.0203726840925));
#4113=CARTESIAN_POINT('Ctrl Pts',(12.755756530897,-11.1974951749561,11.0733552450738));
#4114=CARTESIAN_POINT('Ctrl Pts',(14.524415342595,-7.97661428187708,11.1263378060551));
#4115=CARTESIAN_POINT('Ctrl Pts',(15.8584846767462,-5.54715847050737,11.1663016528877));
#4116=CARTESIAN_POINT('Ctrl Pts',(16.5592903115548,-2.76991695017172,11.2062654997203));
#4117=CARTESIAN_POINT('Ctrl Pts',(16.5661449169671,0.0030432848932046,11.2462293465529));
#4118=CARTESIAN_POINT('Ctrl Pts',(16.5659614494962,0.000399844640588745,
10.2728126690739));
#4119=CARTESIAN_POINT('Ctrl Pts',(16.5665868646098,0.639211238963673,10.2820186857273));
#4120=CARTESIAN_POINT('Ctrl Pts',(16.3761921081385,3.9925048319529,10.3303488948585));
#4121=CARTESIAN_POINT('Ctrl Pts',(14.1638389104783,9.84329982926506,10.4178032964674));
#4122=CARTESIAN_POINT('Ctrl Pts',(7.83938279982332,15.3638849752401,10.5351758739007));
#4123=CARTESIAN_POINT('Ctrl Pts',(-0.34213610352439,17.2449362761493,10.652548451334));
#4124=CARTESIAN_POINT('Ctrl Pts',(-8.44260675004502,15.0408535429742,10.7699210287673));
#4125=CARTESIAN_POINT('Ctrl Pts',(-14.5431175708973,9.27375953649948,10.8872936062006));
#4126=CARTESIAN_POINT('Ctrl Pts',(-17.1985251917764,1.30981478476084,11.0046661836339));
#4127=CARTESIAN_POINT('Ctrl Pts',(-15.77979313586,-6.96441050064511,11.1220387610672));
#4128=CARTESIAN_POINT('Ctrl Pts',(-10.6230030494579,-13.588844329694,11.2394113385005));
#4129=CARTESIAN_POINT('Ctrl Pts',(-2.94974172964016,-16.9942315396484,11.3567839159338));
#4130=CARTESIAN_POINT('Ctrl Pts',(5.42228125308103,-16.3738742825825,11.4741564933671));
#4131=CARTESIAN_POINT('Ctrl Pts',(12.5098248494096,-11.8747271601089,11.5915290708004));
#4132=CARTESIAN_POINT('Ctrl Pts',(16.0077743906707,-5.67278220720532,11.6910811293693));
#4133=CARTESIAN_POINT('Ctrl Pts',(16.5643693324706,-1.47849193274644,11.7515089954605));
#4134=CARTESIAN_POINT('Ctrl Pts',(16.5647062214728,0.000105405390433966,
11.7728126690739));
#4135=CARTESIAN_POINT('Origin',(0.,0.,-2.77281266907388));
#4136=CARTESIAN_POINT('',(16.5691498953897,0.000685473334862995,8.24622934657092));
#4137=CARTESIAN_POINT('',(16.567330919746,4.10492008895424E-5,8.77281266907389));
#4138=CARTESIAN_POINT('',(16.566,3.1582682324799E-13,-2.77281266907388));
#4139=CARTESIAN_POINT('Ctrl Pts',(16.5691498953897,0.000685473334862995,
8.24622934657092));
#4140=CARTESIAN_POINT('Ctrl Pts',(16.5700932333441,0.441105602735643,8.25257940206973));
#4141=CARTESIAN_POINT('Ctrl Pts',(16.5532029749615,0.881473200484309,8.25892945756854));
#4142=CARTESIAN_POINT('Ctrl Pts',(16.5181194285759,1.32040877995612,8.26527951306735));
#4143=CARTESIAN_POINT('Ctrl Pts',(16.2253950364569,4.98272812670428,8.3182620740486));
#4144=CARTESIAN_POINT('Ctrl Pts',(14.666121499976,8.54535567926883,8.37124463502985));
#4145=CARTESIAN_POINT('Ctrl Pts',(12.1741505372169,11.2427439663985,8.42422719601111));
#4146=CARTESIAN_POINT('Ctrl Pts',(9.68217957445782,13.9401322535282,8.47720975699236));
#4147=CARTESIAN_POINT('Ctrl Pts',(6.25751118542059,15.7722812752229,8.53019231797361));
#4148=CARTESIAN_POINT('Ctrl Pts',(2.6299381502869,16.3593394941821,8.58317487895487));
#4149=CARTESIAN_POINT('Ctrl Pts',(0.211556126864405,16.7507116401549,8.6184965862757));
#4150=CARTESIAN_POINT('Ctrl Pts',(-2.29700573926762,16.5887100960231,8.65381829359654));
#4151=CARTESIAN_POINT('Ctrl Pts',(-4.64958762176416,15.8997993310828,8.68914000091738));
#4152=CARTESIAN_POINT('Ctrl Pts',(-7.00216950426061,15.2108885661426,8.72446170823821));
#4153=CARTESIAN_POINT('Ctrl Pts',(-9.19877140312161,13.995068580394,8.75978341555904));
#4154=CARTESIAN_POINT('Ctrl Pts',(-11.0271609961881,12.3644146770694,8.79510512287988));
#4155=CARTESIAN_POINT('Ctrl Pts',(-12.8555505892547,10.7337607737446,8.83042683020072));
#4156=CARTESIAN_POINT('Ctrl Pts',(-14.3157278765268,8.68827295284384,8.86574853752156));
#4157=CARTESIAN_POINT('Ctrl Pts',(-15.2679717303814,6.42958768474725,8.90107024484239));
#4158=CARTESIAN_POINT('Ctrl Pts',(-15.9821546207722,4.73557373367484,8.92756152533302));
#4159=CARTESIAN_POINT('Ctrl Pts',(-16.4106249548658,2.92163621855478,8.95405280582365));
#4160=CARTESIAN_POINT('Ctrl Pts',(-16.5302590077749,1.08771734934723,8.98054408631427));
#4161=CARTESIAN_POINT('Ctrl Pts',(-16.5900760342295,0.170757914743451,8.99378972655959));
#4162=CARTESIAN_POINT('Ctrl Pts',(-16.572683990388,-0.751196858382194,9.0070353668049));
#4163=CARTESIAN_POINT('Ctrl Pts',(-16.4810428019944,-1.66594918689954,9.02028100705021));
#4164=CARTESIAN_POINT('Ctrl Pts',(-16.3894016136008,-2.58070151541688,9.03352664729552));
#4165=CARTESIAN_POINT('Ctrl Pts',(-16.2235112806551,-3.48825139932588,9.04677228754084));
#4166=CARTESIAN_POINT('Ctrl Pts',(-15.9811047778168,-4.37459337048467,9.06001792778615));
#4167=CARTESIAN_POINT('Ctrl Pts',(-15.0114787664633,-7.91996125511977,9.1130004887674));
#4168=CARTESIAN_POINT('Ctrl Pts',(-12.8175940368269,-11.1260025357511,9.16598304974866));
#4169=CARTESIAN_POINT('Ctrl Pts',(-9.8668891250759,-13.3127816036898,9.21896561072991));
#4170=CARTESIAN_POINT('Ctrl Pts',(-6.91618421332484,-15.4995606716285,9.27194817171117));
#4171=CARTESIAN_POINT('Ctrl Pts',(-3.20865911945919,-16.6670775268745,9.32493073269242));
#4172=CARTESIAN_POINT('Ctrl Pts',(0.463740586475511,-16.564415103023,9.37791329367368));
#4173=CARTESIAN_POINT('Ctrl Pts',(4.13614029241007,-16.4617526791715,9.43089585465493));
#4174=CARTESIAN_POINT('Ctrl Pts',(7.7734146104137,-15.0889109762228,9.48387841563619));
#4175=CARTESIAN_POINT('Ctrl Pts',(10.5967998775234,-12.7398822190692,9.53686097661744));
#4176=CARTESIAN_POINT('Ctrl Pts',(13.4201851446332,-10.3908534619157,9.5898435375987));
#4177=CARTESIAN_POINT('Ctrl Pts',(15.4296813608489,-7.06563765055736,9.64282609857995));
#4178=CARTESIAN_POINT('Ctrl Pts',(16.2016225919199,-3.47343417395479,9.6958086595612));
#4179=CARTESIAN_POINT('Ctrl Pts',(16.4464944043893,-2.33393113840133,9.71261555523478));
#4180=CARTESIAN_POINT('Ctrl Pts',(16.5668363226544,-1.16756226972866,9.72942245090836));
#4181=CARTESIAN_POINT('Ctrl Pts',(16.5650958031836,-0.000896386961511267,
9.74622934658194));
#4182=CARTESIAN_POINT('Ctrl Pts',(16.567330919746,4.10492008896812E-5,8.77281266907389));
#4183=CARTESIAN_POINT('Ctrl Pts',(16.567336939922,0.0410767974595244,8.77340418351635));
#4184=CARTESIAN_POINT('Ctrl Pts',(16.5573081284366,2.7963129954903,8.81311989043658));
#4185=CARTESIAN_POINT('Ctrl Pts',(15.1444159542596,8.2553951828724,8.89195978983456));
#4186=CARTESIAN_POINT('Ctrl Pts',(9.45343444149498,14.4269699341677,9.00933236726788));
#4187=CARTESIAN_POINT('Ctrl Pts',(1.52303921973098,17.1809556124266,9.12670494470116));
#4188=CARTESIAN_POINT('Ctrl Pts',(-6.76814709114855,15.8649635730319,9.24407752213447));
#4189=CARTESIAN_POINT('Ctrl Pts',(-13.4560344661455,10.7907377257932,9.36145009956777));
#4190=CARTESIAN_POINT('Ctrl Pts',(-16.9563366054601,3.16030586233091,9.47882267700106));
#4191=CARTESIAN_POINT('Ctrl Pts',(-16.43987077713,-5.21876738819822,9.59619525443436));
#4192=CARTESIAN_POINT('Ctrl Pts',(-12.0289820044101,-12.3615725601031,9.71356783186766));
#4193=CARTESIAN_POINT('Ctrl Pts',(-4.76856088731243,-16.576058376023,9.83094040930096));
#4194=CARTESIAN_POINT('Ctrl Pts',(3.62147938442871,-16.8638599166314,9.94831298673425));
#4195=CARTESIAN_POINT('Ctrl Pts',(11.1536313798345,-13.1568001910596,10.0656855641676));
#4196=CARTESIAN_POINT('Ctrl Pts',(15.6600704856797,-6.86825620073163,10.1738521249474));
#4197=CARTESIAN_POINT('Ctrl Pts',(16.5639289440123,-2.07564154583995,10.2428944932495));
#4198=CARTESIAN_POINT('Ctrl Pts',(16.5659614494962,0.000399844640588745,
10.2728126690739));
#4199=CARTESIAN_POINT('Origin',(0.,0.,-2.77281266907388));
#4200=CARTESIAN_POINT('',(16.563642405008,-0.00114745494647371,6.74622934653705));
#4201=CARTESIAN_POINT('',(16.5662100910665,-0.000390208604512665,7.27281266907388));
#4202=CARTESIAN_POINT('',(16.566,3.1582682324799E-13,-2.77281266907388));
#4203=CARTESIAN_POINT('Ctrl Pts',(16.563642405008,-0.00114745494647371,
6.74622934653705));
#4204=CARTESIAN_POINT('Ctrl Pts',(16.5638767707783,0.820662934017692,6.75807549955544));
#4205=CARTESIAN_POINT('Ctrl Pts',(16.5035856544255,1.64264547534463,6.76992165257384));
#4206=CARTESIAN_POINT('Ctrl Pts',(16.3824058003599,2.45592647731406,6.78176780559223));
#4207=CARTESIAN_POINT('Ctrl Pts',(16.1415242623146,4.07256795726988,6.80531561047279));
#4208=CARTESIAN_POINT('Ctrl Pts',(15.6600496334083,5.65482655579455,6.82886341535335));
#4209=CARTESIAN_POINT('Ctrl Pts',(14.9558192033834,7.12910177552679,6.8524112202339));
#4210=CARTESIAN_POINT('Ctrl Pts',(13.5473583433334,10.0776522149913,6.89950682999502));
#4211=CARTESIAN_POINT('Ctrl Pts',(11.2478742788086,12.5942691392861,6.94660243975613));
#4212=CARTESIAN_POINT('Ctrl Pts',(8.43733905477379,14.2597690443356,6.99369804951725));
#4213=CARTESIAN_POINT('Ctrl Pts',(6.3294376367477,15.5088939731227,7.02901975683809));
#4214=CARTESIAN_POINT('Ctrl Pts',(3.93406994149721,16.2792655785844,7.06434146415893));
#4215=CARTESIAN_POINT('Ctrl Pts',(1.49295907529186,16.4993657091903,7.09966317147976));
#4216=CARTESIAN_POINT('Ctrl Pts',(-0.948151790913533,16.7194658397962,7.1349848788006));
#4217=CARTESIAN_POINT('Ctrl Pts',(-3.43500582807381,16.3892944955463,7.17030658612143));
#4218=CARTESIAN_POINT('Ctrl Pts',(-5.73454760243312,15.5418529815029,7.20562829344226));
#4219=CARTESIAN_POINT('Ctrl Pts',(-8.03408937679237,14.6944114674596,7.2409500007631));
#4220=CARTESIAN_POINT('Ctrl Pts',(-10.1463188883506,13.3296997836227,7.27627170808394));
#4221=CARTESIAN_POINT('Ctrl Pts',(-11.8561675465103,11.5746968184384,7.31159341540478));
#4222=CARTESIAN_POINT('Ctrl Pts',(-14.4209405337499,8.9421923706618,7.36457597638603));
#4223=CARTESIAN_POINT('Ctrl Pts',(-16.0803566008427,5.43153253985329,7.41755853736728));
#4224=CARTESIAN_POINT('Ctrl Pts',(-16.4753777413401,1.78068663063397,7.47054109834853));
#4225=CARTESIAN_POINT('Ctrl Pts',(-16.8703988818374,-1.87015927858538,7.52352365932978));
#4226=CARTESIAN_POINT('Ctrl Pts',(-16.0010250957394,-5.66119126621555,7.57650622031105));
#4227=CARTESIAN_POINT('Ctrl Pts',(-14.0551957727823,-8.7774813903359,7.6294887812923));
#4228=CARTESIAN_POINT('Ctrl Pts',(-12.1093664498252,-11.8937715144562,7.68247134227356));
#4229=CARTESIAN_POINT('Ctrl Pts',(-9.08708159000907,-14.3353197750667,7.73545390325481));
#4230=CARTESIAN_POINT('Ctrl Pts',(-5.63247417037675,-15.5836897203119,7.78843646423606));
#4231=CARTESIAN_POINT('Ctrl Pts',(-2.17786675074444,-16.832059665557,7.84141902521731));
#4232=CARTESIAN_POINT('Ctrl Pts',(1.70906322870406,-16.8872512954369,7.89440158619857));
#4233=CARTESIAN_POINT('Ctrl Pts',(5.19706173643773,-15.7354287642666,7.94738414717982));
#4234=CARTESIAN_POINT('Ctrl Pts',(8.68506024417142,-14.5836062330963,8.00036670816108));
#4235=CARTESIAN_POINT('Ctrl Pts',(11.7741272801903,-12.2247695408758,8.05334926914233));
#4236=CARTESIAN_POINT('Ctrl Pts',(13.8055731743212,-9.16434562429977,8.10633183012359));
#4237=CARTESIAN_POINT('Ctrl Pts',(15.5935466139001,-6.47071903424431,8.15296433560603));
#4238=CARTESIAN_POINT('Ctrl Pts',(16.5622223634425,-3.23360029042236,8.19959684108847));
#4239=CARTESIAN_POINT('Ctrl Pts',(16.5691498953897,0.000685473334862995,
8.24622934657092));
#4240=CARTESIAN_POINT('Ctrl Pts',(16.5662100910665,-0.000390208604512249,
7.27281266907388));
#4241=CARTESIAN_POINT('Ctrl Pts',(16.564079827703,2.15764895610715,7.30391387378316));
#4242=CARTESIAN_POINT('Ctrl Pts',(15.6065420601306,7.03225905586766,7.3741392709702));
#4243=CARTESIAN_POINT('Ctrl Pts',(10.9568120957293,13.3211543388665,7.48348886063499));
#4244=CARTESIAN_POINT('Ctrl Pts',(3.37038389628624,16.9158327200488,7.6008614380683));
#4245=CARTESIAN_POINT('Ctrl Pts',(-5.0144508451018,16.5033380545597,7.71823401550159));
#4246=CARTESIAN_POINT('Ctrl Pts',(-12.2114178295253,12.1813857509633,7.83560659293489));
#4247=CARTESIAN_POINT('Ctrl Pts',(-16.5156354472493,4.97379834679536,7.9529791703682));
#4248=CARTESIAN_POINT('Ctrl Pts',(-16.907482311009,-3.41202668863247,8.07035174780148));
#4249=CARTESIAN_POINT('Ctrl Pts',(-13.2941342473293,-10.9895804667424,8.18772432523479));
#4250=CARTESIAN_POINT('Ctrl Pts',(-6.53155331309798,-15.9638245899653,8.30509690266807));
#4251=CARTESIAN_POINT('Ctrl Pts',(1.77828011660907,-17.1564158275525,8.42246948010139));
#4252=CARTESIAN_POINT('Ctrl Pts',(9.6668587212868,-14.2848425501894,8.53984205753467));
#4253=CARTESIAN_POINT('Ctrl Pts',(15.2372508616959,-8.06087397902976,8.65662312052551));
#4254=CARTESIAN_POINT('Ctrl Pts',(16.5669387509548,-2.6731266066967,8.73427999103859));
#4255=CARTESIAN_POINT('Ctrl Pts',(16.567330919746,4.10492008896812E-5,8.77281266907389));
#4256=CARTESIAN_POINT('Origin',(0.,0.,-2.77281266907388));
#4257=CARTESIAN_POINT('',(16.5714057153192,-0.000972349662183277,5.24622934651727));
#4258=CARTESIAN_POINT('',(16.5647834176681,-0.000172846795681858,5.77281266907388));
#4259=CARTESIAN_POINT('',(16.566,3.1582682324799E-13,-2.77281266907388));
#4260=CARTESIAN_POINT('Ctrl Pts',(16.5714057153192,-0.000972349662183277,
5.24622934651727));
#4261=CARTESIAN_POINT('Ctrl Pts',(16.571596049234,3.64925641970999,5.29889330437139));
#4262=CARTESIAN_POINT('Ctrl Pts',(15.3162800397319,7.30292090596895,5.35155726222552));
#4263=CARTESIAN_POINT('Ctrl Pts',(13.0721096616886,10.1838158431067,5.40422122007964));
#4264=CARTESIAN_POINT('Ctrl Pts',(10.81436264168,13.0821394387297,5.45720378106089));
#4265=CARTESIAN_POINT('Ctrl Pts',(7.55576044277618,15.198315096359,5.51018634204214));
#4266=CARTESIAN_POINT('Ctrl Pts',(3.99066232070301,16.082736530196,5.56316890302339));
#4267=CARTESIAN_POINT('Ctrl Pts',(0.425564198629831,16.967157964033,5.61615146400465));
#4268=CARTESIAN_POINT('Ctrl Pts',(-3.4460298466127,16.6198251740777,5.6691340249859));
#4269=CARTESIAN_POINT('Ctrl Pts',(-6.79628577031548,15.113259668268,5.72211658596716));
#4270=CARTESIAN_POINT('Ctrl Pts',(-10.1465416940183,13.6066941624582,5.77509914694841));
#4271=CARTESIAN_POINT('Ctrl Pts',(-12.9754594961813,10.9408959407942,5.82808170792967));
#4272=CARTESIAN_POINT('Ctrl Pts',(-14.6795919374596,7.68693706333729,5.88106426891092));
#4273=CARTESIAN_POINT('Ctrl Pts',(-16.383724378738,4.43297818588042,5.93404682989218));
#4274=CARTESIAN_POINT('Ctrl Pts',(-16.9630714591318,0.590858652630786,5.98702939087343));
#4275=CARTESIAN_POINT('Ctrl Pts',(-16.2930287989906,-3.02140310502751,6.04001195185468));
#4276=CARTESIAN_POINT('Ctrl Pts',(-15.6229861388495,-6.63366486268579,6.09299451283594));
#4277=CARTESIAN_POINT('Ctrl Pts',(-13.7035537381735,-10.0160688447528,6.14597707381719));
#4278=CARTESIAN_POINT('Ctrl Pts',(-10.9461527751892,-12.4414492213707,6.19895963479844));
#4279=CARTESIAN_POINT('Ctrl Pts',(-8.18875181220498,-14.8668295979887,6.2519421957797));
#4280=CARTESIAN_POINT('Ctrl Pts',(-4.59338228691252,-16.3351863691578,6.30492475676095));
#4281=CARTESIAN_POINT('Ctrl Pts',(-0.924208660773338,-16.5436884866444,
6.3579073177422));
#4282=CARTESIAN_POINT('Ctrl Pts',(1.52190708998607,-16.6826898983022,6.39322902506304));
#4283=CARTESIAN_POINT('Ctrl Pts',(4.000824663344,-16.2617559083234,6.42855073238388));
#4284=CARTESIAN_POINT('Ctrl Pts',(6.26923272041025,-15.3333899202143,6.46387243970472));
#4285=CARTESIAN_POINT('Ctrl Pts',(8.53764077747654,-14.4050239321051,6.49919414702555));
#4286=CARTESIAN_POINT('Ctrl Pts',(10.5955393182511,-12.9692259458657,6.53451585434638));
#4287=CARTESIAN_POINT('Ctrl Pts',(12.2461995809157,-11.1580361509627,6.56983756166722));
#4288=CARTESIAN_POINT('Ctrl Pts',(13.8968598435803,-9.34684635605984,6.60515926898805));
#4289=CARTESIAN_POINT('Ctrl Pts',(15.1402818281349,-7.16026475249348,6.64048097630889));
#4290=CARTESIAN_POINT('Ctrl Pts',(15.8519988940968,-4.81581209913342,6.67580268362973));
#4291=CARTESIAN_POINT('Ctrl Pts',(16.3250211202933,-3.25763924317438,6.69927823793217));
#4292=CARTESIAN_POINT('Ctrl Pts',(16.5631779617107,-1.62973138278206,6.72275379223461));
#4293=CARTESIAN_POINT('Ctrl Pts',(16.563642405008,-0.00114745494647371,
6.74622934653705));
#4294=CARTESIAN_POINT('Ctrl Pts',(16.5647834176681,-0.000172846795682274,
5.77281266907388));
#4295=CARTESIAN_POINT('Ctrl Pts',(16.5641947180224,1.56051261971299,5.7952993715722));
#4296=CARTESIAN_POINT('Ctrl Pts',(15.9643330622361,5.8370488363086,5.85691026654828));
#4297=CARTESIAN_POINT('Ctrl Pts',(12.3319153004883,12.0593842812394,5.95764535400212));
#4298=CARTESIAN_POINT('Ctrl Pts',(5.17827055028598,16.4526714648127,6.07501793143543));
#4299=CARTESIAN_POINT('Ctrl Pts',(-3.20204902703766,16.9485033631135,6.19239050886871));
#4300=CARTESIAN_POINT('Ctrl Pts',(-10.8238387248326,13.4294229019655,6.30976308630202));
#4301=CARTESIAN_POINT('Ctrl Pts',(-15.8815811470676,6.72906118935843,6.42713566373532));
#4302=CARTESIAN_POINT('Ctrl Pts',(-17.1771532425867,-1.56534044275212,6.54450824116861));
#4303=CARTESIAN_POINT('Ctrl Pts',(-14.4036483596689,-9.48893029545625,6.66188081860191));
#4304=CARTESIAN_POINT('Ctrl Pts',(-8.21807902590142,-15.1646978652745,6.7792533960352));
#4305=CARTESIAN_POINT('Ctrl Pts',(-0.0857379716392686,-17.2481168021683,
6.89662597346851));
#4306=CARTESIAN_POINT('Ctrl Pts',(8.06691345662078,-15.2456482808837,7.01399855090181));
#4307=CARTESIAN_POINT('Ctrl Pts',(14.3086026101776,-9.63165487157005,7.13137112833511));
#4308=CARTESIAN_POINT('Ctrl Pts',(16.4049869375286,-3.82820000583385,7.21764250105913));
#4309=CARTESIAN_POINT('Ctrl Pts',(16.5667596220916,-0.557086387555144,7.26478968130539));
#4310=CARTESIAN_POINT('Ctrl Pts',(16.5662100910665,-0.000390208604512249,
7.27281266907388));
#4311=CARTESIAN_POINT('Origin',(0.,0.,-2.77281266907388));
#4312=CARTESIAN_POINT('',(16.5659106877557,0.000133083759999756,3.74622934648607));
#4313=CARTESIAN_POINT('',(16.5651013760412,0.000306295062357798,4.27281266907388));
#4314=CARTESIAN_POINT('',(16.566,3.1582682324799E-13,-2.77281266907388));
#4315=CARTESIAN_POINT('Ctrl Pts',(16.5659106877557,0.000133083759999756,
3.74622934648607));
#4316=CARTESIAN_POINT('Ctrl Pts',(16.566537448211,1.58541452806486,3.76906769453806));
#4317=CARTESIAN_POINT('Ctrl Pts',(16.3417091493748,3.17070830080104,3.79190604259004));
#4318=CARTESIAN_POINT('Ctrl Pts',(15.891931437703,4.68962375959126,3.81474439064203));
#4319=CARTESIAN_POINT('Ctrl Pts',(14.8484945401473,8.2133475743585,3.86772695162328));
#4320=CARTESIAN_POINT('Ctrl Pts',(12.594399903029,11.3798292051838,3.92070951260453));
#4321=CARTESIAN_POINT('Ctrl Pts',(9.60197075529359,13.5069925747695,3.97369207358578));
#4322=CARTESIAN_POINT('Ctrl Pts',(6.6095416075582,15.6341559443552,4.02667463456704));
#4323=CARTESIAN_POINT('Ctrl Pts',(2.87877794920577,16.7220010527013,4.07965719554829));
#4324=CARTESIAN_POINT('Ctrl Pts',(-0.792312062355573,16.5502852213151,4.13263975652955));
#4325=CARTESIAN_POINT('Ctrl Pts',(-3.23970540339646,16.435808000391,4.16796146385038));
#4326=CARTESIAN_POINT('Ctrl Pts',(-5.66057712364131,15.7615259173637,4.20328317117122));
#4327=CARTESIAN_POINT('Ctrl Pts',(-7.82087871877773,14.6034930516506,4.23860487849205));
#4328=CARTESIAN_POINT('Ctrl Pts',(-9.98118031391415,13.4454601859375,4.27392658581289));
#4329=CARTESIAN_POINT('Ctrl Pts',(-11.8809117839421,11.8036765375386,4.30924829313373));
#4330=CARTESIAN_POINT('Ctrl Pts',(-13.3351245859857,9.83166231634921,4.34457000045456));
#4331=CARTESIAN_POINT('Ctrl Pts',(-14.7893373880293,7.85964809515977,4.3798917077754));
#4332=CARTESIAN_POINT('Ctrl Pts',(-15.7980315220886,5.55740330117982,4.41521341509623));
#4333=CARTESIAN_POINT('Ctrl Pts',(-16.2642071649,3.15119084639989,4.45053512241707));
#4334=CARTESIAN_POINT('Ctrl Pts',(-16.7303828077115,0.744978391619937,4.4858568297379));
#4335=CARTESIAN_POINT('Ctrl Pts',(-16.6540399592752,-1.76520172396001,4.52117853705874));
#4336=CARTESIAN_POINT('Ctrl Pts',(-16.0418529009183,-4.13797217048182,4.55650024437958));
#4337=CARTESIAN_POINT('Ctrl Pts',(-15.4296658425615,-6.51074261700365,4.59182195170041));
#4338=CARTESIAN_POINT('Ctrl Pts',(-14.281634574284,-8.74610339446735,4.62714365902125));
#4339=CARTESIAN_POINT('Ctrl Pts',(-12.7099426132169,-10.6262573163182,4.66246536634209));
#4340=CARTESIAN_POINT('Ctrl Pts',(-11.1382506521498,-12.506411238169,4.69778707366292));
#4341=CARTESIAN_POINT('Ctrl Pts',(-9.14289799829311,-14.0313583044069,4.73310878098375));
#4342=CARTESIAN_POINT('Ctrl Pts',(-6.91578040516019,-15.0543715805844,4.76843048830459));
#4343=CARTESIAN_POINT('Ctrl Pts',(-4.68866281202723,-16.0773848567618,4.80375219562542));
#4344=CARTESIAN_POINT('Ctrl Pts',(-2.22978027961807,-16.5984643428787,4.83907390294627));
#4345=CARTESIAN_POINT('Ctrl Pts',(0.220135869413992,-16.5656527819513,4.8743956102671));
#4346=CARTESIAN_POINT('Ctrl Pts',(2.67005201844606,-16.532841221024,4.90971731758794));
#4347=CARTESIAN_POINT('Ctrl Pts',(5.11100178410101,-15.9461386130523,4.94503902490877));
#4348=CARTESIAN_POINT('Ctrl Pts',(7.3111045214818,-14.865174588543,4.98036073222961));
#4349=CARTESIAN_POINT('Ctrl Pts',(9.5112072588626,-13.7842105640338,5.01568243955044));
#4350=CARTESIAN_POINT('Ctrl Pts',(11.4704629679692,-12.2089851229871,5.05100414687128));
#4351=CARTESIAN_POINT('Ctrl Pts',(12.9894457766627,-10.2867802441923,5.08632585419212));
#4352=CARTESIAN_POINT('Ctrl Pts',(15.2679199897029,-7.40347292600016,5.13930841517337));
#4353=CARTESIAN_POINT('Ctrl Pts',(16.5557801768136,-3.73946187287469,5.19229097615462));
#4354=CARTESIAN_POINT('Ctrl Pts',(16.5712643498121,-0.0672205795037449,
5.24527353713587));
#4355=CARTESIAN_POINT('Ctrl Pts',(16.5713574616936,-0.0451380765444723,
5.24559214026301));
#4356=CARTESIAN_POINT('Ctrl Pts',(16.5714045638489,-0.023055275975805,5.24591074339014));
#4357=CARTESIAN_POINT('Ctrl Pts',(16.5714057153192,-0.000972349662183275,
5.24622934651727));
#4358=CARTESIAN_POINT('Ctrl Pts',(16.5651013760412,0.000306295062357242,
4.27281266907388));
#4359=CARTESIAN_POINT('Ctrl Pts',(16.5657622174213,0.963050829027382,4.28668486936124));
#4360=CARTESIAN_POINT('Ctrl Pts',(16.2502057078319,4.64062494031833,4.33968126212636));
#4361=CARTESIAN_POINT('Ctrl Pts',(13.5626453397382,10.6564316546159,4.43180184736925));
#4362=CARTESIAN_POINT('Ctrl Pts',(6.92553374937291,15.7968942044732,4.54917442480255));
#4363=CARTESIAN_POINT('Ctrl Pts',(-1.35215992959444,17.1952478244956,4.66654700223585));
#4364=CARTESIAN_POINT('Ctrl Pts',(-9.30954192693594,14.5202380604329,4.78391957966914));
#4365=CARTESIAN_POINT('Ctrl Pts',(-15.0615967551182,8.40554503927221,4.90129215710244));
#4366=CARTESIAN_POINT('Ctrl Pts',(-17.2457264591999,0.299671679467364,5.01866473453574));
#4367=CARTESIAN_POINT('Ctrl Pts',(-15.3445349508253,-7.87719057557465,5.13603731196904));
#4368=CARTESIAN_POINT('Ctrl Pts',(-9.80839339971469,-14.1880338009696,5.25340988940234));
#4369=CARTESIAN_POINT('Ctrl Pts',(-1.94875230158478,-17.137889271672,5.37078246683564));
#4370=CARTESIAN_POINT('Ctrl Pts',(6.37252659036733,-16.0279689629124,5.48815504426893));
#4371=CARTESIAN_POINT('Ctrl Pts',(13.1842246526478,-11.121200678413,5.60552762170223));
#4372=CARTESIAN_POINT('Ctrl Pts',(16.1660684946826,-5.02472726597151,5.70041349663721));
#4373=CARTESIAN_POINT('Ctrl Pts',(16.5652189855089,-1.15489479022242,5.75617517909443));
#4374=CARTESIAN_POINT('Ctrl Pts',(16.5647834176681,-0.000172846795682274,
5.77281266907388));
#4375=CARTESIAN_POINT('Origin',(0.,0.,-2.77281266907388));
#4376=CARTESIAN_POINT('',(16.5692152491732,-0.00127479691968305,2.2462293464905));
#4377=CARTESIAN_POINT('',(16.5667668498358,0.00031250330963295,2.77281266907388));
#4378=CARTESIAN_POINT('',(16.566,3.1582682324799E-13,-2.77281266907388));
#4379=CARTESIAN_POINT('Ctrl Pts',(16.5692152491732,-0.00127479691968305,
2.2462293464905));
#4380=CARTESIAN_POINT('Ctrl Pts',(16.56229508217,3.18930759311087,2.29222464570972));
#4381=CARTESIAN_POINT('Ctrl Pts',(15.6216871728201,6.38340126008359,2.33821994492894));
#4382=CARTESIAN_POINT('Ctrl Pts',(13.879256119105,9.05303526178433,2.38421524414817));
#4383=CARTESIAN_POINT('Ctrl Pts',(11.8721279750076,12.1282200892291,2.43719780512942));
#4384=CARTESIAN_POINT('Ctrl Pts',(8.80105873522125,14.5074981012676,2.49018036611068));
#4385=CARTESIAN_POINT('Ctrl Pts',(5.32209431277205,15.6917260867638,2.54316292709193));
#4386=CARTESIAN_POINT('Ctrl Pts',(3.00278469780592,16.4812114104279,2.57848463441277));
#4387=CARTESIAN_POINT('Ctrl Pts',(0.502188334989626,16.7395633889621,2.6138063417336));
#4388=CARTESIAN_POINT('Ctrl Pts',(-1.93215425137371,16.4525507331476,2.64912804905444));
#4389=CARTESIAN_POINT('Ctrl Pts',(-4.36649683773702,16.1655380773331,2.68444975637527));
#4390=CARTESIAN_POINT('Ctrl Pts',(-6.7345856476474,15.33316078717,2.71977146369611));
#4391=CARTESIAN_POINT('Ctrl Pts',(-8.80987144522181,14.0306557353469,2.75509317101695));
#4392=CARTESIAN_POINT('Ctrl Pts',(-10.8851572427962,12.7281506835238,2.79041487833778));
#4393=CARTESIAN_POINT('Ctrl Pts',(-12.6676400280347,10.9555178700407,2.82573658565862));
#4394=CARTESIAN_POINT('Ctrl Pts',(-13.9818781526029,8.88675575961898,2.86105829297945));
#4395=CARTESIAN_POINT('Ctrl Pts',(-15.4603960427421,6.55939838539455,2.90079521371539));
#4396=CARTESIAN_POINT('Ctrl Pts',(-16.3462917842206,3.85725236973217,2.94053213445134));
#4397=CARTESIAN_POINT('Ctrl Pts',(-16.5305130938764,1.1071072526318,2.98026905518728));
#4398=CARTESIAN_POINT('Ctrl Pts',(-16.7147344035323,-1.64303786446854,3.02000597592322));
#4399=CARTESIAN_POINT('Ctrl Pts',(-16.1972812813656,-4.44118208300688,3.05974289665915));
#4400=CARTESIAN_POINT('Ctrl Pts',(-15.04186515223,-6.94419408251763,3.09947981739509));
#4401=CARTESIAN_POINT('Ctrl Pts',(-13.8864490230944,-9.44720608202841,3.13921673813103));
#4402=CARTESIAN_POINT('Ctrl Pts',(-12.0930698869898,-11.6550858625116,3.17895365886698));
#4403=CARTESIAN_POINT('Ctrl Pts',(-9.88018053071449,-13.2989370394866,3.21869057960292));
#4404=CARTESIAN_POINT('Ctrl Pts',(-7.66729117443914,-14.9427882164617,3.25842750033886));
#4405=CARTESIAN_POINT('Ctrl Pts',(-5.03489159799295,-16.0226107899287,3.2981644210748));
#4406=CARTESIAN_POINT('Ctrl Pts',(-2.30519501956114,-16.4062702700041,3.33790134181074));
#4407=CARTESIAN_POINT('Ctrl Pts',(0.424501558870666,-16.7899297500795,3.37763826254668));
#4408=CARTESIAN_POINT('Ctrl Pts',(3.25149513928811,-16.4774261367634,3.41737518328262));
#4409=CARTESIAN_POINT('Ctrl Pts',(5.83198920034118,-15.5069156349996,3.45711210401856));
#4410=CARTESIAN_POINT('Ctrl Pts',(8.41248326139426,-14.5364051332359,3.4968490247545));
#4411=CARTESIAN_POINT('Ctrl Pts',(10.7464778030829,-12.9078877430245,3.53658594549044));
#4412=CARTESIAN_POINT('Ctrl Pts',(12.5463420998312,-10.8205093692116,3.57632286622638));
#4413=CARTESIAN_POINT('Ctrl Pts',(14.3462063965795,-8.73313099539872,3.61605978696232));
#4414=CARTESIAN_POINT('Ctrl Pts',(15.6119404483873,-6.18689163798429,3.65579670769826));
#4415=CARTESIAN_POINT('Ctrl Pts',(16.1940161269599,-3.49190116450567,3.6955336284342));
#4416=CARTESIAN_POINT('Ctrl Pts',(16.4415503590984,-2.34582614019064,3.71243220111816));
#4417=CARTESIAN_POINT('Ctrl Pts',(16.5654469345505,-1.17284990301887,3.72933077380211));
#4418=CARTESIAN_POINT('Ctrl Pts',(16.5659106877557,0.000133083759999755,
3.74622934648607));
#4419=CARTESIAN_POINT('Ctrl Pts',(16.5667668498358,0.000312503309630938,
2.77281266907388));
#4420=CARTESIAN_POINT('Ctrl Pts',(16.5670843575478,0.365096336250883,2.77807036715028));
#4421=CARTESIAN_POINT('Ctrl Pts',(16.4673921582267,3.44417863111517,2.82245225770445));
#4422=CARTESIAN_POINT('Ctrl Pts',(14.6345937142808,9.12872121597812,2.90595834073638));
#4423=CARTESIAN_POINT('Ctrl Pts',(8.5917177968571,14.9561783059719,3.02333091816968));
#4424=CARTESIAN_POINT('Ctrl Pts',(0.513559280571315,17.2406827326091,3.14070349560297));
#4425=CARTESIAN_POINT('Ctrl Pts',(-7.68625573001338,15.4410607496307,3.25807607303627));
#4426=CARTESIAN_POINT('Ctrl Pts',(-14.0652820569541,9.98362283338959,3.37544865046957));
#4427=CARTESIAN_POINT('Ctrl Pts',(-17.1123991551113,2.16117546190902,3.49282122790287));
#4428=CARTESIAN_POINT('Ctrl Pts',(-16.1057787995421,-6.17323039269072,3.61019380533617));
#4429=CARTESIAN_POINT('Ctrl Pts',(-11.2838781814355,-13.0452664751452,3.72756638276946));
#4430=CARTESIAN_POINT('Ctrl Pts',(-3.78895204582196,-16.8270237004492,3.84493896020276));
#4431=CARTESIAN_POINT('Ctrl Pts',(4.60353478127064,-16.6226457502605,3.96231153763606));
#4432=CARTESIAN_POINT('Ctrl Pts',(11.9054953067488,-12.4805474928788,4.07968411506936));
#4433=CARTESIAN_POINT('Ctrl Pts',(15.8574887294626,-6.22092583481442,4.1831844922153));
#4434=CARTESIAN_POINT('Ctrl Pts',(16.5638984261831,-1.75220714544782,4.24756067688347));
#4435=CARTESIAN_POINT('Ctrl Pts',(16.5651013760412,0.000306295062357242,
4.27281266907388));
#4436=CARTESIAN_POINT('Origin',(0.,0.,-2.77281266907388));
#4437=CARTESIAN_POINT('',(16.5661083541314,-0.000304250703480832,0.746229346529489));
#4438=CARTESIAN_POINT('',(16.56708029457,-0.000218464532421164,1.27281266907388));
#4439=CARTESIAN_POINT('',(16.566,3.1582682324799E-13,-2.77281266907388));
#4440=CARTESIAN_POINT('Ctrl Pts',(16.5661083541314,-0.000304250703480832,
0.746229346529489));
#4441=CARTESIAN_POINT('Ctrl Pts',(16.5656593940146,0.66218387153172,0.75577621580052));
#4442=CARTESIAN_POINT('Ctrl Pts',(16.525557433617,1.32473925472136,0.765323085071552));
#4443=CARTESIAN_POINT('Ctrl Pts',(16.4462556924552,1.98256933536016,0.774869954342583));
#4444=CARTESIAN_POINT('Ctrl Pts',(16.281216928788,3.3516119518428,0.794738414710553));
#4445=CARTESIAN_POINT('Ctrl Pts',(15.9463967630915,4.70018842090169,0.814606875078523));
#4446=CARTESIAN_POINT('Ctrl Pts',(15.4481012648092,5.98536438878748,0.834475335446493));
#4447=CARTESIAN_POINT('Ctrl Pts',(14.4515102682445,8.55571632455908,0.874212256182433));
#4448=CARTESIAN_POINT('Ctrl Pts',(12.8010179413366,10.8724662556382,0.913949176918374));
#4449=CARTESIAN_POINT('Ctrl Pts',(10.6960484459524,12.6522390301587,0.953686097654314));
#4450=CARTESIAN_POINT('Ctrl Pts',(8.59107895056817,14.4320118046791,0.993423018390255));
#4451=CARTESIAN_POINT('Ctrl Pts',(6.03163228670764,15.6748074226408,1.0331599391262));
#4452=CARTESIAN_POINT('Ctrl Pts',(3.33117611783227,16.2290483075441,1.07289685986214));
#4453=CARTESIAN_POINT('Ctrl Pts',(0.630719948956914,16.7832891924473,1.11263378059808));
#4454=CARTESIAN_POINT('Ctrl Pts',(-2.21074572493329,16.6489753442921,1.15237070133402));
#4455=CARTESIAN_POINT('Ctrl Pts',(-4.84676247696469,15.8425680664323,1.19210762206996));
#4456=CARTESIAN_POINT('Ctrl Pts',(-7.48277922899609,15.0361607885725,1.2318445428059));
#4457=CARTESIAN_POINT('Ctrl Pts',(-9.91334705916867,13.5576600810081,1.27158146354184));
#4458=CARTESIAN_POINT('Ctrl Pts',(-11.8413505518141,11.5872898156549,1.31131838427778));
#4459=CARTESIAN_POINT('Ctrl Pts',(-13.7693540444596,9.61691955030176,1.35105530501372));
#4460=CARTESIAN_POINT('Ctrl Pts',(-15.1947931995779,7.15467972715983,1.39079222574966));
#4461=CARTESIAN_POINT('Ctrl Pts',(-15.9439288632053,4.50192012028583,1.4305291464856));
#4462=CARTESIAN_POINT('Ctrl Pts',(-16.6930645268326,1.84916051341184,1.47026606722154));
#4463=CARTESIAN_POINT('Ctrl Pts',(-16.7658966989689,-0.994118877194219,
1.51000298795748));
#4464=CARTESIAN_POINT('Ctrl Pts',(-16.1530881687527,-3.68213980718309,1.54973990869342));
#4465=CARTESIAN_POINT('Ctrl Pts',(-15.5402796385365,-6.37016073717195,1.58947682942936));
#4466=CARTESIAN_POINT('Ctrl Pts',(-14.2418304059678,-8.90292320654365,1.6292137501653));
#4467=CARTESIAN_POINT('Ctrl Pts',(-12.417067210795,-10.9684229303363,1.66895067090124));
#4468=CARTESIAN_POINT('Ctrl Pts',(-10.5923040156221,-13.033922654129,1.70868759163718));
#4469=CARTESIAN_POINT('Ctrl Pts',(-8.24122685784503,-14.6321596323425,1.74842451237312));
#4470=CARTESIAN_POINT('Ctrl Pts',(-5.6494136249554,-15.5732530341659,1.78816143310906));
#4471=CARTESIAN_POINT('Ctrl Pts',(-3.05760039206574,-16.5143464359892,1.827898353845));
#4472=CARTESIAN_POINT('Ctrl Pts',(-0.225051084063515,-16.7982962614223,
1.86763527458094));
#4473=CARTESIAN_POINT('Ctrl Pts',(2.49899172213097,-16.3801361281523,1.90737219531688));
#4474=CARTESIAN_POINT('Ctrl Pts',(6.13104879705695,-15.8225892837923,1.96035475629814));
#4475=CARTESIAN_POINT('Ctrl Pts',(9.57020542432471,-14.0168469572936,2.01333731727939));
#4476=CARTESIAN_POINT('Ctrl Pts',(12.0836831226964,-11.3395138308055,2.06631987826064));
#4477=CARTESIAN_POINT('Ctrl Pts',(14.5971608210681,-8.66218070431737,2.1193024392419));
#4478=CARTESIAN_POINT('Ctrl Pts',(16.1849595905438,-5.11325677783979,2.17228500022316));
#4479=CARTESIAN_POINT('Ctrl Pts',(16.5072654510774,-1.45324899317554,2.22526756120441));
#4480=CARTESIAN_POINT('Ctrl Pts',(16.5497706711588,-0.970572580995999,2.23225482296644));
#4481=CARTESIAN_POINT('Ctrl Pts',(16.5702665091738,-0.485964204552622,2.23924208472847));
#4482=CARTESIAN_POINT('Ctrl Pts',(16.5692152491732,-0.00127479691968305,
2.2462293464905));
#4483=CARTESIAN_POINT('Ctrl Pts',(16.56708029457,-0.000218464532421095,
1.27281266907388));
#4484=CARTESIAN_POINT('Ctrl Pts',(16.5654347655038,2.48121908491772,1.30858005741709));
#4485=CARTESIAN_POINT('Ctrl Pts',(15.3814054334892,7.67849750776917,1.38347163823806));
#4486=CARTESIAN_POINT('Ctrl Pts',(10.1573161961022,13.9403663052457,1.49748741153681));
#4487=CARTESIAN_POINT('Ctrl Pts',(2.37326611757161,17.0842761473155,1.6148599889701));
#4488=CARTESIAN_POINT('Ctrl Pts',(-5.97298440175067,16.1811106528013,1.7322325664034));
#4489=CARTESIAN_POINT('Ctrl Pts',(-12.9043011839138,11.4448195700914,1.8496051438367));
#4490=CARTESIAN_POINT('Ctrl Pts',(-16.7787322313171,3.99737776442815,1.96697772127));
#4491=CARTESIAN_POINT('Ctrl Pts',(-16.6784678115783,-4.39699848450317,2.08435029870329));
#4492=CARTESIAN_POINT('Ctrl Pts',(-12.6272594602626,-11.7497745822632,2.20172287613659));
#4493=CARTESIAN_POINT('Ctrl Pts',(-5.58479347349728,-16.3191594786738,2.31909545356989));
#4494=CARTESIAN_POINT('Ctrl Pts',(2.78064810883086,-17.0227165960261,2.43646803100318));
#4495=CARTESIAN_POINT('Ctrl Pts',(10.4873850129594,-13.6937810634846,2.55384060843649));
#4496=CARTESIAN_POINT('Ctrl Pts',(15.4758400426767,-7.41537077985759,2.66595548779338));
#4497=CARTESIAN_POINT('Ctrl Pts',(16.5647216823512,-2.34937541267549,2.73894617467251));
#4498=CARTESIAN_POINT('Ctrl Pts',(16.5667668498358,0.000312503309630938,
2.77281266907388));
#4499=CARTESIAN_POINT('Origin',(0.,0.,1.62630325872826E-18));
#4500=CARTESIAN_POINT('',(17.223913681277,-6.88311912050432E-7,0.308017880127392));
#4501=CARTESIAN_POINT('',(17.2253058002822,-2.0196436967268E-7,0.211024381147995));
#4502=CARTESIAN_POINT('',(17.225,2.10945411153132E-15,1.62630325872826E-18));
#4503=CARTESIAN_POINT('',(4.77004267109438,-16.5513539602033,-1.52655665885959E-15));
#4504=CARTESIAN_POINT('Ctrl Pts',(4.76992305148038,-16.5509366939509,-8.13783116367615E-6));
#4505=CARTESIAN_POINT('Ctrl Pts',(5.46925606131788,-16.350258269875,0.0100770926308055));
#4506=CARTESIAN_POINT('Ctrl Pts',(8.80703179636316,-15.1598390158678,0.0591099777146892));
#4507=CARTESIAN_POINT('Ctrl Pts',(14.0072916235966,-11.1896016042534,0.147092748401005));
#4508=CARTESIAN_POINT('Ctrl Pts',(16.8725375750811,-4.93092707555212,0.239682358356179));
#4509=CARTESIAN_POINT('Ctrl Pts',(17.2245457094232,-1.06035338471895,0.293324220802773));
#4510=CARTESIAN_POINT('Ctrl Pts',(17.223913681277,-6.88311911800632E-7,
0.308017880127392));
#4511=CARTESIAN_POINT('',(10.9222692001136,-13.3193340869673,7.58941520739853E-18));
#4512=CARTESIAN_POINT('Origin',(0.,0.,0.));
#4513=CARTESIAN_POINT('Ctrl Pts',(17.2253058002822,-2.01964369228591E-7,
0.211024381147995));
#4514=CARTESIAN_POINT('Ctrl Pts',(17.2230876758898,-2.26516473274379,0.179630437678749));
#4515=CARTESIAN_POINT('Ctrl Pts',(16.215726678157,-7.34263398543322,0.109288340114913));
#4516=CARTESIAN_POINT('Ctrl Pts',(13.095343298653,-11.5373455775518,0.038949636922081));
#4517=CARTESIAN_POINT('Ctrl Pts',(10.9222692001136,-13.3193340869673,-2.60208521396521E-17));
#4518=CARTESIAN_POINT('Origin',(0.,0.,1.62630325872826E-18));
#4519=CARTESIAN_POINT('',(17.2247923933671,-7.03220989495268E-7,1.80802580779263));
#4520=CARTESIAN_POINT('',(17.2229282010558,8.21199881984036E-7,1.71103388046372));
#4521=CARTESIAN_POINT('',(17.225,2.10945411153132E-15,1.62630325872826E-18));
#4522=CARTESIAN_POINT('Ctrl Pts',(17.223913681277,-6.88311911800632E-7,
0.308017880127392));
#4523=CARTESIAN_POINT('Ctrl Pts',(17.2228704029958,1.75030575794824,0.332272457611071));
#4524=CARTESIAN_POINT('Ctrl Pts',(16.5310456193605,6.3121234989701,0.395475337419393));
#4525=CARTESIAN_POINT('Ctrl Pts',(12.5642376424429,12.7886271219509,0.497626228391966));
#4526=CARTESIAN_POINT('Ctrl Pts',(5.07691092569112,17.1941330230253,0.614470872326721));
#4527=CARTESIAN_POINT('Ctrl Pts',(-3.60266456080013,17.5622470845979,0.731315516469399));
#4528=CARTESIAN_POINT('Ctrl Pts',(-11.4361498968997,13.8067110569952,0.848160141157721));
#4529=CARTESIAN_POINT('Ctrl Pts',(-16.58460448793,6.80925440637092,0.96500477901413));
#4530=CARTESIAN_POINT('Ctrl Pts',(-17.8384923265324,-1.78702339662491,1.08184940062346));
#4531=CARTESIAN_POINT('Ctrl Pts',(-14.9045848258646,-9.96373075918473,1.19869401709553));
#4532=CARTESIAN_POINT('Ctrl Pts',(-8.46952518709539,-15.8008591210625,1.3155387153481));
#4533=CARTESIAN_POINT('Ctrl Pts',(-0.0486007898178465,-17.9279290287044,
1.43238321837807));
#4534=CARTESIAN_POINT('Ctrl Pts',(8.38914799369748,-15.8453070417282,1.5492280645554));
#4535=CARTESIAN_POINT('Ctrl Pts',(14.8467011079246,-10.0423767802047,1.6660723045643));
#4536=CARTESIAN_POINT('Ctrl Pts',(17.0551267985212,-4.01666327201555,1.7523386668565));
#4537=CARTESIAN_POINT('Ctrl Pts',(17.2263451684895,-0.60374316711851,1.7996563654353));
#4538=CARTESIAN_POINT('Ctrl Pts',(17.2247923933671,-7.03220989661801E-7,
1.80802580779264));
#4539=CARTESIAN_POINT('Ctrl Pts',(17.2229282010558,8.21199882206081E-7,
1.71103388046372));
#4540=CARTESIAN_POINT('Ctrl Pts',(17.2221629319082,-1.80891947297203,1.68596359155318));
#4541=CARTESIAN_POINT('Ctrl Pts',(16.4995931100444,-6.42825314328407,1.6219451901676));
#4542=CARTESIAN_POINT('Ctrl Pts',(12.4318905631037,-12.916932154725,1.51897842244689));
#4543=CARTESIAN_POINT('Ctrl Pts',(4.90155543194136,-17.2447652423285,1.4021337551896));
#4544=CARTESIAN_POINT('Ctrl Pts',(-3.7821281759263,-17.5247049454866,1.28528920305523));
#4545=CARTESIAN_POINT('Ctrl Pts',(-11.576485154818,-13.6890785435128,1.16844444994088));
#4546=CARTESIAN_POINT('Ctrl Pts',(-16.6532727433923,-6.63955475662724,1.05159997146436));
#4547=CARTESIAN_POINT('Ctrl Pts',(-17.819452164097,1.96918799272091,0.934755197112817));
#4548=CARTESIAN_POINT('Ctrl Pts',(-14.8017022569837,10.1154076144032,0.817910695832426));
#4549=CARTESIAN_POINT('Ctrl Pts',(-8.30834441478731,15.8866150820789,0.701065928645586));
#4550=CARTESIAN_POINT('Ctrl Pts',(0.135812200407815,17.9273721067594,0.58422143323951));
#4551=CARTESIAN_POINT('Ctrl Pts',(8.54808173819049,15.7590108103323,0.467376713442329));
#4552=CARTESIAN_POINT('Ctrl Pts',(14.9532702880015,9.88975712353546,0.350532093390743));
#4553=CARTESIAN_POINT('Ctrl Pts',(17.0696656842104,3.90004153610846,0.265081419974398));
#4554=CARTESIAN_POINT('Ctrl Pts',(17.2258395498667,0.545068700088999,0.218578738487336));
#4555=CARTESIAN_POINT('Ctrl Pts',(17.2253058002822,-2.01964369228591E-7,
0.211024381147995));
#4556=CARTESIAN_POINT('Origin',(0.,0.,1.62630325872826E-18));
#4557=CARTESIAN_POINT('',(17.2255895746201,-1.1472243680033E-6,3.30798875791201));
#4558=CARTESIAN_POINT('',(17.221058960934,6.06589858204165E-6,3.21101642673224));
#4559=CARTESIAN_POINT('',(17.225,2.10945411153132E-15,1.62630325872826E-18));
#4560=CARTESIAN_POINT('Ctrl Pts',(17.2247923933671,-7.03220989661801E-7,
1.80802580779264));
#4561=CARTESIAN_POINT('Ctrl Pts',(17.2167104638991,3.14237576821216,1.85158732667758));
#4562=CARTESIAN_POINT('Ctrl Pts',(15.3083136978053,10.0351941831782,1.94707943612331));
#4563=CARTESIAN_POINT('Ctrl Pts',(6.69949364147589,17.2407315255378,2.09450194816693));
#4564=CARTESIAN_POINT('Ctrl Pts',(-5.14210172695361,17.766496886775,2.25029634905069));
#4565=CARTESIAN_POINT('Ctrl Pts',(-14.87689009382,10.9921290023281,2.40608866537404));
#4566=CARTESIAN_POINT('Ctrl Pts',(-18.4933432465351,-0.299394877502393,
2.56188038177356));
#4567=CARTESIAN_POINT('Ctrl Pts',(-14.5121515361329,-11.468867144704,2.71767528828872));
#4568=CARTESIAN_POINT('Ctrl Pts',(-4.56663342953642,-17.9235972818978,2.87346669914926));
#4569=CARTESIAN_POINT('Ctrl Pts',(7.25700137525368,-17.0136465544323,3.02925919250761));
#4570=CARTESIAN_POINT('Ctrl Pts',(15.4751216798359,-9.66656823514296,3.17410095082194));
#4571=CARTESIAN_POINT('Ctrl Pts',(17.2182186281095,-2.95622118596597,3.26701035794759));
#4572=CARTESIAN_POINT('Ctrl Pts',(17.2255895746201,-1.14722436828085E-6,
3.30798875791201));
#4573=CARTESIAN_POINT('Ctrl Pts',(17.221058960934,6.06589858209716E-6,3.21101642673224));
#4574=CARTESIAN_POINT('Ctrl Pts',(17.2176309544411,-2.29016108346219,3.17929584977539));
#4575=CARTESIAN_POINT('Ctrl Pts',(16.1071124052943,-7.9159353204334,3.10141398500066));
#4576=CARTESIAN_POINT('Ctrl Pts',(11.2694330178643,-13.77284870107,3.00045304403561));
#4577=CARTESIAN_POINT('Ctrl Pts',(4.43585512876554,-17.0400805608512,2.89659076925982));
#4578=CARTESIAN_POINT('Ctrl Pts',(-2.35712804347264,-17.6229753653998,2.80426950484014));
#4579=CARTESIAN_POINT('Ctrl Pts',(-9.56556335049939,-14.984494520654,2.70040719561926));
#4580=CARTESIAN_POINT('Ctrl Pts',(-14.9896698371103,-9.5582435945928,2.59654567984794));
#4581=CARTESIAN_POINT('Ctrl Pts',(-17.621367114727,-2.35129539745505,2.49268367357273));
#4582=CARTESIAN_POINT('Ctrl Pts',(-16.971941843908,5.29795075291988,2.38882168332659));
#4583=CARTESIAN_POINT('Ctrl Pts',(-13.1558832680579,11.9503687453051,2.28496010220184));
#4584=CARTESIAN_POINT('Ctrl Pts',(-5.85422321974471,17.1348549932473,2.16378708900144));
#4585=CARTESIAN_POINT('Ctrl Pts',(4.65495515601125,17.9079247807361,2.02530465473114));
#4586=CARTESIAN_POINT('Ctrl Pts',(13.7364160133347,11.9332876113365,1.88249551311065));
#4587=CARTESIAN_POINT('Ctrl Pts',(16.8958011295225,4.8128897317532,1.77773790929044));
#4588=CARTESIAN_POINT('Ctrl Pts',(17.2233518232106,1.00134618493198,1.72491178191071));
#4589=CARTESIAN_POINT('Ctrl Pts',(17.2229282010558,8.21199882206081E-7,
1.71103388046372));
#4590=CARTESIAN_POINT('Origin',(0.,0.,1.62630325872826E-18));
#4591=CARTESIAN_POINT('',(17.2255755118561,3.37187299435937E-7,4.80801292513074));
#4592=CARTESIAN_POINT('',(17.2238325474176,-1.39266910205438E-6,4.71103960881267));
#4593=CARTESIAN_POINT('',(17.225,2.10945411153132E-15,1.62630325872826E-18));
#4594=CARTESIAN_POINT('Ctrl Pts',(17.2255895746201,-1.14722436828085E-6,
3.30798875791201));
#4595=CARTESIAN_POINT('Ctrl Pts',(17.227559615082,0.790110825829792,3.31894109705598));
#4596=CARTESIAN_POINT('Ctrl Pts',(16.9265757356949,5.32514473219027,3.38182412681885));
#4597=CARTESIAN_POINT('Ctrl Pts',(13.0170146073907,13.1400882959623,3.49663742114984));
#4598=CARTESIAN_POINT('Ctrl Pts',(2.36319759147594,18.3454740184618,3.65243193620075));
#4599=CARTESIAN_POINT('Ctrl Pts',(-9.2628842179127,16.0090220735233,3.80822458949024));
#4600=CARTESIAN_POINT('Ctrl Pts',(-17.0801442923931,7.09816695960365,3.96401584989562));
#4601=CARTESIAN_POINT('Ctrl Pts',(-17.8820914916978,-4.73890888167898,4.11981051189787));
#4602=CARTESIAN_POINT('Ctrl Pts',(-12.0554659965159,-13.5131283111158,4.25829256663569));
#4603=CARTESIAN_POINT('Ctrl Pts',(-3.95115986079023,-17.3290652580583,4.37946457162784));
#4604=CARTESIAN_POINT('Ctrl Pts',(3.71724637113502,-17.3869231789126,4.48332629493587));
#4605=CARTESIAN_POINT('Ctrl Pts',(10.7003276994405,-14.1963339741305,4.58718877535296));
#4606=CARTESIAN_POINT('Ctrl Pts',(15.6861488109563,-8.36665566219733,4.69104998734709));
#4607=CARTESIAN_POINT('Ctrl Pts',(17.1496592491392,-3.12743902598688,4.76465844293215));
#4608=CARTESIAN_POINT('Ctrl Pts',(17.2257464724377,-0.315015449791126,4.80364600097541));
#4609=CARTESIAN_POINT('Ctrl Pts',(17.2255755118561,3.37187299248587E-7,
4.80801292513074));
#4610=CARTESIAN_POINT('Ctrl Pts',(17.2238325474176,-1.39266910192948E-6,
4.71103960881267));
#4611=CARTESIAN_POINT('Ctrl Pts',(17.2248155802216,-0.895587578370475,4.69862086763557));
#4612=CARTESIAN_POINT('Ctrl Pts',(16.965431877731,-4.28752946563116,4.65158161019578));
#4613=CARTESIAN_POINT('Ctrl Pts',(14.7596641669635,-9.90864918343038,4.56992153293833));
#4614=CARTESIAN_POINT('Ctrl Pts',(9.21311200472633,-15.2039394233467,4.46605964804788));
#4615=CARTESIAN_POINT('Ctrl Pts',(2.54817061317026,-17.4671945214288,4.37085283991449));
#4616=CARTESIAN_POINT('Ctrl Pts',(-3.7664252403486,-17.1182236443575,4.28430119760007));
#4617=CARTESIAN_POINT('Ctrl Pts',(-10.8311970111579,-14.3206185204733,4.18043991274049));
#4618=CARTESIAN_POINT('Ctrl Pts',(-17.2101601598152,-6.78249298815891,4.05061143163212));
#4619=CARTESIAN_POINT('Ctrl Pts',(-17.7891536791876,5.06624820850028,3.89481891267701));
#4620=CARTESIAN_POINT('Ctrl Pts',(-11.0592727275298,14.8251644002384,3.73902744568944));
#4621=CARTESIAN_POINT('Ctrl Pts',(0.217073673174348,18.495884047823,3.5832328838083));
#4622=CARTESIAN_POINT('Ctrl Pts',(11.4025771729766,14.5624510043717,3.42744025964379));
#4623=CARTESIAN_POINT('Ctrl Pts',(16.5805878177427,6.66601546735331,3.30336906058649));
#4624=CARTESIAN_POINT('Ctrl Pts',(17.2232431096233,1.45918229202914,3.23122714008017));
#4625=CARTESIAN_POINT('Ctrl Pts',(17.221058960934,6.06589858209716E-6,3.21101642673224));
#4626=CARTESIAN_POINT('Origin',(0.,0.,1.62630325872826E-18));
#4627=CARTESIAN_POINT('',(17.2235289862754,1.14188720701236E-6,6.30800156634175));
#4628=CARTESIAN_POINT('',(17.2252076135566,-9.15974124326979E-8,6.21102690258063));
#4629=CARTESIAN_POINT('',(17.225,2.10945411153132E-15,1.62630325872826E-18));
#4630=CARTESIAN_POINT('Ctrl Pts',(17.2255755118561,3.37187299248587E-7,
4.80801292513074));
#4631=CARTESIAN_POINT('Ctrl Pts',(17.2243911107417,2.18240428936671,4.8382666232926));
#4632=CARTESIAN_POINT('Ctrl Pts',(16.3271311108246,6.86236573827615,4.90314081038543));
#4633=CARTESIAN_POINT('Ctrl Pts',(12.1896039230371,12.943068674956,5.00263619937192));
#4634=CARTESIAN_POINT('Ctrl Pts',(5.60200238289634,16.8674763040041,5.1064979630515));
#4635=CARTESIAN_POINT('Ctrl Pts',(-3.30714641624499,17.8049021289831,5.22767033943814));
#4636=CARTESIAN_POINT('Ctrl Pts',(-12.8367562689115,13.3200815897937,5.36615181806838));
#4637=CARTESIAN_POINT('Ctrl Pts',(-18.2868173550933,2.78179041847177,5.52194529596412));
#4638=CARTESIAN_POINT('Ctrl Pts',(-16.2171630182245,-8.89135982549316,5.67773920029159));
#4639=CARTESIAN_POINT('Ctrl Pts',(-7.48935198442796,-16.9133024093599,5.83353020781944));
#4640=CARTESIAN_POINT('Ctrl Pts',(4.32769057771206,-17.9855099288613,5.98932373052752));
#4641=CARTESIAN_POINT('Ctrl Pts',(13.2331263126576,-12.3634892986716,6.12780695890531));
#4642=CARTESIAN_POINT('Ctrl Pts',(16.7397734366791,-5.33654641418373,6.23403221782009));
#4643=CARTESIAN_POINT('Ctrl Pts',(17.2225811755745,-1.41921701594076,6.28832724866584));
#4644=CARTESIAN_POINT('Ctrl Pts',(17.2235289862754,1.14188720712338E-6,
6.30800156634175));
#4645=CARTESIAN_POINT('Ctrl Pts',(17.2252076135566,-9.15974125437202E-8,
6.21102690258063));
#4646=CARTESIAN_POINT('Ctrl Pts',(17.223970124207,-2.00092287932934,6.18330116053374));
#4647=CARTESIAN_POINT('Ctrl Pts',(16.4369560246029,-6.50190309066056,6.1209546415775));
#4648=CARTESIAN_POINT('Ctrl Pts',(12.5935525767211,-12.5415214985956,6.02398812009376));
#4649=CARTESIAN_POINT('Ctrl Pts',(5.05998615509302,-17.388679877048,5.90281541177862));
#4650=CARTESIAN_POINT('Ctrl Pts',(-5.4697405754806,-17.6710867813258,5.76433345389041));
#4651=CARTESIAN_POINT('Ctrl Pts',(-15.0766101779838,-10.7156196801097,5.60854135649198));
#4652=CARTESIAN_POINT('Ctrl Pts',(-18.4868541419715,0.644895501187451,5.45274637056372));
#4653=CARTESIAN_POINT('Ctrl Pts',(-14.7588988796072,10.4947812191157,5.31426559292257));
#4654=CARTESIAN_POINT('Ctrl Pts',(-7.70284677977933,16.0182662419814,5.19309270858083));
#4655=CARTESIAN_POINT('Ctrl Pts',(-0.243832860371046,17.7753782038217,5.08923125467902));
#4656=CARTESIAN_POINT('Ctrl Pts',(8.11937297240669,16.0530778266754,4.9738282926254));
#4657=CARTESIAN_POINT('Ctrl Pts',(14.0280596712706,10.9542396603699,4.86996733880476));
#4658=CARTESIAN_POINT('Ctrl Pts',(16.7656874646349,4.86721413178135,4.77852356770857));
#4659=CARTESIAN_POINT('Ctrl Pts',(17.2220751158577,1.6010961708202,4.73324139860992));
#4660=CARTESIAN_POINT('Ctrl Pts',(17.2238325474176,-1.39266910192948E-6,
4.71103960881267));
#4661=CARTESIAN_POINT('Origin',(0.,0.,1.62630325872826E-18));
#4662=CARTESIAN_POINT('',(17.2229355970613,4.43482170292553E-6,7.80799347003537));
#4663=CARTESIAN_POINT('',(17.2205163516154,-2.35300963574714E-7,7.71102700448097));
#4664=CARTESIAN_POINT('',(17.225,2.10945411153132E-15,1.62630325872826E-18));
#4665=CARTESIAN_POINT('Ctrl Pts',(17.2235289862754,1.14188720712338E-6,
6.30800156634175));
#4666=CARTESIAN_POINT('Ctrl Pts',(17.2242490279708,1.0781660619087,6.32294793595132));
#4667=CARTESIAN_POINT('Ctrl Pts',(16.8936062123101,4.65320905249556,6.37251497489465));
#4668=CARTESIAN_POINT('Ctrl Pts',(14.439349345755,10.370062457707,6.45670205575172));
#4669=CARTESIAN_POINT('Ctrl Pts',(8.723393163339,15.4922667815269,6.56056433155192));
#4670=CARTESIAN_POINT('Ctrl Pts',(1.38476115865296,17.7193295602471,6.66442637277861));
#4671=CARTESIAN_POINT('Ctrl Pts',(-7.48801813328462,16.4887380775414,6.78559813171359));
#4672=CARTESIAN_POINT('Ctrl Pts',(-15.661680353898,9.84549285697502,6.92408031102766));
#4673=CARTESIAN_POINT('Ctrl Pts',(-18.4187058216365,-1.69369793447013,7.07987492115545));
#4674=CARTESIAN_POINT('Ctrl Pts',(-13.6071639053638,-12.5273024324486,7.23566615564101));
#4675=CARTESIAN_POINT('Ctrl Pts',(-3.20342449614474,-18.2175299857205,7.39145888782918));
#4676=CARTESIAN_POINT('Ctrl Pts',(8.51740421221145,-16.4185346733229,7.54725329763813));
#4677=CARTESIAN_POINT('Ctrl Pts',(15.84231869978,-8.80281604891792,7.68609708400078));
#4678=CARTESIAN_POINT('Ctrl Pts',(17.2178391512846,-2.52492306507987,7.77301054549068));
#4679=CARTESIAN_POINT('Ctrl Pts',(17.2229355970613,4.43482170342513E-6,
7.80799347003537));
#4680=CARTESIAN_POINT('Ctrl Pts',(17.2205163516154,-2.35300963713492E-7,
7.71102700448097));
#4681=CARTESIAN_POINT('Ctrl Pts',(17.2206233309723,-1.85729868107952,7.68530069390346));
#4682=CARTESIAN_POINT('Ctrl Pts',(16.3319098510738,-7.46376979778036,7.60764380086288));
#4683=CARTESIAN_POINT('Ctrl Pts',(10.365746646481,-15.3213327183689,7.47805437549426));
#4684=CARTESIAN_POINT('Ctrl Pts',(0.839658946293949,-17.9369631653331,7.34822670398047));
#4685=CARTESIAN_POINT('Ctrl Pts',(-6.56460758877411,-16.2488805527305,7.24436530050719));
#4686=CARTESIAN_POINT('Ctrl Pts',(-13.064175935897,-12.3188726079657,7.14050395010705));
#4687=CARTESIAN_POINT('Ctrl Pts',(-18.0991629951932,-3.82313463237265,7.01067627546469));
#4688=CARTESIAN_POINT('Ctrl Pts',(-16.6976481186322,7.96090563947346,6.8548822956599));
#4689=CARTESIAN_POINT('Ctrl Pts',(-9.81258249641748,15.0362483203979,6.72505609646716));
#4690=CARTESIAN_POINT('Ctrl Pts',(-2.57059449412799,17.3386742153618,6.62119390867065));
#4691=CARTESIAN_POINT('Ctrl Pts',(3.75344890590126,17.2477727273755,6.53464221158282));
#4692=CARTESIAN_POINT('Ctrl Pts',(10.2441448468673,14.5300296929057,6.43943546810434));
#4693=CARTESIAN_POINT('Ctrl Pts',(15.4126773068988,8.85922950230224,6.33557382944448));
#4694=CARTESIAN_POINT('Ctrl Pts',(17.097502413444,3.49346962741705,6.25943760075573));
#4695=CARTESIAN_POINT('Ctrl Pts',(17.2255153591224,0.497600243733803,6.2179218905454));
#4696=CARTESIAN_POINT('Ctrl Pts',(17.2252076135566,-9.15974125437202E-8,
6.21102690258063));
#4697=CARTESIAN_POINT('Origin',(0.,0.,1.62630325872826E-18));
#4698=CARTESIAN_POINT('',(17.2259603050687,9.06765776076401E-7,9.30801791426912));
#4699=CARTESIAN_POINT('',(17.2280929001744,7.13939542984487E-6,9.21104285815394));
#4700=CARTESIAN_POINT('',(17.225,2.10945411153132E-15,1.62630325872826E-18));
#4701=CARTESIAN_POINT('Ctrl Pts',(17.2229355970613,4.43482170342513E-6,
7.80799347003537));
#4702=CARTESIAN_POINT('Ctrl Pts',(17.2254046460878,1.22324315037528,7.82494146861673));
#4703=CARTESIAN_POINT('Ctrl Pts',(16.7121877412319,6.19280546590682,7.89382053859315));
#4704=CARTESIAN_POINT('Ctrl Pts',(12.213727107361,13.7066026273307,8.00886190558027));
#4705=CARTESIAN_POINT('Ctrl Pts',(3.86543593701109,17.3709530380936,8.13003250293663));
#4706=CARTESIAN_POINT('Ctrl Pts',(-3.70756492685934,17.2132771556175,8.23389534495632));
#4707=CARTESIAN_POINT('Ctrl Pts',(-10.0357752905202,14.677462323025,8.32621648226546));
#4708=CARTESIAN_POINT('Ctrl Pts',(-15.2856969383062,9.07613773702152,8.43007838688539));
#4709=CARTESIAN_POINT('Ctrl Pts',(-17.6875270996212,1.7897631891529,8.53394047995399));
#4710=CARTESIAN_POINT('Ctrl Pts',(-16.7941974729188,-5.83064982422144,8.6378019768422));
#4711=CARTESIAN_POINT('Ctrl Pts',(-12.7717858439632,-12.3691284195649,8.74166458765873));
#4712=CARTESIAN_POINT('Ctrl Pts',(-6.37019192723831,-16.59249240888,8.84552550573653));
#4713=CARTESIAN_POINT('Ctrl Pts',(2.48350242623887,-17.9361741774232,8.96669903894317));
#4714=CARTESIAN_POINT('Ctrl Pts',(12.2161871888931,-13.8970344774593,9.10518077027522));
#4715=CARTESIAN_POINT('Ctrl Pts',(16.753966198935,-6.0097327302048,9.22472368231119));
#4716=CARTESIAN_POINT('Ctrl Pts',(17.2271198873372,-1.13159009718988,9.29233636512965));
#4717=CARTESIAN_POINT('Ctrl Pts',(17.2259603050687,9.06765776131913E-7,
9.30801791426912));
#4718=CARTESIAN_POINT('Ctrl Pts',(17.2280929001744,7.13939542978936E-6,
9.21104285815394));
#4719=CARTESIAN_POINT('Ctrl Pts',(17.2291895489904,-0.462985403319308,9.20462040719566));
#4720=CARTESIAN_POINT('Ctrl Pts',(17.0668928974764,-4.66921316585024,9.14626721657812));
#4721=CARTESIAN_POINT('Ctrl Pts',(13.741828597652,-12.3811964606329,9.03598429954397));
#4722=CARTESIAN_POINT('Ctrl Pts',(3.40352282016601,-18.1795622543252,8.88018938342735));
#4723=CARTESIAN_POINT('Ctrl Pts',(-8.33795749728633,-16.5117879415454,8.72439705878698));
#4724=CARTESIAN_POINT('Ctrl Pts',(-16.6500313810742,-8.0542238222298,8.56860488325799));
#4725=CARTESIAN_POINT('Ctrl Pts',(-18.1210459021838,3.71014569576771,8.412811272026));
#4726=CARTESIAN_POINT('Ctrl Pts',(-12.1433963863121,13.9517676023358,8.25701808730259));
#4727=CARTESIAN_POINT('Ctrl Pts',(-1.17685681421785,18.4586901579421,8.10122690872235));
#4728=CARTESIAN_POINT('Ctrl Pts',(10.2744176991442,15.3808315047968,7.94543293813847));
#4729=CARTESIAN_POINT('Ctrl Pts',(16.3089570219478,7.53263088325272,7.81536599372178));
#4730=CARTESIAN_POINT('Ctrl Pts',(17.2204073848631,1.89180193673756,7.7372312423296));
#4731=CARTESIAN_POINT('Ctrl Pts',(17.2205163516154,-2.35300963713492E-7,
7.71102700448097));
#4732=CARTESIAN_POINT('Origin',(0.,0.,1.62630325872826E-18));
#4733=CARTESIAN_POINT('',(17.2237124586313,-9.10337693352248E-7,10.8080036203575));
#4734=CARTESIAN_POINT('',(17.2241817763572,7.31932021866277E-7,10.7110251298282));
#4735=CARTESIAN_POINT('',(17.225,2.10945411153132E-15,1.62630325872826E-18));
#4736=CARTESIAN_POINT('Ctrl Pts',(17.2259603050687,9.06765776131913E-7,
9.30801791426912));
#4737=CARTESIAN_POINT('Ctrl Pts',(17.2242398255542,1.67894960581136,9.33128472748582));
#4738=CARTESIAN_POINT('Ctrl Pts',(16.5668346866671,6.16957751232107,9.39349992507931));
#4739=CARTESIAN_POINT('Ctrl Pts',(12.7243642219919,12.6315955629422,9.49466268732752));
#4740=CARTESIAN_POINT('Ctrl Pts',(5.28887012766803,17.1299986993371,9.61150759050591));
#4741=CARTESIAN_POINT('Ctrl Pts',(-3.3841207676529,17.6051898021352,9.72835200781969));
#4742=CARTESIAN_POINT('Ctrl Pts',(-11.2634705241023,13.9484229561509,9.84519685435203));
#4743=CARTESIAN_POINT('Ctrl Pts',(-16.5001005562671,7.01301010771,9.96204119729494));
#4744=CARTESIAN_POINT('Ctrl Pts',(-17.8565651531586,-1.56241646924948,10.078886328995));
#4745=CARTESIAN_POINT('Ctrl Pts',(-14.7186093442796,-10.6973828550311,10.2087127104546));
#4746=CARTESIAN_POINT('Ctrl Pts',(-6.19814447303662,-17.4304052611837,10.3515238447746));
#4747=CARTESIAN_POINT('Ctrl Pts',(5.66939856602196,-17.6080952578281,10.507316303884));
#4748=CARTESIAN_POINT('Ctrl Pts',(14.3915203381029,-11.1363109974871,10.6501260207155));
#4749=CARTESIAN_POINT('Ctrl Pts',(17.0233314377719,-4.15919417065812,10.7503555475017));
#4750=CARTESIAN_POINT('Ctrl Pts',(17.2242712326331,-0.674563206993859,10.7986537001013));
#4751=CARTESIAN_POINT('Ctrl Pts',(17.2237124586313,-9.10337693227348E-7,
10.8080036203575));
#4752=CARTESIAN_POINT('Ctrl Pts',(17.2241817763572,7.319320221022E-7,10.7110251298282));
#4753=CARTESIAN_POINT('Ctrl Pts',(17.2226938434607,-1.88017258336251,10.6849700290161));
#4754=CARTESIAN_POINT('Ctrl Pts',(16.4563163234321,-6.57206069698254,10.6199668779943));
#4755=CARTESIAN_POINT('Ctrl Pts',(12.2719074583489,-13.0697617295581,10.5160147852982));
#4756=CARTESIAN_POINT('Ctrl Pts',(4.68641451909306,-17.3045318285708,10.3991704512569));
#4757=CARTESIAN_POINT('Ctrl Pts',(-3.99897447711938,-17.4762562546249,10.2823255955911));
#4758=CARTESIAN_POINT('Ctrl Pts',(-11.7457796658774,-13.5444403025379,10.1654811685391));
#4759=CARTESIAN_POINT('Ctrl Pts',(-16.7341494614088,-6.43220332765197,10.0486363628551));
#4760=CARTESIAN_POINT('Ctrl Pts',(-17.7940024429657,2.19004531208418,9.9317918921858));
#4761=CARTESIAN_POINT('Ctrl Pts',(-14.6743618097978,10.2986835141873,9.81494707917728));
#4762=CARTESIAN_POINT('Ctrl Pts',(-8.11169047067617,15.9879209730433,9.6981026650619));
#4763=CARTESIAN_POINT('Ctrl Pts',(0.360583290868594,17.9254443033235,9.58125779447107));
#4764=CARTESIAN_POINT('Ctrl Pts',(8.73874218375429,15.6495372096617,9.46441345670552));
#4765=CARTESIAN_POINT('Ctrl Pts',(15.4392779252738,9.37363879160191,9.34100816571712));
#4766=CARTESIAN_POINT('Ctrl Pts',(17.2203222424926,3.28068962054783,9.25655119878798));
#4767=CARTESIAN_POINT('Ctrl Pts',(17.2280929001744,7.13939542978936E-6,
9.21104285815394));
#4768=CARTESIAN_POINT('Origin',(0.,0.,1.62630325872826E-18));
#4769=CARTESIAN_POINT('',(17.226152358271,6.80707926067892E-7,12.3080161448822));
#4770=CARTESIAN_POINT('',(17.2236407076087,3.96825246273824E-8,12.2110297520053));
#4771=CARTESIAN_POINT('',(17.225,2.10945411153132E-15,1.62630325872826E-18));
#4772=CARTESIAN_POINT('Ctrl Pts',(17.2237124586313,-9.10337728754484E-7,
10.8080036203575));
#4773=CARTESIAN_POINT('Ctrl Pts',(17.221943592931,2.13540643758019,10.8376019073006));
#4774=CARTESIAN_POINT('Ctrl Pts',(16.30210399898,7.08033854562774,10.9061482884763));
#4775=CARTESIAN_POINT('Ctrl Pts',(11.6776360119372,13.6031825880202,11.0136430513372));
#4776=CARTESIAN_POINT('Ctrl Pts',(3.91327827318665,17.4952840435578,11.1304877054391));
#4777=CARTESIAN_POINT('Ctrl Pts',(-4.77218307256685,17.2814873821694,11.2473322718924));
#4778=CARTESIAN_POINT('Ctrl Pts',(-12.3359460824836,13.0088118893412,11.3641770131789));
#4779=CARTESIAN_POINT('Ctrl Pts',(-17.0037664380281,5.68217896536977,11.4810215028469));
#4780=CARTESIAN_POINT('Ctrl Pts',(-17.6787002500585,-2.97896736747094,11.5978662731464));
#4781=CARTESIAN_POINT('Ctrl Pts',(-14.2027522656457,-10.9404749475687,11.714710770765));
#4782=CARTESIAN_POINT('Ctrl Pts',(-7.39182034825553,-16.3331845335333,11.8315555540905));
#4783=CARTESIAN_POINT('Ctrl Pts',(1.15467545088797,-17.8907357199829,11.9484000172835));
#4784=CARTESIAN_POINT('Ctrl Pts',(9.43011025946553,-15.2474641296889,12.065244802128));
#4785=CARTESIAN_POINT('Ctrl Pts',(15.4912410638114,-9.02401364538867,12.1820892971497));
#4786=CARTESIAN_POINT('Ctrl Pts',(17.1699033180863,-3.24628980886722,12.2630131896842));
#4787=CARTESIAN_POINT('Ctrl Pts',(17.2262888226034,-0.21838363226173,12.3049887711104));
#4788=CARTESIAN_POINT('Ctrl Pts',(17.226152358271,6.80707926498103E-7,12.3080161448822));
#4789=CARTESIAN_POINT('Ctrl Pts',(17.2236407076087,3.96825244886045E-8,
12.2110297520053));
#4790=CARTESIAN_POINT('Ctrl Pts',(17.2235958111707,-1.42385145981472,12.1912997658779));
#4791=CARTESIAN_POINT('Ctrl Pts',(16.703963645109,-5.65850436940575,12.132621571299));
#4792=CARTESIAN_POINT('Ctrl Pts',(13.2708962059746,-12.0537834844875,12.0349951398026));
#4793=CARTESIAN_POINT('Ctrl Pts',(6.04617346392069,-16.8777114278436,11.9181505624883));
#4794=CARTESIAN_POINT('Ctrl Pts',(-2.59866707956639,-17.7386375081635,11.801305862328));
#4795=CARTESIAN_POINT('Ctrl Pts',(-10.6324804683957,-14.4345126030799,11.684461326995));
#4796=CARTESIAN_POINT('Ctrl Pts',(-16.1713760481092,-7.74091984580349,11.5676165086258));
#4797=CARTESIAN_POINT('Ctrl Pts',(-17.6200328280293,-0.648561637527614,
11.4702463383545));
#4798=CARTESIAN_POINT('Ctrl Pts',(-16.6801855320291,4.93561475221788,11.3923494256926));
#4799=CARTESIAN_POINT('Ctrl Pts',(-14.4301223129356,10.1319904627601,11.314453934045));
#4800=CARTESIAN_POINT('Ctrl Pts',(-9.35537308196615,15.2942231100606,11.217082288239));
#4801=CARTESIAN_POINT('Ctrl Pts',(-1.0660229372296,17.8960132019102,11.1002383848433));
#4802=CARTESIAN_POINT('Ctrl Pts',(7.47221363463147,16.2966124034272,10.9833933074089));
#4803=CARTESIAN_POINT('Ctrl Pts',(14.2566394573713,10.8701416400394,10.8665490232478));
#4804=CARTESIAN_POINT('Ctrl Pts',(16.9269005099969,4.67084710564618,10.7757592584264));
#4805=CARTESIAN_POINT('Ctrl Pts',(17.2249180591449,0.930378206113513,10.7239181321307));
#4806=CARTESIAN_POINT('Ctrl Pts',(17.2241817763572,7.319320221022E-7,10.7110251298282));
#4807=CARTESIAN_POINT('Ctrl Pts',(10.8914956255905,-13.2799029423751,-0.0865962663832968));
#4808=CARTESIAN_POINT('Ctrl Pts',(13.0581364596417,-11.5029351988087,-0.0476466294612159));
#4809=CARTESIAN_POINT('Ctrl Pts',(16.5032745204034,-6.87097812955537,0.0302460507785494));
#4810=CARTESIAN_POINT('Ctrl Pts',(17.7952819782734,1.69578910813626,0.147091315026844));
#4811=CARTESIAN_POINT('Ctrl Pts',(14.9091682338968,9.86209541679574,0.263935827007446));
#4812=CARTESIAN_POINT('Ctrl Pts',(8.52216242988271,15.7138619164351,0.380780447059032));
#4813=CARTESIAN_POINT('Ctrl Pts',(0.134161513932636,17.8753389508976,0.497625166856214));
#4814=CARTESIAN_POINT('Ctrl Pts',(-8.28533891899407,15.8399143855993,0.61446966226229));
#4815=CARTESIAN_POINT('Ctrl Pts',(-14.759442248747,10.0850054939598,0.731314429449129));
#4816=CARTESIAN_POINT('Ctrl Pts',(-17.767860787758,1.96222262962459,0.848158930729521));
#4817=CARTESIAN_POINT('Ctrl Pts',(-16.604463416508,-6.62144744253951,0.965003705081063));
#4818=CARTESIAN_POINT('Ctrl Pts',(-11.5419195434256,-13.6501508502865,1.08184818355759));
#4819=CARTESIAN_POINT('Ctrl Pts',(-3.76992055388599,-17.4740962709613,1.19869293667193));
#4820=CARTESIAN_POINT('Ctrl Pts',(4.88853493701273,-17.194360635258,1.31553748880631));
#4821=CARTESIAN_POINT('Ctrl Pts',(12.3967063967199,-12.878563371251,1.4323821560636));
#4822=CARTESIAN_POINT('Ctrl Pts',(16.998739992024,-5.5363885587173,1.54922683845261));
#4823=CARTESIAN_POINT('Ctrl Pts',(17.6004395035499,3.10105915970425,1.6660712124304));
#4824=CARTESIAN_POINT('Ctrl Pts',(13.6957032347229,11.8996083087289,1.79589924672735));
#4825=CARTESIAN_POINT('Ctrl Pts',(4.64018688326681,17.8562648009096,1.93870838834785));
#4826=CARTESIAN_POINT('Ctrl Pts',(-5.83842945312769,17.0847026855876,2.07719082261814));
#4827=CARTESIAN_POINT('Ctrl Pts',(-13.1185296296003,11.9147551286257,2.19836383581855));
#4828=CARTESIAN_POINT('Ctrl Pts',(-16.9230440610149,5.28138147913699,2.30222541694329));
#4829=CARTESIAN_POINT('Ctrl Pts',(-17.5700479758452,-2.34570463199872,2.40608740718944));
#4830=CARTESIAN_POINT('Ctrl Pts',(-14.9454853499976,-9.53154681365782,2.50994941346464));
#4831=CARTESIAN_POINT('Ctrl Pts',(-9.53674460214753,-14.9416653359911,2.61381092923597));
#4832=CARTESIAN_POINT('Ctrl Pts',(-2.34905027088793,-17.5719815443768,2.71767323845683));
#4833=CARTESIAN_POINT('Ctrl Pts',(4.42417220398175,-16.9903027861304,2.80999450287652));
#4834=CARTESIAN_POINT('Ctrl Pts',(11.2376834204651,-13.7320766851408,2.91385677765231));
#4835=CARTESIAN_POINT('Ctrl Pts',(17.0264257639318,-6.7227208154836,3.03502816044043));
#4836=CARTESIAN_POINT('Ctrl Pts',(17.8520962842336,4.63497693014071,3.18505275282851));
#4837=CARTESIAN_POINT('Ctrl Pts',(11.3684552020321,14.5209757464004,3.34084399326049));
#4838=CARTESIAN_POINT('Ctrl Pts',(0.215147243089355,18.4422062123954,3.496636617425));
#4839=CARTESIAN_POINT('Ctrl Pts',(-11.0282069705541,14.7813522693616,3.65243117930614));
#4840=CARTESIAN_POINT('Ctrl Pts',(-17.7378673138282,5.05029428718838,3.80822264629371));
#4841=CARTESIAN_POINT('Ctrl Pts',(-17.1597241861649,-6.76400975733393,3.96401516524883));
#4842=CARTESIAN_POINT('Ctrl Pts',(-10.7987506899602,-14.2798052508532,4.09384364635719));
#4843=CARTESIAN_POINT('Ctrl Pts',(-3.7542916914616,-17.0687938734766,4.19770493121677));
#4844=CARTESIAN_POINT('Ctrl Pts',(2.54199751923305,-17.4163091435348,4.28425657353119));
#4845=CARTESIAN_POINT('Ctrl Pts',(9.18743214835423,-15.1591571057527,4.37946338166458));
#4846=CARTESIAN_POINT('Ctrl Pts',(14.7175117036399,-9.87885022330491,4.48332526655504));
#4847=CARTESIAN_POINT('Ctrl Pts',(17.5143415704703,-2.75000993154545,4.58718720814106));
#4848=CARTESIAN_POINT('Ctrl Pts',(17.0874485053567,4.03001416746716,4.67950843529235));
#4849=CARTESIAN_POINT('Ctrl Pts',(13.9865688749349,10.9234229470066,4.78337107242146));
#4850=CARTESIAN_POINT('Ctrl Pts',(8.0946775845172,16.0070452184648,4.8872320262421));
#4851=CARTESIAN_POINT('Ctrl Pts',(-0.244370795162692,17.7237596749718,5.00263498829573));
#4852=CARTESIAN_POINT('Ctrl Pts',(-7.68160825384958,15.9712258016401,5.10649644219753));
#4853=CARTESIAN_POINT('Ctrl Pts',(-14.7167897165462,10.4632807872497,5.22766932653928));
#4854=CARTESIAN_POINT('Ctrl Pts',(-18.4332325037092,0.64172774881368,5.36615010418042));
#4855=CARTESIAN_POINT('Ctrl Pts',(-15.0320921915292,-10.6855691609958,5.52194509010868));
#4856=CARTESIAN_POINT('Ctrl Pts',(-5.45262360142572,-17.6201714394439,5.67773718750711));
#4857=CARTESIAN_POINT('Ctrl Pts',(5.04651582623604,-17.3378463861964,5.81621914539532));
#4858=CARTESIAN_POINT('Ctrl Pts',(12.5578727995103,-12.5042311920878,5.93739185371046));
#4859=CARTESIAN_POINT('Ctrl Pts',(16.6621627714997,-6.05364833504068,6.04125331476492));
#4860=CARTESIAN_POINT('Ctrl Pts',(17.6595233809428,1.53625423360488,6.14511567218528));
#4861=CARTESIAN_POINT('Ctrl Pts',(15.3673138305079,8.83459158646891,6.24897756306119));
#4862=CARTESIAN_POINT('Ctrl Pts',(10.2133880457175,14.4885673652007,6.35283920172104));
#4863=CARTESIAN_POINT('Ctrl Pts',(3.74134394760364,17.1979659695889,6.44804594519953));
#4864=CARTESIAN_POINT('Ctrl Pts',(-2.56434729701773,17.2881603568626,6.53459764228734));
#4865=CARTESIAN_POINT('Ctrl Pts',(-9.78515064098098,14.9919107920494,6.63845983008386));
#4866=CARTESIAN_POINT('Ctrl Pts',(-16.6497332343039,7.93662510368767,6.7682860292766));
#4867=CARTESIAN_POINT('Ctrl Pts',(-18.0463536750271,-3.81330464359555,6.9240800090814));
#4868=CARTESIAN_POINT('Ctrl Pts',(-13.0253876285112,-12.2840268491126,7.05390768372374));
#4869=CARTESIAN_POINT('Ctrl Pts',(-6.54441191985535,-16.2021705698804,7.1577690341239));
#4870=CARTESIAN_POINT('Ctrl Pts',(0.838478538715026,-17.8848338016751,7.26163043759718));
#4871=CARTESIAN_POINT('Ctrl Pts',(10.3367289504864,-15.2761288296354,7.39145810911096));
#4872=CARTESIAN_POINT('Ctrl Pts',(17.4878430621968,-5.85658592450127,7.54725218038136));
#4873=CARTESIAN_POINT('Ctrl Pts',(17.4513318942014,5.96415979085165,7.70304309836678));
#4874=CARTESIAN_POINT('Ctrl Pts',(10.2435133888762,15.3369014441986,7.85883667175517));
#4875=CARTESIAN_POINT('Ctrl Pts',(-1.17473409526124,18.4050226027221,8.01463064233907));
#4876=CARTESIAN_POINT('Ctrl Pts',(-12.1091222364047,13.9104149385852,8.17042182091927));
#4877=CARTESIAN_POINT('Ctrl Pts',(-18.0687010212211,3.69810524277238,8.32621500564273));
#4878=CARTESIAN_POINT('Ctrl Pts',(-16.6011323176837,-8.03200953511054,8.48200861687468));
#4879=CARTESIAN_POINT('Ctrl Pts',(-8.31259541608188,-16.4644390296776,8.6378007924037));
#4880=CARTESIAN_POINT('Ctrl Pts',(3.39491658780536,-18.1265489454948,8.79359311704405));
#4881=CARTESIAN_POINT('Ctrl Pts',(13.7028041700812,-12.3442910972319,8.94938803316067));
#4882=CARTESIAN_POINT('Ctrl Pts',(18.3855460238871,-1.48128017663379,9.10517882985765));
#4883=CARTESIAN_POINT('Ctrl Pts',(15.7415336426421,9.02185990884459,9.24798940866784));
#4884=CARTESIAN_POINT('Ctrl Pts',(8.7122770657338,15.6047194769571,9.37781719032222));
#4885=CARTESIAN_POINT('Ctrl Pts',(0.358280235133286,17.8734324967474,9.49466152808778));
#4886=CARTESIAN_POINT('Ctrl Pts',(-8.08926295589248,15.9409399706689,9.61150639867861));
#4887=CARTESIAN_POINT('Ctrl Pts',(-14.632484312183,10.2677582733524,9.72835081279397));
#4888=CARTESIAN_POINT('Ctrl Pts',(-17.7425004251066,2.18244058981608,9.84519562580251));
#4889=CARTESIAN_POINT('Ctrl Pts',(-16.6851198836894,-6.41470361731742,9.96204009647175));
#4890=CARTESIAN_POINT('Ctrl Pts',(-11.710732733989,-13.505944355083,10.0788849021558));
#4891=CARTESIAN_POINT('Ctrl Pts',(-3.98614075165075,-17.4258034228544,10.1957293292078));
#4892=CARTESIAN_POINT('Ctrl Pts',(4.67402276108879,-17.2539687987248,10.3125741848736));
#4893=CARTESIAN_POINT('Ctrl Pts',(12.2371984295256,-13.0309604982847,10.4294185189149));
#4894=CARTESIAN_POINT('Ctrl Pts',(16.9264306693244,-5.74822703698782,10.5462637113577));
#4895=CARTESIAN_POINT('Ctrl Pts',(17.6416585807946,2.88459066771556,10.6631077315844));
#4896=CARTESIAN_POINT('Ctrl Pts',(14.2144909940777,10.8395850807989,10.7799527568645));
#4897=CARTESIAN_POINT('Ctrl Pts',(7.44937986476653,16.2498274652469,10.8967970410256));
#4898=CARTESIAN_POINT('Ctrl Pts',(-1.06418253118543,17.8439868503213,11.01364211846));
#4899=CARTESIAN_POINT('Ctrl Pts',(-9.32928657302091,15.2491687311088,11.1304860218557));
#4900=CARTESIAN_POINT('Ctrl Pts',(-14.3889421533786,10.1015662446792,11.2278576676617));
#4901=CARTESIAN_POINT('Ctrl Pts',(-16.6321093157174,4.92011777753815,11.3057531593093));
#4902=CARTESIAN_POINT('Ctrl Pts',(-17.5688368974513,-0.647913768402976,
11.3836500719712));
#4903=CARTESIAN_POINT('Ctrl Pts',(-16.1238884658361,-7.71958152539122,11.4810202422425));
#4904=CARTESIAN_POINT('Ctrl Pts',(-10.6006030337356,-14.3933547751223,11.5978650606117));
#4905=CARTESIAN_POINT('Ctrl Pts',(-2.58988001962171,-17.6873248511769,11.7147095959447));
#4906=CARTESIAN_POINT('Ctrl Pts',(6.02980444923276,-16.8282921482694,11.831554296105));
#4907=CARTESIAN_POINT('Ctrl Pts',(13.2332159358327,-12.0178615970285,11.9483988734193));
#4908=CARTESIAN_POINT('Ctrl Pts',(17.329634618872,-4.38557338337477,12.065243532481));
#4909=CARTESIAN_POINT('Ctrl Pts',(17.3568344601445,4.27644270931182,12.1820881459954));
#4910=CARTESIAN_POINT('Ctrl Pts',(13.3086449280789,11.9343979761596,12.2989327945987));
#4911=CARTESIAN_POINT('Ctrl Pts',(6.13542301206738,16.7899487810249,12.4157774357737));
#4912=CARTESIAN_POINT('Ctrl Pts',(-2.4782763080844,17.7034123327847,12.5326219621211));
#4913=CARTESIAN_POINT('Ctrl Pts',(-10.5103484373889,14.4594846791037,12.649466865385));
#4914=CARTESIAN_POINT('Ctrl Pts',(-16.0739869515051,7.82143616043834,12.7663109136318));
#4915=CARTESIAN_POINT('Ctrl Pts',(-17.8644765607255,-0.655225255213465,
12.8831568330018));
#4916=CARTESIAN_POINT('Ctrl Pts',(-16.2599306377219,-6.20055307446587,12.9610509663145));
#4917=CARTESIAN_POINT('Ctrl Pts',(-14.8529627841704,-8.6238040129174,13.));
#4918=CARTESIAN_POINT('Ctrl Pts',(10.9023423665227,-13.293349407295,-0.0766242570977977));
#4919=CARTESIAN_POINT('Ctrl Pts',(13.0711829438631,-11.5146069951053,-0.0376746201757168));
#4920=CARTESIAN_POINT('Ctrl Pts',(16.5198144781529,-6.87802752002267,0.0402180600640484));
#4921=CARTESIAN_POINT('Ctrl Pts',(17.8131971541692,1.69735116120394,0.157063324312343));
#4922=CARTESIAN_POINT('Ctrl Pts',(14.9242443041112,9.87189271357904,0.273907836292946));
#4923=CARTESIAN_POINT('Ctrl Pts',(8.53086328301336,15.7295986544109,0.390752456344531));
#4924=CARTESIAN_POINT('Ctrl Pts',(0.134442155288135,17.8933176576219,0.507597176141713));
#4925=CARTESIAN_POINT('Ctrl Pts',(-8.29354332298614,15.855914828361,0.624441671547788));
#4926=CARTESIAN_POINT('Ctrl Pts',(-14.7742058568046,10.0952700065479,0.741286438734629));
#4927=CARTESIAN_POINT('Ctrl Pts',(-17.7857166487717,1.96434144353158,0.858130940015019));
#4928=CARTESIAN_POINT('Ctrl Pts',(-16.6212192036229,-6.62797211608877,0.974975714366564));
#4929=CARTESIAN_POINT('Ctrl Pts',(-11.5536404955466,-13.6637866972676,1.09182019284308));
#4930=CARTESIAN_POINT('Ctrl Pts',(-3.77385522880159,-17.4916419306435,1.20866494595743));
#4931=CARTESIAN_POINT('Ctrl Pts',(4.89331172174602,-17.2116955992662,1.3255094980918));
#4932=CARTESIAN_POINT('Ctrl Pts',(12.4090705478349,-12.8916185831717,1.4423541653491));
#4933=CARTESIAN_POINT('Ctrl Pts',(17.0157930936826,-5.5420961384294,1.5591988477381));
#4934=CARTESIAN_POINT('Ctrl Pts',(17.6181683208268,3.10403463669855,1.6760432217159));
#4935=CARTESIAN_POINT('Ctrl Pts',(13.7095762966615,11.9114659146008,1.80587125601285));
#4936=CARTESIAN_POINT('Ctrl Pts',(4.64499979889836,17.8741877506782,1.94868039763335));
#4937=CARTESIAN_POINT('Ctrl Pts',(-5.84416192699062,17.1019351011167,2.08716283190364));
#4938=CARTESIAN_POINT('Ctrl Pts',(-13.1316281747306,11.9268469253367,2.20833584510406));
#4939=CARTESIAN_POINT('Ctrl Pts',(-16.9400227134001,5.28683174274267,2.31219742622879));
#4940=CARTESIAN_POINT('Ctrl Pts',(-17.5877405274585,-2.34792063636281,2.41605941647494));
#4941=CARTESIAN_POINT('Ctrl Pts',(-14.9605955657023,-9.54101214188478,2.51992142275013));
#4942=CARTESIAN_POINT('Ctrl Pts',(-9.54646018525582,-14.9566166557629,2.62378293852147));
#4943=CARTESIAN_POINT('Ctrl Pts',(-2.35155556676608,-17.5896370110824,2.72764524774233));
#4944=CARTESIAN_POINT('Ctrl Pts',(4.42848252672215,-17.0074292595216,2.81996651216203));
#4945=CARTESIAN_POINT('Ctrl Pts',(11.2488755242698,-13.7459803989804,2.9238287869378));
#4946=CARTESIAN_POINT('Ctrl Pts',(17.0434968419819,-6.72962192568536,3.04500016972593));
#4947=CARTESIAN_POINT('Ctrl Pts',(17.8700908347086,4.63949328066293,3.195024762114));
#4948=CARTESIAN_POINT('Ctrl Pts',(11.3800087786643,14.5354889460828,3.35081600254599));
#4949=CARTESIAN_POINT('Ctrl Pts',(0.215514205912759,18.4607546833021,3.5066086267105));
#4950=CARTESIAN_POINT('Ctrl Pts',(-11.0391790204985,14.7963101893504,3.66240318859164));
#4951=CARTESIAN_POINT('Ctrl Pts',(-17.7556679553232,5.05551906324907,3.81819465557922));
#4952=CARTESIAN_POINT('Ctrl Pts',(-17.1770393681319,-6.77067344423872,3.97398717453432));
#4953=CARTESIAN_POINT('Ctrl Pts',(-10.8097297425964,-14.2940802298419,4.10381565564269));
#4954=CARTESIAN_POINT('Ctrl Pts',(-3.75820731634746,-17.0859320144454,4.20767694050227));
#4955=CARTESIAN_POINT('Ctrl Pts',(2.54441248928342,-17.4338482009159,4.29422858281669));
#4956=CARTESIAN_POINT('Ctrl Pts',(9.1965493991698,-15.1744799639386,4.38943539095008));
#4957=CARTESIAN_POINT('Ctrl Pts',(14.7322350083172,-9.88890727474457,4.49329727584053));
#4958=CARTESIAN_POINT('Ctrl Pts',(17.5319356013348,-2.75291893267976,4.59715921742656));
#4959=CARTESIAN_POINT('Ctrl Pts',(17.1046694507896,4.03392779500336,4.68948044457784));
#4960=CARTESIAN_POINT('Ctrl Pts',(14.0007260298025,10.9342966060027,4.79334308170697));
#4961=CARTESIAN_POINT('Ctrl Pts',(8.10295029995289,16.0230798303282,4.89720403552759));
#4962=CARTESIAN_POINT('Ctrl Pts',(-0.244471524628559,17.7415893371373,5.01260699758123));
#4963=CARTESIAN_POINT('Ctrl Pts',(-7.6892043590984,15.987353284705,5.11646845148302));
#4964=CARTESIAN_POINT('Ctrl Pts',(-14.7315078891791,10.4739250266912,5.23764133582478));
#4965=CARTESIAN_POINT('Ctrl Pts',(-18.4517680067008,0.64252403988515,5.37612211346592));
#4966=CARTESIAN_POINT('Ctrl Pts',(-15.0472999248926,-10.696194779529,5.53191709939418));
#4967=CARTESIAN_POINT('Ctrl Pts',(-5.4582515678082,-17.6378500914434,5.68770919679261));
#4968=CARTESIAN_POINT('Ctrl Pts',(5.05144968277333,-17.3553272113136,5.82619115468083));
#4969=CARTESIAN_POINT('Ctrl Pts',(12.5704022806207,-12.5169112317837,5.94736386299596));
#4970=CARTESIAN_POINT('Ctrl Pts',(16.6788730390321,-6.05987324239758,6.05122532405042));
#4971=CARTESIAN_POINT('Ctrl Pts',(17.6772989543526,1.53765533419535,6.15508768147077));
#4972=CARTESIAN_POINT('Ctrl Pts',(15.3828433304988,8.84335215757055,6.25894957234669));
#4973=CARTESIAN_POINT('Ctrl Pts',(10.2237795420435,14.5030575578262,6.36281121100654));
#4974=CARTESIAN_POINT('Ctrl Pts',(3.74524743626698,17.2152340652114,6.45801795448503));
#4975=CARTESIAN_POINT('Ctrl Pts',(-2.56678530136285,17.3055707683919,6.54456965157285));
#4976=CARTESIAN_POINT('Ctrl Pts',(-9.79487128125825,15.0070700613893,6.64843183936936));
#4977=CARTESIAN_POINT('Ctrl Pts',(-16.66641542987,7.94474444079306,6.77825803856209));
#4978=CARTESIAN_POINT('Ctrl Pts',(-18.0645368237779,-3.81699325666114,6.9340520183669));
#4979=CARTESIAN_POINT('Ctrl Pts',(-13.0385899060905,-12.2962760545975,7.06387969300924));
#4980=CARTESIAN_POINT('Ctrl Pts',(-6.55112699738622,-16.2184142606545,7.1677410434094));
#4981=CARTESIAN_POINT('Ctrl Pts',(0.839176477036285,-17.9028302127489,7.27160244688267));
#4982=CARTESIAN_POINT('Ctrl Pts',(10.347001163947,-15.2915788188806,7.40143011839647));
#4983=CARTESIAN_POINT('Ctrl Pts',(17.5053856725776,-5.8626196047708,7.55722418966685));
#4984=CARTESIAN_POINT('Ctrl Pts',(17.468934029894,5.97001643134468,7.71301510765229));
#4985=CARTESIAN_POINT('Ctrl Pts',(10.2539421762771,15.352244458924,7.86880868104066));
#4986=CARTESIAN_POINT('Ctrl Pts',(-1.17576549923048,18.4235451442118,8.02460265162457));
#4987=CARTESIAN_POINT('Ctrl Pts',(-12.1211886192974,13.9245054233817,8.18039383020477));
#4988=CARTESIAN_POINT('Ctrl Pts',(-18.0868454839506,3.70197298330363,8.33618701492822));
#4989=CARTESIAN_POINT('Ctrl Pts',(-16.6178960863437,-8.03995332116576,8.49198062616018));
#4990=CARTESIAN_POINT('Ctrl Pts',(-8.32109108964341,-16.4809319904824,8.64777280168919));
#4991=CARTESIAN_POINT('Ctrl Pts',(3.39818304308485,-18.1448093913799,8.80356512632956));
#4992=CARTESIAN_POINT('Ctrl Pts',(13.7164869189882,-12.3568194267705,8.95936004244616));
#4993=CARTESIAN_POINT('Ctrl Pts',(18.404026817493,-1.48292026280072,9.11515083914315));
#4994=CARTESIAN_POINT('Ctrl Pts',(15.7574412861196,9.03080595390423,9.25796141795335));
#4995=CARTESIAN_POINT('Ctrl Pts',(8.72116765659993,15.6203444898151,9.38778919960772));
#4996=CARTESIAN_POINT('Ctrl Pts',(0.358786602518857,17.8914076594084,9.50463353737327));
#4997=CARTESIAN_POINT('Ctrl Pts',(-8.09726946998428,15.9570403283846,9.62147840796411));
#4998=CARTESIAN_POINT('Ctrl Pts',(-14.647118648095,10.2782056162534,9.73832282207948));
#4999=CARTESIAN_POINT('Ctrl Pts',(-17.7603290119678,2.18478069875948,9.855167635088));
#5000=CARTESIAN_POINT('Ctrl Pts',(-16.7019551102851,-6.42101970797091,9.97201210575725));
#5001=CARTESIAN_POINT('Ctrl Pts',(-11.7226222811854,-13.5194336933442,10.0888569114413));
#5002=CARTESIAN_POINT('Ctrl Pts',(-3.99029259152076,-17.4432989046875,10.2057013384933));
#5003=CARTESIAN_POINT('Ctrl Pts',(4.67858343591948,-17.2713616539197,10.3225461941591));
#5004=CARTESIAN_POINT('Ctrl Pts',(12.2494006418518,-13.044168259882,10.4393905282004));
#5005=CARTESIAN_POINT('Ctrl Pts',(16.9434093937063,-5.7541466771325,10.5562357206432));
#5006=CARTESIAN_POINT('Ctrl Pts',(17.6594270994236,2.88734797746783,10.6730797408699));
#5007=CARTESIAN_POINT('Ctrl Pts',(14.2288772511809,10.8503721809532,10.78992476615));
#5008=CARTESIAN_POINT('Ctrl Pts',(7.4570054984948,16.2661115326795,10.9067690503111));
#5009=CARTESIAN_POINT('Ctrl Pts',(-1.06510715890745,17.8619441994716,11.0236141277455));
#5010=CARTESIAN_POINT('Ctrl Pts',(-9.33854619322898,15.2645830465488,11.1404580311412));
#5011=CARTESIAN_POINT('Ctrl Pts',(-14.4033325317161,10.1118450388492,11.2378296769472));
#5012=CARTESIAN_POINT('Ctrl Pts',(-16.6487986985534,4.92520251430538,11.3157251685948));
#5013=CARTESIAN_POINT('Ctrl Pts',(-17.5865139151506,-0.648422717643544,
11.3936220812567));
#5014=CARTESIAN_POINT('Ctrl Pts',(-16.1401698147376,-7.72721429265308,11.490992251528));
#5015=CARTESIAN_POINT('Ctrl Pts',(-10.6113832335383,-14.4077460585259,11.6078370698972));
#5016=CARTESIAN_POINT('Ctrl Pts',(-2.59262947586347,-17.7050945249086,11.7246816052302));
#5017=CARTESIAN_POINT('Ctrl Pts',(6.03573216489092,-16.8452682645209,11.8415263053906));
#5018=CARTESIAN_POINT('Ctrl Pts',(13.2464285418409,-12.0300578802078,11.9583708827048));
#5019=CARTESIAN_POINT('Ctrl Pts',(17.3470299140616,-4.39012610297204,12.0752155417665));
#5020=CARTESIAN_POINT('Ctrl Pts',(17.3743279042658,4.28060241281665,12.1920601552809));
#5021=CARTESIAN_POINT('Ctrl Pts',(13.3221288682607,11.9462937556247,12.3089048038842));
#5022=CARTESIAN_POINT('Ctrl Pts',(6.14173161594556,16.8067866756646,12.4257494450593));
#5023=CARTESIAN_POINT('Ctrl Pts',(-2.48062487509077,17.7212402196465,12.5425939714065));
#5024=CARTESIAN_POINT('Ctrl Pts',(-10.5208016681413,14.4741135733,12.6594388746705));
#5025=CARTESIAN_POINT('Ctrl Pts',(-16.0900924225854,7.82943676991543,12.7762829229173));
#5026=CARTESIAN_POINT('Ctrl Pts',(-17.8824484597579,-0.655742958343723,
12.8931288422873));
#5027=CARTESIAN_POINT('Ctrl Pts',(-16.2763402399917,-6.20665046574376,12.9710229756));
#5028=CARTESIAN_POINT('Ctrl Pts',(-14.8679729900016,-8.63235696144988,13.0099720092855));
#5029=CARTESIAN_POINT('Ctrl Pts',(10.9177677305859,-13.3127480800311,-0.0498802321276961));
#5030=CARTESIAN_POINT('Ctrl Pts',(13.0897652191662,-11.5314957490991,-0.0109305952056153));
#5031=CARTESIAN_POINT('Ctrl Pts',(16.5434816681698,-6.88829662391215,0.0669620850341499));
#5032=CARTESIAN_POINT('Ctrl Pts',(17.8389076454114,1.69940764183059,0.183807349282445));
#5033=CARTESIAN_POINT('Ctrl Pts',(14.9459723958125,9.88579823423887,0.300651861263048));
#5034=CARTESIAN_POINT('Ctrl Pts',(8.5435015671143,15.7520850144016,0.417496481314632));
#5035=CARTESIAN_POINT('Ctrl Pts',(0.135025916695273,17.9191065279864,0.534341201111815));
#5036=CARTESIAN_POINT('Ctrl Pts',(-8.30515257474504,15.8789500436424,0.651185696517889));
#5037=CARTESIAN_POINT('Ctrl Pts',(-14.7952815319337,10.1101431647025,0.768030463704731));
#5038=CARTESIAN_POINT('Ctrl Pts',(-17.8113103224229,1.96756010251643,0.88487496498512));
#5039=CARTESIAN_POINT('Ctrl Pts',(-16.6453213943131,-6.63716374216465,1.00171973933667));
#5040=CARTESIAN_POINT('Ctrl Pts',(-11.5705915068707,-13.683230158877,1.11856421781318));
#5041=CARTESIAN_POINT('Ctrl Pts',(-3.77967575822996,-17.5167722629147,1.23540897092753));
#5042=CARTESIAN_POINT('Ctrl Pts',(4.89999015906298,-17.2366111676272,1.35225352306191));
#5043=CARTESIAN_POINT('Ctrl Pts',(12.4266763182806,-12.9104708095516,1.4690981903192));
#5044=CARTESIAN_POINT('Ctrl Pts',(17.0401990249271,-5.55045509221778,1.58594287270821));
#5045=CARTESIAN_POINT('Ctrl Pts',(17.6436308313358,3.10812521729058,1.702787246686));
#5046=CARTESIAN_POINT('Ctrl Pts',(13.7295967174005,11.9283364407088,1.83261528098296));
#5047=CARTESIAN_POINT('Ctrl Pts',(4.65208465783347,17.8998505312926,1.97542442260345));
#5048=CARTESIAN_POINT('Ctrl Pts',(-5.85221421177596,17.1267131713279,2.11390685687374));
#5049=CARTESIAN_POINT('Ctrl Pts',(-13.1502958090542,11.9443240647255,2.23507987007415));
#5050=CARTESIAN_POINT('Ctrl Pts',(-16.9643255178768,5.29482137525719,2.33894145119889));
#5051=CARTESIAN_POINT('Ctrl Pts',(-17.6131420769318,-2.35092193659331,2.44280344144504));
#5052=CARTESIAN_POINT('Ctrl Pts',(-14.982368422791,-9.55443883924666,2.54666544772024));
#5053=CARTESIAN_POINT('Ctrl Pts',(-9.56054483183056,-14.9779672843833,2.65052696349157));
#5054=CARTESIAN_POINT('Ctrl Pts',(-2.35532945752893,-17.6149399057657,2.75438927271243));
#5055=CARTESIAN_POINT('Ctrl Pts',(4.4344968213414,-17.0320395273976,2.84671053713212));
#5056=CARTESIAN_POINT('Ctrl Pts',(11.2647893897877,-13.7660395815248,2.95057281190791));
#5057=CARTESIAN_POINT('Ctrl Pts',(17.0679170977282,-6.73969315396899,3.07174419469603));
#5058=CARTESIAN_POINT('Ctrl Pts',(17.8959497960581,4.64579155483936,3.2217687870841));
#5059=CARTESIAN_POINT('Ctrl Pts',(11.3967285053611,14.5561926478693,3.3775600275161));
#5060=CARTESIAN_POINT('Ctrl Pts',(0.216226865281305,18.4873593718715,3.5333526516806));
#5061=CARTESIAN_POINT('Ctrl Pts',(-11.0547688183165,14.8178780846956,3.68914721356174));
#5062=CARTESIAN_POINT('Ctrl Pts',(-17.7811507848272,5.06319263500162,3.84493868054931));
#5063=CARTESIAN_POINT('Ctrl Pts',(-17.2019462086929,-6.78005845453794,4.00073119950443));
#5064=CARTESIAN_POINT('Ctrl Pts',(-10.8256215525975,-14.3144487741567,4.13055968061279));
#5065=CARTESIAN_POINT('Ctrl Pts',(-3.76399648399648,-17.1104778553999,4.23442096547237));
#5066=CARTESIAN_POINT('Ctrl Pts',(2.5477000015727,-17.4590328272983,4.32097260778679));
#5067=CARTESIAN_POINT('Ctrl Pts',(9.2094752042785,-15.1965528983056,4.41617941592018));
#5068=CARTESIAN_POINT('Ctrl Pts',(14.7532544238443,-9.90348173679177,4.52004130081063));
#5069=CARTESIAN_POINT('Ctrl Pts',(17.5571468357605,-2.7572689190784,4.62390324239667));
#5070=CARTESIAN_POINT('Ctrl Pts',(17.1294113220055,4.03937049565266,4.71622446954794));
#5071=CARTESIAN_POINT('Ctrl Pts',(14.0211455210087,10.9497518491489,4.82008710667707));
#5072=CARTESIAN_POINT('Ctrl Pts',(8.11497891475566,16.0459992319923,4.9239480604977));
#5073=CARTESIAN_POINT('Ctrl Pts',(-0.244438068707101,17.7671673081807,5.03935102255133));
#5074=CARTESIAN_POINT('Ctrl Pts',(-7.69993959832994,16.0105649461574,5.14321247645313));
#5075=CARTESIAN_POINT('Ctrl Pts',(-14.7525130218754,10.4893436117591,5.26438536079487));
#5076=CARTESIAN_POINT('Ctrl Pts',(-18.4783510647033,0.643851560771329,5.40286613843602));
#5077=CARTESIAN_POINT('Ctrl Pts',(-15.0692215841542,-10.7112843812956,5.55866112436428));
#5078=CARTESIAN_POINT('Ctrl Pts',(-5.46650379756358,-17.6631547600129,5.71445322176271));
#5079=CARTESIAN_POINT('Ctrl Pts',(5.05835383033682,-17.3804529231372,5.85293517965092));
#5080=CARTESIAN_POINT('Ctrl Pts',(12.5882485335017,-12.5352268172862,5.97410788796606));
#5081=CARTESIAN_POINT('Ctrl Pts',(16.7027821420001,-6.06897147437219,6.07796934902052));
#5082=CARTESIAN_POINT('Ctrl Pts',(17.7028124488231,1.53948674049749,6.18183170644087));
#5083=CARTESIAN_POINT('Ctrl Pts',(15.4052087109251,8.85576442486525,6.28569359731679));
#5084=CARTESIAN_POINT('Ctrl Pts',(10.2388319474244,14.5237394732239,6.38955523597664));
#5085=CARTESIAN_POINT('Ctrl Pts',(3.75102096559546,17.239966672482,6.48476197945512));
#5086=CARTESIAN_POINT('Ctrl Pts',(-2.57010852203908,17.3305708867958,6.57131367654295));
#5087=CARTESIAN_POINT('Ctrl Pts',(-9.8086620656023,15.0289150476483,6.67517586433946));
#5088=CARTESIAN_POINT('Ctrl Pts',(-16.6902657979392,7.95655854912522,6.8050020635322));
#5089=CARTESIAN_POINT('Ctrl Pts',(-18.0906582689485,-3.82210129130781,6.96079604333699));
#5090=CARTESIAN_POINT('Ctrl Pts',(-13.0576511136448,-12.3137165939272,7.09062371797934));
#5091=CARTESIAN_POINT('Ctrl Pts',(-6.56092290764261,-16.2416488022032,7.1944850683795));
#5092=CARTESIAN_POINT('Ctrl Pts',(0.839995451963124,-17.9286537074679,7.29834647185278));
#5093=CARTESIAN_POINT('Ctrl Pts',(10.3615828336012,-15.3138454689515,7.42817414336656));
#5094=CARTESIAN_POINT('Ctrl Pts',(17.5304901144155,-5.87145117641541,7.58396821463696));
#5095=CARTESIAN_POINT('Ctrl Pts',(17.4942439456379,5.97824119326666,7.73975913262237));
#5096=CARTESIAN_POINT('Ctrl Pts',(10.2690564646363,15.3741500558427,7.89555270601078));
#5097=CARTESIAN_POINT('Ctrl Pts',(-1.1770589891504,18.4501263266078,8.05134667659465));
#5098=CARTESIAN_POINT('Ctrl Pts',(-12.1383570454871,13.9448405584752,8.20713785517489));
#5099=CARTESIAN_POINT('Ctrl Pts',(-18.1128351350752,3.70770225744022,8.36293103989832));
#5100=CARTESIAN_POINT('Ctrl Pts',(-16.6420244831916,-8.05117989950827,8.51872465113029));
#5101=CARTESIAN_POINT('Ctrl Pts',(-8.33344406322769,-16.5045065165995,8.67451682665929));
#5102=CARTESIAN_POINT('Ctrl Pts',(3.40268655475342,-18.1710373573388,8.83030915129967));
#5103=CARTESIAN_POINT('Ctrl Pts',(13.735988188245,-12.3749294569732,8.98610406741625));
#5104=CARTESIAN_POINT('Ctrl Pts',(18.4305226106424,-1.4854584797548,9.14189486411327));
#5105=CARTESIAN_POINT('Ctrl Pts',(15.7803504203451,9.04348003862819,9.28470544292343));
#5106=CARTESIAN_POINT('Ctrl Pts',(8.73407867838873,15.6426697554637,9.41453322457783));
#5107=CARTESIAN_POINT('Ctrl Pts',(0.3596932730884,17.9171886164896,9.53137756234337));
#5108=CARTESIAN_POINT('Ctrl Pts',(-8.10859339424036,15.9802171694718,9.64822243293421));
#5109=CARTESIAN_POINT('Ctrl Pts',(-14.6680072621116,10.2933396318835,9.76506684704958));
#5110=CARTESIAN_POINT('Ctrl Pts',(-17.7858812473106,2.18831655439835,9.8819116600581));
#5111=CARTESIAN_POINT('Ctrl Pts',(-16.7261691693455,-6.42991123305746,9.99875613072736));
#5112=CARTESIAN_POINT('Ctrl Pts',(-11.7398137599661,-13.5386655117404,10.1156009364114));
#5113=CARTESIAN_POINT('Ctrl Pts',(-3.99642394326656,-17.468354621328,10.2324453634634));
#5114=CARTESIAN_POINT('Ctrl Pts',(4.6849508669625,-17.2963589750686,10.3492902191292));
#5115=CARTESIAN_POINT('Ctrl Pts',(12.2667732837625,-13.0632361341909,10.4661345531705));
#5116=CARTESIAN_POINT('Ctrl Pts',(16.9677062577333,-5.76281028475172,10.5829797456133));
#5117=CARTESIAN_POINT('Ctrl Pts',(17.6849443509431,2.8911254545197,10.69982376584));
#5118=CARTESIAN_POINT('Ctrl Pts',(14.2496230562393,10.8657019870121,10.8166687911201));
#5119=CARTESIAN_POINT('Ctrl Pts',(7.4681083206261,16.2893953301294,10.9335130752812));
#5120=CARTESIAN_POINT('Ctrl Pts',(-1.06625358832063,17.8877134357181,11.0503581527156));
#5121=CARTESIAN_POINT('Ctrl Pts',(-9.35167414357377,15.2867892719254,11.1672020561113));
#5122=CARTESIAN_POINT('Ctrl Pts',(-14.4238738429295,10.1267331346318,11.2645737019173));
#5123=CARTESIAN_POINT('Ctrl Pts',(-16.6726890387916,4.93266424261973,11.3424691935649));
#5124=CARTESIAN_POINT('Ctrl Pts',(-17.6118773029028,-0.648973476112216,
11.4203661062268));
#5125=CARTESIAN_POINT('Ctrl Pts',(-16.1636025757235,-7.73800138060575,11.517736276498));
#5126=CARTESIAN_POINT('Ctrl Pts',(-10.6269922593799,-14.4282821209328,11.6345810948673));
#5127=CARTESIAN_POINT('Ctrl Pts',(-2.59675204122623,-17.7305583827923,11.7514256302003));
#5128=CARTESIAN_POINT('Ctrl Pts',(6.04406528571928,-16.8696804768819,11.8682703303607));
#5129=CARTESIAN_POINT('Ctrl Pts',(13.2652600183777,-12.047686505339,11.9851149076749));
#5130=CARTESIAN_POINT('Ctrl Pts',(17.371938423309,-4.39683182492938,12.1019595667366));
#5131=CARTESIAN_POINT('Ctrl Pts',(17.3994644787389,4.28639425250402,12.2188041802511));
#5132=CARTESIAN_POINT('Ctrl Pts',(13.3415916883977,11.9632228924346,12.3356488288543));
#5133=CARTESIAN_POINT('Ctrl Pts',(6.15095008366608,16.8308786959924,12.4524934700294));
#5134=CARTESIAN_POINT('Ctrl Pts',(-2.4838141381285,17.7468369400822,12.5693379963766));
#5135=CARTESIAN_POINT('Ctrl Pts',(-10.5356520420666,14.4952071802059,12.6861828996406));
#5136=CARTESIAN_POINT('Ctrl Pts',(-16.1131126223562,7.84106963655455,12.8030269478874));
#5137=CARTESIAN_POINT('Ctrl Pts',(-17.9082420149549,-0.656292660792247,
12.9198728672574));
#5138=CARTESIAN_POINT('Ctrl Pts',(-16.2999310067899,-6.21525142694008,12.9977670005701));
#5139=CARTESIAN_POINT('Ctrl Pts',(-14.8895919236401,-8.64447604015798,13.0367160342556));
#5140=CARTESIAN_POINT('Ctrl Pts',(10.9224304540131,-13.3192018537425,-0.0149591230040677));
#5141=CARTESIAN_POINT('Ctrl Pts',(13.0954844226355,-11.5371858728765,0.0239905139180133));
#5142=CARTESIAN_POINT('Ctrl Pts',(16.5509206614174,-6.89194623408586,0.101883194157778));
#5143=CARTESIAN_POINT('Ctrl Pts',(17.8471909690131,1.69968827294078,0.218728458406074));
#5144=CARTESIAN_POINT('Ctrl Pts',(14.9531503647453,9.88993799055798,0.335572970386676));
#5145=CARTESIAN_POINT('Ctrl Pts',(8.5478910870727,15.7591144383864,0.452417590438261));
#5146=CARTESIAN_POINT('Ctrl Pts',(0.135595097591338,17.9273737434197,0.569262310235443));
#5147=CARTESIAN_POINT('Ctrl Pts',(-8.30853673841837,15.8865145614352,0.686106805641518));
#5148=CARTESIAN_POINT('Ctrl Pts',(-14.8018247746847,10.1152284250784,0.802951572828359));
#5149=CARTESIAN_POINT('Ctrl Pts',(-17.819476039872,1.96897226965631,0.919796074108749));
#5150=CARTESIAN_POINT('Ctrl Pts',(-16.6531924058286,-6.63975639370759,1.03664084846029));
#5151=CARTESIAN_POINT('Ctrl Pts',(-11.5763194508741,-13.6892187284183,1.15348532693681));
#5152=CARTESIAN_POINT('Ctrl Pts',(-3.78191601999704,-17.5247507796734,1.27033008005116));
#5153=CARTESIAN_POINT('Ctrl Pts',(4.90176422321395,-17.2447059413328,1.38717463218554));
#5154=CARTESIAN_POINT('Ctrl Pts',(12.4320469738147,-12.9167816797727,1.50401929944283));
#5155=CARTESIAN_POINT('Ctrl Pts',(17.0479074636239,-5.5534992163725,1.62086398183184));
#5156=CARTESIAN_POINT('Ctrl Pts',(17.6518627733795,3.10906064124712,1.73770835580963));
#5157=CARTESIAN_POINT('Ctrl Pts',(13.7362715736047,11.9334539746096,1.86753639010658));
#5158=CARTESIAN_POINT('Ctrl Pts',(4.65473830467772,17.9079811816198,2.01034553172708));
#5159=CARTESIAN_POINT('Ctrl Pts',(-5.85443052413803,17.1347841536869,2.14882796599737));
#5160=CARTESIAN_POINT('Ctrl Pts',(-13.1560280911806,11.9502095398471,2.27000097919778));
#5161=CARTESIAN_POINT('Ctrl Pts',(-16.9720059370671,5.29774523700047,2.37386256032252));
#5162=CARTESIAN_POINT('Ctrl Pts',(-17.621338800262,-2.35150874149601,2.47772455056867));
#5163=CARTESIAN_POINT('Ctrl Pts',(-14.9895540071433,-9.55842509386382,2.58158655684387));
#5164=CARTESIAN_POINT('Ctrl Pts',(-9.56538219847568,-14.9846103630258,2.68544807261519));
#5165=CARTESIAN_POINT('Ctrl Pts',(-2.35691445711079,-17.6230038928975,2.78931038183607));
#5166=CARTESIAN_POINT('Ctrl Pts',(4.436061187853,-17.0400270239561,2.88163164625575));
#5167=CARTESIAN_POINT('Ctrl Pts',(11.2695999660154,-13.7727121751484,2.98549392103154));
#5168=CARTESIAN_POINT('Ctrl Pts',(17.075604572365,-6.74328700846651,3.10666530381965));
#5169=CARTESIAN_POINT('Ctrl Pts',(17.9043417580136,4.64742961677068,3.25668989620774));
#5170=CARTESIAN_POINT('Ctrl Pts',(11.4024008937349,14.5625890887763,3.41248113663972));
#5171=CARTESIAN_POINT('Ctrl Pts',(0.21684974478206,18.4958867253518,3.56827376080424));
#5172=CARTESIAN_POINT('Ctrl Pts',(-11.0594522252479,14.8250305354092,3.72406832268537));
#5173=CARTESIAN_POINT('Ctrl Pts',(-17.7892150887274,5.06603287280914,3.87985978967294));
#5174=CARTESIAN_POINT('Ctrl Pts',(-17.2100780266171,-6.78270140499511,4.03565230862806));
#5175=CARTESIAN_POINT('Ctrl Pts',(-10.831023772843,-14.3207496149289,4.16548078973642));
#5176=CARTESIAN_POINT('Ctrl Pts',(-3.76621800080727,-17.1182692946429,4.269342074596));
#5177=CARTESIAN_POINT('Ctrl Pts',(2.5483821577499,-17.4671637151834,4.35589371691042));
#5178=CARTESIAN_POINT('Ctrl Pts',(9.21329604583032,-15.203827897593,4.45110052504381));
#5179=CARTESIAN_POINT('Ctrl Pts',(14.7597842253347,-9.9084705618495,4.55496240993426));
#5180=CARTESIAN_POINT('Ctrl Pts',(17.5651726593176,-2.75903832398753,4.6588243515203));
#5181=CARTESIAN_POINT('Ctrl Pts',(17.13743257323,4.04075005701107,4.75114557867157));
#5182=CARTESIAN_POINT('Ctrl Pts',(14.0279269662571,10.9544096338031,4.8550082158007));
#5183=CARTESIAN_POINT('Ctrl Pts',(8.11917862741149,16.0531761447391,4.95886916962133));
#5184=CARTESIAN_POINT('Ctrl Pts',(-0.244047974953859,17.7753753197322,5.07427213167496));
#5185=CARTESIAN_POINT('Ctrl Pts',(-7.70304070589297,16.0181730259802,5.17813358557675));
#5186=CARTESIAN_POINT('Ctrl Pts',(-14.7590261251924,10.4946024527168,5.29930646991851));
#5187=CARTESIAN_POINT('Ctrl Pts',(-18.486861887582,0.644671757758101,5.43778724755964));
#5188=CARTESIAN_POINT('Ctrl Pts',(-15.0764805719181,-10.7158022811198,5.59358223348791));
#5189=CARTESIAN_POINT('Ctrl Pts',(-5.46952654075013,-17.6711530021683,5.74937433088634));
#5190=CARTESIAN_POINT('Ctrl Pts',(5.06019652935479,-17.3886187132448,5.88785628877455));
#5191=CARTESIAN_POINT('Ctrl Pts',(12.5937044816916,-12.5413690751096,6.00902899708969));
#5192=CARTESIAN_POINT('Ctrl Pts',(16.7103201280536,-6.07224526373966,6.11289045814415));
#5193=CARTESIAN_POINT('Ctrl Pts',(17.7110273858453,1.53969647588508,6.21675281556451));
#5194=CARTESIAN_POINT('Ctrl Pts',(15.4125701007016,8.85941605135065,6.32061470644042));
#5195=CARTESIAN_POINT('Ctrl Pts',(10.2439689620037,14.53015379065,6.42447634510026));
#5196=CARTESIAN_POINT('Ctrl Pts',(3.75324005749437,17.2478182027753,6.51968308857876));
#5197=CARTESIAN_POINT('Ctrl Pts',(-2.57080436468324,17.338643151543,6.60623478566657));
#5198=CARTESIAN_POINT('Ctrl Pts',(-9.81276470251154,15.0361294829476,6.71009697346309));
#5199=CARTESIAN_POINT('Ctrl Pts',(-16.6977444799085,7.96070357379461,6.83992317265583));
#5200=CARTESIAN_POINT('Ctrl Pts',(-18.0991167496229,-3.82335383957291,6.99571715246062));
#5201=CARTESIAN_POINT('Ctrl Pts',(-13.0640268993785,-12.3190307020111,7.12554482710298));
#5202=CARTESIAN_POINT('Ctrl Pts',(-6.56441089742516,-16.2489600841974,7.22940617750312));
#5203=CARTESIAN_POINT('Ctrl Pts',(0.839876243146204,-17.9369530448449,7.33326758097641));
#5204=CARTESIAN_POINT('Ctrl Pts',(10.3659320849104,-15.3212072593368,7.46309525249019));
#5205=CARTESIAN_POINT('Ctrl Pts',(17.5384158728576,-5.87465736092364,7.61888932376058));
#5206=CARTESIAN_POINT('Ctrl Pts',(17.5024880955751,5.98050568901548,7.77468024174601));
#5207=CARTESIAN_POINT('Ctrl Pts',(10.2742315276768,15.3809559148243,7.9304738151344));
#5208=CARTESIAN_POINT('Ctrl Pts',(-1.17708030512764,18.4586759893256,8.08626778571829));
#5209=CARTESIAN_POINT('Ctrl Pts',(-12.1435653083417,13.9516205568504,8.24205896429851));
#5210=CARTESIAN_POINT('Ctrl Pts',(-18.1210908948822,3.7099264274036,8.39785214902195));
#5211=CARTESIAN_POINT('Ctrl Pts',(-16.6499338738377,-8.05442548727166,8.55364576025391));
#5212=CARTESIAN_POINT('Ctrl Pts',(-8.33775760673785,-16.5118889202185,8.70943793578292));
#5213=CARTESIAN_POINT('Ctrl Pts',(3.40374284059922,-18.1795210969101,8.86523026042329));
#5214=CARTESIAN_POINT('Ctrl Pts',(13.7419786431955,-12.3810300933589,9.02102517653989));
#5215=CARTESIAN_POINT('Ctrl Pts',(18.4389876116193,-1.48666562782999,9.17681597323688));
#5216=CARTESIAN_POINT('Ctrl Pts',(15.78789040174,9.04720779305169,9.31962655204707));
#5217=CARTESIAN_POINT('Ctrl Pts',(8.73855271312365,15.6496430555427,9.44945433370145));
#5218=CARTESIAN_POINT('Ctrl Pts',(0.360366287231613,17.9254487081062,9.56629867146701));
#5219=CARTESIAN_POINT('Ctrl Pts',(-8.11188405891092,15.9878228101394,9.68314354205783));
#5220=CARTESIAN_POINT('Ctrl Pts',(-14.6744865270362,10.298505877026,9.79998795617321));
#5221=CARTESIAN_POINT('Ctrl Pts',(-17.7940290003896,2.18982989653058,9.91683276918173));
#5222=CARTESIAN_POINT('Ctrl Pts',(-16.7340716342352,-6.43240595060745,10.033677239851));
#5223=CARTESIAN_POINT('Ctrl Pts',(-11.7456157059898,-13.5445825178809,10.150522045535));
#5224=CARTESIAN_POINT('Ctrl Pts',(-3.998762926574,-17.4763047525819,10.2673664725871));
#5225=CARTESIAN_POINT('Ctrl Pts',(4.686624069861,-17.3044750579906,10.3842113282528));
#5226=CARTESIAN_POINT('Ctrl Pts',(12.2720656554988,-13.069613324839,10.5010556622941));
#5227=CARTESIAN_POINT('Ctrl Pts',(16.9753752796216,-5.76595012486616,10.6179008547369));
#5228=CARTESIAN_POINT('Ctrl Pts',(17.6931892270894,2.89195949011728,10.7347448749636));
#5229=CARTESIAN_POINT('Ctrl Pts',(14.2565078956305,10.8703142894854,10.8515899002437));
#5230=CARTESIAN_POINT('Ctrl Pts',(7.47201634262735,16.2967028829428,10.9684341844049));
#5231=CARTESIAN_POINT('Ctrl Pts',(-1.0662395777823,17.8960003804401,11.0852792618392));
#5232=CARTESIAN_POINT('Ctrl Pts',(-9.35555831794228,15.2941098072565,11.2021231652349));
#5233=CARTESIAN_POINT('Ctrl Pts',(-14.4302449254243,10.1318159247865,11.2994948110409));
#5234=CARTESIAN_POINT('Ctrl Pts',(-16.6802453367328,4.93541282441685,11.3773903026885));
#5235=CARTESIAN_POINT('Ctrl Pts',(-17.6200250233404,-0.648775123560019,
11.4552872153505));
#5236=CARTESIAN_POINT('Ctrl Pts',(-16.1712823697321,-7.74111555704312,11.5526573856217));
#5237=CARTESIAN_POINT('Ctrl Pts',(-10.6323057405754,-14.4346414074358,11.6695022039909));
#5238=CARTESIAN_POINT('Ctrl Pts',(-2.59845232818237,-17.7386689916899,11.786346739324));
#5239=CARTESIAN_POINT('Ctrl Pts',(6.04637781126773,-16.8776382794217,11.9031914394843));
#5240=CARTESIAN_POINT('Ctrl Pts',(13.2710421734961,-12.0536228460471,12.0200360167985));
#5241=CARTESIAN_POINT('Ctrl Pts',(17.3798326076109,-4.39935283746397,12.1368806758603));
#5242=CARTESIAN_POINT('Ctrl Pts',(17.4076170921106,4.28788043674062,12.2537252893747));
#5243=CARTESIAN_POINT('Ctrl Pts',(13.348088387344,11.9683675199456,12.3705699379779));
#5244=CARTESIAN_POINT('Ctrl Pts',(6.1542655720458,16.8384733455969,12.487414579153));
#5245=CARTESIAN_POINT('Ctrl Pts',(-2.48445867977656,17.7550992003066,12.6042591055003));
#5246=CARTESIAN_POINT('Ctrl Pts',(-10.5401046411261,14.5021953820684,12.7211040087642));
#5247=CARTESIAN_POINT('Ctrl Pts',(-16.1203290145958,7.84514611837615,12.837948057011));
#5248=CARTESIAN_POINT('Ctrl Pts',(-17.9165252572934,-0.656091571702987,
12.954793976381));
#5249=CARTESIAN_POINT('Ctrl Pts',(-16.3076328579853,-6.21765509723453,13.0326881096937));
#5250=CARTESIAN_POINT('Ctrl Pts',(-14.8967092121989,-8.6480448478645,13.0716371433792));
#5251=CARTESIAN_POINT('Ctrl Pts',(10.9222692001136,-13.3193340869673,-2.60208521396521E-17));
#5252=CARTESIAN_POINT('Ctrl Pts',(13.095343298653,-11.5373455775518,0.038949636922081));
#5253=CARTESIAN_POINT('Ctrl Pts',(16.5508381225887,-6.89214579547474,0.116842317161846));
#5254=CARTESIAN_POINT('Ctrl Pts',(17.8472110533732,1.69947181933981,0.233687581410141));
#5255=CARTESIAN_POINT('Ctrl Pts',(14.9532702880015,9.88975712353546,0.350532093390743));
#5256=CARTESIAN_POINT('Ctrl Pts',(8.54808173819049,15.7590108103323,0.467376713442329));
#5257=CARTESIAN_POINT('Ctrl Pts',(0.135812200407815,17.9273721067594,0.58422143323951));
#5258=CARTESIAN_POINT('Ctrl Pts',(-8.30834441478731,15.8866150820789,0.701065928645586));
#5259=CARTESIAN_POINT('Ctrl Pts',(-14.8017022569837,10.1154076144032,0.817910695832426));
#5260=CARTESIAN_POINT('Ctrl Pts',(-17.819452164097,1.96918799272091,0.934755197112817));
#5261=CARTESIAN_POINT('Ctrl Pts',(-16.6532727433923,-6.63955475662724,1.05159997146436));
#5262=CARTESIAN_POINT('Ctrl Pts',(-11.576485154818,-13.6890785435128,1.16844444994088));
#5263=CARTESIAN_POINT('Ctrl Pts',(-3.7821281759263,-17.5247049454866,1.28528920305523));
#5264=CARTESIAN_POINT('Ctrl Pts',(4.90155543194136,-17.2447652423285,1.4021337551896));
#5265=CARTESIAN_POINT('Ctrl Pts',(12.4318905631037,-12.916932154725,1.51897842244689));
#5266=CARTESIAN_POINT('Ctrl Pts',(17.0478401813287,-5.55370560115805,1.6358231048359));
#5267=CARTESIAN_POINT('Ctrl Pts',(17.6519003721186,3.10884693679568,1.7526674788137));
#5268=CARTESIAN_POINT('Ctrl Pts',(13.7364160133347,11.9332876113365,1.88249551311065));
#5269=CARTESIAN_POINT('Ctrl Pts',(4.65495515601125,17.9079247807361,2.02530465473114));
#5270=CARTESIAN_POINT('Ctrl Pts',(-5.85422321974471,17.1348549932473,2.16378708900144));
#5271=CARTESIAN_POINT('Ctrl Pts',(-13.1558832680579,11.9503687453051,2.28496010220184));
#5272=CARTESIAN_POINT('Ctrl Pts',(-16.971941843908,5.29795075291988,2.38882168332659));
#5273=CARTESIAN_POINT('Ctrl Pts',(-17.621367114727,-2.35129539745505,2.49268367357273));
#5274=CARTESIAN_POINT('Ctrl Pts',(-14.9896698371103,-9.5582435945928,2.59654567984794));
#5275=CARTESIAN_POINT('Ctrl Pts',(-9.56556335049939,-14.984494520654,2.70040719561926));
#5276=CARTESIAN_POINT('Ctrl Pts',(-2.35712804347264,-17.6229753653998,2.80426950484014));
#5277=CARTESIAN_POINT('Ctrl Pts',(4.43585512876554,-17.0400805608512,2.89659076925982));
#5278=CARTESIAN_POINT('Ctrl Pts',(11.2694330178643,-13.77284870107,3.00045304403561));
#5279=CARTESIAN_POINT('Ctrl Pts',(17.0755229300349,-6.74349372063649,3.12162442682372));
#5280=CARTESIAN_POINT('Ctrl Pts',(17.9043979617448,4.64721284555296,3.2716490192118));
#5281=CARTESIAN_POINT('Ctrl Pts',(11.4025771729766,14.5624510043717,3.42744025964379));
#5282=CARTESIAN_POINT('Ctrl Pts',(0.217073673174348,18.495884047823,3.5832328838083));
#5283=CARTESIAN_POINT('Ctrl Pts',(-11.0592727275298,14.8251644002384,3.73902744568944));
#5284=CARTESIAN_POINT('Ctrl Pts',(-17.7891536791876,5.06624820850028,3.89481891267701));
#5285=CARTESIAN_POINT('Ctrl Pts',(-17.2101601598152,-6.78249298815891,4.05061143163212));
#5286=CARTESIAN_POINT('Ctrl Pts',(-10.8311970111579,-14.3206185204733,4.18043991274049));
#5287=CARTESIAN_POINT('Ctrl Pts',(-3.7664252403486,-17.1182236443575,4.28430119760007));
#5288=CARTESIAN_POINT('Ctrl Pts',(2.54817061317026,-17.4671945214288,4.37085283991449));
#5289=CARTESIAN_POINT('Ctrl Pts',(9.21311200472633,-15.2039394233467,4.46605964804788));
#5290=CARTESIAN_POINT('Ctrl Pts',(14.7596641669635,-9.90864918343038,4.56992153293833));
#5291=CARTESIAN_POINT('Ctrl Pts',(17.5651393124964,-2.7592510027565,4.67378347452436));
#5292=CARTESIAN_POINT('Ctrl Pts',(17.137481326658,4.04054268470129,4.76610470167565));
#5293=CARTESIAN_POINT('Ctrl Pts',(14.0280596712706,10.9542396603699,4.86996733880476));
#5294=CARTESIAN_POINT('Ctrl Pts',(8.11937297240669,16.0530778266754,4.9738282926254));
#5295=CARTESIAN_POINT('Ctrl Pts',(-0.243832860371046,17.7753782038217,5.08923125467902));
#5296=CARTESIAN_POINT('Ctrl Pts',(-7.70284677977933,16.0182662419814,5.19309270858083));
#5297=CARTESIAN_POINT('Ctrl Pts',(-14.7588988796072,10.4947812191157,5.31426559292257));
#5298=CARTESIAN_POINT('Ctrl Pts',(-18.4868541419715,0.644895501187451,5.45274637056372));
#5299=CARTESIAN_POINT('Ctrl Pts',(-15.0766101779838,-10.7156196801097,5.60854135649198));
#5300=CARTESIAN_POINT('Ctrl Pts',(-5.4697405754806,-17.6710867813258,5.76433345389041));
#5301=CARTESIAN_POINT('Ctrl Pts',(5.05998615509302,-17.388679877048,5.90281541177862));
#5302=CARTESIAN_POINT('Ctrl Pts',(12.5935525767211,-12.5415214985956,6.02398812009376));
#5303=CARTESIAN_POINT('Ctrl Pts',(16.7102465800806,-6.07244761143216,6.12784958114821));
#5304=CARTESIAN_POINT('Ctrl Pts',(17.7110459597033,1.53948204186656,6.23171193856858));
#5305=CARTESIAN_POINT('Ctrl Pts',(15.4126773068988,8.85922950230224,6.33557382944448));
#5306=CARTESIAN_POINT('Ctrl Pts',(10.2441448468673,14.5300296929057,6.43943546810434));
#5307=CARTESIAN_POINT('Ctrl Pts',(3.75344890590126,17.2477727273755,6.53464221158282));
#5308=CARTESIAN_POINT('Ctrl Pts',(-2.57059449412799,17.3386742153618,6.62119390867065));
#5309=CARTESIAN_POINT('Ctrl Pts',(-9.81258249641748,15.0362483203979,6.72505609646716));
#5310=CARTESIAN_POINT('Ctrl Pts',(-16.6976481186322,7.96090563947346,6.8548822956599));
#5311=CARTESIAN_POINT('Ctrl Pts',(-18.0991629951932,-3.82313463237265,7.01067627546469));
#5312=CARTESIAN_POINT('Ctrl Pts',(-13.064175935897,-12.3188726079657,7.14050395010705));
#5313=CARTESIAN_POINT('Ctrl Pts',(-6.56460758877411,-16.2488805527305,7.24436530050719));
#5314=CARTESIAN_POINT('Ctrl Pts',(0.839658946293949,-17.9369631653331,7.34822670398047));
#5315=CARTESIAN_POINT('Ctrl Pts',(10.365746646481,-15.3213327183689,7.47805437549426));
#5316=CARTESIAN_POINT('Ctrl Pts',(17.5383446641292,-5.87486967418438,7.63384844676466));
#5317=CARTESIAN_POINT('Ctrl Pts',(17.502560476455,5.98029376645875,7.78963936475007));
#5318=CARTESIAN_POINT('Ctrl Pts',(10.2744176991442,15.3808315047968,7.94543293813847));
#5319=CARTESIAN_POINT('Ctrl Pts',(-1.17685681421785,18.4586901579421,8.10122690872235));
#5320=CARTESIAN_POINT('Ctrl Pts',(-12.1433963863121,13.9517676023358,8.25701808730259));
#5321=CARTESIAN_POINT('Ctrl Pts',(-18.1210459021838,3.71014569576771,8.412811272026));
#5322=CARTESIAN_POINT('Ctrl Pts',(-16.6500313810742,-8.0542238222298,8.56860488325799));
#5323=CARTESIAN_POINT('Ctrl Pts',(-8.33795749728633,-16.5117879415454,8.72439705878698));
#5324=CARTESIAN_POINT('Ctrl Pts',(3.40352282016601,-18.1795622543252,8.88018938342735));
#5325=CARTESIAN_POINT('Ctrl Pts',(13.741828597652,-12.3811964606329,9.03598429954397));
#5326=CARTESIAN_POINT('Ctrl Pts',(18.4389696442375,-1.48688885689184,9.19177509624094));
#5327=CARTESIAN_POINT('Ctrl Pts',(15.7879998310555,9.04701666148228,9.33458567505114));
#5328=CARTESIAN_POINT('Ctrl Pts',(8.73874218375429,15.6495372096617,9.46441345670552));
#5329=CARTESIAN_POINT('Ctrl Pts',(0.360583290868594,17.9254443033235,9.58125779447107));
#5330=CARTESIAN_POINT('Ctrl Pts',(-8.11169047067617,15.9879209730433,9.6981026650619));
#5331=CARTESIAN_POINT('Ctrl Pts',(-14.6743618097978,10.2986835141873,9.81494707917728));
#5332=CARTESIAN_POINT('Ctrl Pts',(-17.7940024429657,2.19004531208418,9.9317918921858));
#5333=CARTESIAN_POINT('Ctrl Pts',(-16.7341494614088,-6.43220332765197,10.0486363628551));
#5334=CARTESIAN_POINT('Ctrl Pts',(-11.7457796658774,-13.5444403025379,10.1654811685391));
#5335=CARTESIAN_POINT('Ctrl Pts',(-3.99897447711938,-17.4762562546249,10.2823255955911));
#5336=CARTESIAN_POINT('Ctrl Pts',(4.68641451909306,-17.3045318285708,10.3991704512569));
#5337=CARTESIAN_POINT('Ctrl Pts',(12.2719074583489,-13.0697617295581,10.5160147852982));
#5338=CARTESIAN_POINT('Ctrl Pts',(16.9753054027185,-5.76615573283962,10.632859977741));
#5339=CARTESIAN_POINT('Ctrl Pts',(17.6932241958851,2.89174530852717,10.7497039979677));
#5340=CARTESIAN_POINT('Ctrl Pts',(14.2566394573713,10.8701416400394,10.8665490232478));
#5341=CARTESIAN_POINT('Ctrl Pts',(7.47221363463147,16.2966124034272,10.9833933074089));
#5342=CARTESIAN_POINT('Ctrl Pts',(-1.0660229372296,17.8960132019102,11.1002383848433));
#5343=CARTESIAN_POINT('Ctrl Pts',(-9.35537308196615,15.2942231100606,11.217082288239));
#5344=CARTESIAN_POINT('Ctrl Pts',(-14.4301223129356,10.1319904627601,11.314453934045));
#5345=CARTESIAN_POINT('Ctrl Pts',(-16.6801855320291,4.93561475221788,11.3923494256926));
#5346=CARTESIAN_POINT('Ctrl Pts',(-17.6200328280293,-0.648561637527614,
11.4702463383545));
#5347=CARTESIAN_POINT('Ctrl Pts',(-16.1713760481092,-7.74091984580349,11.5676165086258));
#5348=CARTESIAN_POINT('Ctrl Pts',(-10.6324804683957,-14.4345126030799,11.684461326995));
#5349=CARTESIAN_POINT('Ctrl Pts',(-2.59866707956639,-17.7386375081635,11.801305862328));
#5350=CARTESIAN_POINT('Ctrl Pts',(6.04617346392069,-16.8777114278436,11.9181505624883));
#5351=CARTESIAN_POINT('Ctrl Pts',(13.2708962059746,-12.0537834844875,12.0349951398026));
#5352=CARTESIAN_POINT('Ctrl Pts',(17.3797793056969,-4.39956324563539,12.1518397988643));
#5353=CARTESIAN_POINT('Ctrl Pts',(17.4076689484951,4.28766969362808,12.2686844123788));
#5354=CARTESIAN_POINT('Ctrl Pts',(13.3482332699535,11.9682058509845,12.385529060982));
#5355=CARTESIAN_POINT('Ctrl Pts',(6.15446937687877,16.8383988637656,12.5023737021571));
#5356=CARTESIAN_POINT('Ctrl Pts',(-2.48424364407361,17.7551290966509,12.6192182285043));
#5357=CARTESIAN_POINT('Ctrl Pts',(-10.5399291802557,14.5023232129554,12.7360631317683));
#5358=CARTESIAN_POINT('Ctrl Pts',(-16.1202337167972,7.84534074679557,12.8529071800151));
#5359=CARTESIAN_POINT('Ctrl Pts',(-17.9165337378409,-0.655873570622147,
12.9697530993851));
#5360=CARTESIAN_POINT('Ctrl Pts',(-16.3077072149989,-6.21745927555837,13.0476472326978));
#5361=CARTESIAN_POINT('Ctrl Pts',(-14.8968139097659,-8.64786449580509,13.0865962663833));
#5362=CARTESIAN_POINT('',(-14.8529627841719,-8.62380401291493,13.));
#5363=CARTESIAN_POINT('',(-16.9960162808625,-2.79929555078694,13.));
#5364=CARTESIAN_POINT('Ctrl Pts',(-14.8529627841704,-8.6238040129174,13.));
#5365=CARTESIAN_POINT('Ctrl Pts',(-14.9096387857389,-8.53138638853975,13.));
#5366=CARTESIAN_POINT('Ctrl Pts',(-14.9700353381934,-8.4303719043317,12.9999999113006));
#5367=CARTESIAN_POINT('Ctrl Pts',(-15.0334372380105,-8.32086280516546,13.0000001764641));
#5368=CARTESIAN_POINT('Ctrl Pts',(-15.0989987019657,-8.20762366125252,13.0000004506594));
#5369=CARTESIAN_POINT('Ctrl Pts',(-15.1677733196647,-8.08530033173301,13.0000011087445));
#5370=CARTESIAN_POINT('Ctrl Pts',(-15.2389149912182,-7.95401172614617,13.0000022284626));
#5371=CARTESIAN_POINT('Ctrl Pts',(-15.3111538398378,-7.82069833193769,13.0000033654495));
#5372=CARTESIAN_POINT('Ctrl Pts',(-15.3858326677189,-7.67813989942765,13.000004983455));
#5373=CARTESIAN_POINT('Ctrl Pts',(-15.4620179713933,-7.52648330308303,13.0000066672551));
#5374=CARTESIAN_POINT('Ctrl Pts',(-15.5372581279213,-7.37670814308324,13.0000083301662));
#5375=CARTESIAN_POINT('Ctrl Pts',(-15.6139668053937,-7.21805831342348,13.0000100600142));
#5376=CARTESIAN_POINT('Ctrl Pts',(-15.6912099202724,-7.05071134032504,13.000010921377));
#5377=CARTESIAN_POINT('Ctrl Pts',(-15.7660836824165,-6.88849756270878,13.0000117563185));
#5378=CARTESIAN_POINT('Ctrl Pts',(-15.8414588484328,-6.71811152872871,13.0000117760353));
#5379=CARTESIAN_POINT('Ctrl Pts',(-15.9164631513417,-6.53975843220892,13.0000095990966));
#5380=CARTESIAN_POINT('Ctrl Pts',(-15.9539231976787,-6.45068200591234,13.0000085118493));
#5381=CARTESIAN_POINT('Ctrl Pts',(-15.9912904639355,-6.3596190183405,13.0000068682115));
#5382=CARTESIAN_POINT('Ctrl Pts',(-16.0284550312344,-6.26659979960746,13.0000044432008));
#5383=CARTESIAN_POINT('Ctrl Pts',(-16.0873138327133,-6.11928206857903,13.0000006026281));
#5384=CARTESIAN_POINT('Ctrl Pts',(-16.1440481516603,-5.97111648225164,13.0000031596492));
#5385=CARTESIAN_POINT('Ctrl Pts',(-16.1986472112739,-5.82216669710439,13.0000082123195));
#5386=CARTESIAN_POINT('Ctrl Pts',(-16.3125448743231,-5.51144646565662,13.0000187525621));
#5387=CARTESIAN_POINT('Ctrl Pts',(-16.4171527935466,-5.19731567333762,13.000037840109));
#5388=CARTESIAN_POINT('Ctrl Pts',(-16.5123786183916,-4.88034030166449,13.0000441316298));
#5389=CARTESIAN_POINT('Ctrl Pts',(-16.6148970596489,-4.53909021458196,13.0000509049699));
#5390=CARTESIAN_POINT('Ctrl Pts',(-16.7065422447385,-4.19454262916646,13.0000438649386));
#5391=CARTESIAN_POINT('Ctrl Pts',(-16.7871547418195,-3.84737306970033,13.0000307928053));
#5392=CARTESIAN_POINT('Ctrl Pts',(-16.8677672389005,-3.5002035102342,13.000017720672));
#5393=CARTESIAN_POINT('Ctrl Pts',(-16.937347438161,-3.15041095095288,12.999999870877));
#5394=CARTESIAN_POINT('Ctrl Pts',(-16.9956844634884,-2.79865403304087,13.0000001123231));
#5395=CARTESIAN_POINT('Ctrl Pts',(-16.9955898123966,-2.79922469371545,13.0000081307687));
#5396=CARTESIAN_POINT('Ctrl Pts',(-17.114649863593,-2.08147450976514,12.9899228789862));
#5397=CARTESIAN_POINT('Ctrl Pts',(-17.4728140486608,1.44408530617304,12.9408899727262));
#5398=CARTESIAN_POINT('Ctrl Pts',(-16.1202337167972,7.84534074679557,12.8529071800151));
#5399=CARTESIAN_POINT('Ctrl Pts',(-10.5399291802557,14.5023232129554,12.7360631317683));
#5400=CARTESIAN_POINT('Ctrl Pts',(-2.48424364407361,17.7551290966509,12.6192182285043));
#5401=CARTESIAN_POINT('Ctrl Pts',(6.15446937687877,16.8383988637656,12.5023737021571));
#5402=CARTESIAN_POINT('Ctrl Pts',(13.3482332699535,11.9682058509845,12.385529060982));
#5403=CARTESIAN_POINT('Ctrl Pts',(16.7222064327069,5.58457893272583,12.2884144027346));
#5404=CARTESIAN_POINT('Ctrl Pts',(17.2236844395046,1.38691910014691,12.2302479737317));
#5405=CARTESIAN_POINT('Ctrl Pts',(17.2236407076087,3.96825244886045E-8,
12.2110297520053));
#5406=CARTESIAN_POINT('',(14.8949147445303,-8.55114108609685,7.29102733674995E-15));
#5407=CARTESIAN_POINT('Ctrl Pts',(14.894844611227,-8.55041769227473,1.1820571725607E-7));
#5408=CARTESIAN_POINT('Ctrl Pts',(14.8434808192096,-8.64484428460478,1.40147556057759E-7));
#5409=CARTESIAN_POINT('Ctrl Pts',(14.7866333587682,-8.74667399723745,8.42286944446596E-8));
#5410=CARTESIAN_POINT('Ctrl Pts',(14.7240463751986,-8.85525870546113,3.80586712982363E-7));
#5411=CARTESIAN_POINT('Ctrl Pts',(14.6596066105014,-8.96705787916423,6.85717906267435E-7));
#5412=CARTESIAN_POINT('Ctrl Pts',(14.5890814838749,-9.08601808652352,1.36923907099204E-6));
#5413=CARTESIAN_POINT('Ctrl Pts',(14.5121682725027,-9.2113819517543,2.5086711646638E-6));
#5414=CARTESIAN_POINT('Ctrl Pts',(14.4339984288672,-9.33879405128556,3.66671965862788E-6));
#5415=CARTESIAN_POINT('Ctrl Pts',(14.3492289201153,-9.47282082267974,5.30052045242906E-6));
#5416=CARTESIAN_POINT('Ctrl Pts',(14.2575344938022,-9.61261462980173,7.01864942741562E-6));
#5417=CARTESIAN_POINT('Ctrl Pts',(14.1665366430842,-9.75134646447536,8.72372628177015E-6));
#5418=CARTESIAN_POINT('Ctrl Pts',(14.0687176298549,-9.89575785980445,1.05149142557529E-5));
#5419=CARTESIAN_POINT('Ctrl Pts',(13.9637688014337,-10.0449703318284,1.14914478026237E-5));
#5420=CARTESIAN_POINT('Ctrl Pts',(13.861260646176,-10.1907127424748,1.24452712415596E-5));
#5421=CARTESIAN_POINT('Ctrl Pts',(13.7519496378522,-10.341035186013,1.26233529723561E-5));
#5422=CARTESIAN_POINT('Ctrl Pts',(13.6355705733463,-10.4950751801847,1.0659074747052E-5));
#5423=CARTESIAN_POINT('Ctrl Pts',(13.5728729503472,-10.5780621119183,9.60084682471505E-6));
#5424=CARTESIAN_POINT('Ctrl Pts',(13.5081243785104,-10.6621272820175,7.91157256874007E-6));
#5425=CARTESIAN_POINT('Ctrl Pts',(13.4412873474333,-10.7471308926063,5.30940256900092E-6));
#5426=CARTESIAN_POINT('Ctrl Pts',(13.3432291888936,-10.871841661311,1.49169860654783E-6));
#5427=CARTESIAN_POINT('Ctrl Pts',(13.2433800715541,-10.9951412267045,4.06268668801663E-6));
#5428=CARTESIAN_POINT('Ctrl Pts',(13.1417842875655,-11.1169837543663,9.12050617016269E-6));
#5429=CARTESIAN_POINT('Ctrl Pts',(12.9298191421244,-11.3711908492165,1.96729267535645E-5));
#5430=CARTESIAN_POINT('Ctrl Pts',(12.7102538507397,-11.6190565712646,3.87358338875597E-5));
#5431=CARTESIAN_POINT('Ctrl Pts',(12.4834827336118,-11.8601759097251,4.49602067077014E-5));
#5432=CARTESIAN_POINT('Ctrl Pts',(12.239393618099,-12.1197089878494,5.16599208314972E-5));
#5433=CARTESIAN_POINT('Ctrl Pts',(11.9869560209192,-12.3714269747362,4.45040059867186E-5));
#5434=CARTESIAN_POINT('Ctrl Pts',(11.726613092484,-12.6148017207785,3.12755183029811E-5));
#5435=CARTESIAN_POINT('Ctrl Pts',(11.4662701640488,-12.8581764668208,1.80470306192437E-5));
#5436=CARTESIAN_POINT('Ctrl Pts',(11.1980212042582,-13.0932088466158,2.06348057588281E-17));
#5437=CARTESIAN_POINT('Ctrl Pts',(10.9222692001136,-13.3193340869673,4.85722573273506E-17));
#5438=CARTESIAN_POINT('Ctrl Pts',(14.894824336849,-8.55109187968757,0.000176686422491723));
#5439=CARTESIAN_POINT('Ctrl Pts',(15.2567311255534,-7.92236763787557,0.0102617355669315));
#5440=CARTESIAN_POINT('Ctrl Pts',(16.8227367764173,-4.75491188018313,0.0592938904801332));
#5441=CARTESIAN_POINT('Ctrl Pts',(17.7956125309698,1.69581791752402,0.147276116169048));
#5442=CARTESIAN_POINT('Ctrl Pts',(14.9094464082681,9.8622761765432,0.26412062814965));
#5443=CARTESIAN_POINT('Ctrl Pts',(8.52232297906096,15.7141522684449,0.380965248201236));
#5444=CARTESIAN_POINT('Ctrl Pts',(0.134166703802029,17.8756706749681,0.497809967998418));
#5445=CARTESIAN_POINT('Ctrl Pts',(-8.28549028762887,15.8402096142933,0.614654463404493));
#5446=CARTESIAN_POINT('Ctrl Pts',(-14.7597146446307,10.0851948936039,0.731499230591333));
#5447=CARTESIAN_POINT('Ctrl Pts',(-17.7681902439762,1.96226173539195,0.848343731871725));
#5448=CARTESIAN_POINT('Ctrl Pts',(-16.6047725809448,-6.62156781803307,0.965188506223267));
#5449=CARTESIAN_POINT('Ctrl Pts',(-11.5421358150178,-13.6504024369716,1.08203298469979));
#5450=CARTESIAN_POINT('Ctrl Pts',(-3.7699931638157,-17.4744200024784,1.19887773781414));
#5451=CARTESIAN_POINT('Ctrl Pts',(4.88862306192199,-17.1946804849235,1.31572228994851));
#5452=CARTESIAN_POINT('Ctrl Pts',(12.3969345185379,-12.8788042603704,1.4325669572058));
#5453=CARTESIAN_POINT('Ctrl Pts',(16.9990546342207,-5.53649388010796,1.54941163959481));
#5454=CARTESIAN_POINT('Ctrl Pts',(17.6007666190093,3.10111404852687,1.6662560135726));
#5455=CARTESIAN_POINT('Ctrl Pts',(13.6959592136245,11.8998270837483,1.79608404786956));
#5456=CARTESIAN_POINT('Ctrl Pts',(4.64027569786163,17.8565954932163,1.93889318949005));
#5457=CARTESIAN_POINT('Ctrl Pts',(-5.83853521159568,17.0850206437606,2.07737562376035));
#5458=CARTESIAN_POINT('Ctrl Pts',(-13.1187713022281,11.9149782422721,2.19854863696076));
#5459=CARTESIAN_POINT('Ctrl Pts',(-16.9233573297903,5.28148205278851,2.3024102180855));
#5460=CARTESIAN_POINT('Ctrl Pts',(-17.5703744215883,-2.34574550784365,2.40627220833164));
#5461=CARTESIAN_POINT('Ctrl Pts',(-14.9457641541118,-9.53172144810146,2.51013421460684));
#5462=CARTESIAN_POINT('Ctrl Pts',(-9.53692387345349,-14.9419411957028,2.61399573037817));
#5463=CARTESIAN_POINT('Ctrl Pts',(-2.3490965076668,-17.5723073029148,2.71785803959904));
#5464=CARTESIAN_POINT('Ctrl Pts',(4.42425172254936,-16.9906187885426,2.81017930401873));
#5465=CARTESIAN_POINT('Ctrl Pts',(11.2378899162113,-13.7323332292604,2.91404157879451));
#5466=CARTESIAN_POINT('Ctrl Pts',(17.0267407370653,-6.72284815865274,3.03521296158263));
#5467=CARTESIAN_POINT('Ctrl Pts',(17.8524283037135,4.63506024936516,3.18523755397071));
#5468=CARTESIAN_POINT('Ctrl Pts',(11.3686683859607,14.5212435211831,3.3410287944027));
#5469=CARTESIAN_POINT('Ctrl Pts',(0.215154026001107,18.4425484490571,3.4968214185672));
#5470=CARTESIAN_POINT('Ctrl Pts',(-11.028409405552,14.7816282643533,3.65261598044835));
#5471=CARTESIAN_POINT('Ctrl Pts',(-17.7381957491391,5.05039070086202,3.80840744743592));
#5472=CARTESIAN_POINT('Ctrl Pts',(-17.1600436721093,-6.76413269736392,3.96419996639103));
#5473=CARTESIAN_POINT('Ctrl Pts',(-10.7989532731325,-14.280068630665,4.0940284474994));
#5474=CARTESIAN_POINT('Ctrl Pts',(-3.7543639496381,-17.0691100858934,4.19788973235898));
#5475=CARTESIAN_POINT('Ctrl Pts',(2.54204206623525,-17.4166327573757,4.28444137467339));
#5476=CARTESIAN_POINT('Ctrl Pts',(9.18760036033739,-15.1594398330004,4.37964818280679));
#5477=CARTESIAN_POINT('Ctrl Pts',(14.7177833559891,-9.87903579502334,4.48351006769724));
#5478=CARTESIAN_POINT('Ctrl Pts',(17.5146661952293,-2.75006361687309,4.58737200928326));
#5479=CARTESIAN_POINT('Ctrl Pts',(17.0877662506131,4.03008636646802,4.67969323643455));
#5480=CARTESIAN_POINT('Ctrl Pts',(13.9868300950702,10.9236235670265,4.78355587356367));
#5481=CARTESIAN_POINT('Ctrl Pts',(8.09483023444101,16.0073410669028,4.88741682738431));
#5482=CARTESIAN_POINT('Ctrl Pts',(-0.244372642155749,17.7240886492179,5.00281978943793));
#5483=CARTESIAN_POINT('Ctrl Pts',(-7.68174839870477,15.9715233739717,5.10668124333973));
#5484=CARTESIAN_POINT('Ctrl Pts',(-14.7170612737549,10.4634771932598,5.22785412768148));
#5485=CARTESIAN_POINT('Ctrl Pts',(-18.4335745009036,0.641742453172954,5.36633490532262));
#5486=CARTESIAN_POINT('Ctrl Pts',(-15.0323727955162,-10.6857652037955,5.52212989125089));
#5487=CARTESIAN_POINT('Ctrl Pts',(-5.45272745436082,-17.620497623727,5.67792198864932));
#5488=CARTESIAN_POINT('Ctrl Pts',(5.04660684929394,-17.3381689271965,5.81640394653753));
#5489=CARTESIAN_POINT('Ctrl Pts',(12.558103972039,-12.5044651590245,5.93757665485266));
#5490=CARTESIAN_POINT('Ctrl Pts',(16.662471087755,-6.0537632014327,6.04143811590712));
#5491=CARTESIAN_POINT('Ctrl Pts',(17.659851358052,1.53628007364368,6.14530047332748));
#5492=CARTESIAN_POINT('Ctrl Pts',(15.367600370234,8.83475321725117,6.2491623642034));
#5493=CARTESIAN_POINT('Ctrl Pts',(10.2135797881428,14.4888347162102,6.35302400286324));
#5494=CARTESIAN_POINT('Ctrl Pts',(3.7414159819703,17.1982845798148,6.44823074634173));
#5495=CARTESIAN_POINT('Ctrl Pts',(-2.56439226919741,17.2884815970679,6.53478244342955));
#5496=CARTESIAN_POINT('Ctrl Pts',(-9.78532998603396,14.9921905013642,6.63864463122606));
#5497=CARTESIAN_POINT('Ctrl Pts',(-16.6500410314051,7.93677492399442,6.76847083041881));
#5498=CARTESIAN_POINT('Ctrl Pts',(-18.0466891738002,-3.81337269009467,6.9242648102236));
#5499=CARTESIAN_POINT('Ctrl Pts',(-13.0256312310025,-12.2842528500525,7.05409248486595));
#5500=CARTESIAN_POINT('Ctrl Pts',(-6.54453582999623,-16.202470277011,7.1579538352661));
#5501=CARTESIAN_POINT('Ctrl Pts',(0.838491404500709,-17.8851658530072,7.26181523873938));
#5502=CARTESIAN_POINT('Ctrl Pts',(10.3369184725642,-15.2764139033087,7.39164291025317));
#5503=CARTESIAN_POINT('Ctrl Pts',(17.4881667360537,-5.85669726306978,7.54743698152357));
#5504=CARTESIAN_POINT('Ctrl Pts',(17.451656674158,5.96426783994557,7.70322789950899));
#5505=CARTESIAN_POINT('Ctrl Pts',(10.2437058199022,15.3371845306037,7.85902147289738));
#5506=CARTESIAN_POINT('Ctrl Pts',(-1.17475311355425,18.4053643618509,8.01481544348127));
#5507=CARTESIAN_POINT('Ctrl Pts',(-12.1093448634546,13.9106749293277,8.17060662206148));
#5508=CARTESIAN_POINT('Ctrl Pts',(-18.0690358012437,3.6981766180089,8.32639980678493));
#5509=CARTESIAN_POINT('Ctrl Pts',(-16.6014416303461,-8.03215609452488,8.48219341801688));
#5510=CARTESIAN_POINT('Ctrl Pts',(-8.31275218008837,-16.4647433349335,8.63798559354591));
#5511=CARTESIAN_POINT('Ctrl Pts',(3.39497684516201,-18.1268858701899,8.79377791818626));
#5512=CARTESIAN_POINT('Ctrl Pts',(13.7030566215361,-12.3445222657567,8.94957283430287));
#5513=CARTESIAN_POINT('Ctrl Pts',(18.3858870110709,-1.48131044982958,9.10536363099985));
#5514=CARTESIAN_POINT('Ctrl Pts',(15.7418271595589,9.02202496152143,9.24817420981005));
#5515=CARTESIAN_POINT('Ctrl Pts',(8.71244111578904,15.6050077674789,9.37800199146442));
#5516=CARTESIAN_POINT('Ctrl Pts',(0.358289589803836,17.8737641552429,9.49484632922999));
#5517=CARTESIAN_POINT('Ctrl Pts',(-8.08941067317672,15.9412370427779,9.61169119982081));
#5518=CARTESIAN_POINT('Ctrl Pts',(-14.6327543227678,10.2679510462972,9.72853561393617));
#5519=CARTESIAN_POINT('Ctrl Pts',(-17.7428293779406,2.18248377867022,9.84538042694471));
#5520=CARTESIAN_POINT('Ctrl Pts',(-16.6854305137242,-6.4148201442012,9.96222489761395));
#5521=CARTESIAN_POINT('Ctrl Pts',(-11.7109521162303,-13.5061932384474,10.079069703298));
#5522=CARTESIAN_POINT('Ctrl Pts',(-3.98621736843414,-17.4261262283716,10.1959141303501));
#5523=CARTESIAN_POINT('Ctrl Pts',(4.67410689850092,-17.2542897164533,10.3127589860158));
#5524=CARTESIAN_POINT('Ctrl Pts',(12.2374235633657,-13.0312042018835,10.4296033200571));
#5525=CARTESIAN_POINT('Ctrl Pts',(16.9267439390358,-5.74833627112361,10.5464485124999));
#5526=CARTESIAN_POINT('Ctrl Pts',(17.641986428638,2.88464153113654,10.6632925327266));
#5527=CARTESIAN_POINT('Ctrl Pts',(14.214756441215,10.8397841036435,10.7801375580067));
#5528=CARTESIAN_POINT('Ctrl Pts',(7.44952057557866,16.2501279168021,10.8969818421678));
#5529=CARTESIAN_POINT('Ctrl Pts',(-1.06419957975236,17.8443181810394,11.0138269196022));
#5530=CARTESIAN_POINT('Ctrl Pts',(-9.32945741171911,15.2494531459655,11.1306708229979));
#5531=CARTESIAN_POINT('Ctrl Pts',(-14.3892076628872,10.1017559074718,11.2280424688039));
#5532=CARTESIAN_POINT('Ctrl Pts',(-16.6324172473577,4.92021160664227,11.3059379604515));
#5533=CARTESIAN_POINT('Ctrl Pts',(-17.5691630555472,-0.647923147348761,
11.3838348731134));
#5534=CARTESIAN_POINT('Ctrl Pts',(-16.1241888771628,-7.71972234664686,11.4812050433847));
#5535=CARTESIAN_POINT('Ctrl Pts',(-10.600801948045,-14.3936203009052,11.5980498617539));
#5536=CARTESIAN_POINT('Ctrl Pts',(-2.58993076128892,-17.6876527167566,11.714894397087));
#5537=CARTESIAN_POINT('Ctrl Pts',(6.02991381014669,-16.8286053775951,11.8317390972472));
#5538=CARTESIAN_POINT('Ctrl Pts',(13.233459713006,-12.0180866386531,11.9485836745615));
#5539=CARTESIAN_POINT('Ctrl Pts',(17.3299555756238,-4.38565739672396,12.0654283336232));
#5540=CARTESIAN_POINT('Ctrl Pts',(17.3571572335068,4.2765194483971,12.1822729471376));
#5541=CARTESIAN_POINT('Ctrl Pts',(13.3088937273539,11.9346174557681,12.2991175957409));
#5542=CARTESIAN_POINT('Ctrl Pts',(6.13553942275097,16.7902594521106,12.415962236916));
#5543=CARTESIAN_POINT('Ctrl Pts',(-2.47831962969303,17.7037412756586,12.5328067632633));
#5544=CARTESIAN_POINT('Ctrl Pts',(-10.5105412999941,14.4597546031078,12.6496516665272));
#5545=CARTESIAN_POINT('Ctrl Pts',(-16.0742841073083,7.82158378939895,12.766495714774));
#5546=CARTESIAN_POINT('Ctrl Pts',(-17.8648081601253,-0.655234794794412,
12.883341634144));
#5547=CARTESIAN_POINT('Ctrl Pts',(-16.2602334137594,-6.20066556764002,12.9612357674567));
#5548=CARTESIAN_POINT('Ctrl Pts',(-14.8532397423284,-8.62396181316848,13.0001848011422));
#5549=CARTESIAN_POINT('Ctrl Pts',(13.2668625105413,-9.92082230091814,-0.380473827395964));
#5550=CARTESIAN_POINT('Ctrl Pts',(14.8927169711835,-7.74660861809722,-0.341349634918198));
#5551=CARTESIAN_POINT('Ctrl Pts',(17.0539212209144,-2.58594553209377,-0.263101249962666));
#5552=CARTESIAN_POINT('Ctrl Pts',(16.2537701599011,5.77227711121932,-0.145728672529368));
#5553=CARTESIAN_POINT('Ctrl Pts',(11.6040920101002,12.761118281538,-0.0283560950960703));
#5554=CARTESIAN_POINT('Ctrl Pts',(4.20514137846448,16.7279783445287,0.0890164823372281));
#5555=CARTESIAN_POINT('Ctrl Pts',(-4.18976148067377,16.7316625266282,0.206389059770526));
#5556=CARTESIAN_POINT('Ctrl Pts',(-11.5922585113752,12.7720601271057,0.323761637203824));
#5557=CARTESIAN_POINT('Ctrl Pts',(-16.2486256159882,5.78676544518797,0.441134214637122));
#5558=CARTESIAN_POINT('Ctrl Pts',(-17.0559006510116,-2.56928135418838,0.55850679207042));
#5559=CARTESIAN_POINT('Ctrl Pts',(-13.8228082033242,-10.3167290956142,0.675879369503718));
#5560=CARTESIAN_POINT('Ctrl Pts',(-7.31525304056671,-15.6202401079651,0.793251946937016));
#5561=CARTESIAN_POINT('Ctrl Pts',(0.925208063077603,-17.2234988942763,0.910624524370312));
#5562=CARTESIAN_POINT('Ctrl Pts',(8.94649575268934,-14.7466971433283,1.02799710180361));
#5563=CARTESIAN_POINT('Ctrl Pts',(14.8484588558194,-8.77656895468673,1.14536967923691));
#5564=CARTESIAN_POINT('Ctrl Pts',(17.2329863374211,-0.727367712383723,1.26274225667021));
#5565=CARTESIAN_POINT('Ctrl Pts',(15.5352108574581,7.4941382172844,1.3801148341035));
#5566=CARTESIAN_POINT('Ctrl Pts',(10.1573161961022,13.9403663052457,1.49748741153681));
#5567=CARTESIAN_POINT('Ctrl Pts',(2.37326611757161,17.0842761473155,1.6148599889701));
#5568=CARTESIAN_POINT('Ctrl Pts',(-5.97298440175067,16.1811106528013,1.7322325664034));
#5569=CARTESIAN_POINT('Ctrl Pts',(-12.9043011839138,11.4448195700914,1.8496051438367));
#5570=CARTESIAN_POINT('Ctrl Pts',(-16.7787322313171,3.99737776442815,1.96697772127));
#5571=CARTESIAN_POINT('Ctrl Pts',(-16.6784678115783,-4.39699848450317,2.08435029870329));
#5572=CARTESIAN_POINT('Ctrl Pts',(-12.6272594602626,-11.7497745822632,2.20172287613659));
#5573=CARTESIAN_POINT('Ctrl Pts',(-5.58479347349728,-16.3191594786738,2.31909545356989));
#5574=CARTESIAN_POINT('Ctrl Pts',(2.78064810883086,-17.0227165960261,2.43646803100318));
#5575=CARTESIAN_POINT('Ctrl Pts',(10.4873850129594,-13.6937810634846,2.55384060843649));
#5576=CARTESIAN_POINT('Ctrl Pts',(15.7097767918789,-7.12094076431977,2.67121318586978));
#5577=CARTESIAN_POINT('Ctrl Pts',(17.2106967893036,1.13877137652061,2.78858576330308));
#5578=CARTESIAN_POINT('Ctrl Pts',(14.6345937142808,9.12872121597812,2.90595834073638));
#5579=CARTESIAN_POINT('Ctrl Pts',(8.5917177968571,14.9561783059719,3.02333091816968));
#5580=CARTESIAN_POINT('Ctrl Pts',(0.513559280571315,17.2406827326091,3.14070349560297));
#5581=CARTESIAN_POINT('Ctrl Pts',(-7.68625573001338,15.4410607496307,3.25807607303627));
#5582=CARTESIAN_POINT('Ctrl Pts',(-14.0652820569541,9.98362283338959,3.37544865046957));
#5583=CARTESIAN_POINT('Ctrl Pts',(-17.1123991551113,2.16117546190902,3.49282122790287));
#5584=CARTESIAN_POINT('Ctrl Pts',(-16.1057787995421,-6.17323039269072,3.61019380533617));
#5585=CARTESIAN_POINT('Ctrl Pts',(-11.2838781814355,-13.0452664751452,3.72756638276946));
#5586=CARTESIAN_POINT('Ctrl Pts',(-3.78895204582196,-16.8270237004492,3.84493896020276));
#5587=CARTESIAN_POINT('Ctrl Pts',(4.60353478127064,-16.6226457502605,3.96231153763606));
#5588=CARTESIAN_POINT('Ctrl Pts',(11.9054953067488,-12.4805474928788,4.07968411506936));
#5589=CARTESIAN_POINT('Ctrl Pts',(16.3871761161752,-5.38194603823544,4.19705669250266));
#5590=CARTESIAN_POINT('Ctrl Pts',(16.9869167615818,2.99157870632067,4.31442926993595));
#5591=CARTESIAN_POINT('Ctrl Pts',(13.5626453397382,10.6564316546159,4.43180184736925));
#5592=CARTESIAN_POINT('Ctrl Pts',(6.92553374937291,15.7968942044732,4.54917442480255));
#5593=CARTESIAN_POINT('Ctrl Pts',(-1.35215992959444,17.1952478244956,4.66654700223585));
#5594=CARTESIAN_POINT('Ctrl Pts',(-9.30954192693594,14.5202380604329,4.78391957966914));
#5595=CARTESIAN_POINT('Ctrl Pts',(-15.0615967551182,8.40554503927221,4.90129215710244));
#5596=CARTESIAN_POINT('Ctrl Pts',(-17.2457264591999,0.299671679467364,5.01866473453574));
#5597=CARTESIAN_POINT('Ctrl Pts',(-15.3445349508253,-7.87719057557465,5.13603731196904));
#5598=CARTESIAN_POINT('Ctrl Pts',(-9.80839339971469,-14.1880338009696,5.25340988940234));
#5599=CARTESIAN_POINT('Ctrl Pts',(-1.94875230158478,-17.137889271672,5.37078246683564));
#5600=CARTESIAN_POINT('Ctrl Pts',(6.37252659036733,-16.0279689629124,5.48815504426893));
#5601=CARTESIAN_POINT('Ctrl Pts',(13.1842246526478,-11.121200678413,5.60552762170223));
#5602=CARTESIAN_POINT('Ctrl Pts',(16.8727262076269,-3.57994337154681,5.72290019913553));
#5603=CARTESIAN_POINT('Ctrl Pts',(16.5642661703494,4.80936279135182,5.84027277656883));
#5604=CARTESIAN_POINT('Ctrl Pts',(12.3319153004883,12.0593842812394,5.95764535400212));
#5605=CARTESIAN_POINT('Ctrl Pts',(5.17827055028598,16.4526714648127,6.07501793143543));
#5606=CARTESIAN_POINT('Ctrl Pts',(-3.20204902703766,16.9485033631135,6.19239050886871));
#5607=CARTESIAN_POINT('Ctrl Pts',(-10.8238387248326,13.4294229019655,6.30976308630202));
#5608=CARTESIAN_POINT('Ctrl Pts',(-15.8815811470676,6.72906118935843,6.42713566373532));
#5609=CARTESIAN_POINT('Ctrl Pts',(-17.1771532425867,-1.56534044275212,6.54450824116861));
#5610=CARTESIAN_POINT('Ctrl Pts',(-14.4036483596689,-9.48893029545625,6.66188081860191));
#5611=CARTESIAN_POINT('Ctrl Pts',(-8.21807902590142,-15.1646978652745,6.7792533960352));
#5612=CARTESIAN_POINT('Ctrl Pts',(-0.0857379716392686,-17.2481168021683,
6.89662597346851));
#5613=CARTESIAN_POINT('Ctrl Pts',(8.06691345662078,-15.2456482808837,7.01399855090181));
#5614=CARTESIAN_POINT('Ctrl Pts',(14.3086026101776,-9.63165487157005,7.13137112833511));
#5615=CARTESIAN_POINT('Ctrl Pts',(17.1607425961619,-1.73602931118563,7.2487437057684));
#5616=CARTESIAN_POINT('Ctrl Pts',(15.9476931037289,6.57084232730466,7.3661162832017));
#5617=CARTESIAN_POINT('Ctrl Pts',(10.9568120957293,13.3211543388665,7.48348886063499));
#5618=CARTESIAN_POINT('Ctrl Pts',(3.37038389628624,16.9158327200488,7.6008614380683));
#5619=CARTESIAN_POINT('Ctrl Pts',(-5.0144508451018,16.5033380545597,7.71823401550159));
#5620=CARTESIAN_POINT('Ctrl Pts',(-12.2114178295253,12.1813857509633,7.83560659293489));
#5621=CARTESIAN_POINT('Ctrl Pts',(-16.5156354472493,4.97379834679536,7.9529791703682));
#5622=CARTESIAN_POINT('Ctrl Pts',(-16.907482311009,-3.41202668863247,8.07035174780148));
#5623=CARTESIAN_POINT('Ctrl Pts',(-13.2941342473293,-10.9895804667424,8.18772432523479));
#5624=CARTESIAN_POINT('Ctrl Pts',(-6.53155331309798,-15.9638245899653,8.30509690266807));
#5625=CARTESIAN_POINT('Ctrl Pts',(1.77828011660907,-17.1564158275525,8.42246948010139));
#5626=CARTESIAN_POINT('Ctrl Pts',(9.6668587212868,-14.2848425501894,8.53984205753467));
#5627=CARTESIAN_POINT('Ctrl Pts',(15.2654657735732,-8.029348599786,8.65721463496798));
#5628=CARTESIAN_POINT('Ctrl Pts',(17.2478533937385,0.128208927615236,8.77458721240128));
#5629=CARTESIAN_POINT('Ctrl Pts',(15.1444159542596,8.2553951828724,8.89195978983456));
#5630=CARTESIAN_POINT('Ctrl Pts',(9.45343444149498,14.4269699341677,9.00933236726788));
#5631=CARTESIAN_POINT('Ctrl Pts',(1.52303921973098,17.1809556124266,9.12670494470116));
#5632=CARTESIAN_POINT('Ctrl Pts',(-6.76814709114855,15.8649635730319,9.24407752213447));
#5633=CARTESIAN_POINT('Ctrl Pts',(-13.4560344661455,10.7907377257932,9.36145009956777));
#5634=CARTESIAN_POINT('Ctrl Pts',(-16.9563366054601,3.16030586233091,9.47882267700106));
#5635=CARTESIAN_POINT('Ctrl Pts',(-16.43987077713,-5.21876738819822,9.59619525443436));
#5636=CARTESIAN_POINT('Ctrl Pts',(-12.0289820044101,-12.3615725601031,9.71356783186766));
#5637=CARTESIAN_POINT('Ctrl Pts',(-4.76856088731243,-16.576058376023,9.83094040930096));
#5638=CARTESIAN_POINT('Ctrl Pts',(3.62147938442871,-16.8638599166314,9.94831298673425));
#5639=CARTESIAN_POINT('Ctrl Pts',(11.1536313798345,-13.1568001910596,10.0656855641676));
#5640=CARTESIAN_POINT('Ctrl Pts',(16.0436118792206,-6.33304050853137,10.1830581416008));
#5641=CARTESIAN_POINT('Ctrl Pts',(17.1330387703467,1.9909461885756,10.3004307190342));
#5642=CARTESIAN_POINT('Ctrl Pts',(14.1638389104783,9.84329982926506,10.4178032964674));
#5643=CARTESIAN_POINT('Ctrl Pts',(7.83938279982332,15.3638849752401,10.5351758739007));
#5644=CARTESIAN_POINT('Ctrl Pts',(-0.34213610352439,17.2449362761493,10.652548451334));
#5645=CARTESIAN_POINT('Ctrl Pts',(-8.44260675004502,15.0408535429742,10.7699210287673));
#5646=CARTESIAN_POINT('Ctrl Pts',(-14.5431175708973,9.27375953649948,10.8872936062006));
#5647=CARTESIAN_POINT('Ctrl Pts',(-17.1985251917764,1.30981478476084,11.0046661836339));
#5648=CARTESIAN_POINT('Ctrl Pts',(-15.77979313586,-6.96441050064511,11.1220387610672));
#5649=CARTESIAN_POINT('Ctrl Pts',(-10.6230030494579,-13.588844329694,11.2394113385005));
#5650=CARTESIAN_POINT('Ctrl Pts',(-2.94974172964016,-16.9942315396484,11.3567839159338));
#5651=CARTESIAN_POINT('Ctrl Pts',(5.42228125308103,-16.3738742825825,11.4741564933671));
#5652=CARTESIAN_POINT('Ctrl Pts',(12.5098248494096,-11.8747271601089,11.5915290708004));
#5653=CARTESIAN_POINT('Ctrl Pts',(16.6339319677491,-4.56259042797129,11.7089016482337));
#5654=CARTESIAN_POINT('Ctrl Pts',(16.8176409219989,3.83037620824779,11.826274225667));
#5655=CARTESIAN_POINT('Ctrl Pts',(13.0174456921101,11.3159636580869,11.9436468031003));
#5656=CARTESIAN_POINT('Ctrl Pts',(6.13354587428114,16.1209357266335,12.0610193805336));
#5657=CARTESIAN_POINT('Ctrl Pts',(-2.20329146650729,17.1070159712262,12.1783919579669));
#5658=CARTESIAN_POINT('Ctrl Pts',(-10.0182546076031,14.0406749090702,12.2957645354002));
#5659=CARTESIAN_POINT('Ctrl Pts',(-15.4598856260589,7.64817420036245,12.4131371128335));
#5660=CARTESIAN_POINT('Ctrl Pts',(-17.2394722936966,-0.55593933370887,12.5305096902668));
#5661=CARTESIAN_POINT('Ctrl Pts',(-14.9347696200426,-8.62865850352922,12.6478822677001));
#5662=CARTESIAN_POINT('Ctrl Pts',(-9.0930662176283,-14.6567518305192,12.7652548451334));
#5663=CARTESIAN_POINT('Ctrl Pts',(-1.09554093782298,-17.2140388450144,12.8826274225667));
#5664=CARTESIAN_POINT('Ctrl Pts',(4.40642363663939,-16.1983454278584,12.9608758075222));
#5665=CARTESIAN_POINT('Ctrl Pts',(6.87637438572285,-15.0714243290863,13.));
#5666=CARTESIAN_POINT('Ctrl Pts',(13.4294338544835,-10.0423914671917,-0.26327242800209));
#5667=CARTESIAN_POINT('Ctrl Pts',(15.0752114389624,-7.84153509924815,-0.224148235524324));
#5668=CARTESIAN_POINT('Ctrl Pts',(17.2628989569968,-2.61763355480298,-0.145899850568792));
#5669=CARTESIAN_POINT('Ctrl Pts',(16.4529428924839,5.84301025154035,-0.0285272731354941));
#5670=CARTESIAN_POINT('Ctrl Pts',(11.7462878632503,12.9174922657854,0.0888453042978034));
#5671=CARTESIAN_POINT('Ctrl Pts',(4.25667093074719,16.9329619959947,0.206217881731102));
#5672=CARTESIAN_POINT('Ctrl Pts',(-4.2411025686039,16.9366913238424,0.323590459164399));
#5673=CARTESIAN_POINT('Ctrl Pts',(-11.7343093575359,12.9285681920777,0.440963036597698));
#5674=CARTESIAN_POINT('Ctrl Pts',(-16.4477353076359,5.85767612469154,0.558335614030995));
#5675=CARTESIAN_POINT('Ctrl Pts',(-17.2649026429127,-2.60076517505291,0.675708191464294));
#5676=CARTESIAN_POINT('Ctrl Pts',(-13.9921920727119,-10.443149680197,0.793080768897591));
#5677=CARTESIAN_POINT('Ctrl Pts',(-7.40489371613246,-15.8116496009809,0.91045334633089));
#5678=CARTESIAN_POINT('Ctrl Pts',(0.93654550764079,-17.4345546250797,1.02782592376419));
#5679=CARTESIAN_POINT('Ctrl Pts',(9.0561255794048,-14.9274022928236,1.14519850119749));
#5680=CARTESIAN_POINT('Ctrl Pts',(15.0304109872856,-8.88411650852862,1.26257107863078));
#5681=CARTESIAN_POINT('Ctrl Pts',(17.4441583267884,-0.736280833059286,1.37994365606408));
#5682=CARTESIAN_POINT('Ctrl Pts',(15.7255784070967,7.58597094116354,1.49731623349738));
#5683=CARTESIAN_POINT('Ctrl Pts',(10.2817833444981,14.1111907246207,1.61468881093068));
#5684=CARTESIAN_POINT('Ctrl Pts',(2.40234797938783,17.2936258508601,1.73206138836397));
#5685=CARTESIAN_POINT('Ctrl Pts',(-6.04617699726955,16.3793930201066,1.84943396579727));
#5686=CARTESIAN_POINT('Ctrl Pts',(-13.0624297229288,11.585063708237,1.96680654323057));
#5687=CARTESIAN_POINT('Ctrl Pts',(-16.9843378178924,4.04636139374455,2.08417912066387));
#5688=CARTESIAN_POINT('Ctrl Pts',(-16.8828447639189,-4.45087904234945,2.20155169809717));
#5689=CARTESIAN_POINT('Ctrl Pts',(-12.7819931464775,-11.8937556209858,2.31892427553046));
#5690=CARTESIAN_POINT('Ctrl Pts',(-5.65322920047531,-16.5191334880786,2.43629685296376));
#5691=CARTESIAN_POINT('Ctrl Pts',(2.8147220053323,-17.2313119524915,2.55366943039706));
#5692=CARTESIAN_POINT('Ctrl Pts',(10.6158968050008,-13.8615838419767,2.67104200783036));
#5693=CARTESIAN_POINT('Ctrl Pts',(15.9022834620928,-7.20820034881225,2.78841458526366));
#5694=CARTESIAN_POINT('Ctrl Pts',(17.4215956438743,1.15272581322158,2.90578716269695));
#5695=CARTESIAN_POINT('Ctrl Pts',(14.8139251550256,9.24058402267992,3.02315974013025));
#5696=CARTESIAN_POINT('Ctrl Pts',(8.69700019560796,15.1394504251719,3.14053231756355));
#5697=CARTESIAN_POINT('Ctrl Pts',(0.519852405443177,17.4519490331452,3.25790489499685));
#5698=CARTESIAN_POINT('Ctrl Pts',(-7.7804426504642,15.6302745894491,3.37527747243014));
#5699=CARTESIAN_POINT('Ctrl Pts',(-14.2376371865191,10.105961553652,3.49265004986345));
#5700=CARTESIAN_POINT('Ctrl Pts',(-17.3220934763204,2.18765837744829,3.61002262729674));
#5701=CARTESIAN_POINT('Ctrl Pts',(-16.3031380547992,-6.24887679066973,3.72739520473004));
#5702=CARTESIAN_POINT('Ctrl Pts',(-11.4221501533791,-13.2051223944527,3.84476778216334));
#5703=CARTESIAN_POINT('Ctrl Pts',(-3.83538163878206,-17.0332210478143,3.96214035959664));
#5704=CARTESIAN_POINT('Ctrl Pts',(4.6599462226104,-16.8263386623826,4.07951293702993));
#5705=CARTESIAN_POINT('Ctrl Pts',(12.0513845379652,-12.6334833793735,4.19688551446323));
#5706=CARTESIAN_POINT('Ctrl Pts',(16.5879835974096,-5.4478960848094,4.31425809189653));
#5707=CARTESIAN_POINT('Ctrl Pts',(17.1950734290058,3.02823733381522,4.43163066932983));
#5708=CARTESIAN_POINT('Ctrl Pts',(13.7288411888729,10.7870149341474,4.54900324676312));
#5709=CARTESIAN_POINT('Ctrl Pts',(7.01039882792925,15.9904684062782,4.66637582419643));
#5710=CARTESIAN_POINT('Ctrl Pts',(-1.36872921693003,17.4059573683706,4.78374840162972));
#5711=CARTESIAN_POINT('Ctrl Pts',(-9.42362049987255,14.6981681937986,4.90112097906302));
#5712=CARTESIAN_POINT('Ctrl Pts',(-15.2461606657226,8.50854608812729,5.01849355649632));
#5713=CARTESIAN_POINT('Ctrl Pts',(-17.4570545652615,0.303343838399722,5.13586613392961));
#5714=CARTESIAN_POINT('Ctrl Pts',(-15.5325659692475,-7.97371720026401,5.25323871136292));
#5715=CARTESIAN_POINT('Ctrl Pts',(-9.92858486892145,-14.3618931231031,5.37061128879621));
#5716=CARTESIAN_POINT('Ctrl Pts',(-1.97263219635474,-17.347895947253,5.4879838662295));
#5717=CARTESIAN_POINT('Ctrl Pts',(6.45061515209628,-16.2243747410604,5.60535644366282));
#5718=CARTESIAN_POINT('Ctrl Pts',(13.3457833571957,-11.2574792099124,5.72272902109609));
#5719=CARTESIAN_POINT('Ctrl Pts',(17.079483590796,-3.62381178464655,5.84010159852941));
#5720=CARTESIAN_POINT('Ctrl Pts',(16.7672437025724,4.86829643688217,5.95747417596269));
#5721=CARTESIAN_POINT('Ctrl Pts',(12.4830298569397,12.2071592587942,6.07484675339601));
#5722=CARTESIAN_POINT('Ctrl Pts',(5.24172476954752,16.6542815221529,6.19221933082929));
#5723=CARTESIAN_POINT('Ctrl Pts',(-3.24128674532116,17.1561893150378,6.3095919082626));
#5724=CARTESIAN_POINT('Ctrl Pts',(-10.9564734006433,13.5939862512734,6.42696448569589));
#5725=CARTESIAN_POINT('Ctrl Pts',(-16.076193097629,6.81151870485272,6.54433706312919));
#5726=CARTESIAN_POINT('Ctrl Pts',(-17.3876410565314,-1.58452203141357,6.66170964056248));
#5727=CARTESIAN_POINT('Ctrl Pts',(-14.5801498097776,-9.6052070827887,6.77908221799579));
#5728=CARTESIAN_POINT('Ctrl Pts',(-8.31878287738123,-15.3505251707491,6.89645479542908));
#5729=CARTESIAN_POINT('Ctrl Pts',(-0.0867885996430803,-17.4594741993505,
7.01382737286238));
#5730=CARTESIAN_POINT('Ctrl Pts',(8.16576493420764,-15.4324675479354,7.13119995029568));
#5731=CARTESIAN_POINT('Ctrl Pts',(14.4839393753264,-9.74968059736733,7.24857252772897));
#5732=CARTESIAN_POINT('Ctrl Pts',(17.3710293150217,-1.75730251108639,7.36594510516227));
#5733=CARTESIAN_POINT('Ctrl Pts',(16.1431151862742,6.65136103827599,7.48331768259557));
#5734=CARTESIAN_POINT('Ctrl Pts',(11.0910762193162,13.4843909716431,7.60069026002887));
#5735=CARTESIAN_POINT('Ctrl Pts',(3.41168438004306,17.1231183278567,7.71806283746217));
#5736=CARTESIAN_POINT('Ctrl Pts',(-5.07589762744184,16.7055689772765,7.83543541489547));
#5737=CARTESIAN_POINT('Ctrl Pts',(-12.3610558171361,12.33065572727,7.95280799232877));
#5738=CARTESIAN_POINT('Ctrl Pts',(-16.7180170614845,5.03474697583963,8.07018056976206));
#5739=CARTESIAN_POINT('Ctrl Pts',(-17.1146655934012,-3.45383746068931,8.18755314719537));
#5740=CARTESIAN_POINT('Ctrl Pts',(-13.4570397775118,-11.1242461319983,8.30492572462865));
#5741=CARTESIAN_POINT('Ctrl Pts',(-6.61159057882656,-16.1594443467832,8.42229830206196));
#5742=CARTESIAN_POINT('Ctrl Pts',(1.80007105536592,-17.3666495264471,8.53967087949526));
#5743=CARTESIAN_POINT('Ctrl Pts',(9.78531583296418,-14.4598881609766,8.65704345692855));
#5744=CARTESIAN_POINT('Ctrl Pts',(15.4525278830013,-8.12773975985201,8.77441603436185));
#5745=CARTESIAN_POINT('Ctrl Pts',(17.4592075631295,0.129779992186927,8.89178861179515));
#5746=CARTESIAN_POINT('Ctrl Pts',(15.3299947264032,8.35655630431974,9.00916118922844));
#5747=CARTESIAN_POINT('Ctrl Pts',(9.56927626474468,14.6037571654628,9.12653376666175));
#5748=CARTESIAN_POINT('Ctrl Pts',(1.54170245172208,17.3914900203852,9.24390634409504));
#5749=CARTESIAN_POINT('Ctrl Pts',(-6.85108356295809,16.0593718928297,9.36127892152834));
#5750=CARTESIAN_POINT('Ctrl Pts',(-13.6209239119777,10.9229667839308,9.47865149896164));
#5751=CARTESIAN_POINT('Ctrl Pts',(-17.1641185454701,3.19903206235745,9.59602407639494));
#5752=CARTESIAN_POINT('Ctrl Pts',(-16.6413239756049,-5.28271785330235,9.71339665382823));
#5753=CARTESIAN_POINT('Ctrl Pts',(-12.1763844342733,-12.5130505348495,9.83076923126155));
#5754=CARTESIAN_POINT('Ctrl Pts',(-4.82699454873804,-16.7791804092328,9.94814180869481));
#5755=CARTESIAN_POINT('Ctrl Pts',(3.66585677735925,-17.0705086527981,10.0655143861281));
#5756=CARTESIAN_POINT('Ctrl Pts',(11.2903073152198,-13.3180228378867,10.1828869635614));
#5757=CARTESIAN_POINT('Ctrl Pts',(16.2402093447344,-6.41064521016255,10.3002595409947));
#5758=CARTESIAN_POINT('Ctrl Pts',(17.3429860081731,2.01534312472655,10.417632118428));
#5759=CARTESIAN_POINT('Ctrl Pts',(14.3374017498632,9.96391903978292,10.5350046958613));
#5760=CARTESIAN_POINT('Ctrl Pts',(7.93544613027787,15.5521531077104,10.6523772732946));
#5761=CARTESIAN_POINT('Ctrl Pts',(-0.346328618982879,17.4562546993549,10.7697498507279));
#5762=CARTESIAN_POINT('Ctrl Pts',(-8.54606195089905,15.225163267491,10.8871224281612));
#5763=CARTESIAN_POINT('Ctrl Pts',(-14.7213280684231,9.38739963415243,11.0044950055945));
#5764=CARTESIAN_POINT('Ctrl Pts',(-17.4092748963151,1.32586517721081,11.1218675830278));
#5765=CARTESIAN_POINT('Ctrl Pts',(-15.9731577821876,-7.04975197259868,11.2392401604611));
#5766=CARTESIAN_POINT('Ctrl Pts',(-10.7531766968505,-13.755361219693,11.3566127378944));
#5767=CARTESIAN_POINT('Ctrl Pts',(-2.98588768931144,-17.2024778419276,11.4739853153277));
#5768=CARTESIAN_POINT('Ctrl Pts',(5.48872556497814,-16.5745187639394,11.591357892761));
#5769=CARTESIAN_POINT('Ctrl Pts',(12.6631194988895,-12.0202393602869,11.7087304701943));
#5770=CARTESIAN_POINT('Ctrl Pts',(16.8377631805089,-4.61850013964154,11.8261030476276));
#5771=CARTESIAN_POINT('Ctrl Pts',(17.023723293355,3.87731341042986,11.9434756250609));
#5772=CARTESIAN_POINT('Ctrl Pts',(13.1769606971974,11.4546288035526,12.0608482024942));
#5773=CARTESIAN_POINT('Ctrl Pts',(6.20870598053243,16.3184807139734,12.1782207799275));
#5774=CARTESIAN_POINT('Ctrl Pts',(-2.23029046906136,17.3166443272203,12.2955933573608));
#5775=CARTESIAN_POINT('Ctrl Pts',(-10.1410177035664,14.2127285041089,12.4129659347941));
#5776=CARTESIAN_POINT('Ctrl Pts',(-15.649330144793,7.74189447201446,12.5303385122274));
#5777=CARTESIAN_POINT('Ctrl Pts',(-17.4507237615862,-0.562751781230628,
12.6477110896607));
#5778=CARTESIAN_POINT('Ctrl Pts',(-15.1177793984788,-8.73439357150201,12.765083667094));
#5779=CARTESIAN_POINT('Ctrl Pts',(-9.20449211010148,-14.8363547955022,12.8824562445273));
#5780=CARTESIAN_POINT('Ctrl Pts',(-1.10896563129998,-17.4249786529369,12.9998288219606));
#5781=CARTESIAN_POINT('Ctrl Pts',(4.46041968973922,-16.396838989072,13.0780772069161));
#5782=CARTESIAN_POINT('Ctrl Pts',(6.96063706836155,-15.2561086661974,13.1172013993939));
#5783=CARTESIAN_POINT('Ctrl Pts',(13.5920051984258,-10.1639606334653,-0.146071028608216));
#5784=CARTESIAN_POINT('Ctrl Pts',(15.2577059067413,-7.93646158039908,-0.10694683613045));
#5785=CARTESIAN_POINT('Ctrl Pts',(17.4718766930793,-2.64932157751219,-0.0286984511749185));
#5786=CARTESIAN_POINT('Ctrl Pts',(16.6521156250666,5.91374339186139,0.0886741262583798));
#5787=CARTESIAN_POINT('Ctrl Pts',(11.8884837164004,13.0738662500328,0.206046703691677));
#5788=CARTESIAN_POINT('Ctrl Pts',(4.30820048302989,17.1379456474606,0.323419281124975));
#5789=CARTESIAN_POINT('Ctrl Pts',(-4.29244365653404,17.1417201210566,0.440791858558273));
#5790=CARTESIAN_POINT('Ctrl Pts',(-11.8763602036967,13.0850762570498,0.558164435991571));
#5791=CARTESIAN_POINT('Ctrl Pts',(-16.6468449992836,5.92858680419511,0.675537013424869));
#5792=CARTESIAN_POINT('Ctrl Pts',(-17.4739046348138,-2.63224899591743,0.792909590858167));
#5793=CARTESIAN_POINT('Ctrl Pts',(-14.1615759420997,-10.5695702647798,0.910282168291465));
#5794=CARTESIAN_POINT('Ctrl Pts',(-7.4945343916982,-16.0030590939967,1.02765474572476));
#5795=CARTESIAN_POINT('Ctrl Pts',(0.947882952203979,-17.6456103558831,1.14502732315806));
#5796=CARTESIAN_POINT('Ctrl Pts',(9.16575540612025,-15.1081074423188,1.26239990059136));
#5797=CARTESIAN_POINT('Ctrl Pts',(15.2123631187518,-8.99166406237051,1.37977247802466));
#5798=CARTESIAN_POINT('Ctrl Pts',(17.6553303161556,-0.745193953734839,1.49714505545795));
#5799=CARTESIAN_POINT('Ctrl Pts',(15.9159459567353,7.67780366504267,1.61451763289125));
#5800=CARTESIAN_POINT('Ctrl Pts',(10.4062504928939,14.2820151439957,1.73189021032455));
#5801=CARTESIAN_POINT('Ctrl Pts',(2.43142984120405,17.5029755544048,1.84926278775785));
#5802=CARTESIAN_POINT('Ctrl Pts',(-6.11936959278846,16.5776753874119,1.96663536519115));
#5803=CARTESIAN_POINT('Ctrl Pts',(-13.2205582619438,11.7253078463826,2.08400794262444));
#5804=CARTESIAN_POINT('Ctrl Pts',(-17.1899434044676,4.09534502306098,2.20138052005774));
#5805=CARTESIAN_POINT('Ctrl Pts',(-17.0872217162594,-4.50475960019574,2.31875309749104));
#5806=CARTESIAN_POINT('Ctrl Pts',(-12.9367268326924,-12.0377366597083,2.43612567492434));
#5807=CARTESIAN_POINT('Ctrl Pts',(-5.72166492745334,-16.7191074974835,2.55349825235764));
#5808=CARTESIAN_POINT('Ctrl Pts',(2.84879590183375,-17.4399073089569,2.67087082979093));
#5809=CARTESIAN_POINT('Ctrl Pts',(10.7444085970422,-14.0293866204689,2.78824340722423));
#5810=CARTESIAN_POINT('Ctrl Pts',(16.0947901323066,-7.29545993330474,2.90561598465753));
#5811=CARTESIAN_POINT('Ctrl Pts',(17.632494498445,1.16668024992256,3.02298856209083));
#5812=CARTESIAN_POINT('Ctrl Pts',(14.9932565957705,9.35244682938168,3.14036113952412));
#5813=CARTESIAN_POINT('Ctrl Pts',(8.80228259435883,15.3227225443719,3.25773371695743));
#5814=CARTESIAN_POINT('Ctrl Pts',(0.526145530315035,17.6632153336812,3.37510629439072));
#5815=CARTESIAN_POINT('Ctrl Pts',(-7.87462957091502,15.8194884292674,3.49247887182402));
#5816=CARTESIAN_POINT('Ctrl Pts',(-14.4099923160841,10.2283002739144,3.60985144925732));
#5817=CARTESIAN_POINT('Ctrl Pts',(-17.5317877975296,2.21414129298755,3.72722402669061));
#5818=CARTESIAN_POINT('Ctrl Pts',(-16.5004973100563,-6.32452318864871,3.84459660412392));
#5819=CARTESIAN_POINT('Ctrl Pts',(-11.5604221253227,-13.3649783137602,3.96196918155721));
#5820=CARTESIAN_POINT('Ctrl Pts',(-3.88181123174216,-17.2394183951793,4.07934175899051));
#5821=CARTESIAN_POINT('Ctrl Pts',(4.71635766395015,-17.0300315745048,4.1967143364238));
#5822=CARTESIAN_POINT('Ctrl Pts',(12.1972737691816,-12.7864192658681,4.31408691385711));
#5823=CARTESIAN_POINT('Ctrl Pts',(16.7887910786441,-5.51384613138339,4.4314594912904));
#5824=CARTESIAN_POINT('Ctrl Pts',(17.4032300964297,3.06489596130979,4.5488320687237));
#5825=CARTESIAN_POINT('Ctrl Pts',(13.8950370380077,10.9175982136789,4.666204646157));
#5826=CARTESIAN_POINT('Ctrl Pts',(7.09526390648557,16.1840426080832,4.7835772235903));
#5827=CARTESIAN_POINT('Ctrl Pts',(-1.38529850426562,17.6166669122456,4.90094980102359));
#5828=CARTESIAN_POINT('Ctrl Pts',(-9.53769907280917,14.8760983271645,5.01832237845689));
#5829=CARTESIAN_POINT('Ctrl Pts',(-15.430724576327,8.61154713698235,5.13569495589019));
#5830=CARTESIAN_POINT('Ctrl Pts',(-17.6683826713231,0.307015997332102,5.25306753332349));
#5831=CARTESIAN_POINT('Ctrl Pts',(-15.7205969876698,-8.0702438249534,5.37044011075678));
#5832=CARTESIAN_POINT('Ctrl Pts',(-10.0487763381282,-14.5357524452367,5.48781268819008));
#5833=CARTESIAN_POINT('Ctrl Pts',(-1.9965120911247,-17.5579026228341,5.60518526562339));
#5834=CARTESIAN_POINT('Ctrl Pts',(6.52870371382521,-16.4207805192084,5.72255784305668));
#5835=CARTESIAN_POINT('Ctrl Pts',(13.5073420617436,-11.3937577414119,5.83993042048998));
#5836=CARTESIAN_POINT('Ctrl Pts',(17.2862409739651,-3.66768019774625,5.95730299792327));
#5837=CARTESIAN_POINT('Ctrl Pts',(16.9702212347954,4.92723008241249,6.07467557535658));
#5838=CARTESIAN_POINT('Ctrl Pts',(12.6341444133911,12.3549342363489,6.19204815278987));
#5839=CARTESIAN_POINT('Ctrl Pts',(5.30517898880907,16.8558915794932,6.30942073022317));
#5840=CARTESIAN_POINT('Ctrl Pts',(-3.28052446360465,17.3638752669622,6.42679330765646));
#5841=CARTESIAN_POINT('Ctrl Pts',(-11.0891080764539,13.7585496005812,6.54416588508977));
#5842=CARTESIAN_POINT('Ctrl Pts',(-16.2708050481904,6.89397622034703,6.66153846252306));
#5843=CARTESIAN_POINT('Ctrl Pts',(-17.5981288704762,-1.60370362007504,6.77891103995637));
#5844=CARTESIAN_POINT('Ctrl Pts',(-14.7566512598863,-9.72148387012112,6.89628361738965));
#5845=CARTESIAN_POINT('Ctrl Pts',(-8.41948672886104,-15.5363524762237,7.01365619482296));
#5846=CARTESIAN_POINT('Ctrl Pts',(-0.0878392276468979,-17.6708315965326,
7.13102877225625));
#5847=CARTESIAN_POINT('Ctrl Pts',(8.2646164117945,-15.619286814987,7.24840134968955));
#5848=CARTESIAN_POINT('Ctrl Pts',(14.6592761404753,-9.8677063231646,7.36577392712285));
#5849=CARTESIAN_POINT('Ctrl Pts',(17.5813160338814,-1.77857571098715,7.48314650455614));
#5850=CARTESIAN_POINT('Ctrl Pts',(16.3385372688195,6.73187974924731,7.60051908198945));
#5851=CARTESIAN_POINT('Ctrl Pts',(11.2253403429031,13.6476276044198,7.71789165942275));
#5852=CARTESIAN_POINT('Ctrl Pts',(3.4529848637999,17.3304039356646,7.83526423685604));
#5853=CARTESIAN_POINT('Ctrl Pts',(-5.1373444097819,16.9077998999933,7.95263681428934));
#5854=CARTESIAN_POINT('Ctrl Pts',(-12.5106938047469,12.4799257035768,8.07000939172264));
#5855=CARTESIAN_POINT('Ctrl Pts',(-16.9203986757197,5.0956956048839,8.18738196915594));
#5856=CARTESIAN_POINT('Ctrl Pts',(-17.3218488757935,-3.49564823274617,8.30475454658924));
#5857=CARTESIAN_POINT('Ctrl Pts',(-13.6199453076942,-11.2589117972541,8.42212712402253));
#5858=CARTESIAN_POINT('Ctrl Pts',(-6.69162784455518,-16.3550641036012,8.53949970145584));
#5859=CARTESIAN_POINT('Ctrl Pts',(1.82186199412279,-17.5768832253418,8.65687227888912));
#5860=CARTESIAN_POINT('Ctrl Pts',(9.90377294464156,-14.6349337717639,8.77424485632243));
#5861=CARTESIAN_POINT('Ctrl Pts',(15.6395899924294,-8.22613091991799,8.89161743375572));
#5862=CARTESIAN_POINT('Ctrl Pts',(17.6705617325205,0.131351056758608,9.00899001118901));
#5863=CARTESIAN_POINT('Ctrl Pts',(15.5155734985468,8.45771742576708,9.12636258862233));
#5864=CARTESIAN_POINT('Ctrl Pts',(9.68511808799437,14.780544396758,9.24373516605561));
#5865=CARTESIAN_POINT('Ctrl Pts',(1.5603656837132,17.6020244283438,9.36110774348892));
#5866=CARTESIAN_POINT('Ctrl Pts',(-6.93402003476766,16.2537802126275,9.47848032092221));
#5867=CARTESIAN_POINT('Ctrl Pts',(-13.7858133578098,11.0551958420685,9.59585289835551));
#5868=CARTESIAN_POINT('Ctrl Pts',(-17.3719004854802,3.237758262384,9.71322547578881));
#5869=CARTESIAN_POINT('Ctrl Pts',(-16.8427771740798,-5.34666831840646,9.83059805322211));
#5870=CARTESIAN_POINT('Ctrl Pts',(-12.3237868641364,-12.6645285095959,9.9479706306554));
#5871=CARTESIAN_POINT('Ctrl Pts',(-4.88542821016363,-16.9823024424426,10.0653432080887));
#5872=CARTESIAN_POINT('Ctrl Pts',(3.71023417028978,-17.2771573889648,10.182715785522));
#5873=CARTESIAN_POINT('Ctrl Pts',(11.4269832506051,-13.4792454847137,10.3000883629553));
#5874=CARTESIAN_POINT('Ctrl Pts',(16.4368068102482,-6.48824991179378,10.4174609403886));
#5875=CARTESIAN_POINT('Ctrl Pts',(17.5529332459994,2.03974006087754,10.5348335178219));
#5876=CARTESIAN_POINT('Ctrl Pts',(14.5109645892481,10.0845382503007,10.6522060952552));
#5877=CARTESIAN_POINT('Ctrl Pts',(8.0315094607324,15.7404212401806,10.7695786726885));
#5878=CARTESIAN_POINT('Ctrl Pts',(-0.350521134441355,17.6675731225604,10.8869512501218));
#5879=CARTESIAN_POINT('Ctrl Pts',(-8.64951715175308,15.4094729920079,11.0043238275551));
#5880=CARTESIAN_POINT('Ctrl Pts',(-14.899538565949,9.50103973180537,11.1216964049884));
#5881=CARTESIAN_POINT('Ctrl Pts',(-17.6200246008538,1.34191556966079,11.2390689824217));
#5882=CARTESIAN_POINT('Ctrl Pts',(-16.1665224285152,-7.13509344455227,11.356441559855));
#5883=CARTESIAN_POINT('Ctrl Pts',(-10.8833503442431,-13.9218781096921,11.4738141372883));
#5884=CARTESIAN_POINT('Ctrl Pts',(-3.0220336489827,-17.4107241442068,11.5911867147216));
#5885=CARTESIAN_POINT('Ctrl Pts',(5.55516987687525,-16.7751632452964,11.7085592921549));
#5886=CARTESIAN_POINT('Ctrl Pts',(12.8164141483693,-12.1657515604647,11.8259318695882));
#5887=CARTESIAN_POINT('Ctrl Pts',(17.0415943932687,-4.67440985131183,11.9433044470215));
#5888=CARTESIAN_POINT('Ctrl Pts',(17.2298056647112,3.92425061261196,12.0606770244548));
#5889=CARTESIAN_POINT('Ctrl Pts',(13.3364757022847,11.5932939490182,12.1780496018881));
#5890=CARTESIAN_POINT('Ctrl Pts',(6.28386608678372,16.5160257013134,12.2954221793214));
#5891=CARTESIAN_POINT('Ctrl Pts',(-2.25728947161542,17.5262726832143,12.4127947567547));
#5892=CARTESIAN_POINT('Ctrl Pts',(-10.2637807995298,14.3847820991477,12.530167334188));
#5893=CARTESIAN_POINT('Ctrl Pts',(-15.8387746635272,7.83561474366644,12.6475399116213));
#5894=CARTESIAN_POINT('Ctrl Pts',(-17.6619752294758,-0.569564228752382,
12.7649124890545));
#5895=CARTESIAN_POINT('Ctrl Pts',(-15.3007891769151,-8.84012863947477,12.8822850664879));
#5896=CARTESIAN_POINT('Ctrl Pts',(-9.31591800257465,-15.0159577604853,12.9996576439211));
#5897=CARTESIAN_POINT('Ctrl Pts',(-1.122390324777,-17.6359184608595,13.1170302213545));
#5898=CARTESIAN_POINT('Ctrl Pts',(4.51441574283907,-16.5953325502855,13.19527860631));
#5899=CARTESIAN_POINT('Ctrl Pts',(7.04489975100026,-15.4407930033086,13.2344027987877));
#5900=CARTESIAN_POINT('Ctrl Pts',(13.7545765423681,-10.2855297997389,-0.0288696292143426));
#5901=CARTESIAN_POINT('Ctrl Pts',(15.4402003745202,-8.03138806155001,0.0102545632634234));
#5902=CARTESIAN_POINT('Ctrl Pts',(17.6808544291617,-2.6810096002214,0.0885029482189553));
#5903=CARTESIAN_POINT('Ctrl Pts',(16.8512883576493,5.98447653218243,0.205875525652253));
#5904=CARTESIAN_POINT('Ctrl Pts',(12.0306795695505,13.2302402342802,0.323248103085551));
#5905=CARTESIAN_POINT('Ctrl Pts',(4.35973003531258,17.3429292989265,0.440620680518849));
#5906=CARTESIAN_POINT('Ctrl Pts',(-4.34378474446416,17.3467489182708,0.557993257952146));
#5907=CARTESIAN_POINT('Ctrl Pts',(-12.0184110498574,13.2415843220218,0.675365835385445));
#5908=CARTESIAN_POINT('Ctrl Pts',(-16.8459546909313,5.99949748369869,0.792738412818742));
#5909=CARTESIAN_POINT('Ctrl Pts',(-17.6829066267148,-2.66373281678195,0.910110990252041));
#5910=CARTESIAN_POINT('Ctrl Pts',(-14.3309598114874,-10.6959908493626,1.02748356768534));
#5911=CARTESIAN_POINT('Ctrl Pts',(-7.58417506726393,-16.1944685870125,1.14485614511864));
#5912=CARTESIAN_POINT('Ctrl Pts',(0.959220396767162,-17.8566660866866,1.26222872255193));
#5913=CARTESIAN_POINT('Ctrl Pts',(9.27538523283571,-15.2888125918141,1.37960129998523));
#5914=CARTESIAN_POINT('Ctrl Pts',(15.394315250218,-9.09921161621241,1.49697387741853));
#5915=CARTESIAN_POINT('Ctrl Pts',(17.8665023055229,-0.754107074410397,1.61434645485183));
#5916=CARTESIAN_POINT('Ctrl Pts',(16.1063135063738,7.7696363889218,1.73171903228513));
#5917=CARTESIAN_POINT('Ctrl Pts',(10.5307176412898,14.4528395633707,1.84909160971843));
#5918=CARTESIAN_POINT('Ctrl Pts',(2.46051170302027,17.7123252579495,1.96646418715172));
#5919=CARTESIAN_POINT('Ctrl Pts',(-6.19256218830734,16.7759577547173,2.08383676458502));
#5920=CARTESIAN_POINT('Ctrl Pts',(-13.3786868009588,11.8655519845281,2.20120934201832));
#5921=CARTESIAN_POINT('Ctrl Pts',(-17.3955489910428,4.14432865237737,2.31858191945162));
#5922=CARTESIAN_POINT('Ctrl Pts',(-17.2915986686,-4.55864015804199,2.43595449688491));
#5923=CARTESIAN_POINT('Ctrl Pts',(-13.0914605189073,-12.1817176984309,2.55332707431821));
#5924=CARTESIAN_POINT('Ctrl Pts',(-5.79010065443137,-16.9190815068884,2.67069965175151));
#5925=CARTESIAN_POINT('Ctrl Pts',(2.88286979833519,-17.6485026654224,2.78807222918481));
#5926=CARTESIAN_POINT('Ctrl Pts',(10.8729203890836,-14.197189398961,2.9054448066181));
#5927=CARTESIAN_POINT('Ctrl Pts',(16.2872968025204,-7.38271951779723,3.02281738405141));
#5928=CARTESIAN_POINT('Ctrl Pts',(17.8433933530157,1.18063468662354,3.1401899614847));
#5929=CARTESIAN_POINT('Ctrl Pts',(15.1725880365154,9.46430963608346,3.257562538918));
#5930=CARTESIAN_POINT('Ctrl Pts',(8.90756499310971,15.5059946635719,3.37493511635129));
#5931=CARTESIAN_POINT('Ctrl Pts',(0.532438655186882,17.8744816342173,3.4923076937846));
#5932=CARTESIAN_POINT('Ctrl Pts',(-7.96881649136581,16.0087022690858,3.60968027121789));
#5933=CARTESIAN_POINT('Ctrl Pts',(-14.5823474456492,10.3506389941768,3.72705284865119));
#5934=CARTESIAN_POINT('Ctrl Pts',(-17.7414821187387,2.24062420852682,3.84442542608449));
#5935=CARTESIAN_POINT('Ctrl Pts',(-16.6978565653134,-6.40016958662771,3.96179800351779));
#5936=CARTESIAN_POINT('Ctrl Pts',(-11.6986940972662,-13.5248342330678,4.07917058095108));
#5937=CARTESIAN_POINT('Ctrl Pts',(-3.92824082470228,-17.4456157425444,4.19654315838439));
#5938=CARTESIAN_POINT('Ctrl Pts',(4.77276910528994,-17.2337244866269,4.31391573581768));
#5939=CARTESIAN_POINT('Ctrl Pts',(12.343163000398,-12.9393551523628,4.43128831325098));
#5940=CARTESIAN_POINT('Ctrl Pts',(16.9895985598785,-5.57979617795736,4.54866089068428));
#5941=CARTESIAN_POINT('Ctrl Pts',(17.6113867638536,3.10155458880435,4.66603346811757));
#5942=CARTESIAN_POINT('Ctrl Pts',(14.0612328871424,11.0481814932103,4.78340604555087));
#5943=CARTESIAN_POINT('Ctrl Pts',(7.18012898504191,16.3776168098882,4.90077862298417));
#5944=CARTESIAN_POINT('Ctrl Pts',(-1.40186779160123,17.8273764561206,5.01815120041747));
#5945=CARTESIAN_POINT('Ctrl Pts',(-9.65177764574578,15.0540284605302,5.13552377785076));
#5946=CARTESIAN_POINT('Ctrl Pts',(-15.6152884869313,8.71454818583743,5.25289635528407));
#5947=CARTESIAN_POINT('Ctrl Pts',(-17.8797107773848,0.310688156264448,5.37026893271736));
#5948=CARTESIAN_POINT('Ctrl Pts',(-15.908628006092,-8.16677044964275,5.48764151015066));
#5949=CARTESIAN_POINT('Ctrl Pts',(-10.168967807335,-14.7096117673702,5.60501408758396));
#5950=CARTESIAN_POINT('Ctrl Pts',(-2.02039198589466,-17.7679092984151,5.72238666501725));
#5951=CARTESIAN_POINT('Ctrl Pts',(6.60679227555416,-16.6171862973564,5.83975924245056));
#5952=CARTESIAN_POINT('Ctrl Pts',(13.6689007662914,-11.5300362729113,5.95713181988384));
#5953=CARTESIAN_POINT('Ctrl Pts',(17.4929983571342,-3.71154861084597,6.07450439731716));
#5954=CARTESIAN_POINT('Ctrl Pts',(17.1731987670183,4.98616372794283,6.19187697475044));
#5955=CARTESIAN_POINT('Ctrl Pts',(12.7852589698426,12.5027092139037,6.30924955218375));
#5956=CARTESIAN_POINT('Ctrl Pts',(5.36863320807061,17.0575016368334,6.42662212961704));
#5957=CARTESIAN_POINT('Ctrl Pts',(-3.31976218188815,17.5715612188866,6.54399470705034));
#5958=CARTESIAN_POINT('Ctrl Pts',(-11.2217427522646,13.9231129498891,6.66136728448364));
#5959=CARTESIAN_POINT('Ctrl Pts',(-16.4654169987519,6.97643373584134,6.77873986191694));
#5960=CARTESIAN_POINT('Ctrl Pts',(-17.8086166844209,-1.6228852087365,6.89611243935024));
#5961=CARTESIAN_POINT('Ctrl Pts',(-14.933152709995,-9.83776065745354,7.01348501678353));
#5962=CARTESIAN_POINT('Ctrl Pts',(-8.52019058034084,-15.7221797816983,7.13085759421683));
#5963=CARTESIAN_POINT('Ctrl Pts',(-0.088889855650724,-17.8821889937148,
7.24823017165013));
#5964=CARTESIAN_POINT('Ctrl Pts',(8.36346788938138,-15.8061060820387,7.36560274908343));
#5965=CARTESIAN_POINT('Ctrl Pts',(14.8346129056241,-9.98573204896187,7.48297532651672));
#5966=CARTESIAN_POINT('Ctrl Pts',(17.7916027527412,-1.79984891088792,7.60034790395003));
#5967=CARTESIAN_POINT('Ctrl Pts',(16.5339593513648,6.81239846021865,7.71772048138331));
#5968=CARTESIAN_POINT('Ctrl Pts',(11.35960446649,13.8108642371965,7.83509305881663));
#5969=CARTESIAN_POINT('Ctrl Pts',(3.49428534755672,17.5376895434724,7.95246563624991));
#5970=CARTESIAN_POINT('Ctrl Pts',(-5.19879119212194,17.11003082271,8.06983821368323));
#5971=CARTESIAN_POINT('Ctrl Pts',(-12.6603317923577,12.6291956798835,8.18721079111649));
#5972=CARTESIAN_POINT('Ctrl Pts',(-17.1227802899549,5.15664423392817,8.30458336854982));
#5973=CARTESIAN_POINT('Ctrl Pts',(-17.5290321581858,-3.53745900480301,8.4219559459831));
#5974=CARTESIAN_POINT('Ctrl Pts',(-13.7828508378766,-11.39357746251,8.53932852341642));
#5975=CARTESIAN_POINT('Ctrl Pts',(-6.77166511028377,-16.5506838604191,8.6567011008497));
#5976=CARTESIAN_POINT('Ctrl Pts',(1.84365293287965,-17.7871169242364,8.77407367828301));
#5977=CARTESIAN_POINT('Ctrl Pts',(10.0222300563189,-14.8099793825511,8.8914462557163));
#5978=CARTESIAN_POINT('Ctrl Pts',(15.8266521018576,-8.32452207998399,9.0088188331496));
#5979=CARTESIAN_POINT('Ctrl Pts',(17.8819159019114,0.1329221213303,9.12619141058288));
#5980=CARTESIAN_POINT('Ctrl Pts',(15.7011522706904,8.55887854721442,9.2435639880162));
#5981=CARTESIAN_POINT('Ctrl Pts',(9.80095991124404,14.9573316280532,9.36093656544949));
#5982=CARTESIAN_POINT('Ctrl Pts',(1.57902891570433,17.8125588363023,9.47830914288279));
#5983=CARTESIAN_POINT('Ctrl Pts',(-7.01695650657724,16.4481885324253,9.59568172031609));
#5984=CARTESIAN_POINT('Ctrl Pts',(-13.950702803642,11.1874249002061,9.71305429774938));
#5985=CARTESIAN_POINT('Ctrl Pts',(-17.5796824254903,3.27648446241053,9.83042687518268));
#5986=CARTESIAN_POINT('Ctrl Pts',(-17.0442303725547,-5.41061878351057,9.94779945261598));
#5987=CARTESIAN_POINT('Ctrl Pts',(-12.4711892939996,-12.8160064843423,10.0651720300493));
#5988=CARTESIAN_POINT('Ctrl Pts',(-4.94386187158924,-17.1854244756523,10.1825446074826));
#5989=CARTESIAN_POINT('Ctrl Pts',(3.75461156322033,-17.4838061251315,10.2999171849159));
#5990=CARTESIAN_POINT('Ctrl Pts',(11.5636591859904,-13.6404681315408,10.4172897623492));
#5991=CARTESIAN_POINT('Ctrl Pts',(16.6334042757621,-6.56585461342499,10.5346623397825));
#5992=CARTESIAN_POINT('Ctrl Pts',(17.7628804838258,2.06413699702851,10.6520349172157));
#5993=CARTESIAN_POINT('Ctrl Pts',(14.6845274286329,10.2051574608186,10.7694074946491));
#5994=CARTESIAN_POINT('Ctrl Pts',(8.12757279118697,15.9286893726509,10.8867800720823));
#5995=CARTESIAN_POINT('Ctrl Pts',(-0.354713649899858,17.8788915457659,11.0041526495157));
#5996=CARTESIAN_POINT('Ctrl Pts',(-8.7529723526071,15.5937827165246,11.121525226949));
#5997=CARTESIAN_POINT('Ctrl Pts',(-15.0777490634749,9.61467982945833,11.2388978043823));
#5998=CARTESIAN_POINT('Ctrl Pts',(-17.8307743053925,1.35796596211076,11.3562703818156));
#5999=CARTESIAN_POINT('Ctrl Pts',(-16.3598870748428,-7.22043491650586,11.4736429592489));
#6000=CARTESIAN_POINT('Ctrl Pts',(-11.0135239916357,-14.0883949996912,11.5910155366821));
#6001=CARTESIAN_POINT('Ctrl Pts',(-3.05817960865395,-17.618970446486,11.7083881141154));
#6002=CARTESIAN_POINT('Ctrl Pts',(5.62161418877232,-16.9758077266533,11.8257606915487));
#6003=CARTESIAN_POINT('Ctrl Pts',(12.9697087978492,-12.3112637606427,11.943133268982));
#6004=CARTESIAN_POINT('Ctrl Pts',(17.2454256060285,-4.73031956298208,12.0605058464154));
#6005=CARTESIAN_POINT('Ctrl Pts',(17.4358880360673,3.97118781479404,12.1778784238486));
#6006=CARTESIAN_POINT('Ctrl Pts',(13.4959907073721,11.7319590944839,12.2952510012819));
#6007=CARTESIAN_POINT('Ctrl Pts',(6.359026193035,16.7135706886533,12.4126235787152));
#6008=CARTESIAN_POINT('Ctrl Pts',(-2.2842884741695,17.7359010392084,12.5299961561485));
#6009=CARTESIAN_POINT('Ctrl Pts',(-10.3865438954931,14.5568356941865,12.6473687335818));
#6010=CARTESIAN_POINT('Ctrl Pts',(-16.0282191822614,7.92933501531844,12.7647413110151));
#6011=CARTESIAN_POINT('Ctrl Pts',(-17.8732266973654,-0.576376676274134,
12.8821138884484));
#6012=CARTESIAN_POINT('Ctrl Pts',(-15.4837989553514,-8.94586370744756,12.9994864658817));
#6013=CARTESIAN_POINT('Ctrl Pts',(-9.42734389504781,-15.1955607254683,13.116859043315));
#6014=CARTESIAN_POINT('Ctrl Pts',(-1.13581501825402,-17.846858268782,13.2342316207483));
#6015=CARTESIAN_POINT('Ctrl Pts',(4.5684117959389,-16.7938261114991,13.3124800057039));
#6016=CARTESIAN_POINT('Ctrl Pts',(7.12916243363897,-15.6254773404197,13.3516041981816));
#6017=CARTESIAN_POINT('',(9.61404914734185,13.490827068512,0.));
#6018=CARTESIAN_POINT('Ctrl Pts',(9.61435158194687,13.4904489084675,-2.70616862252382E-16));
#6019=CARTESIAN_POINT('Ctrl Pts',(9.91754712115426,13.2860207805048,-2.27950379669203E-16));
#6020=CARTESIAN_POINT('Ctrl Pts',(10.2136363296947,13.0718144046333,-1.96914794155046E-16));
#6021=CARTESIAN_POINT('Ctrl Pts',(10.5021014648026,12.848143085372,-1.90819582357449E-16));
#6022=CARTESIAN_POINT('Ctrl Pts',(10.7326721618181,12.6693622009329,-1.85947668695844E-16));
#6023=CARTESIAN_POINT('Ctrl Pts',(10.958371748408,12.4845333109443,-4.44900602671407E-16));
#6024=CARTESIAN_POINT('Ctrl Pts',(11.1789247775058,12.293795162842,-4.05925293378573E-16));
#6025=CARTESIAN_POINT('Ctrl Pts',(11.4540593828796,12.0558539052563,-3.60773978305763E-16));
#6026=CARTESIAN_POINT('Ctrl Pts',(11.7211862425541,11.8087177547791,-4.7868055017564E-16));
#6027=CARTESIAN_POINT('Ctrl Pts',(11.9800027665102,11.5529013734029,-4.37150315946155E-16));
#6028=CARTESIAN_POINT('Ctrl Pts',(12.1911578220462,11.3441939794898,-4.03267939422782E-16));
#6029=CARTESIAN_POINT('Ctrl Pts',(12.3967809405026,11.129708033031,2.12441203849715E-16));
#6030=CARTESIAN_POINT('Ctrl Pts',(12.5966898075342,10.9097046720733,2.63677968348475E-16));
#6031=CARTESIAN_POINT('Ctrl Pts',(12.6481477953941,10.8530742161792,2.76866682009378E-16));
#6032=CARTESIAN_POINT('Ctrl Pts',(12.6992270761405,10.7960781077923,-3.99082302137382E-16));
#6033=CARTESIAN_POINT('Ctrl Pts',(12.7499243498726,10.7387206462151,-3.81639164714898E-16));
#6034=CARTESIAN_POINT('Ctrl Pts',(12.7805580785943,10.7040625119846,-3.71099182965954E-16));
#6035=CARTESIAN_POINT('Ctrl Pts',(12.8110523290042,10.6692724408662,-3.32040686172072E-16));
#6036=CARTESIAN_POINT('Ctrl Pts',(12.8414063586097,10.6343513710338,-3.2612801348364E-16));
#6037=CARTESIAN_POINT('Ctrl Pts',(12.8694383020109,10.6021017664253,-3.20667660828439E-16));
#6038=CARTESIAN_POINT('Ctrl Pts',(12.8973447291217,10.5697472500874,9.67989051662982E-17));
#6039=CARTESIAN_POINT('Ctrl Pts',(12.9251235858987,10.5372906101969,8.32667268468867E-17));
#6040=CARTESIAN_POINT('Ctrl Pts',(13.1625096757986,10.2599302099196,-3.23734135973946E-17));
#6041=CARTESIAN_POINT('Ctrl Pts',(13.390621478025,9.97507052802239,6.1377201632609E-16));
#6042=CARTESIAN_POINT('Ctrl Pts',(13.6091821732838,9.68325149129055,3.88578058618805E-16));
#6043=CARTESIAN_POINT('Ctrl Pts',(13.8290367777139,9.38970484599871,1.6205092192034E-16));
#6044=CARTESIAN_POINT('Ctrl Pts',(14.0392272247817,9.08911577036134,-4.66130137719083E-16));
#6045=CARTESIAN_POINT('Ctrl Pts',(14.239435273037,8.78199595136966,-4.57966997657877E-16));
#6046=CARTESIAN_POINT('Ctrl Pts',(14.4393117649674,8.47538474089493,-4.49817376237617E-16));
#6047=CARTESIAN_POINT('Ctrl Pts',(14.6292392269494,8.16226392655899,-4.71844785465692E-16));
#6048=CARTESIAN_POINT('Ctrl Pts',(14.8088595214226,7.843111866734,-4.71844785465692E-16));
#6049=CARTESIAN_POINT('Ctrl Pts',(14.908982220876,7.66521233784442,-4.71844785465692E-16));
#6050=CARTESIAN_POINT('Ctrl Pts',(15.0059016185316,7.48543833532687,-4.9285479831319E-16));
#6051=CARTESIAN_POINT('Ctrl Pts',(15.0995494877743,7.30386937065846,-4.71844785465692E-16));
#6052=CARTESIAN_POINT('Ctrl Pts',(15.1408743374512,7.22374677703629,-4.6257350540717E-16));
#6053=CARTESIAN_POINT('Ctrl Pts',(15.1815620707541,7.14327462753425,-9.51707975306321E-16));
#6054=CARTESIAN_POINT('Ctrl Pts',(15.221606531208,7.06245963131119,-9.43689570931383E-16));
#6055=CARTESIAN_POINT('Ctrl Pts',(15.242350347273,7.02059587792463,-9.39535880168599E-16));
#6056=CARTESIAN_POINT('Ctrl Pts',(15.2629224315492,6.97863818278906,-7.23981417060418E-16));
#6057=CARTESIAN_POINT('Ctrl Pts',(15.2833120532146,6.93660810291317,-7.21644966006352E-16));
#6058=CARTESIAN_POINT('Ctrl Pts',(15.4445748144577,6.60418963790664,-7.03165832127732E-16));
#6059=CARTESIAN_POINT('Ctrl Pts',(15.5945664182902,6.26696815220066,-6.5484101073816E-16));
#6060=CARTESIAN_POINT('Ctrl Pts',(15.7330039710798,5.92547588631707,-6.66133814775094E-16));
#6061=CARTESIAN_POINT('Ctrl Pts',(15.7729888621969,5.82684274239364,-6.69395513141796E-16));
#6062=CARTESIAN_POINT('Ctrl Pts',(15.8120096335104,5.72785309934172,-2.88823441423079E-16));
#6063=CARTESIAN_POINT('Ctrl Pts',(15.8500588410386,5.62851927324051,-2.77555756156289E-16));
#6064=CARTESIAN_POINT('Ctrl Pts',(15.9806463420092,5.28759874019743,-2.39901954544713E-16));
#6065=CARTESIAN_POINT('Ctrl Pts',(16.099793294639,4.94262605200597,-1.26416971915526E-15));
#6066=CARTESIAN_POINT('Ctrl Pts',(16.2075263758076,4.59421251535774,-1.13797860024079E-15));
#6067=CARTESIAN_POINT('Ctrl Pts',(16.3161175753635,4.24302378599289,-1.01078234048855E-15));
#6068=CARTESIAN_POINT('Ctrl Pts',(16.4131124920027,3.88833864468555,-4.7389633804234E-16));
#6069=CARTESIAN_POINT('Ctrl Pts',(16.4984898368863,3.53076086470244,-4.71844785465692E-16));
#6070=CARTESIAN_POINT('Ctrl Pts',(16.5840922450177,3.17224047381192,-4.69787824790598E-16));
#6071=CARTESIAN_POINT('Ctrl Pts',(16.6580158599722,2.81081160864604,1.73706029060325E-16));
#6072=CARTESIAN_POINT('Ctrl Pts',(16.7201887302676,2.44706883361124,2.22044604925031E-16));
#6073=CARTESIAN_POINT('Ctrl Pts',(16.7821642893719,2.08448042896115,2.70229773975231E-16));
#6074=CARTESIAN_POINT('Ctrl Pts',(16.8324636386114,1.71959220498015,-3.9912915752984E-16));
#6075=CARTESIAN_POINT('Ctrl Pts',(16.8709641386627,1.35298773286795,-4.9960036108132E-16));
#6076=CARTESIAN_POINT('Ctrl Pts',(16.8880162706696,1.19061613134486,-5.4409973702623E-16));
#6077=CARTESIAN_POINT('Ctrl Pts',(16.9027531821834,1.02790784084649,-5.77815275549777E-17));
#6078=CARTESIAN_POINT('Ctrl Pts',(16.915160924802,0.864913675957519,-5.55111512312578E-17));
#6079=CARTESIAN_POINT('Ctrl Pts',(16.918343286797,0.823108615061669,-5.49288406894402E-17));
#6080=CARTESIAN_POINT('Ctrl Pts',(16.921372418615,0.781284749554038,3.04496097013373E-16));
#6081=CARTESIAN_POINT('Ctrl Pts',(16.9242480631546,0.73944293931294,3.05311331771918E-16));
#6082=CARTESIAN_POINT('Ctrl Pts',(16.9266466827321,0.704542038377901,3.05991331690249E-16));
#6083=CARTESIAN_POINT('Ctrl Pts',(16.9289384394361,0.66962933285794,-6.64676672092956E-16));
#6084=CARTESIAN_POINT('Ctrl Pts',(16.9311224402005,0.634718651824854,-6.66133814775094E-16));
#6085=CARTESIAN_POINT('Ctrl Pts',(16.9543049823377,0.264151778726291,-6.81600966701078E-16));
#6086=CARTESIAN_POINT('Ctrl Pts',(16.965378090397,-0.106576990826743,4.21659947245379E-16));
#6087=CARTESIAN_POINT('Ctrl Pts',(16.9643618121084,-0.476854834110946,3.60822483003176E-16));
#6088=CARTESIAN_POINT('Ctrl Pts',(16.9633412415464,-0.848696553880114,2.99728070414052E-16));
#6089=CARTESIAN_POINT('Ctrl Pts',(16.9501290521573,-1.22008410219202,-5.06443081944971E-16));
#6090=CARTESIAN_POINT('Ctrl Pts',(16.92469479482,-1.59041025265201,-5.55111512312578E-16));
#6091=CARTESIAN_POINT('Ctrl Pts',(16.9026309461347,-1.91166280741079,-5.97330668513871E-16));
#6092=CARTESIAN_POINT('Ctrl Pts',(16.8713688530492,-2.23211706190602,-7.10331734572421E-16));
#6093=CARTESIAN_POINT('Ctrl Pts',(16.8308570094281,-2.5513796812462,-6.10622663543836E-16));
#6094=CARTESIAN_POINT('Ctrl Pts',(16.7843360165535,-2.91799874154894,-4.96123678351933E-16));
#6095=CARTESIAN_POINT('Ctrl Pts',(16.725618803745,-3.28304696238634,-4.48215299406528E-16));
#6096=CARTESIAN_POINT('Ctrl Pts',(16.6549620011831,-3.64599232274649,-4.44089209850063E-16));
#6097=CARTESIAN_POINT('Ctrl Pts',(16.5840644514013,-4.01017433808288,-4.39949061568126E-16));
#6098=CARTESIAN_POINT('Ctrl Pts',(16.501145652686,-4.37223967940107,-1.7584878732813E-16));
#6099=CARTESIAN_POINT('Ctrl Pts',(16.4064136588008,-4.73163978161674,-1.66533453693773E-16));
#6100=CARTESIAN_POINT('Ctrl Pts',(16.3190007262881,-5.06327237575495,-1.57937829375974E-16));
#6101=CARTESIAN_POINT('Ctrl Pts',(16.2215288255348,-5.39263587025892,-8.50813586473111E-16));
#6102=CARTESIAN_POINT('Ctrl Pts',(16.114124710079,-5.71928490421714,-8.32667268468867E-16));
#6103=CARTESIAN_POINT('Ctrl Pts',(16.1023733101065,-5.75502453516522,-8.30681826477261E-16));
#6104=CARTESIAN_POINT('Ctrl Pts',(16.0905022880208,-5.79073369930748,-4.40164870693285E-17));
#6105=CARTESIAN_POINT('Ctrl Pts',(16.0785139344314,-5.82640541074643,-5.55111512312578E-17));
#6106=CARTESIAN_POINT('Ctrl Pts',(15.9602062600661,-6.17843350113294,-1.68946826485672E-16));
#6107=CARTESIAN_POINT('Ctrl Pts',(15.8307104103907,-6.52612195798518,-1.10671396493424E-16));
#6108=CARTESIAN_POINT('Ctrl Pts',(15.6903532522001,-6.86895758132797,-2.22044604925031E-16));
#6109=CARTESIAN_POINT('Ctrl Pts',(15.548579284377,-7.21525389609383,-3.34542049815562E-16));
#6110=CARTESIAN_POINT('Ctrl Pts',(15.3957235014976,-7.55659944973686,-9.34437989478708E-17));
#6111=CARTESIAN_POINT('Ctrl Pts',(15.2320699880756,-7.89245877117923,5.55111512312578E-17));
#6112=CARTESIAN_POINT('Ctrl Pts',(15.1240036247838,-8.11423888873988,1.5387151895932E-16));
#6113=CARTESIAN_POINT('Ctrl Pts',(15.0112278943354,-8.33362661807975,-3.04381310991215E-16));
#6114=CARTESIAN_POINT('Ctrl Pts',(14.8938125950742,-8.55046447962109,-2.77555756156289E-16));
#6115=CARTESIAN_POINT('Ctrl Pts',(9.61435158194686,13.4904489084675,-2.63461127913978E-16));
#6116=CARTESIAN_POINT('Ctrl Pts',(7.9364095868648,14.6837562487551,0.0296721607790758));
#6117=CARTESIAN_POINT('Ctrl Pts',(3.52909856107734,16.7282750322794,0.098468514035918));
#6118=CARTESIAN_POINT('Ctrl Pts',(-4.18976148067377,16.7316625266282,0.206389059770526));
#6119=CARTESIAN_POINT('Ctrl Pts',(-11.5922585113752,12.7720601271057,0.323761637203824));
#6120=CARTESIAN_POINT('Ctrl Pts',(-16.2486256159882,5.78676544518797,0.441134214637122));
#6121=CARTESIAN_POINT('Ctrl Pts',(-17.0559006510116,-2.56928135418838,0.55850679207042));
#6122=CARTESIAN_POINT('Ctrl Pts',(-13.8228082033242,-10.3167290956142,0.675879369503718));
#6123=CARTESIAN_POINT('Ctrl Pts',(-7.31525304056671,-15.6202401079651,0.793251946937016));
#6124=CARTESIAN_POINT('Ctrl Pts',(0.925208063077603,-17.2234988942763,0.910624524370312));
#6125=CARTESIAN_POINT('Ctrl Pts',(8.94649575268934,-14.7466971433283,1.02799710180361));
#6126=CARTESIAN_POINT('Ctrl Pts',(14.8484588558194,-8.77656895468673,1.14536967923691));
#6127=CARTESIAN_POINT('Ctrl Pts',(16.5063402816337,-3.18023117488795,1.226974868327));
#6128=CARTESIAN_POINT('Ctrl Pts',(16.5672347290711,-0.233103788607892,1.26945586493932));
#6129=CARTESIAN_POINT('Ctrl Pts',(16.56708029457,-0.000218464532421095,
1.27281266907388));
#6130=CARTESIAN_POINT('Ctrl Pts',(-14.8541162417124,-8.62452633881081,13.));
#6131=CARTESIAN_POINT('Ctrl Pts',(-14.658750394627,-8.94306562567519,13.));
#6132=CARTESIAN_POINT('Ctrl Pts',(-14.4527440697969,-9.25515652877462,13.));
#6133=CARTESIAN_POINT('Ctrl Pts',(-14.2365210460306,-9.56036902473143,13.));
#6134=CARTESIAN_POINT('Ctrl Pts',(-14.0209828944667,-9.86461478018735,13.));
#6135=CARTESIAN_POINT('Ctrl Pts',(-13.7952922322161,-10.1620260165557,13.));
#6136=CARTESIAN_POINT('Ctrl Pts',(-13.5598335157642,-10.4521392124036,13.));
#6137=CARTESIAN_POINT('Ctrl Pts',(-13.4793048360315,-10.5513601416038,13.));
#6138=CARTESIAN_POINT('Ctrl Pts',(-13.3976333191422,-10.6497270742678,13.));
#6139=CARTESIAN_POINT('Ctrl Pts',(-13.3148335309409,-10.7472203298404,13.));
#6140=CARTESIAN_POINT('Ctrl Pts',(-13.2686725868167,-10.8015728930624,13.));
#6141=CARTESIAN_POINT('Ctrl Pts',(-13.2221609610219,-10.8556539004431,13.));
#6142=CARTESIAN_POINT('Ctrl Pts',(-13.1753011270275,-10.9094598579784,13.));
#6143=CARTESIAN_POINT('Ctrl Pts',(-13.149349136065,-10.9392587625978,13.));
#6144=CARTESIAN_POINT('Ctrl Pts',(-13.123290342606,-10.9689733032816,13.));
#6145=CARTESIAN_POINT('Ctrl Pts',(-13.0971251622717,-10.9986028783625,13.));
#6146=CARTESIAN_POINT('Ctrl Pts',(-13.0767388807947,-11.0216884007983,13.));
#6147=CARTESIAN_POINT('Ctrl Pts',(-13.0562883076433,-11.0447219864878,13.));
#6148=CARTESIAN_POINT('Ctrl Pts',(-13.0357806112805,-11.0676956315115,13.));
#6149=CARTESIAN_POINT('Ctrl Pts',(-12.7891054512451,-11.3440322547257,13.));
#6150=CARTESIAN_POINT('Ctrl Pts',(-12.5339042604295,-11.6119996880957,13.));
#6151=CARTESIAN_POINT('Ctrl Pts',(-12.2706547583589,-11.8712416606283,13.));
#6152=CARTESIAN_POINT('Ctrl Pts',(-12.0055871008606,-12.1322741102395,13.));
#6153=CARTESIAN_POINT('Ctrl Pts',(-11.7323591879993,-12.3844605772836,13.));
#6154=CARTESIAN_POINT('Ctrl Pts',(-11.4514175520172,-12.6274044800774,13.));
#6155=CARTESIAN_POINT('Ctrl Pts',(-11.171027898768,-12.8698710565434,13.));
#6156=CARTESIAN_POINT('Ctrl Pts',(-10.8829543677127,-13.1031317256914,13.));
#6157=CARTESIAN_POINT('Ctrl Pts',(-10.5876062876221,-13.3267537103505,13.));
#6158=CARTESIAN_POINT('Ctrl Pts',(-10.2955474114955,-13.5478852832957,13.));
#6159=CARTESIAN_POINT('Ctrl Pts',(-9.99637466246295,-13.7595919577819,13.));
#6160=CARTESIAN_POINT('Ctrl Pts',(-9.69045666178322,-13.9614126702131,13.));
#6161=CARTESIAN_POINT('Ctrl Pts',(-9.44721793261552,-14.1218825134469,13.));
#6162=CARTESIAN_POINT('Ctrl Pts',(-9.19971425210228,-14.2761016878099,13.));
#6163=CARTESIAN_POINT('Ctrl Pts',(-8.94812120938917,-14.4238169543226,13.));
#6164=CARTESIAN_POINT('Ctrl Pts',(-8.65005471229075,-14.5988177078514,13.));
#6165=CARTESIAN_POINT('Ctrl Pts',(-8.34624840681258,-14.764690700516,13.));
#6166=CARTESIAN_POINT('Ctrl Pts',(-8.03715395048734,-14.9212461480881,13.));
#6167=CARTESIAN_POINT('Ctrl Pts',(-7.98037687642316,-14.9500035717819,13.));
#6168=CARTESIAN_POINT('Ctrl Pts',(-7.92342135296591,-14.9784465031539,13.));
#6169=CARTESIAN_POINT('Ctrl Pts',(-7.86629015672956,-15.0065736230798,13.));
#6170=CARTESIAN_POINT('Ctrl Pts',(-7.83643114679744,-15.0212739620986,13.));
#6171=CARTESIAN_POINT('Ctrl Pts',(-7.80652758654844,-15.0358863268167,13.));
#6172=CARTESIAN_POINT('Ctrl Pts',(-7.77658724160844,-15.0504070790178,13.));
#6173=CARTESIAN_POINT('Ctrl Pts',(-7.4469949471267,-15.2102558731835,13.));
#6174=CARTESIAN_POINT('Ctrl Pts',(-7.1126830444363,-15.3591368599687,13.));
#6175=CARTESIAN_POINT('Ctrl Pts',(-6.77425246017267,-15.4969761976052,13.));
#6176=CARTESIAN_POINT('Ctrl Pts',(-6.43301295925508,-15.635959578449,13.));
#6177=CARTESIAN_POINT('Ctrl Pts',(-6.08758559512089,-15.7637174593937,13.));
#6178=CARTESIAN_POINT('Ctrl Pts',(-5.73856068475153,-15.8801276286153,13.));
#6179=CARTESIAN_POINT('Ctrl Pts',(-5.3885751051392,-15.996858209549,13.));
#6180=CARTESIAN_POINT('Ctrl Pts',(-5.03497158902018,-16.1021786910456,13.));
#6181=CARTESIAN_POINT('Ctrl Pts',(-4.67832785010149,-16.1959165928416,13.));
#6182=CARTESIAN_POINT('Ctrl Pts',(-4.32400497303408,-16.2890444945268,13.));
#6183=CARTESIAN_POINT('Ctrl Pts',(-3.96668075248602,-16.3707401669586,13.));
#6184=CARTESIAN_POINT('Ctrl Pts',(-3.60691285495103,-16.4407841025612,13.));
#6185=CARTESIAN_POINT('Ctrl Pts',(-3.25032667400877,-16.5102085833607,13.));
#6186=CARTESIAN_POINT('Ctrl Pts',(-2.89133931948495,-16.5681865825427,13.));
#6187=CARTESIAN_POINT('Ctrl Pts',(-2.53049316057438,-16.6144534955692,13.));
#6188=CARTESIAN_POINT('Ctrl Pts',(-2.28775799108686,-16.6455764733197,13.));
#6189=CARTESIAN_POINT('Ctrl Pts',(-2.04418170219364,-16.6713991054215,13.));
#6190=CARTESIAN_POINT('Ctrl Pts',(-1.7999310256549,-16.6918274288382,13.));
#6191=CARTESIAN_POINT('Ctrl Pts',(-1.74556271763637,-16.6963746153417,13.));
#6192=CARTESIAN_POINT('Ctrl Pts',(-1.69116100375344,-16.700654485074,13.));
#6193=CARTESIAN_POINT('Ctrl Pts',(-1.63672773840935,-16.704665926935,13.));
#6194=CARTESIAN_POINT('Ctrl Pts',(-1.58143482639618,-16.7087407201789,13.));
#6195=CARTESIAN_POINT('Ctrl Pts',(-1.52610351729149,-16.712538858899,13.));
#6196=CARTESIAN_POINT('Ctrl Pts',(-1.47076894022486,-16.7160571981931,13.));
#6197=CARTESIAN_POINT('Ctrl Pts',(-1.33585103040573,-16.7246356857999,13.));
#6198=CARTESIAN_POINT('Ctrl Pts',(-1.2008828016243,-16.7315534836723,13.));
#6199=CARTESIAN_POINT('Ctrl Pts',(-1.06589255965738,-16.7368023419694,13.));
#6200=CARTESIAN_POINT('Ctrl Pts',(-0.700871880760672,-16.7509955295,13.));
#6201=CARTESIAN_POINT('Ctrl Pts',(-0.335690386821051,-16.7529894518092,
13.));
#6202=CARTESIAN_POINT('Ctrl Pts',(0.0290789700269663,-16.7429717452746,
13.));
#6203=CARTESIAN_POINT('Ctrl Pts',(0.395605044742949,-16.7329057937771,13.));
#6204=CARTESIAN_POINT('Ctrl Pts',(0.761715569861077,-16.7107121413238,13.));
#6205=CARTESIAN_POINT('Ctrl Pts',(1.1268269138825,-16.6765283092172,13.));
#6206=CARTESIAN_POINT('Ctrl Pts',(1.49158496535713,-16.6423775543986,13.));
#6207=CARTESIAN_POINT('Ctrl Pts',(1.85534633242405,-16.596259673201,13.));
#6208=CARTESIAN_POINT('Ctrl Pts',(2.21751824052806,-16.5382610396992,13.));
#6209=CARTESIAN_POINT('Ctrl Pts',(2.33484209056435,-16.519472660957,13.));
#6210=CARTESIAN_POINT('Ctrl Pts',(2.45199902152248,-16.499437121413,13.));
#6211=CARTESIAN_POINT('Ctrl Pts',(2.56896848608813,-16.4781562503647,13.));
#6212=CARTESIAN_POINT('Ctrl Pts',(2.6268558686708,-16.4676244938193,13.));
#6213=CARTESIAN_POINT('Ctrl Pts',(2.68469733366647,-16.4567877234419,13.));
#6214=CARTESIAN_POINT('Ctrl Pts',(2.74249036894789,-16.44564611276,13.));
#6215=CARTESIAN_POINT('Ctrl Pts',(2.78450091902357,-16.4375471231292,13.));
#6216=CARTESIAN_POINT('Ctrl Pts',(2.82648555910601,-16.4292870794944,13.));
#6217=CARTESIAN_POINT('Ctrl Pts',(2.86842962610698,-16.420868902359,13.));
#6218=CARTESIAN_POINT('Ctrl Pts',(3.22701537388157,-16.3489007180885,13.));
#6219=CARTESIAN_POINT('Ctrl Pts',(3.58289300269373,-16.2653303056865,13.));
#6220=CARTESIAN_POINT('Ctrl Pts',(3.93548994004422,-16.1703126487611,13.));
#6221=CARTESIAN_POINT('Ctrl Pts',(4.28744070737125,-16.0754691214299,13.));
#6222=CARTESIAN_POINT('Ctrl Pts',(4.63612335114084,-15.9692201092304,13.));
#6223=CARTESIAN_POINT('Ctrl Pts',(4.98095571495835,-15.8516695435162,13.));
#6224=CARTESIAN_POINT('Ctrl Pts',(5.32187799806636,-15.7354518927127,13.));
#6225=CARTESIAN_POINT('Ctrl Pts',(5.65903731944177,-15.6081873172777,13.));
#6226=CARTESIAN_POINT('Ctrl Pts',(5.99185088890735,-15.4699300407974,13.));
#6227=CARTESIAN_POINT('Ctrl Pts',(6.29033397141499,-15.3459343211241,13.));
#6228=CARTESIAN_POINT('Ctrl Pts',(6.58532160859702,-15.213096118135,13.));
#6229=CARTESIAN_POINT('Ctrl Pts',(6.87637438572285,-15.0714243290863,13.));
#6230=CARTESIAN_POINT('Ctrl Pts',(-16.6700891777059,4.13383860586542,13.0865963387966));
#6231=CARTESIAN_POINT('Ctrl Pts',(-15.9956457263582,6.85359463681805,13.0476467016607));
#6232=CARTESIAN_POINT('Ctrl Pts',(-13.2918082080639,11.9539160400332,12.9697540281849));
#6233=CARTESIAN_POINT('Ctrl Pts',(-6.10984287877915,16.7993334809702,12.8529087525933));
#6234=CARTESIAN_POINT('Ctrl Pts',(2.50456526986553,17.6994755372344,12.7360642447075));
#6235=CARTESIAN_POINT('Ctrl Pts',(10.5319651430865,14.4440401798077,12.6192196235197));
#6236=CARTESIAN_POINT('Ctrl Pts',(16.0858500505024,7.79687696895474,12.5023749020275));
#6237=CARTESIAN_POINT('Ctrl Pts',(17.8629810783037,-0.680923235442292,12.3855304079111));
#6238=CARTESIAN_POINT('Ctrl Pts',(15.4456378568367,-8.99890280693758,12.2686856359464));
#6239=CARTESIAN_POINT('Ctrl Pts',(9.40166622814323,-15.2038619477667,12.1518411409246));
#6240=CARTESIAN_POINT('Ctrl Pts',(1.15006959025535,-17.8388801946463,12.0349963560801));
#6241=CARTESIAN_POINT('Ctrl Pts',(-7.37150674155789,-16.285251572631,11.9181518928872));
#6242=CARTESIAN_POINT('Ctrl Pts',(-14.1622887144324,-10.9077195755537,11.8013071095616));
#6243=CARTESIAN_POINT('Ctrl Pts',(-17.6275881138058,-2.96908048405184,11.6844626119431));
#6244=CARTESIAN_POINT('Ctrl Pts',(-16.9540066103139,5.66687541091284,11.5676178416435));
#6245=CARTESIAN_POINT('Ctrl Pts',(-12.2992233620606,12.9719121239992,11.4507733519756));
#6246=CARTESIAN_POINT('Ctrl Pts',(-4.75711835802469,17.231654023348,11.3339286106891));
#6247=CARTESIAN_POINT('Ctrl Pts',(3.90314424996017,17.4442213222815,11.2170840442357));
#6248=CARTESIAN_POINT('Ctrl Pts',(11.6446894371553,13.5628743998307,11.1002393901339));
#6249=CARTESIAN_POINT('Ctrl Pts',(16.6563056504958,6.49290191803715,10.9833947016659));
#6250=CARTESIAN_POINT('Ctrl Pts',(17.7487004698423,-2.09396159277529,10.8665503080189));
#6251=CARTESIAN_POINT('Ctrl Pts',(14.3489615595186,-11.1049911286042,10.7367223595122));
#6252=CARTESIAN_POINT('Ctrl Pts',(5.65170636264011,-17.557376643612,10.5939126426807));
#6253=CARTESIAN_POINT('Ctrl Pts',(-6.18137298168004,-17.3793707483375,10.4381201835713));
#6254=CARTESIAN_POINT('Ctrl Pts',(-14.6766312332715,-10.6652970210135,10.2953090492513));
#6255=CARTESIAN_POINT('Ctrl Pts',(-17.8048374005662,-1.55662933937105,10.1654826677917));
#6256=CARTESIAN_POINT('Ctrl Pts',(-16.4517095901432,6.99380787781039,10.0486375360916));
#6257=CARTESIAN_POINT('Ctrl Pts',(-11.2297953268583,13.9087203548038,9.93179319314867));
#6258=CARTESIAN_POINT('Ctrl Pts',(-3.37306288390253,17.5543194601676,9.81494834661635));
#6259=CARTESIAN_POINT('Ctrl Pts',(5.27471718785301,17.0798999866766,9.69810392930256));
#6260=CARTESIAN_POINT('Ctrl Pts',(12.6883109229764,12.5940345132893,9.58125902612416));
#6261=CARTESIAN_POINT('Ctrl Pts',(17.1130031155806,5.15168291717615,9.46441483497623));
#6262=CARTESIAN_POINT('Ctrl Pts',(17.5856399889257,-4.46287392512848,9.33458665201077));
#6263=CARTESIAN_POINT('Ctrl Pts',(12.1797498756453,-13.8575478263815,9.19177710907187));
#6264=CARTESIAN_POINT('Ctrl Pts',(2.47503582279617,-17.8842798751362,9.05329537773981));
#6265=CARTESIAN_POINT('Ctrl Pts',(-6.3528622609576,-16.5438782825459,8.93212184453319));
#6266=CARTESIAN_POINT('Ctrl Pts',(-12.7355764860805,-12.3323259832959,8.82826092645537));
#6267=CARTESIAN_POINT('Ctrl Pts',(-16.7458528889787,-5.81254655314887,8.72439831563886));
#6268=CARTESIAN_POINT('Ctrl Pts',(-17.6360551257714,1.78580716121944,8.62053681875063));
#6269=CARTESIAN_POINT('Ctrl Pts',(-15.240686768757,9.05086117794045,8.51667472568206));
#6270=CARTESIAN_POINT('Ctrl Pts',(-10.0056129738685,14.6355572926587,8.41281282106209));
#6271=CARTESIAN_POINT('Ctrl Pts',(-3.69559555809363,17.1635671966462,8.32049168375297));
#6272=CARTESIAN_POINT('Ctrl Pts',(3.85543208547622,17.3202546002533,8.21662884173327));
#6273=CARTESIAN_POINT('Ctrl Pts',(12.1792315189169,13.6659566412224,8.09545824437693));
#6274=CARTESIAN_POINT('Ctrl Pts',(18.0279313545619,3.89529122748707,7.94543345877609));
#6275=CARTESIAN_POINT('Ctrl Pts',(16.6872924134247,-7.85152539707223,7.78964130121447));
#6276=CARTESIAN_POINT('Ctrl Pts',(8.4915276746652,-16.371468930481,7.63384963643478));
#6277=CARTESIAN_POINT('Ctrl Pts',(-3.19540178246163,-18.164420348484,7.47805522662583));
#6278=CARTESIAN_POINT('Ctrl Pts',(-13.5685405471052,-12.4899822732289,7.32226249443765));
#6279=CARTESIAN_POINT('Ctrl Pts',(-18.3653553866395,-1.68749029983991,7.1664712599521));
#6280=CARTESIAN_POINT('Ctrl Pts',(-15.6155247922089,9.81800922583687,7.01067664982431));
#6281=CARTESIAN_POINT('Ctrl Pts',(-7.46512496289482,16.4413963917487,6.87219447051023));
#6282=CARTESIAN_POINT('Ctrl Pts',(1.3819830724154,17.6677936487945,6.75102271157527));
#6283=CARTESIAN_POINT('Ctrl Pts',(8.69915509205603,15.4466816657082,6.64716067034855));
#6284=CARTESIAN_POINT('Ctrl Pts',(14.3981589809289,10.338946400052,6.54329839454838));
#6285=CARTESIAN_POINT('Ctrl Pts',(17.4166812802908,3.30635077770295,6.43943715103125));
#6286=CARTESIAN_POINT('Ctrl Pts',(17.1828385139438,-4.33641742320919,6.33557481690328));
#6287=CARTESIAN_POINT('Ctrl Pts',(13.1938443228882,-12.3285257702798,6.21440329770195));
#6288=CARTESIAN_POINT('Ctrl Pts',(4.31386687507392,-17.9336016546149,6.07592006932416));
#6289=CARTESIAN_POINT('Ctrl Pts',(-7.46879590251996,-16.8636785423578,5.9201265466161));
#6290=CARTESIAN_POINT('Ctrl Pts',(-16.1707080617328,-8.86441181524142,5.76433553908822));
#6291=CARTESIAN_POINT('Ctrl Pts',(-18.2335361279557,2.77499655609261,5.60854163476079));
#6292=CARTESIAN_POINT('Ctrl Pts',(-12.7985578913386,13.2823133136625,5.45274815686501));
#6293=CARTESIAN_POINT('Ctrl Pts',(-3.29629799079547,17.7534466314039,5.31426667823481));
#6294=CARTESIAN_POINT('Ctrl Pts',(5.58692202765718,16.8181177429632,5.19309430184814));
#6295=CARTESIAN_POINT('Ctrl Pts',(12.1551248519291,12.904640903386,5.08923253816858));
#6296=CARTESIAN_POINT('Ctrl Pts',(16.461268690331,6.57517457210454,4.98537020544304));
#6297=CARTESIAN_POINT('Ctrl Pts',(17.6995771878208,-0.97248464033267,4.88150859776643));
#6298=CARTESIAN_POINT('Ctrl Pts',(15.640025861181,-8.34346678088412,4.77764632614373));
#6299=CARTESIAN_POINT('Ctrl Pts',(10.668269919933,-14.1558722245237,4.67378511414961));
#6300=CARTESIAN_POINT('Ctrl Pts',(3.7052367274587,-17.3367098075065,4.56992263373252));
#6301=CARTESIAN_POINT('Ctrl Pts',(-3.94090421873105,-17.2784824117042,4.46606091042448));
#6302=CARTESIAN_POINT('Ctrl Pts',(-12.0214162774058,-13.4730550687287,4.34488890543234));
#6303=CARTESIAN_POINT('Ctrl Pts',(-17.8305122590895,-4.72389866849673,4.20640685069452));
#6304=CARTESIAN_POINT('Ctrl Pts',(-17.0300635026743,7.07875817305031,4.05061218869226));
#6305=CARTESIAN_POINT('Ctrl Pts',(-9.23487226716263,15.9631973841042,3.8948209282869));
#6306=CARTESIAN_POINT('Ctrl Pts',(2.35762300666426,18.2920518490073,3.73902827499739));
#6307=CARTESIAN_POINT('Ctrl Pts',(12.9801473875136,13.1010305918022,3.58323375994649));
#6308=CARTESIAN_POINT('Ctrl Pts',(18.268933509974,2.52725383589662,3.42744225232654));
#6309=CARTESIAN_POINT('Ctrl Pts',(16.049183761592,-9.08568417282776,3.27164977093235));
#6310=CARTESIAN_POINT('Ctrl Pts',(7.23474205404395,-16.9647648791077,3.11585553130426));
#6311=CARTESIAN_POINT('Ctrl Pts',(-4.55463274734255,-17.87124538583,2.96006303794591));
#6312=CARTESIAN_POINT('Ctrl Pts',(-14.4708268370189,-11.4345561765981,2.80427162708537));
#6313=CARTESIAN_POINT('Ctrl Pts',(-18.4396784217406,-0.297229646003807,
2.64847672057021));
#6314=CARTESIAN_POINT('Ctrl Pts',(-14.8329324013896,10.9612617077386,2.49268500417068));
#6315=CARTESIAN_POINT('Ctrl Pts',(-5.1259291543332,17.7152814805186,2.33689268784734));
#6316=CARTESIAN_POINT('Ctrl Pts',(6.68125345029067,17.190212495039,2.18109828696358));
#6317=CARTESIAN_POINT('Ctrl Pts',(15.7518650071348,9.59707381204828,2.0253063853218));
#6318=CARTESIAN_POINT('Ctrl Pts',(18.1174949984547,-0.972316552806451,1.88249676594892));
#6319=CARTESIAN_POINT('Ctrl Pts',(14.8028976162964,-10.0142644816538,1.75266864336094));
#6320=CARTESIAN_POINT('Ctrl Pts',(8.3636839556947,-15.7998963785469,1.63582440335205));
#6321=CARTESIAN_POINT('Ctrl Pts',(-0.0497161701208315,-17.8758812010871,
1.51897955717472));
#6322=CARTESIAN_POINT('Ctrl Pts',(-8.4460457169957,-15.7543959599933,1.40213505414475));
#6323=CARTESIAN_POINT('Ctrl Pts',(-14.8620154141942,-9.93376166863961,1.28529035589218));
#6324=CARTESIAN_POINT('Ctrl Pts',(-17.786832780429,-1.78058550392525,1.16844573942011));
#6325=CARTESIAN_POINT('Ctrl Pts',(-16.5359824886609,6.79064959762445,1.05160111781078));
#6326=CARTESIAN_POINT('Ctrl Pts',(-11.401983346658,13.7674319445967,0.934756479954369));
#6327=CARTESIAN_POINT('Ctrl Pts',(-3.59097525837699,17.5115167209872,0.817911855266047));
#6328=CARTESIAN_POINT('Ctrl Pts',(5.06337779403749,17.1438629847235,0.701067211123368));
#6329=CARTESIAN_POINT('Ctrl Pts',(12.52866019316,12.7506214351737,0.584222567188614));
#6330=CARTESIAN_POINT('Ctrl Pts',(17.052372436693,5.36370911108235,0.467378039924584));
#6331=CARTESIAN_POINT('Ctrl Pts',(17.5717168697692,-3.28310741174512,0.350533137636967));
#6332=CARTESIAN_POINT('Ctrl Pts',(13.9658445184918,-11.1581001053752,0.233689087197653));
#6333=CARTESIAN_POINT('Ctrl Pts',(7.07929492909606,-16.4150014079519,0.116843168672014));
#6334=CARTESIAN_POINT('Ctrl Pts',(1.38223939426725,-17.3470923480484,0.0389490344935963));
#6335=CARTESIAN_POINT('Ctrl Pts',(-1.41038593505752,-17.1169888218169,-6.18428919185732E-14));
#6336=CARTESIAN_POINT('Ctrl Pts',(-16.6868905107862,4.13786051325962,13.0766243407395));
#6337=CARTESIAN_POINT('Ctrl Pts',(-16.0117889050717,6.86036521438722,13.0376747036035));
#6338=CARTESIAN_POINT('Ctrl Pts',(-13.3052769348087,11.9658265209453,12.9597820301277));
#6339=CARTESIAN_POINT('Ctrl Pts',(-6.11612499887462,16.8161837058047,12.8429367545361));
#6340=CARTESIAN_POINT('Ctrl Pts',(2.50693965352848,17.7172979734995,12.7260922466503));
#6341=CARTESIAN_POINT('Ctrl Pts',(10.5424410675635,14.4586554584648,12.6092476254625));
#6342=CARTESIAN_POINT('Ctrl Pts',(16.1019663998606,7.80485054354984,12.4924029039703));
#6343=CARTESIAN_POINT('Ctrl Pts',(17.8809543311436,-0.681462137457965,12.3755584098539));
#6344=CARTESIAN_POINT('Ctrl Pts',(15.4612474418019,-9.00782841577147,12.2587136378892));
#6345=CARTESIAN_POINT('Ctrl Pts',(9.41124712788239,-15.2190780870252,12.1418691428674));
#6346=CARTESIAN_POINT('Ctrl Pts',(1.15137203872293,-17.8568142310118,12.0250243580229));
#6347=CARTESIAN_POINT('Ctrl Pts',(-7.37878847316004,-16.3016924167323,11.90817989483));
#6348=CARTESIAN_POINT('Ctrl Pts',(-14.176444929177,-10.918806842352,11.7913351115044));
#6349=CARTESIAN_POINT('Ctrl Pts',(-17.6452947422743,-2.97221087951373,11.6744906138859));
#6350=CARTESIAN_POINT('Ctrl Pts',(-16.9711062265823,5.67243706433219,11.5576458435863));
#6351=CARTESIAN_POINT('Ctrl Pts',(-12.3117005531788,12.9848596267466,11.4408013539184));
#6352=CARTESIAN_POINT('Ctrl Pts',(-4.76204405237401,17.2489477971408,11.3239566126319));
#6353=CARTESIAN_POINT('Ctrl Pts',(3.90692786373751,17.4617996300855,11.2071120461785));
#6354=CARTESIAN_POINT('Ctrl Pts',(11.656291572079,13.5766118004852,11.0902673920767));
#6355=CARTESIAN_POINT('Ctrl Pts',(16.6730066290195,6.49956888599323,10.9734227036087));
#6356=CARTESIAN_POINT('Ctrl Pts',(17.7665700980591,-2.09592296159397,10.8565783099617));
#6357=CARTESIAN_POINT('Ctrl Pts',(14.3634854981752,-11.1160440123619,10.726750361455));
#6358=CARTESIAN_POINT('Ctrl Pts',(5.65753457029792,-17.5749906517785,10.5839406446235));
#6359=CARTESIAN_POINT('Ctrl Pts',(-6.1874491311265,-17.3969024353015,10.4281481855141));
#6360=CARTESIAN_POINT('Ctrl Pts',(-14.6913064327247,-10.6761447775927,10.2853370511941));
#6361=CARTESIAN_POINT('Ctrl Pts',(-17.8227340087816,-1.55834041377999,10.1555106697345));
#6362=CARTESIAN_POINT('Ctrl Pts',(-16.4683147134607,7.00070832041837,10.0386655380344));
#6363=CARTESIAN_POINT('Ctrl Pts',(-11.2412045244552,13.9226188957904,9.92182119509147));
#6364=CARTESIAN_POINT('Ctrl Pts',(-3.37659900760988,17.5719490856324,9.80497634855916));
#6365=CARTESIAN_POINT('Ctrl Pts',(5.27988333950881,17.0971230386659,9.68813193124535));
#6366=CARTESIAN_POINT('Ctrl Pts',(12.7009707763685,12.6068059176566,9.57128702806699));
#6367=CARTESIAN_POINT('Ctrl Pts',(17.1301742918152,5.15700454163079,9.45444283691901));
#6368=CARTESIAN_POINT('Ctrl Pts',(17.6033651544531,-4.46721949894149,9.3246146539536));
#6369=CARTESIAN_POINT('Ctrl Pts',(12.1921139236521,-13.8713872188371,9.18180511101466));
#6370=CARTESIAN_POINT('Ctrl Pts',(2.47767196364799,-17.9022484395031,9.04332337968262));
#6371=CARTESIAN_POINT('Ctrl Pts',(-6.35911759535437,-16.5605712928521,8.922149846476));
#6372=CARTESIAN_POINT('Ctrl Pts',(-12.748285813298,-12.3448342297897,8.81828892839817));
#6373=CARTESIAN_POINT('Ctrl Pts',(-16.7626496714427,-5.8185299292888,8.71442631758167));
#6374=CARTESIAN_POINT('Ctrl Pts',(-17.6538088357095,1.78745941798883,8.61056482069343));
#6375=CARTESIAN_POINT('Ctrl Pts',(-15.256090971853,9.05984073467757,8.50670272762486));
#6376=CARTESIAN_POINT('Ctrl Pts',(-10.0157964121129,14.650196571829,8.4028408230049));
#6377=CARTESIAN_POINT('Ctrl Pts',(-3.69945359359363,17.1808014458968,8.31051968569578));
#6378=CARTESIAN_POINT('Ctrl Pts',(3.85916929340481,17.3377075076049,8.20665684367608));
#6379=CARTESIAN_POINT('Ctrl Pts',(12.1913706036419,13.6798021308962,8.08548624631973));
#6380=CARTESIAN_POINT('Ctrl Pts',(18.0460330479725,3.89935653079664,7.93546146071889));
#6381=CARTESIAN_POINT('Ctrl Pts',(16.7041416159218,-7.85928668042596,7.77966930315728));
#6382=CARTESIAN_POINT('Ctrl Pts',(8.50020261920902,-16.3878669959692,7.62387763837758));
#6383=CARTESIAN_POINT('Ctrl Pts',(-3.19846762369715,-18.1827172840646,7.46808322856863));
#6384=CARTESIAN_POINT('Ctrl Pts',(-13.5820865557229,-12.5026562268536,7.31229049638046));
#6385=CARTESIAN_POINT('Ctrl Pts',(-18.3838146909612,-1.68933760873898,7.15649926189491));
#6386=CARTESIAN_POINT('Ctrl Pts',(-15.6313117301183,9.82775723782139,7.00070465176711));
#6387=CARTESIAN_POINT('Ctrl Pts',(-7.47276852634654,16.4578732263212,6.86222247245305));
#6388=CARTESIAN_POINT('Ctrl Pts',(1.38322922550578,17.6855760098308,6.74105071351806));
#6389=CARTESIAN_POINT('Ctrl Pts',(8.70777864015362,15.4622903866585,6.63718867229136));
#6390=CARTESIAN_POINT('Ctrl Pts',(14.4125572910112,10.349463058206,6.53332639649118));
#6391=CARTESIAN_POINT('Ctrl Pts',(17.4341731071983,3.30981876621215,6.42946515297406));
#6392=CARTESIAN_POINT('Ctrl Pts',(17.200157296789,-4.3406386309584,6.32560281884609));
#6393=CARTESIAN_POINT('Ctrl Pts',(13.2072162333142,-12.3408194181091,6.20443129964476));
#6394=CARTESIAN_POINT('Ctrl Pts',(4.31835224412491,-17.9516046885414,6.06594807126697));
#6395=CARTESIAN_POINT('Ctrl Pts',(-7.47617080216384,-16.8807022714953,5.9101545485589));
#6396=CARTESIAN_POINT('Ctrl Pts',(-16.1869010447655,-8.87346003979988,5.75436354103103));
#6397=CARTESIAN_POINT('Ctrl Pts',(-18.2518993500502,2.77763883841794,5.59856963670359));
#6398=CARTESIAN_POINT('Ctrl Pts',(-12.8115395038298,13.2955690555787,5.44277615880782));
#6399=CARTESIAN_POINT('Ctrl Pts',(-3.29975921789132,17.7712770714231,5.30429468017761));
#6400=CARTESIAN_POINT('Ctrl Pts',(5.59240446526484,16.8350801453136,5.18312230379095));
#6401=CARTESIAN_POINT('Ctrl Pts',(12.1672459148439,12.9177201537423,5.07926054011139));
#6402=CARTESIAN_POINT('Ctrl Pts',(16.4777728157928,6.58192269181386,4.97539820738584));
#6403=CARTESIAN_POINT('Ctrl Pts',(17.7173882974602,-0.973318276131421,4.87153659970924));
#6404=CARTESIAN_POINT('Ctrl Pts',(15.6558257911029,-8.35173154679337,4.76767432808653));
#6405=CARTESIAN_POINT('Ctrl Pts',(10.6791162782938,-14.1700235788621,4.66381311609242));
#6406=CARTESIAN_POINT('Ctrl Pts',(3.70910527851988,-17.3541182452796,4.55995063567532));
#6407=CARTESIAN_POINT('Ctrl Pts',(-3.94472721797518,-17.2958940328504,4.4560889123673));
#6408=CARTESIAN_POINT('Ctrl Pts',(-12.0333984309401,-13.4867051973493,4.33491690737514));
#6409=CARTESIAN_POINT('Ctrl Pts',(-17.8484085037023,-4.72879583416926,4.19643485263732));
#6410=CARTESIAN_POINT('Ctrl Pts',(-17.0472512338788,7.08573936786513,4.04064019063507));
#6411=CARTESIAN_POINT('Ctrl Pts',(-9.24429153365644,15.9791787133575,3.8848489302297));
#6412=CARTESIAN_POINT('Ctrl Pts',(2.35984506691623,18.310470327243,3.72905627694021));
#6413=CARTESIAN_POINT('Ctrl Pts',(12.9930966471423,13.1143143649495,3.57326176188929));
#6414=CARTESIAN_POINT('Ctrl Pts',(18.2872888248137,2.52994505062189,3.41747025426935));
#6415=CARTESIAN_POINT('Ctrl Pts',(16.0654012074614,-9.09469204715394,3.26167777287516));
#6416=CARTESIAN_POINT('Ctrl Pts',(7.24215759478477,-16.9817699858897,3.10588353324707));
#6417=CARTESIAN_POINT('Ctrl Pts',(-4.559067788622,-17.8892585899395,2.95009103988871));
#6418=CARTESIAN_POINT('Ctrl Pts',(-14.4852895486083,-11.4461756538,2.79429962902818));
#6419=CARTESIAN_POINT('Ctrl Pts',(-18.4582234844957,-0.297679333151889,
2.63850472251301));
#6420=CARTESIAN_POINT('Ctrl Pts',(-14.8479417865791,10.972166235257,2.48271300611349));
#6421=CARTESIAN_POINT('Ctrl Pts',(-5.13123005169539,17.7330585016993,2.32692068979015));
#6422=CARTESIAN_POINT('Ctrl Pts',(6.68783398967441,17.2075581193538,2.17112628890639));
#6423=CARTESIAN_POINT('Ctrl Pts',(15.7676305027677,9.60685556582442,2.01533438726461));
#6424=CARTESIAN_POINT('Ctrl Pts',(18.1357267647666,-0.973146391864253,1.87252476789173));
#6425=CARTESIAN_POINT('Ctrl Pts',(14.8178689212836,-10.0242166562181,1.74269664530375));
#6426=CARTESIAN_POINT('Ctrl Pts',(8.37222569257799,-15.8157205179308,1.62585240529485));
#6427=CARTESIAN_POINT('Ctrl Pts',(-0.0496202544957926,-17.8938622513348,
1.50900755911752));
#6428=CARTESIAN_POINT('Ctrl Pts',(-8.45441260560645,-15.7703116114116,1.39216305608756));
#6429=CARTESIAN_POINT('Ctrl Pts',(-14.8768834179301,-9.9438749831994,1.27531835783498));
#6430=CARTESIAN_POINT('Ctrl Pts',(-17.8047092768997,-1.78252174232629,1.15847374136291));
#6431=CARTESIAN_POINT('Ctrl Pts',(-16.5526708287663,6.79734502558436,1.04162911975358));
#6432=CARTESIAN_POINT('Ctrl Pts',(-11.4135644950212,13.7811869483506,0.924784481897175));
#6433=CARTESIAN_POINT('Ctrl Pts',(-3.59473033919301,17.5291015291118,0.807939857208854));
#6434=CARTESIAN_POINT('Ctrl Pts',(5.06833104005876,17.161148626475,0.691095213066173));
#6435=CARTESIAN_POINT('Ctrl Pts',(12.5411578247306,12.7635490806506,0.574250569131421));
#6436=CARTESIAN_POINT('Ctrl Pts',(17.0694815726706,5.36924342824299,0.45740604186739));
#6437=CARTESIAN_POINT('Ctrl Pts',(17.5894171088672,-3.28626620225167,0.340561139579773));
#6438=CARTESIAN_POINT('Ctrl Pts',(13.979985729209,-11.1692097297383,0.223717089140458));
#6439=CARTESIAN_POINT('Ctrl Pts',(7.08654457967311,-16.4314544252404,0.106871170614821));
#6440=CARTESIAN_POINT('Ctrl Pts',(1.38377907271969,-17.3645303518878,0.0289770364364022));
#6441=CARTESIAN_POINT('Ctrl Pts',(-1.41166481331528,-17.1342174318236,-0.00997199805725591));
#6442=CARTESIAN_POINT('Ctrl Pts',(-16.7110334356366,4.14346154669186,13.0498802893018));
#6443=CARTESIAN_POINT('Ctrl Pts',(-16.0350206702034,6.86989507126516,13.0109306521659));
#6444=CARTESIAN_POINT('Ctrl Pts',(-13.3247138528724,11.9827911025978,12.93303797869));
#6445=CARTESIAN_POINT('Ctrl Pts',(-6.12530791629244,16.8402862909171,12.8161927030985));
#6446=CARTESIAN_POINT('Ctrl Pts',(2.51016783537832,17.7428919888678,12.6993481952127));
#6447=CARTESIAN_POINT('Ctrl Pts',(10.5573219123366,14.4797249745212,12.5825035740248));
#6448=CARTESIAN_POINT('Ctrl Pts',(16.1250060335077,7.81645156063511,12.4656588525327));
#6449=CARTESIAN_POINT('Ctrl Pts',(17.9067428100536,-0.682055259247138,12.3488143584162));
#6450=CARTESIAN_POINT('Ctrl Pts',(15.4837295526095,-9.02047555482895,12.2319695864515));
#6451=CARTESIAN_POINT('Ctrl Pts',(9.42514393637952,-15.2408100755221,12.1151250914298));
#6452=CARTESIAN_POINT('Ctrl Pts',(1.15342048364683,-17.8825280370552,11.9982803065853));
#6453=CARTESIAN_POINT('Ctrl Pts',(-7.38906932677247,-16.3253504588803,11.8814358433923));
#6454=CARTESIAN_POINT('Ctrl Pts',(-14.196641167849,-10.9348539606668,11.7645910600668));
#6455=CARTESIAN_POINT('Ctrl Pts',(-17.670664048838,-2.97687928127747,11.6477465624482));
#6456=CARTESIAN_POINT('Ctrl Pts',(-16.9956919866215,5.68024379534669,11.5309017921487));
#6457=CARTESIAN_POINT('Ctrl Pts',(-12.3297294672229,13.0033079763284,11.4140573024807));
#6458=CARTESIAN_POINT('Ctrl Pts',(-4.76928367566888,17.2737068353396,11.2972125611943));
#6459=CARTESIAN_POINT('Ctrl Pts',(3.91217905706098,17.4870542270124,11.1803679947408));
#6460=CARTESIAN_POINT('Ctrl Pts',(11.6727974418266,13.5964350468858,11.063523340639));
#6461=CARTESIAN_POINT('Ctrl Pts',(16.6968975368288,6.5093004223762,10.946678652171));
#6462=CARTESIAN_POINT('Ctrl Pts',(17.79222478922,-2.09855709324651,10.829834258524));
#6463=CARTESIAN_POINT('Ctrl Pts',(14.3844308443331,-11.1317539948174,10.7000063100173));
#6464=CARTESIAN_POINT('Ctrl Pts',(5.66607202549427,-17.6002002757013,10.5571965931858));
#6465=CARTESIAN_POINT('Ctrl Pts',(-6.19598831340509,-17.4221131361979,10.4014041340764));
#6466=CARTESIAN_POINT('Ctrl Pts',(-14.7122505543329,-10.6918531527761,10.2585929997564));
#6467=CARTESIAN_POINT('Ctrl Pts',(-17.8483896488004,-1.56097477431382,10.1287666182968));
#6468=CARTESIAN_POINT('Ctrl Pts',(-16.4922047882102,7.01044060327826,10.0119214865967));
#6469=CARTESIAN_POINT('Ctrl Pts',(-11.2577107696544,13.9424422344356,9.89507714365382));
#6470=CARTESIAN_POINT('Ctrl Pts',(-3.38184873058648,17.597203874639,9.77823229712148));
#6471=CARTESIAN_POINT('Ctrl Pts',(5.28712152160299,17.1218818831602,9.66138787980769));
#6472=CARTESIAN_POINT('Ctrl Pts',(12.7190034731219,12.6252540295752,9.54454297662931));
#6473=CARTESIAN_POINT('Ctrl Pts',(17.1547535693458,5.1648108464596,9.42769878548136));
#6474=CARTESIAN_POINT('Ctrl Pts',(17.6288359504841,-4.47327507448176,9.29787060251591));
#6475=CARTESIAN_POINT('Ctrl Pts',(12.2099900406003,-13.8911158970785,9.15506105957701));
#6476=CARTESIAN_POINT('Ctrl Pts',(2.48163233303646,-17.9279992870727,9.01657932824495));
#6477=CARTESIAN_POINT('Ctrl Pts',(-6.36792261000547,-16.5845798189734,8.89540579503833));
#6478=CARTESIAN_POINT('Ctrl Pts',(-12.7663926924155,-12.3629061731294,8.7915448769605));
#6479=CARTESIAN_POINT('Ctrl Pts',(-16.7866843815002,-5.82728173881872,8.687682266144));
#6480=CARTESIAN_POINT('Ctrl Pts',(-17.6792944064558,1.78965148104445,8.58382076925576));
#6481=CARTESIAN_POINT('Ctrl Pts',(-15.2782780336778,9.07256729638465,8.4799586761872));
#6482=CARTESIAN_POINT('Ctrl Pts',(-10.0305526490794,14.671095805315,8.37609677156724));
#6483=CARTESIAN_POINT('Ctrl Pts',(-3.70515924371638,17.2054849984515,8.28377563425811));
#6484=CARTESIAN_POINT('Ctrl Pts',(3.86435357294309,17.3627826269605,8.17991279223841));
#6485=CARTESIAN_POINT('Ctrl Pts',(12.208645333509,13.6997857158765,8.05874219488207));
#6486=CARTESIAN_POINT('Ctrl Pts',(18.0719598755404,3.90537004960343,7.90871740928123));
#6487=CARTESIAN_POINT('Ctrl Pts',(16.7283901558265,-7.87025135915189,7.75292525171961));
#6488=CARTESIAN_POINT('Ctrl Pts',(8.51281171706142,-16.4113034580243,7.59713358693991));
#6489=CARTESIAN_POINT('Ctrl Pts',(-3.20268194437387,-18.2089956056503,7.44133917713097));
#6490=CARTESIAN_POINT('Ctrl Pts',(-13.6013916756797,-12.520973370605,7.28554644494279));
#6491=CARTESIAN_POINT('Ctrl Pts',(-18.4102762741978,-1.69217296611048,7.12975521045724));
#6492=CARTESIAN_POINT('Ctrl Pts',(-15.6540571206913,9.84158267966616,6.97396060032944));
#6493=CARTESIAN_POINT('Ctrl Pts',(-7.48389757084709,16.481432899095,6.83547842101538));
#6494=CARTESIAN_POINT('Ctrl Pts',(1.38483746960147,17.7110985352859,6.7143066620804));
#6495=CARTESIAN_POINT('Ctrl Pts',(8.71999400526061,15.4847667459269,6.6104446208537));
#6496=CARTESIAN_POINT('Ctrl Pts',(14.4331059911464,10.3646952425113,6.5065823450535));
#6497=CARTESIAN_POINT('Ctrl Pts',(17.45923062223,3.31496910768675,6.4027211015364));
#6498=CARTESIAN_POINT('Ctrl Pts',(17.2250444060538,-4.34652115075832,6.29885876740841));
#6499=CARTESIAN_POINT('Ctrl Pts',(13.2265217755023,-12.3583191253203,6.1776872482071));
#6500=CARTESIAN_POINT('Ctrl Pts',(4.32496790988197,-17.9773867690002,6.03920401982929));
#6501=CARTESIAN_POINT('Ctrl Pts',(-7.48657937263727,-16.9051966506444,5.88341049712125));
#6502=CARTESIAN_POINT('Ctrl Pts',(-16.2100398417958,-8.88660297957588,5.72761948959336));
#6503=CARTESIAN_POINT('Ctrl Pts',(-18.2782679592368,2.78124523851743,5.57182558526592));
#6504=CARTESIAN_POINT('Ctrl Pts',(-12.8302961591209,13.3144542487812,5.41603210737016));
#6505=CARTESIAN_POINT('Ctrl Pts',(-3.30490158757402,17.7968209902915,5.27755062873994));
#6506=CARTESIAN_POINT('Ctrl Pts',(5.6000986683711,16.8594679260928,5.15637825235328));
#6507=CARTESIAN_POINT('Ctrl Pts',(12.1845024518576,12.9366051041517,5.05251648867372));
#6508=CARTESIAN_POINT('Ctrl Pts',(16.5013805213845,6.59176869638916,4.94865415594818));
#6509=CARTESIAN_POINT('Ctrl Pts',(17.7429475862635,-0.974335466775232,4.84479254827157));
#6510=CARTESIAN_POINT('Ctrl Pts',(15.678573852211,-8.36342871952308,4.74093027664888));
#6511=CARTESIAN_POINT('Ctrl Pts',(10.6948177704197,-14.1902162699918,4.63706906465474));
#6512=CARTESIAN_POINT('Ctrl Pts',(3.71482942056737,-17.3790512578898,4.53320658423766));
#6513=CARTESIAN_POINT('Ctrl Pts',(-3.95003643883513,-17.3209107010847,4.42934486092962));
#6514=CARTESIAN_POINT('Ctrl Pts',(-12.0504493473444,-13.5064070663073,4.30817285593747));
#6515=CARTESIAN_POINT('Ctrl Pts',(-17.8740325584465,-4.7360005921445,4.16969080119966));
#6516=CARTESIAN_POINT('Ctrl Pts',(-17.0719774102164,7.09558157301244,4.0138961391974));
#6517=CARTESIAN_POINT('Ctrl Pts',(-9.25796432642755,16.0020098915347,3.85810487879203));
#6518=CARTESIAN_POINT('Ctrl Pts',(2.36284788009576,18.3369145266841,3.70231222550254));
#6519=CARTESIAN_POINT('Ctrl Pts',(13.0115393654924,13.1335003373269,3.54651771045163));
#6520=CARTESIAN_POINT('Ctrl Pts',(18.3135931684221,2.53398995000768,3.39072620283168));
#6521=CARTESIAN_POINT('Ctrl Pts',(16.0887559455111,-9.10745136696103,3.23493372143749));
#6522=CARTESIAN_POINT('Ctrl Pts',(7.25296640530818,-17.0060898867446,3.0791394818094));
#6523=CARTESIAN_POINT('Ctrl Pts',(-4.56525020189522,-17.9151434605216,2.92334698845105));
#6524=CARTESIAN_POINT('Ctrl Pts',(-14.5059188617029,-11.462989963324,2.76755557759051));
#6525=CARTESIAN_POINT('Ctrl Pts',(-18.484823100096,-0.298510126514173,2.61176067107535));
#6526=CARTESIAN_POINT('Ctrl Pts',(-14.8695825498567,10.9876580564324,2.45596895467582));
#6527=CARTESIAN_POINT('Ctrl Pts',(-5.13901198128208,17.7585075748104,2.30017663835248));
#6528=CARTESIAN_POINT('Ctrl Pts',(6.69709850371171,17.2325066285566,2.14438223746872));
#6529=CARTESIAN_POINT('Ctrl Pts',(15.7901492727378,9.62104650431586,1.98859033582694));
#6530=CARTESIAN_POINT('Ctrl Pts',(18.161888650944,-0.974154517077813,1.84578071645406));
#6531=CARTESIAN_POINT('Ctrl Pts',(14.8394458814492,-10.038342823111,1.71595259386609));
#6532=CARTESIAN_POINT('Ctrl Pts',(8.38463779497835,-15.8383351371607,1.59910835385718));
#6533=CARTESIAN_POINT('Ctrl Pts',(-0.0493020935309525,-17.9196556104044,
1.48226350767986));
#6534=CARTESIAN_POINT('Ctrl Pts',(-8.46625545730422,-15.7932271404321,1.36541900464989));
#6535=CARTESIAN_POINT('Ctrl Pts',(-14.8981104879981,-9.95853208269867,1.24857430639732));
#6536=CARTESIAN_POINT('Ctrl Pts',(-17.8303342885545,-1.78547878906285,1.13172968992524));
#6537=CARTESIAN_POINT('Ctrl Pts',(-16.5766779192974,6.80678231285987,1.01488506831592));
#6538=CARTESIAN_POINT('Ctrl Pts',(-11.4303162263377,13.8008026933713,0.898040430459508));
#6539=CARTESIAN_POINT('Ctrl Pts',(-3.60029338599418,17.554289786821,0.781195805771187));
#6540=CARTESIAN_POINT('Ctrl Pts',(5.07526263245782,17.1859951814136,0.664351161628507));
#6541=CARTESIAN_POINT('Ctrl Pts',(12.558957236331,12.7822195889645,0.547506517693754));
#6542=CARTESIAN_POINT('Ctrl Pts',(17.0939678300846,5.37735444240996,0.430661990429724));
#6543=CARTESIAN_POINT('Ctrl Pts',(17.6148438288602,-3.29062014262316,0.313817088142106));
#6544=CARTESIAN_POINT('Ctrl Pts',(14.0003764775151,-11.1850044381083,0.196973037702792));
#6545=CARTESIAN_POINT('Ctrl Pts',(7.09712392917221,-16.4549849881304,0.0801271191771543));
#6546=CARTESIAN_POINT('Ctrl Pts',(1.38614135249998,-17.389528803259,0.0022329849987356));
#6547=CARTESIAN_POINT('Ctrl Pts',(-1.41332651241946,-17.1589457789565,-0.0367160494949226));
#6548=CARTESIAN_POINT('Ctrl Pts',(-16.7188641531932,4.14490126185881,13.0149591436952));
#6549=CARTESIAN_POINT('Ctrl Pts',(-16.0426153791517,6.87261682419367,12.9760095065592));
#6550=CARTESIAN_POINT('Ctrl Pts',(-13.3312042233416,11.9879422525286,12.8981168330834));
#6551=CARTESIAN_POINT('Ctrl Pts',(-6.12861137023348,16.8478876202871,12.7812715574918));
#6552=CARTESIAN_POINT('Ctrl Pts',(2.51082427810931,17.7511521861625,12.664427049606));
#6553=CARTESIAN_POINT('Ctrl Pts',(10.5617854417568,14.4867076981375,12.5475824284182));
#6554=CARTESIAN_POINT('Ctrl Pts',(16.1322279077308,7.82051558306949,12.430737706926));
#6555=CARTESIAN_POINT('Ctrl Pts',(17.9150276486824,-0.681863332260555,12.3138932128096));
#6556=CARTESIAN_POINT('Ctrl Pts',(15.4911318471489,-9.02420123828625,12.1970484408449));
#6557=CARTESIAN_POINT('Ctrl Pts',(9.42992568975177,-15.2475783265145,12.0802039458232));
#6558=CARTESIAN_POINT('Ctrl Pts',(1.15445885372464,-17.8907497516022,11.9633591609786));
#6559=CARTESIAN_POINT('Ctrl Pts',(-7.39201810834672,-16.3330950822081,11.8465146977857));
#6560=CARTESIAN_POINT('Ctrl Pts',(-14.202884756834,-10.9403030285387,11.7296699144602));
#6561=CARTESIAN_POINT('Ctrl Pts',(-17.6787363610646,-2.97875334273082,11.6128254168416));
#6562=CARTESIAN_POINT('Ctrl Pts',(-17.0036976905619,5.68238483975408,11.495980646542));
#6563=CARTESIAN_POINT('Ctrl Pts',(-12.335788618554,13.0089612722047,11.3791361568741));
#6564=CARTESIAN_POINT('Ctrl Pts',(-4.77197386552565,17.2815452015568,11.2622914155876));
#6565=CARTESIAN_POINT('Ctrl Pts',(3.91349010032604,17.4952367142834,11.1454468491342));
#6566=CARTESIAN_POINT('Ctrl Pts',(11.6778007212163,13.6030412410924,11.0286021950324));
#6567=CARTESIAN_POINT('Ctrl Pts',(16.7044204800292,6.51277747110435,10.9117575065644));
#6568=CARTESIAN_POINT('Ctrl Pts',(17.8004967231518,-2.09902237368987,10.7949131129174));
#6569=CARTESIAN_POINT('Ctrl Pts',(14.3913856071357,-11.1364852547308,10.6650851644107));
#6570=CARTESIAN_POINT('Ctrl Pts',(5.66918541244857,-17.6081639181216,10.5222754475792));
#6571=CARTESIAN_POINT('Ctrl Pts',(-6.19835562305812,-17.4303302739405,10.3664829884698));
#6572=CARTESIAN_POINT('Ctrl Pts',(-14.7187388092008,-10.6972047199369,10.2236718541498));
#6573=CARTESIAN_POINT('Ctrl Pts',(-17.8565841532202,-1.56220027850261,10.0938454726902));
#6574=CARTESIAN_POINT('Ctrl Pts',(-16.5000156746233,7.01320988370547,9.97700034099011));
#6575=CARTESIAN_POINT('Ctrl Pts',(-11.2633016941997,13.948559359267,9.86015599804718));
#6576=CARTESIAN_POINT('Ctrl Pts',(-3.38390762841202,17.6052308165673,9.74331115151486));
#6577=CARTESIAN_POINT('Ctrl Pts',(5.28907752497254,17.129934715349,9.62646673420107));
#6578=CARTESIAN_POINT('Ctrl Pts',(12.7245171884337,12.6314415412946,9.50962183102267));
#6579=CARTESIAN_POINT('Ctrl Pts',(17.1625258193778,5.16768025373934,9.39277763987473));
#6580=CARTESIAN_POINT('Ctrl Pts',(17.6370997826118,-4.47484116254852,9.26294945690929));
#6581=CARTESIAN_POINT('Ctrl Pts',(12.216018923758,-13.8971824352171,9.12013991397037));
#6582=CARTESIAN_POINT('Ctrl Pts',(2.4832854221557,-17.9362042172159,8.98165818263831));
#6583=CARTESIAN_POINT('Ctrl Pts',(-6.37039290037808,-16.5924154101186,8.86048464943171));
#6584=CARTESIAN_POINT('Ctrl Pts',(-12.7719355854903,-12.3689737498477,8.75662373135386));
#6585=CARTESIAN_POINT('Ctrl Pts',(-16.7942681707564,-5.83044652953858,8.65276112053738));
#6586=CARTESIAN_POINT('Ctrl Pts',(-17.6875054152939,1.78997732829953,8.54889962364913));
#6587=CARTESIAN_POINT('Ctrl Pts',(-15.2855871727669,9.07632284247458,8.44503753058057));
#6588=CARTESIAN_POINT('Ctrl Pts',(-10.0355975482733,14.677583782302,8.34117562596061));
#6589=CARTESIAN_POINT('Ctrl Pts',(-3.70735669731558,17.2133221525468,8.24885448865148));
#6590=CARTESIAN_POINT('Ctrl Pts',(3.86564639764317,17.3709062149433,8.14499164663178));
#6591=CARTESIAN_POINT('Ctrl Pts',(12.21389309794,13.7064548001958,8.02382104927544));
#6592=CARTESIAN_POINT('Ctrl Pts',(18.0801911131617,3.90768404480904,7.87379626367459));
#6593=CARTESIAN_POINT('Ctrl Pts',(16.7363344567707,-7.87341084577964,7.71800410611298));
#6594=CARTESIAN_POINT('Ctrl Pts',(8.51720545847397,-16.4186378346274,7.56221244133328));
#6595=CARTESIAN_POINT('Ctrl Pts',(-3.20364506481546,-18.2174912493095,7.40641803152434));
#6596=CARTESIAN_POINT('Ctrl Pts',(-13.6073155918598,-12.5271377280855,7.25062529933616));
#6597=CARTESIAN_POINT('Ctrl Pts',(-18.418726403384,-1.6934749454198,7.09483406485061));
#6598=CARTESIAN_POINT('Ctrl Pts',(-15.6615611397241,9.84568248906669,6.93903945472282));
#6599=CARTESIAN_POINT('Ctrl Pts',(-7.48781863824894,16.4888287862969,6.80055727540875));
#6600=CARTESIAN_POINT('Ctrl Pts',(1.38497576423425,17.7193127868333,6.67938551647377));
#6601=CARTESIAN_POINT('Ctrl Pts',(8.72358063391665,15.4921613288208,6.57552347524707));
#6602=CARTESIAN_POINT('Ctrl Pts',(14.4394749817066,10.36988757144,6.47166119944688));
#6603=CARTESIAN_POINT('Ctrl Pts',(17.4671958291467,3.31699328566192,6.36779995592976));
#6604=CARTESIAN_POINT('Ctrl Pts',(17.2331181526699,-4.34803988696849,6.2639376218018));
#6605=CARTESIAN_POINT('Ctrl Pts',(13.2329766933521,-12.3636496858534,6.14276610260045));
#6606=CARTESIAN_POINT('Ctrl Pts',(4.32747279410539,-17.9855622696662,6.00428287422269));
#6607=CARTESIAN_POINT('Ctrl Pts',(-7.4895567741104,-16.9132118445448,5.8484893515146));
#6608=CARTESIAN_POINT('Ctrl Pts',(-16.2172706831277,-8.8911634743265,5.69269834398674));
#6609=CARTESIAN_POINT('Ctrl Pts',(-18.2867837701448,2.78201179365249,5.53690443965928));
#6610=CARTESIAN_POINT('Ctrl Pts',(-12.8365949491792,13.32023706169,5.38111096176353));
#6611=CARTESIAN_POINT('Ctrl Pts',(-3.30693102377383,17.8049421828328,5.24262948313331));
#6612=CARTESIAN_POINT('Ctrl Pts',(5.60220662942843,16.8674085570135,5.12145710674665));
#6613=CARTESIAN_POINT('Ctrl Pts',(12.1897606735679,12.9429210743754,5.01759534306709));
#6614=CARTESIAN_POINT('Ctrl Pts',(16.5088108822975,6.59527827313909,4.91373301034154));
#6615=CARTESIAN_POINT('Ctrl Pts',(17.7511649939714,-0.974283164638353,4.80987140266494));
#6616=CARTESIAN_POINT('Ctrl Pts',(15.6860475938525,-8.36684561705763,4.70600913104224));
#6617=CARTESIAN_POINT('Ctrl Pts',(10.7001558546745,-14.1964634715751,4.60214791904812));
#6618=CARTESIAN_POINT('Ctrl Pts',(3.71703589758096,-17.386968323127,4.49828543863102));
#6619=CARTESIAN_POINT('Ctrl Pts',(-3.95136968944046,-17.329017401923,4.394423715323));
#6620=CARTESIAN_POINT('Ctrl Pts',(-12.0556297004243,-13.5129823910691,4.27325171033084));
#6621=CARTESIAN_POINT('Ctrl Pts',(-17.8821488698017,-4.73869240135594,4.13476965559303));
#6622=CARTESIAN_POINT('Ctrl Pts',(-17.0800584224542,7.09837376357206,3.97897499359077));
#6623=CARTESIAN_POINT('Ctrl Pts',(-9.26269041327924,16.0091342585327,3.82318373318541));
#6624=CARTESIAN_POINT('Ctrl Pts',(2.3634196946452,18.3454454553409,3.6673910798959));
#6625=CARTESIAN_POINT('Ctrl Pts',(13.0171737305012,13.1399307372155,3.511596564845));
#6626=CARTESIAN_POINT('Ctrl Pts',(18.3219747650334,2.53567776966708,3.35580505722505));
#6627=CARTESIAN_POINT('Ctrl Pts',(16.0964400138395,-9.1112000210699,3.20001257583086));
#6628=CARTESIAN_POINT('Ctrl Pts',(7.25679538989855,-17.0137344603457,3.04421833620277));
#6629=CARTESIAN_POINT('Ctrl Pts',(-4.56685034996228,-17.9235420537613,2.88842584284441));
#6630=CARTESIAN_POINT('Ctrl Pts',(-14.5122905346138,-11.4686914282627,2.73263443198388));
#6631=CARTESIAN_POINT('Ctrl Pts',(-18.4933468631393,-0.299171021786759,
2.57683952546871));
#6632=CARTESIAN_POINT('Ctrl Pts',(-14.876757066045,10.9923091763278,2.42104780906919));
#6633=CARTESIAN_POINT('Ctrl Pts',(-5.14188671540357,17.766559135964,2.26525549274585));
#6634=CARTESIAN_POINT('Ctrl Pts',(6.69970250442758,17.2406504975909,2.10946109186209));
#6635=CARTESIAN_POINT('Ctrl Pts',(15.7971653947555,9.62593412307592,1.95366919022031));
#6636=CARTESIAN_POINT('Ctrl Pts',(18.1702996019117,-0.974090148673236,1.81085957084743));
#6637=CARTESIAN_POINT('Ctrl Pts',(14.8465795453155,-10.0425565745166,1.68103144825945));
#6638=CARTESIAN_POINT('Ctrl Pts',(8.3889561916557,-15.8454086369316,1.56418720825056));
#6639=CARTESIAN_POINT('Ctrl Pts',(-0.0488178450230474,-17.9279284928388,
1.44734236207323));
#6640=CARTESIAN_POINT('Ctrl Pts',(-8.46971650235084,-15.800756620822,1.33049785904326));
#6641=CARTESIAN_POINT('Ctrl Pts',(-14.9047054961831,-9.96355034060225,1.21365316079069));
#6642=CARTESIAN_POINT('Ctrl Pts',(-17.8385140042018,-1.78680743448905,1.09680854431861));
#6643=CARTESIAN_POINT('Ctrl Pts',(-16.5845220994509,6.80945520956749,0.979963922709288));
#6644=CARTESIAN_POINT('Ctrl Pts',(-11.4359827609095,13.8068495472253,0.863119284852877));
#6645=CARTESIAN_POINT('Ctrl Pts',(-3.60245197016355,17.562290747792,0.746274660164556));
#6646=CARTESIAN_POINT('Ctrl Pts',(5.07711914545216,17.1940716010391,0.629430016021877));
#6647=CARTESIAN_POINT('Ctrl Pts',(12.5643924240329,12.7884750469479,0.512585372087123));
#6648=CARTESIAN_POINT('Ctrl Pts',(17.1017064087057,5.38032019374916,0.395740844823093));
#6649=CARTESIAN_POINT('Ctrl Pts',(17.6230669773229,-3.29164060851247,0.278895942535475));
#6650=CARTESIAN_POINT('Ctrl Pts',(14.0071567732949,-11.1897712436658,0.162051892096162));
#6651=CARTESIAN_POINT('Ctrl Pts',(7.10086240488259,-16.4623794001751,0.045205973570523));
#6652=CARTESIAN_POINT('Ctrl Pts',(1.38727775418467,-17.3975166359902,-0.0326881606078951));
#6653=CARTESIAN_POINT('Ctrl Pts',(-1.4134933780657,-17.1669059971112,-0.0716371951015531));
#6654=CARTESIAN_POINT('Ctrl Pts',(-16.7189143321115,4.14469884979809,13.));
#6655=CARTESIAN_POINT('Ctrl Pts',(-16.0426990117821,6.87242079543427,12.9610503628641));
#6656=CARTESIAN_POINT('Ctrl Pts',(-13.3313490051519,11.9877820137736,12.8831576893882));
#6657=CARTESIAN_POINT('Ctrl Pts',(-6.12881547640756,16.8478128124259,12.7663124137967));
#6658=CARTESIAN_POINT('Ctrl Pts',(2.51060943885681,17.7511828224297,12.6494679059109));
#6659=CARTESIAN_POINT('Ctrl Pts',(10.5616099862686,14.4868353785064,12.5326232847231));
#6660=CARTESIAN_POINT('Ctrl Pts',(16.1321332028723,7.82071094754415,12.4157785632309));
#6661=CARTESIAN_POINT('Ctrl Pts',(17.9150358438636,-0.681646477793592,12.2989340691145));
#6662=CARTESIAN_POINT('Ctrl Pts',(15.4912410638114,-9.02401364538867,12.1820892971497));
#6663=CARTESIAN_POINT('Ctrl Pts',(9.43011025946553,-15.2474641296889,12.065244802128));
#6664=CARTESIAN_POINT('Ctrl Pts',(1.15467545088797,-17.8907357199829,11.9484000172835));
#6665=CARTESIAN_POINT('Ctrl Pts',(-7.39182034825553,-16.3331845335333,11.8315555540905));
#6666=CARTESIAN_POINT('Ctrl Pts',(-14.2027522656457,-10.9404749475687,11.714710770765));
#6667=CARTESIAN_POINT('Ctrl Pts',(-17.6787002500585,-2.97896736747094,11.5978662731464));
#6668=CARTESIAN_POINT('Ctrl Pts',(-17.0037664380281,5.68217896536977,11.4810215028469));
#6669=CARTESIAN_POINT('Ctrl Pts',(-12.3359460824836,13.0088118893412,11.3641770131789));
#6670=CARTESIAN_POINT('Ctrl Pts',(-4.77218307256685,17.2814873821694,11.2473322718924));
#6671=CARTESIAN_POINT('Ctrl Pts',(3.91327827318665,17.4952840435578,11.1304877054391));
#6672=CARTESIAN_POINT('Ctrl Pts',(11.6776360119372,13.6031825880202,11.0136430513372));
#6673=CARTESIAN_POINT('Ctrl Pts',(16.7043415638676,6.51297968162334,10.8967983628692));
#6674=CARTESIAN_POINT('Ctrl Pts',(17.8005221251313,-2.09880684912409,10.7799539692222));
#6675=CARTESIAN_POINT('Ctrl Pts',(14.3915203381029,-11.1363109974871,10.6501260207155));
#6676=CARTESIAN_POINT('Ctrl Pts',(5.66939856602196,-17.6080952578281,10.507316303884));
#6677=CARTESIAN_POINT('Ctrl Pts',(-6.19814447303662,-17.4304052611837,10.3515238447746));
#6678=CARTESIAN_POINT('Ctrl Pts',(-14.7186093442796,-10.6973828550311,10.2087127104546));
#6679=CARTESIAN_POINT('Ctrl Pts',(-17.8565651531586,-1.56241646924948,10.078886328995));
#6680=CARTESIAN_POINT('Ctrl Pts',(-16.5001005562671,7.01301010771,9.96204119729494));
#6681=CARTESIAN_POINT('Ctrl Pts',(-11.2634705241023,13.9484229561509,9.84519685435203));
#6682=CARTESIAN_POINT('Ctrl Pts',(-3.3841207676529,17.6051898021352,9.72835200781969));
#6683=CARTESIAN_POINT('Ctrl Pts',(5.28887012766803,17.1299986993371,9.61150759050591));
#6684=CARTESIAN_POINT('Ctrl Pts',(12.7243642219919,12.6315955629422,9.49466268732752));
#6685=CARTESIAN_POINT('Ctrl Pts',(17.1624632168895,5.16788801356074,9.37781849617957));
#6686=CARTESIAN_POINT('Ctrl Pts',(17.6371538973741,-4.47462759140507,9.24799031321413));
#6687=CARTESIAN_POINT('Ctrl Pts',(12.2161871888931,-13.8970344774593,9.10518077027522));
#6688=CARTESIAN_POINT('Ctrl Pts',(2.48350242623887,-17.9361741774232,8.96669903894317));
#6689=CARTESIAN_POINT('Ctrl Pts',(-6.37019192723831,-16.59249240888,8.84552550573653));
#6690=CARTESIAN_POINT('Ctrl Pts',(-12.7717858439632,-12.3691284195649,8.74166458765873));
#6691=CARTESIAN_POINT('Ctrl Pts',(-16.7941974729188,-5.83064982422144,8.6378019768422));
#6692=CARTESIAN_POINT('Ctrl Pts',(-17.6875270996212,1.7897631891529,8.53394047995399));
#6693=CARTESIAN_POINT('Ctrl Pts',(-15.2856969383062,9.07613773702152,8.43007838688539));
#6694=CARTESIAN_POINT('Ctrl Pts',(-10.0357752905202,14.677462323025,8.32621648226546));
#6695=CARTESIAN_POINT('Ctrl Pts',(-3.70756492685934,17.2132771556175,8.23389534495632));
#6696=CARTESIAN_POINT('Ctrl Pts',(3.86543593701109,17.3709530380936,8.13003250293663));
#6697=CARTESIAN_POINT('Ctrl Pts',(12.213727107361,13.7066026273307,8.00886190558027));
#6698=CARTESIAN_POINT('Ctrl Pts',(18.0801437695146,3.90790292727585,7.85883711997945));
#6699=CARTESIAN_POINT('Ctrl Pts',(16.7364297248582,-7.87320820195533,7.70304496241781));
#6700=CARTESIAN_POINT('Ctrl Pts',(8.51740421221145,-16.4185346733229,7.54725329763813));
#6701=CARTESIAN_POINT('Ctrl Pts',(-3.20342449614474,-18.2175299857205,7.39145888782918));
#6702=CARTESIAN_POINT('Ctrl Pts',(-13.6071639053638,-12.5273024324486,7.23566615564101));
#6703=CARTESIAN_POINT('Ctrl Pts',(-18.4187058216365,-1.69369793447013,7.07987492115545));
#6704=CARTESIAN_POINT('Ctrl Pts',(-15.661680353898,9.84549285697502,6.92408031102766));
#6705=CARTESIAN_POINT('Ctrl Pts',(-7.48801813328462,16.4887380775414,6.78559813171359));
#6706=CARTESIAN_POINT('Ctrl Pts',(1.38476115865296,17.7193295602471,6.66442637277861));
#6707=CARTESIAN_POINT('Ctrl Pts',(8.723393163339,15.4922667815269,6.56056433155192));
#6708=CARTESIAN_POINT('Ctrl Pts',(14.439349345755,10.370062457707,6.45670205575172));
#6709=CARTESIAN_POINT('Ctrl Pts',(17.4671556014863,3.31720473149243,6.35284081223461));
#6710=CARTESIAN_POINT('Ctrl Pts',(17.233170781003,-4.34783131531582,6.24897847810663));
#6711=CARTESIAN_POINT('Ctrl Pts',(13.2331263126576,-12.3634892986716,6.12780695890531));
#6712=CARTESIAN_POINT('Ctrl Pts',(4.32769057771206,-17.9855099288613,5.98932373052752));
#6713=CARTESIAN_POINT('Ctrl Pts',(-7.48935198442796,-16.9133024093599,5.83353020781944));
#6714=CARTESIAN_POINT('Ctrl Pts',(-16.2171630182245,-8.89135982549316,5.67773920029159));
#6715=CARTESIAN_POINT('Ctrl Pts',(-18.2868173550933,2.78179041847177,5.52194529596412));
#6716=CARTESIAN_POINT('Ctrl Pts',(-12.8367562689115,13.3200815897937,5.36615181806838));
#6717=CARTESIAN_POINT('Ctrl Pts',(-3.30714641624499,17.8049021289831,5.22767033943814));
#6718=CARTESIAN_POINT('Ctrl Pts',(5.60200238289634,16.8674763040041,5.1064979630515));
#6719=CARTESIAN_POINT('Ctrl Pts',(12.1896039230371,12.943068674956,5.00263619937192));
#6720=CARTESIAN_POINT('Ctrl Pts',(16.5087309681832,6.59547811776694,4.8987738666464));
#6721=CARTESIAN_POINT('Ctrl Pts',(17.7511767679353,-0.97406826126482,4.79491225896978));
#6722=CARTESIAN_POINT('Ctrl Pts',(15.6861488109563,-8.36665566219733,4.69104998734709));
#6723=CARTESIAN_POINT('Ctrl Pts',(10.7003276994405,-14.1963339741305,4.58718877535296));
#6724=CARTESIAN_POINT('Ctrl Pts',(3.71724637113502,-17.3869231789126,4.48332629493587));
#6725=CARTESIAN_POINT('Ctrl Pts',(-3.95115986079023,-17.3290652580583,4.37946457162784));
#6726=CARTESIAN_POINT('Ctrl Pts',(-12.0554659965159,-13.5131283111158,4.25829256663569));
#6727=CARTESIAN_POINT('Ctrl Pts',(-17.8820914916978,-4.73890888167898,4.11981051189787));
#6728=CARTESIAN_POINT('Ctrl Pts',(-17.0801442923931,7.09816695960365,3.96401584989562));
#6729=CARTESIAN_POINT('Ctrl Pts',(-9.2628842179127,16.0090220735233,3.80822458949024));
#6730=CARTESIAN_POINT('Ctrl Pts',(2.36319759147594,18.3454740184618,3.65243193620075));
#6731=CARTESIAN_POINT('Ctrl Pts',(13.0170146073907,13.1400882959623,3.49663742114984));
#6732=CARTESIAN_POINT('Ctrl Pts',(18.3219440222281,2.53589958367803,3.34084591352989));
#6733=CARTESIAN_POINT('Ctrl Pts',(16.0965502658853,-9.11100512310083,3.18505343213571));
#6734=CARTESIAN_POINT('Ctrl Pts',(7.25700137525368,-17.0136465544323,3.02925919250761));
#6735=CARTESIAN_POINT('Ctrl Pts',(-4.56663342953642,-17.9235972818978,2.87346669914926));
#6736=CARTESIAN_POINT('Ctrl Pts',(-14.5121515361329,-11.468867144704,2.71767528828872));
#6737=CARTESIAN_POINT('Ctrl Pts',(-18.4933432465351,-0.299394877502393,
2.56188038177356));
#6738=CARTESIAN_POINT('Ctrl Pts',(-14.87689009382,10.9921290023281,2.40608866537404));
#6739=CARTESIAN_POINT('Ctrl Pts',(-5.14210172695361,17.766496886775,2.25029634905069));
#6740=CARTESIAN_POINT('Ctrl Pts',(6.69949364147589,17.2407315255378,2.09450194816693));
#6741=CARTESIAN_POINT('Ctrl Pts',(15.7970488850782,9.62612538868864,1.93871004652515));
#6742=CARTESIAN_POINT('Ctrl Pts',(18.170311303913,-0.973870224064922,1.79590042715227));
#6743=CARTESIAN_POINT('Ctrl Pts',(14.8467011079246,-10.0423767802047,1.6660723045643));
#6744=CARTESIAN_POINT('Ctrl Pts',(8.38914799369748,-15.8453070417282,1.5492280645554));
#6745=CARTESIAN_POINT('Ctrl Pts',(-0.0486007898178465,-17.9279290287044,
1.43238321837807));
#6746=CARTESIAN_POINT('Ctrl Pts',(-8.46952518709539,-15.8008591210625,1.3155387153481));
#6747=CARTESIAN_POINT('Ctrl Pts',(-14.9045848258646,-9.96373075918473,1.19869401709553));
#6748=CARTESIAN_POINT('Ctrl Pts',(-17.8384923265324,-1.78702339662491,1.08184940062346));
#6749=CARTESIAN_POINT('Ctrl Pts',(-16.58460448793,6.80925440637092,0.96500477901413));
#6750=CARTESIAN_POINT('Ctrl Pts',(-11.4361498968997,13.8067110569952,0.848160141157721));
#6751=CARTESIAN_POINT('Ctrl Pts',(-3.60266456080013,17.5622470845979,0.731315516469399));
#6752=CARTESIAN_POINT('Ctrl Pts',(5.07691092569112,17.1941330230253,0.614470872326721));
#6753=CARTESIAN_POINT('Ctrl Pts',(12.5642376424429,12.7886271219509,0.497626228391966));
#6754=CARTESIAN_POINT('Ctrl Pts',(17.101641069835,5.38052723220896,0.380781701127937));
#6755=CARTESIAN_POINT('Ctrl Pts',(17.6231070767385,-3.29142725543752,0.263936798840319));
#6756=CARTESIAN_POINT('Ctrl Pts',(14.0072916235966,-11.1896016042534,0.147092748401005));
#6757=CARTESIAN_POINT('Ctrl Pts',(7.10106292284968,-16.4622934450104,0.0302468298753664));
#6758=CARTESIAN_POINT('Ctrl Pts',(1.38748653271027,-17.3974997026193,-0.0476473043030514));
#6759=CARTESIAN_POINT('Ctrl Pts',(-1.41328554206551,-17.1669231074351,-0.0865963387967095));
#6760=CARTESIAN_POINT('',(-16.7189143321115,4.14469884979813,13.));
#6761=CARTESIAN_POINT('',(-14.1185541884632,9.7799244598024,13.));
#6762=CARTESIAN_POINT('Ctrl Pts',(-16.7189143321115,4.14469884979809,13.));
#6763=CARTESIAN_POINT('Ctrl Pts',(-16.6345394433621,4.48505084831546,13.));
#6764=CARTESIAN_POINT('Ctrl Pts',(-16.5392716387112,4.82254922641091,12.9999825326229));
#6765=CARTESIAN_POINT('Ctrl Pts',(-16.4334317505644,5.15661753248276,12.9999693948373));
#6766=CARTESIAN_POINT('Ctrl Pts',(-16.3287130767397,5.48714688763641,12.9999563962267));
#6767=CARTESIAN_POINT('Ctrl Pts',(-16.2136446085939,5.81431931927765,12.9999487187852));
#6768=CARTESIAN_POINT('Ctrl Pts',(-16.0884916384605,6.13755826664033,12.9999542349262));
#6769=CARTESIAN_POINT('Ctrl Pts',(-15.9709618451804,6.44110844705654,12.9999594150741));
#6770=CARTESIAN_POINT('Ctrl Pts',(-15.844537969643,6.74119016182427,12.9999770596447));
#6771=CARTESIAN_POINT('Ctrl Pts',(-15.7094084020774,7.03730102307995,12.9999887330246));
#6772=CARTESIAN_POINT('Ctrl Pts',(-15.7006436747439,7.05650726347681,12.9999894901793));
#6773=CARTESIAN_POINT('Ctrl Pts',(-15.69184231269,7.07569678788382,12.9999902103231));
#6774=CARTESIAN_POINT('Ctrl Pts',(-15.6830043634251,7.09486945468444,12.9999908831515));
#6775=CARTESIAN_POINT('Ctrl Pts',(-15.6166098186271,7.23890292292841,12.9999959377333));
#6776=CARTESIAN_POINT('Ctrl Pts',(-15.5481504817739,7.38198511822939,12.999998506121));
#6777=CARTESIAN_POINT('Ctrl Pts',(-15.4776487101428,7.52405640683447,12.9999946897971));
#6778=CARTESIAN_POINT('Ctrl Pts',(-15.3885791218019,7.70354453739265,12.9999898683806));
#6779=CARTESIAN_POINT('Ctrl Pts',(-15.2993414422892,7.87517002460113,12.9999881479229));
#6780=CARTESIAN_POINT('Ctrl Pts',(-15.2108365732664,8.03877774273282,12.9999878670395));
#6781=CARTESIAN_POINT('Ctrl Pts',(-15.1206271571623,8.20553644070907,12.9999875807464));
#6782=CARTESIAN_POINT('Ctrl Pts',(-15.0311796814163,8.36396610791022,12.999988791905));
#6783=CARTESIAN_POINT('Ctrl Pts',(-14.9434210495632,8.51394937764244,12.9999903246033));
#6784=CARTESIAN_POINT('Ctrl Pts',(-14.854435914041,8.66602879480482,12.9999918787223));
#6785=CARTESIAN_POINT('Ctrl Pts',(-14.7671878219863,8.80942485103132,12.9999937659865));
#6786=CARTESIAN_POINT('Ctrl Pts',(-14.682605673288,8.94405278663228,12.9999953197905));
#6787=CARTESIAN_POINT('Ctrl Pts',(-14.5987198121119,9.07757245348947,12.9999968608034));
#6788=CARTESIAN_POINT('Ctrl Pts',(-14.5174566889721,9.20246875353948,12.9999980781338));
#6789=CARTESIAN_POINT('Ctrl Pts',(-14.4396773552691,9.31868225526615,12.9999988132221));
#6790=CARTESIAN_POINT('Ctrl Pts',(-14.364552500747,9.43092958363814,12.999999523223));
#6791=CARTESIAN_POINT('Ctrl Pts',(-14.2926779265197,9.53507760932246,12.9999997886483));
#6792=CARTESIAN_POINT('Ctrl Pts',(-14.2247822860618,9.63108031387173,12.9999998541703));
#6793=CARTESIAN_POINT('Ctrl Pts',(-14.1879369573483,9.68317866926892,12.9999998897275));
#6794=CARTESIAN_POINT('Ctrl Pts',(-14.1522625666761,9.7328783011825,12.9999998727407));
#6795=CARTESIAN_POINT('Ctrl Pts',(-14.1178690670096,9.78017134721062,12.9999998846992));
#6796=CARTESIAN_POINT('',(-1.41038593505751,-17.1169888218168,-3.09266312824817E-14));
#6797=CARTESIAN_POINT('Ctrl Pts',(-14.1184705976493,9.77986370046288,12.9998226172858));
#6798=CARTESIAN_POINT('Ctrl Pts',(-13.7060652777237,10.3766806872445,12.9897375895032));
#6799=CARTESIAN_POINT('Ctrl Pts',(-11.5179392580101,13.1510718606222,12.9407054565634));
#6800=CARTESIAN_POINT('Ctrl Pts',(-6.10995924334803,16.7996455654047,12.8527232433917));
#6801=CARTESIAN_POINT('Ctrl Pts',(2.50460923501818,17.699805634674,12.7358787355059));
#6802=CARTESIAN_POINT('Ctrl Pts',(10.5321591617623,14.4443108813378,12.6190341143181));
#6803=CARTESIAN_POINT('Ctrl Pts',(16.0861485419011,7.79702466100608,12.5021893928259));
#6804=CARTESIAN_POINT('Ctrl Pts',(17.8633139676384,-0.680933204857428,12.3853448987095));
#6805=CARTESIAN_POINT('Ctrl Pts',(15.4459269733648,-8.99906811103077,12.2685001267448));
#6806=CARTESIAN_POINT('Ctrl Pts',(9.4018436893812,-15.2041437649901,12.151655631723));
#6807=CARTESIAN_POINT('Ctrl Pts',(1.15009372515132,-17.8392123564332,12.0348108468785));
#6808=CARTESIAN_POINT('Ctrl Pts',(-7.3716415982882,-16.2855560841219,11.9179663836856));
#6809=CARTESIAN_POINT('Ctrl Pts',(-14.1625508994195,-10.9079249360548,11.80112160036));
#6810=CARTESIAN_POINT('Ctrl Pts',(-17.627916062494,-2.96913847485232,11.6842771027415));
#6811=CARTESIAN_POINT('Ctrl Pts',(-16.9543233220244,5.66697840903209,11.5674323324419));
#6812=CARTESIAN_POINT('Ctrl Pts',(-12.2994544650512,12.9721519210893,11.450587842774));
#6813=CARTESIAN_POINT('Ctrl Pts',(-4.75720959991808,17.2319743242291,11.3337431014875));
#6814=CARTESIAN_POINT('Ctrl Pts',(3.90321431605705,17.4445468988385,11.2168985350341));
#6815=CARTESIAN_POINT('Ctrl Pts',(11.6449043153921,13.5631288427266,11.1000538809323));
#6816=CARTESIAN_POINT('Ctrl Pts',(16.6566149708438,6.49302541028376,10.9832091924643));
#6817=CARTESIAN_POINT('Ctrl Pts',(17.7490314408816,-2.09399790823116,10.8663647988173));
#6818=CARTESIAN_POINT('Ctrl Pts',(14.3492305697571,-11.1051958334437,10.7365368503106));
#6819=CARTESIAN_POINT('Ctrl Pts',(5.65181432050862,-17.5577028750913,10.5937271334791));
#6820=CARTESIAN_POINT('Ctrl Pts',(-6.18148550859568,-17.3796954629179,10.4379346743697));
#6821=CARTESIAN_POINT('Ctrl Pts',(-14.6769030307796,-10.665497945778,10.2951235400497));
#6822=CARTESIAN_POINT('Ctrl Pts',(-17.8051688688403,-1.55666104255521,10.1652971585901));
#6823=CARTESIAN_POINT('Ctrl Pts',(-16.45201714407,6.99393567244731,10.04845202689));
#6824=CARTESIAN_POINT('Ctrl Pts',(-11.2300066497777,13.9089777671105,9.93160768394708));
#6825=CARTESIAN_POINT('Ctrl Pts',(-3.3731283892933,17.5546459823905,9.81476283741476));
#6826=CARTESIAN_POINT('Ctrl Pts',(5.274812860666,17.0802189843228,9.69791842010097));
#6827=CARTESIAN_POINT('Ctrl Pts',(12.6885453922137,12.5942710653205,9.58107351692257));
#6828=CARTESIAN_POINT('Ctrl Pts',(17.1133211455341,5.15178149214681,9.46422932577464));
#6829=CARTESIAN_POINT('Ctrl Pts',(17.5859682858485,-4.46295439937081,9.33440114280917));
#6830=CARTESIAN_POINT('Ctrl Pts',(12.1799788836946,-13.8578041425351,9.19159159987028));
#6831=CARTESIAN_POINT('Ctrl Pts',(2.47508465939697,-17.8846126756107,9.05310986853822));
#6832=CARTESIAN_POINT('Ctrl Pts',(-6.35297810719632,-16.5441874637598,8.9319363353316));
#6833=CARTESIAN_POINT('Ctrl Pts',(-12.7358118718501,-12.3325576613743,8.82807541725378));
#6834=CARTESIAN_POINT('Ctrl Pts',(-16.7461639841624,-5.81265738440846,8.72421280643727));
#6835=CARTESIAN_POINT('Ctrl Pts',(-17.6363839496617,1.78583775159058,8.62035130954903));
#6836=CARTESIAN_POINT('Ctrl Pts',(-15.2409720813072,9.05102748135496,8.51648921648047));
#6837=CARTESIAN_POINT('Ctrl Pts',(-10.0058015946127,14.6358284253093,8.4126273118605));
#6838=CARTESIAN_POINT('Ctrl Pts',(-3.69566702534324,17.1638863957007,8.32030617455138));
#6839=CARTESIAN_POINT('Ctrl Pts',(3.85550129205176,17.3205778542509,8.21644333253168));
#6840=CARTESIAN_POINT('Ctrl Pts',(12.179456342099,13.6662130864191,8.09527273517534));
#6841=CARTESIAN_POINT('Ctrl Pts',(18.0282666197849,3.89536653430669,7.9452479495745));
#6842=CARTESIAN_POINT('Ctrl Pts',(16.6876044885736,-7.85166913548173,7.78945579201288));
#6843=CARTESIAN_POINT('Ctrl Pts',(8.49168835716545,-16.371772639166,7.63366412723319));
#6844=CARTESIAN_POINT('Ctrl Pts',(-3.19545855396706,-18.1647592345314,7.47786971742423));
#6845=CARTESIAN_POINT('Ctrl Pts',(-13.5687914292166,-12.4902170209183,7.32207698523606));
#6846=CARTESIAN_POINT('Ctrl Pts',(-18.365697276725,-1.68752452663563,7.16628575075051));
#6847=CARTESIAN_POINT('Ctrl Pts',(-15.6158171941338,9.81818976185475,7.01049114062272));
#6848=CARTESIAN_POINT('Ctrl Pts',(-7.46526654278736,16.4417015600125,6.87200896130864));
#6849=CARTESIAN_POINT('Ctrl Pts',(1.38200614111464,17.6681230030706,6.75083720237367));
#6850=CARTESIAN_POINT('Ctrl Pts',(8.69931480167584,15.4469707659385,6.64697516114696));
#6851=CARTESIAN_POINT('Ctrl Pts',(14.3984256501879,10.339141192345,6.54311288534679));
#6852=CARTESIAN_POINT('Ctrl Pts',(17.4170052503242,3.30641502103028,6.43925164182966));
#6853=CARTESIAN_POINT('Ctrl Pts',(17.1831592840617,-4.33649559437362,6.33538930770169));
#6854=CARTESIAN_POINT('Ctrl Pts',(13.1940919968423,-12.3287534563931,6.21421778850036));
#6855=CARTESIAN_POINT('Ctrl Pts',(4.31394996205049,-17.9339350923199,6.07573456012257));
#6856=CARTESIAN_POINT('Ctrl Pts',(-7.46893248446006,-16.8639938496804,5.91994103741451));
#6857=CARTESIAN_POINT('Ctrl Pts',(-16.1710079717858,-8.86457941128574,5.76415002988663));
#6858=CARTESIAN_POINT('Ctrl Pts',(-18.2338762414049,2.77504548269278,5.6083561255592));
#6859=CARTESIAN_POINT('Ctrl Pts',(-12.7987983371666,13.2825588194103,5.45256264766342));
#6860=CARTESIAN_POINT('Ctrl Pts',(-3.29636210900569,17.7537768730534,5.31408116903322));
#6861=CARTESIAN_POINT('Ctrl Pts',(5.58702355866499,16.8184319132114,5.19290879264655));
#6862=CARTESIAN_POINT('Ctrl Pts',(12.1553493418244,12.9048831568291,5.08904702896699));
#6863=CARTESIAN_POINT('Ctrl Pts',(16.4615743646405,6.57529956726412,4.98518469624145));
#6864=CARTESIAN_POINT('Ctrl Pts',(17.699907074267,-0.972500068699524,4.88132308856484));
#6865=CARTESIAN_POINT('Ctrl Pts',(15.6403185026905,-8.34361984514246,4.77746081694214));
#6866=CARTESIAN_POINT('Ctrl Pts',(10.6684708184812,-14.1561343197134,4.67359960494802));
#6867=CARTESIAN_POINT('Ctrl Pts',(3.70530838969347,-17.337032232741,4.56973712453093));
#6868=CARTESIAN_POINT('Ctrl Pts',(-3.94097501440016,-17.2788049010761,4.46587540122289));
#6869=CARTESIAN_POINT('Ctrl Pts',(-12.0216381940955,-13.4733078954782,4.34470339623075));
#6870=CARTESIAN_POINT('Ctrl Pts',(-17.8308437185955,-4.7239893823971,4.20622134149293));
#6871=CARTESIAN_POINT('Ctrl Pts',(-17.0303818473102,7.07888746294001,4.05042667949067));
#6872=CARTESIAN_POINT('Ctrl Pts',(-9.23504673524795,15.9634933737811,3.89463541908531));
#6873=CARTESIAN_POINT('Ctrl Pts',(2.35766415013235,18.2923929856343,3.7388427657958));
#6874=CARTESIAN_POINT('Ctrl Pts',(12.98038721661,13.1012766337839,3.5830482507449));
#6875=CARTESIAN_POINT('Ctrl Pts',(18.2692734735056,2.52730369290152,3.42725674312495));
#6876=CARTESIAN_POINT('Ctrl Pts',(16.0494841365689,-9.08585100020749,3.27146426173076));
#6877=CARTESIAN_POINT('Ctrl Pts',(7.23487941109656,-16.9650798318458,3.11567002210267));
#6878=CARTESIAN_POINT('Ctrl Pts',(-4.55471487854469,-17.8715790176747,2.95987752874432));
#6879=CARTESIAN_POINT('Ctrl Pts',(-14.4710946983106,-11.4347713946002,2.80408611788378));
#6880=CARTESIAN_POINT('Ctrl Pts',(-18.4400219011709,-0.297237986975713,
2.64829121136861));
#6881=CARTESIAN_POINT('Ctrl Pts',(-14.8332104026918,10.9614636644701,2.49249949496909));
#6882=CARTESIAN_POINT('Ctrl Pts',(-5.12602734576095,17.7156107315864,2.33670717864575));
#6883=CARTESIAN_POINT('Ctrl Pts',(6.68137531930697,17.1905337637962,2.18091277776199));
#6884=CARTESIAN_POINT('Ctrl Pts',(15.752156999098,9.59725499376768,2.02512087612021));
#6885=CARTESIAN_POINT('Ctrl Pts',(18.1178326759769,-0.972331910615501,1.88231125674733));
#6886=CARTESIAN_POINT('Ctrl Pts',(14.8031749117009,-10.014448799553,1.75248313415935));
#6887=CARTESIAN_POINT('Ctrl Pts',(8.36384217062211,-15.8001894574394,1.63563889415046));
#6888=CARTESIAN_POINT('Ctrl Pts',(-0.049714381813067,-17.8762142344276,
1.51879404797313));
#6889=CARTESIAN_POINT('Ctrl Pts',(-8.4462006726511,-15.7546907449173,1.40194954494316));
#6890=CARTESIAN_POINT('Ctrl Pts',(-14.8622907831156,-9.93394899069378,1.28510484669059));
#6891=CARTESIAN_POINT('Ctrl Pts',(-17.7871638760899,-1.78062137743071,1.16826023021851));
#6892=CARTESIAN_POINT('Ctrl Pts',(-16.5362915837207,6.79077359505376,1.05141560860919));
#6893=CARTESIAN_POINT('Ctrl Pts',(-11.402197854261,13.7676866982891,0.934570970752778));
#6894=CARTESIAN_POINT('Ctrl Pts',(-3.5910448190992,17.5118424129857,0.817726346064457));
#6895=CARTESIAN_POINT('Ctrl Pts',(5.06346952347325,17.1441831414809,0.700881701921778));
#6896=CARTESIAN_POINT('Ctrl Pts',(12.5288916577917,12.7508608808882,0.584037057987023));
#6897=CARTESIAN_POINT('Ctrl Pts',(17.0526893173141,5.36381162538348,0.467192530722994));
#6898=CARTESIAN_POINT('Ctrl Pts',(17.5720447044755,-3.28316590520808,0.350347628435376));
#6899=CARTESIAN_POINT('Ctrl Pts',(13.9661064397275,-11.1583058613457,0.233503577996062));
#6900=CARTESIAN_POINT('Ctrl Pts',(7.07942921419275,-16.4153061354182,0.116657659470424));
#6901=CARTESIAN_POINT('Ctrl Pts',(1.38226792125462,-17.3474153223938,0.0387635252920058));
#6902=CARTESIAN_POINT('Ctrl Pts',(-1.41040961029714,-17.1173079198866,-0.000185509201652389));
#6903=CARTESIAN_POINT('Ctrl Pts',(4.77047961020826,-16.5507769754889,-1.11540065773907E-7));
#6904=CARTESIAN_POINT('Ctrl Pts',(4.43303148427627,-16.6476224220716,1.26230407547626E-7));
#6905=CARTESIAN_POINT('Ctrl Pts',(4.09262285454133,-16.7338065264874,-1.71911467952647E-5));
#6906=CARTESIAN_POINT('Ctrl Pts',(3.74990801477207,-16.809241496074,-3.01813278619986E-5));
#6907=CARTESIAN_POINT('Ctrl Pts',(3.41153172387719,-16.8837215075893,-4.3007061613049E-5));
#6908=CARTESIAN_POINT('Ctrl Pts',(3.07090626107778,-16.9477227903453,-5.0536553561567E-5));
#6909=CARTESIAN_POINT('Ctrl Pts',(2.72865495281837,-17.0011125915003,-4.4936809032118E-5));
#6910=CARTESIAN_POINT('Ctrl Pts',(2.4070878304245,-17.0512757444474,-3.96754887945607E-5));
#6911=CARTESIAN_POINT('Ctrl Pts',(2.08408475146874,-17.092070921221,-2.19940629138106E-5));
#6912=CARTESIAN_POINT('Ctrl Pts',(1.76016877646515,-17.1233484977747,-1.03387842918111E-5));
#6913=CARTESIAN_POINT('Ctrl Pts',(1.73933350517896,-17.1253603676514,-9.58908094049352E-6));
#6914=CARTESIAN_POINT('Ctrl Pts',(1.71849446103252,-17.1273328455437,-8.87599956490959E-6));
#6915=CARTESIAN_POINT('Ctrl Pts',(1.69765178514493,-17.1292658861297,-8.20958733843691E-6));
#6916=CARTESIAN_POINT('Ctrl Pts',(1.53973044019417,-17.1439121998199,-3.160297330588E-6));
#6917=CARTESIAN_POINT('Ctrl Pts',(1.38160054004796,-17.1562946035209,-6.06015822189458E-7));
#6918=CARTESIAN_POINT('Ctrl Pts',(1.22332415114193,-17.166395509103,-4.44534094700549E-6));
#6919=CARTESIAN_POINT('Ctrl Pts',(1.02347159227328,-17.1791497287401,-9.29318310344595E-6));
#6920=CARTESIAN_POINT('Ctrl Pts',(0.830335397774877,-17.1878140934449,-1.1053497206545E-5));
#6921=CARTESIAN_POINT('Ctrl Pts',(0.64449849623799,-17.1930807574002,-1.1380967891654E-5));
#6922=CARTESIAN_POINT('Ctrl Pts',(0.454013366832048,-17.1984791532881,-1.17166294062067E-5));
#6923=CARTESIAN_POINT('Ctrl Pts',(0.271197132855096,-17.2003086096902,-1.05454912883311E-5));
#6924=CARTESIAN_POINT('Ctrl Pts',(0.0966230913961267,-17.1993204761949,
-9.05618407422148E-6));
#6925=CARTESIAN_POINT('Ctrl Pts',(-0.0817379177653016,-17.1983109074988,
-7.53456989011942E-6));
#6926=CARTESIAN_POINT('Ctrl Pts',(-0.251495557863082,-17.1943612601159,
-5.67885996996131E-6));
#6927=CARTESIAN_POINT('Ctrl Pts',(-0.412091473700947,-17.1882641029887,
-4.17126012816627E-6));
#6928=CARTESIAN_POINT('Ctrl Pts',(-0.571421551922565,-17.1822150044363,
-2.67554338177895E-6));
#6929=CARTESIAN_POINT('Ctrl Pts',(-0.721734395951452,-17.174053197479,-1.51791701905446E-6));
#6930=CARTESIAN_POINT('Ctrl Pts',(-0.862529062984096,-17.1645279521762,
-8.47948826808789E-7));
#6931=CARTESIAN_POINT('Ctrl Pts',(-0.997834450712424,-17.1553740755694,
-2.04101244169682E-7));
#6932=CARTESIAN_POINT('Ctrl Pts',(-1.12435013803681,-17.1449617666842,-4.75266590278865E-9));
#6933=CARTESIAN_POINT('Ctrl Pts',(-1.24166215669389,-17.1339200206338,1.68715496027053E-8));
#6934=CARTESIAN_POINT('Ctrl Pts',(-1.30021203312458,-17.1284091371434,2.76640937959676E-8));
#6935=CARTESIAN_POINT('Ctrl Pts',(-1.35646972948137,-17.122740821891,1.55847124518894E-15));
#6936=CARTESIAN_POINT('Ctrl Pts',(-1.41038593505297,-17.1169888218173,1.55431223447522E-15));
#6937=CARTESIAN_POINT('Ctrl Pts',(17.226152358271,6.80707917283252E-7,12.3080161448822));
#6938=CARTESIAN_POINT('Ctrl Pts',(17.2245331620531,2.59120563009682,12.3439369754337));
#6939=CARTESIAN_POINT('Ctrl Pts',(15.9878042907145,7.99342622939806,12.4188059398145));
#6940=CARTESIAN_POINT('Ctrl Pts',(10.5616099862686,14.4868353785064,12.5326232847231));
#6941=CARTESIAN_POINT('Ctrl Pts',(2.51060943885681,17.7511828224297,12.6494679059109));
#6942=CARTESIAN_POINT('Ctrl Pts',(-6.12881547640756,16.8478128124259,12.7663124137967));
#6943=CARTESIAN_POINT('Ctrl Pts',(-13.3313490051519,11.9877820137736,12.8831576893882));
#6944=CARTESIAN_POINT('Ctrl Pts',(-16.0426990117821,6.87242079543427,12.9610503628641));
#6945=CARTESIAN_POINT('Ctrl Pts',(-16.7189143321115,4.14469884979809,13.));
#6946=CARTESIAN_POINT('Origin',(0.,0.,1.62630325872826E-18));
#6947=CARTESIAN_POINT('Origin',(0.,0.,13.));
#6948=CARTESIAN_POINT('Origin',(0.,0.,-2.77281266907388));
#6949=CARTESIAN_POINT('',(-16.5639337203718,-0.261640415264633,3.12250225675825E-16));
#6950=CARTESIAN_POINT('Origin',(0.,0.,0.));
#6951=CARTESIAN_POINT('Ctrl Pts',(-16.5639337203787,-0.261640415264861,
-8.20579715288261E-12));
#6952=CARTESIAN_POINT('Ctrl Pts',(-16.5203837715438,-3.01870096073182,0.0397369207277346));
#6953=CARTESIAN_POINT('Ctrl Pts',(-15.7751692359019,-5.76328011740446,0.0794738414636751));
#6954=CARTESIAN_POINT('Ctrl Pts',(-14.4174522030193,-8.16200559542876,0.119210762199616));
#6955=CARTESIAN_POINT('Ctrl Pts',(-13.0597351701368,-10.5607310734531,0.158947682935556));
#6956=CARTESIAN_POINT('Ctrl Pts',(-11.0895156400135,-12.613602872829,0.198684603671496));
#6957=CARTESIAN_POINT('Ctrl Pts',(-8.74837556452653,-14.0693318641592,0.238421524407437));
#6958=CARTESIAN_POINT('Ctrl Pts',(-6.40723548903954,-15.5250608554895,0.278158445143377));
#6959=CARTESIAN_POINT('Ctrl Pts',(-3.69517486818878,-16.383647038774,0.317895365879318));
#6960=CARTESIAN_POINT('Ctrl Pts',(-0.943092963569224,-16.5405323181052,
0.357632286615258));
#6961=CARTESIAN_POINT('Ctrl Pts',(1.80898894105035,-16.6974175974365,0.397369207351198));
#6962=CARTESIAN_POINT('Ctrl Pts',(4.60109212943871,-16.1526019728145,0.437106128087138));
#6963=CARTESIAN_POINT('Ctrl Pts',(7.09250343962931,-14.9724872335153,0.476843048823079));
#6964=CARTESIAN_POINT('Ctrl Pts',(9.5839147498199,-13.7923724942161,0.516579969559019));
#6965=CARTESIAN_POINT('Ctrl Pts',(11.7746341818127,-11.9769586402397,0.556316890294961));
#6966=CARTESIAN_POINT('Ctrl Pts',(13.3963364832552,-9.74794267056714,0.596053811030901));
#6967=CARTESIAN_POINT('Ctrl Pts',(15.0180387846977,-7.51892670089461,0.635790731766841));
#6968=CARTESIAN_POINT('Ctrl Pts',(16.0707239555898,-4.87630861552594,0.67552765250278));
#6969=CARTESIAN_POINT('Ctrl Pts',(16.42794253037,-2.14275756852788,0.715264573238721));
#6970=CARTESIAN_POINT('Ctrl Pts',(16.5207293893623,-1.43272277903792,0.72558616433566));
#6971=CARTESIAN_POINT('Ctrl Pts',(16.5665937470504,-0.716552824991523,0.735907755432599));
#6972=CARTESIAN_POINT('Ctrl Pts',(16.5661083541313,-0.000304250703480805,
0.746229346529538));
#6973=CARTESIAN_POINT('Ctrl Pts',(-17.1728567907578,-0.271080165527524,
-0.351605367276014));
#6974=CARTESIAN_POINT('Ctrl Pts',(-17.1277355990378,-3.12949572731536,-0.311868446540074));
#6975=CARTESIAN_POINT('Ctrl Pts',(-15.5825748468668,-8.82046152986504,-0.232394605068193));
#6976=CARTESIAN_POINT('Ctrl Pts',(-9.45469614009137,-15.2055425418571,-0.113183842860372));
#6977=CARTESIAN_POINT('Ctrl Pts',(-1.01944125113361,-17.876078389011,0.00602691934744927));
#6978=CARTESIAN_POINT('Ctrl Pts',(7.66481427334201,-16.1816366137329,0.12523768155527));
#6979=CARTESIAN_POINT('Ctrl Pts',(14.478635761946,-10.5352522074283,0.244448443763092));
#6980=CARTESIAN_POINT('Ctrl Pts',(17.2071664752341,-3.6858667888412,0.343790745602943));
#6981=CARTESIAN_POINT('Ctrl Pts',(17.226894358666,2.0764915125564,0.423264587074823));
#6982=CARTESIAN_POINT('Ctrl Pts',(15.8384374817652,7.66911630036634,0.502738428546704));
#6983=CARTESIAN_POINT('Ctrl Pts',(11.560581394856,13.6739554500033,0.602080730386554));
#6984=CARTESIAN_POINT('Ctrl Pts',(3.60001190450478,17.5394873710134,0.721291492594376));
#6985=CARTESIAN_POINT('Ctrl Pts',(-5.23776175940015,17.1218248918489,0.840502254802196));
#6986=CARTESIAN_POINT('Ctrl Pts',(-12.7975693292295,12.5233442995427,0.959713017010018));
#6987=CARTESIAN_POINT('Ctrl Pts',(-17.2311716400321,4.86512173961264,1.07892377921784));
#6988=CARTESIAN_POINT('Ctrl Pts',(-17.4577924707623,-3.97828639938093,1.19813454142566));
#6989=CARTESIAN_POINT('Ctrl Pts',(-13.4193266661015,-11.8559426426877,1.31734530363348));
#6990=CARTESIAN_POINT('Ctrl Pts',(-6.10685731628725,-16.8269919106745,1.4365560658413));
#6991=CARTESIAN_POINT('Ctrl Pts',(3.68206233836177,-17.8083881852553,1.56901246829444));
#6992=CARTESIAN_POINT('Ctrl Pts',(13.4874781133162,-12.6601472800929,1.71471451099288));
#6993=CARTESIAN_POINT('Ctrl Pts',(18.4261003254816,-1.62203222651284,1.87366219393665));
#6994=CARTESIAN_POINT('Ctrl Pts',(15.4926413827424,10.1071697236135,2.03260987688041));
#6995=CARTESIAN_POINT('Ctrl Pts',(7.00213029624715,16.685243606378,2.17389670616375));
#6996=CARTESIAN_POINT('Ctrl Pts',(-2.07168982577365,17.6228111197791,2.29752268178668));
#6997=CARTESIAN_POINT('Ctrl Pts',(-9.4371489050234,15.0339567648256,2.40348780374918));
#6998=CARTESIAN_POINT('Ctrl Pts',(-15.2122401606298,9.29089805004532,2.5138681391268));
#6999=CARTESIAN_POINT('Ctrl Pts',(-17.865661539863,1.19775599135186,2.62866368791951));
#7000=CARTESIAN_POINT('Ctrl Pts',(-16.2563251530599,-7.50528797601781,2.74787445012734));
#7001=CARTESIAN_POINT('Ctrl Pts',(-10.6784755641371,-14.3724823338364,2.86708521233515));
#7002=CARTESIAN_POINT('Ctrl Pts',(-2.49099641932209,-17.7311239273456,2.98629597454298));
#7003=CARTESIAN_POINT('Ctrl Pts',(6.30177066775605,-16.7592399475399,3.1055067367508));
#7004=CARTESIAN_POINT('Ctrl Pts',(13.5612125977117,-11.6941615268375,3.22471749895862));
#7005=CARTESIAN_POINT('Ctrl Pts',(17.4980891682845,-3.774671271556,3.34392826116644));
#7006=CARTESIAN_POINT('Ctrl Pts',(17.1471345290219,6.05294134211543,3.47638466361958));
#7007=CARTESIAN_POINT('Ctrl Pts',(10.7205905116218,15.0809480976759,3.62208670631802));
#7008=CARTESIAN_POINT('Ctrl Pts',(0.406186334821412,18.0886187655244,3.76337353560137));
#7009=CARTESIAN_POINT('Ctrl Pts',(-8.37837486098756,15.6419654350047,3.8869995112243));
#7010=CARTESIAN_POINT('Ctrl Pts',(-14.2871351104834,10.5356111152753,3.9929646331868));
#7011=CARTESIAN_POINT('Ctrl Pts',(-17.4245362732133,3.37500528271599,4.09892975514931));
#7012=CARTESIAN_POINT('Ctrl Pts',(-17.1871694327326,-4.43237385664994,4.20489487711181));
#7013=CARTESIAN_POINT('Ctrl Pts',(-13.6165368110078,-11.385021080944,4.31085999907433));
#7014=CARTESIAN_POINT('Ctrl Pts',(-7.41046983590811,-16.1281062942567,4.41682512103682));
#7015=CARTESIAN_POINT('Ctrl Pts',(0.237339849463136,-17.7488917838947,4.52279024299935));
#7016=CARTESIAN_POINT('Ctrl Pts',(7.82940935054216,-15.9241581735583,4.62875536496184));
#7017=CARTESIAN_POINT('Ctrl Pts',(14.9389540660467,-10.2082645744751,4.75238134058477));
#7018=CARTESIAN_POINT('Ctrl Pts',(18.4996041365741,-0.0784169551320662,
4.89366816986812));
#7019=CARTESIAN_POINT('Ctrl Pts',(14.5904308123449,11.3689407375255,5.05261585281187));
#7020=CARTESIAN_POINT('Ctrl Pts',(4.45531629554452,17.9509565001258,5.21156353575564));
#7021=CARTESIAN_POINT('Ctrl Pts',(-7.58645753646142,16.8707776342875,5.37051121869939));
#7022=CARTESIAN_POINT('Ctrl Pts',(-16.3852856364345,8.57947575637565,5.52945890164317));
#7023=CARTESIAN_POINT('Ctrl Pts',(-18.1873447268904,-3.37059395004167,5.68840658458692));
#7024=CARTESIAN_POINT('Ctrl Pts',(-12.2174715026129,-13.8908979110493,5.84735426753069));
#7025=CARTESIAN_POINT('Ctrl Pts',(-2.27740218029858,-17.9505645833321,5.98864109681403));
#7026=CARTESIAN_POINT('Ctrl Pts',(6.7177784869813,-16.4232291434392,6.11226707243695));
#7027=CARTESIAN_POINT('Ctrl Pts',(13.1184768099075,-11.9575541469579,6.21823219439946));
#7028=CARTESIAN_POINT('Ctrl Pts',(16.9859448468464,-5.15670144561984,6.32419731636196));
#7029=CARTESIAN_POINT('Ctrl Pts',(17.483696061697,1.76146314153721,6.4183885358842));
#7030=CARTESIAN_POINT('Ctrl Pts',(15.2374875525228,9.14340033258385,6.5243536578467));
#7031=CARTESIAN_POINT('Ctrl Pts',(9.87350975892514,15.0140038638945,6.63031877980922));
#7032=CARTESIAN_POINT('Ctrl Pts',(1.59545159570014,17.676396179813,6.748057804212));
#7033=CARTESIAN_POINT('Ctrl Pts',(-6.13938499342918,16.6495495094691,6.8540229261745));
#7034=CARTESIAN_POINT('Ctrl Pts',(-13.8040126524591,11.6975458709596,6.97764890179743));
#7035=CARTESIAN_POINT('Ctrl Pts',(-18.3918981745867,1.99167878037189,7.11893573108078));
#7036=CARTESIAN_POINT('Ctrl Pts',(-15.6880201921276,-9.79954094580996,7.27788341402454));
#7037=CARTESIAN_POINT('Ctrl Pts',(-6.28793058119676,-17.393550733227,7.43683109696829));
#7038=CARTESIAN_POINT('Ctrl Pts',(5.80152936119597,-17.5653382064774,7.59577877991207));
#7039=CARTESIAN_POINT('Ctrl Pts',(15.4094859050496,-10.2287827211269,7.75472646285583));
#7040=CARTESIAN_POINT('Ctrl Pts',(18.4384805636564,1.47211425672673,7.91367414579957));
#7041=CARTESIAN_POINT('Ctrl Pts',(13.5888100419916,12.5529533134093,8.07262182874335));
#7042=CARTESIAN_POINT('Ctrl Pts',(4.12068830049232,17.6183908461996,8.21390865802669));
#7043=CARTESIAN_POINT('Ctrl Pts',(-4.98205184123073,17.0306359780205,8.33753463364961));
#7044=CARTESIAN_POINT('Ctrl Pts',(-11.8141500827777,13.2491598413031,8.44349975561213));
#7045=CARTESIAN_POINT('Ctrl Pts',(-15.9773148895963,7.41732306981731,8.5406344507444));
#7046=CARTESIAN_POINT('Ctrl Pts',(-17.2359984095491,2.08890957428502,8.61569307880121));
#7047=CARTESIAN_POINT('Ctrl Pts',(-17.1639125514263,-1.73448118760955,8.66867563978244));
#7048=CARTESIAN_POINT('Ctrl Pts',(-16.1320386987513,-7.37997030447381,8.74814948125433));
#7049=CARTESIAN_POINT('Ctrl Pts',(-11.0144106888625,-14.8588011775112,8.86736024346216));
#7050=CARTESIAN_POINT('Ctrl Pts',(0.517012863680587,-18.4902318015213,9.02630792640591));
#7051=CARTESIAN_POINT('Ctrl Pts',(11.830018636717,-14.2204199125391,9.18525560934968));
#7052=CARTESIAN_POINT('Ctrl Pts',(17.0385306401618,-5.60183214825586,9.31771201180281));
#7053=CARTESIAN_POINT('Ctrl Pts',(17.3561996269382,2.12348594898909,9.42367713376532));
#7054=CARTESIAN_POINT('Ctrl Pts',(15.1872591514534,9.53948129327857,9.52964225572782));
#7055=CARTESIAN_POINT('Ctrl Pts',(8.05261204190941,16.6583742719234,9.66209865818095));
#7056=CARTESIAN_POINT('Ctrl Pts',(-2.61624372985373,17.9029692413533,9.80338548746431));
#7057=CARTESIAN_POINT('Ctrl Pts',(-10.8705333742949,14.0249500525477,9.92701146308722));
#7058=CARTESIAN_POINT('Ctrl Pts',(-15.8441265046931,8.00347457131208,10.0329765850498));
#7059=CARTESIAN_POINT('Ctrl Pts',(-17.7433513001099,0.422937176650425,10.1389417070122));
#7060=CARTESIAN_POINT('Ctrl Pts',(-16.2074488817562,-7.24070347519709,10.2449068289748));
#7061=CARTESIAN_POINT('Ctrl Pts',(-11.5262203696678,-13.4917016361396,10.3508719509372));
#7062=CARTESIAN_POINT('Ctrl Pts',(-3.46499401085019,-17.7589090210272,10.4744979265602));
#7063=CARTESIAN_POINT('Ctrl Pts',(7.24920633421417,-17.020271556927,10.6157847558435));
#7064=CARTESIAN_POINT('Ctrl Pts',(16.2122376195864,-8.90377367231186,10.7747324387873));
#7065=CARTESIAN_POINT('Ctrl Pts',(18.251482245402,3.01533190577345,10.9336801217311));
#7066=CARTESIAN_POINT('Ctrl Pts',(12.9675623882314,12.748870291946,11.0793821644295));
#7067=CARTESIAN_POINT('Ctrl Pts',(4.28801049911721,17.3797166028407,11.2118385668826));
#7068=CARTESIAN_POINT('Ctrl Pts',(-4.554093213828,17.3177045237242,11.3310493290904));
#7069=CARTESIAN_POINT('Ctrl Pts',(-12.2926587712761,13.0188669096693,11.4502600912983));
#7070=CARTESIAN_POINT('Ctrl Pts',(-17.0247185004135,5.54456761807591,11.5694708535061));
#7071=CARTESIAN_POINT('Ctrl Pts',(-17.6015981364811,-3.28563430719953,11.6886816157139));
#7072=CARTESIAN_POINT('Ctrl Pts',(-13.8784819248523,-11.3127749467891,11.8078923779217));
#7073=CARTESIAN_POINT('Ctrl Pts',(-6.7673167676558,-16.5770054623409,11.9271031401296));
#7074=CARTESIAN_POINT('Ctrl Pts',(1.99804050069532,-17.7941540947328,12.0463139023374));
#7075=CARTESIAN_POINT('Ctrl Pts',(8.8936128677091,-15.1846998592101,12.1456562041772));
#7076=CARTESIAN_POINT('Ctrl Pts',(13.1589559676586,-11.3101537592517,12.2251300456491));
#7077=CARTESIAN_POINT('Ctrl Pts',(16.3486391452191,-6.51108248043961,12.304603887121));
#7078=CARTESIAN_POINT('Ctrl Pts',(17.8923090964457,0.698358792744366,12.4039461889608));
#7079=CARTESIAN_POINT('Ctrl Pts',(15.3720751139346,9.18117906919799,12.5231569511687));
#7080=CARTESIAN_POINT('Ctrl Pts',(9.09885643071521,15.4209030358084,12.6423677133765));
#7081=CARTESIAN_POINT('Ctrl Pts',(0.603941897635005,17.8951126629327,12.7615784755843));
#7082=CARTESIAN_POINT('Ctrl Pts',(-8.04042100374267,15.9990253036876,12.8807892377921));
#7083=CARTESIAN_POINT('Ctrl Pts',(-12.4906894359865,12.1299525007959,12.960263079264));
#7084=CARTESIAN_POINT('Ctrl Pts',(-14.1185541884634,9.77992445980238,13.));
#7085=CARTESIAN_POINT('Ctrl Pts',(-16.9698824406267,-0.267932554724769,
-0.234403594310593));
#7086=CARTESIAN_POINT('Ctrl Pts',(-16.925285167495,-3.09256311218118,-0.194666673574653));
#7087=CARTESIAN_POINT('Ctrl Pts',(-15.3983686503075,-8.71625984092679,-0.115192832102772));
#7088=CARTESIAN_POINT('Ctrl Pts',(-9.34289703430009,-15.0258526779619,0.00401793010504895));
#7089=CARTESIAN_POINT('Ctrl Pts',(-1.00733331860344,-17.6647965957693,0.123228692312871));
#7090=CARTESIAN_POINT('Ctrl Pts',(7.57427364930794,-15.9903536413708,0.242439454520691));
#7091=CARTESIAN_POINT('Ctrl Pts',(14.3075410743183,-10.4106839272476,0.361650216728513));
#7092=CARTESIAN_POINT('Ctrl Pts',(17.0037996004587,-3.64224541074017,0.460992518568363));
#7093=CARTESIAN_POINT('Ctrl Pts',(17.0232753852314,2.0520051376824,0.540466360040244));
#7094=CARTESIAN_POINT('Ctrl Pts',(15.6512109150033,7.57852370157378,0.619940201512125));
#7095=CARTESIAN_POINT('Ctrl Pts',(11.4238969462208,13.5123749964496,0.719282503351976));
#7096=CARTESIAN_POINT('Ctrl Pts',(3.55740419110805,17.3321923691099,0.838493265559797));
#7097=CARTESIAN_POINT('Ctrl Pts',(-5.17591061211671,16.9194373970611,0.957704027767618));
#7098=CARTESIAN_POINT('Ctrl Pts',(-12.646350426372,12.3752834160553,1.07691478997544));
#7099=CARTESIAN_POINT('Ctrl Pts',(-17.0275249109837,4.80756215575897,1.19612555218326));
#7100=CARTESIAN_POINT('Ctrl Pts',(-17.251438165801,-3.931322642368,1.31533631439108));
#7101=CARTESIAN_POINT('Ctrl Pts',(-13.2606788702557,-11.7158561777966,1.4345470765989));
#7102=CARTESIAN_POINT('Ctrl Pts',(-6.03462244735825,-16.6281264359814,1.55375783880672));
#7103=CARTESIAN_POINT('Ctrl Pts',(3.63860093381793,-17.5978910100658,1.68621424125986));
#7104=CARTESIAN_POINT('Ctrl Pts',(13.3281053279433,-12.5104671967346,1.83191628395831));
#7105=CARTESIAN_POINT('Ctrl Pts',(18.2083195630569,-1.60280020275079,1.99086396690207));
#7106=CARTESIAN_POINT('Ctrl Pts',(15.3094939227182,9.98775957578759,2.14981164984583));
#7107=CARTESIAN_POINT('Ctrl Pts',(6.91931427234362,16.4880564570051,2.29109847912917));
#7108=CARTESIAN_POINT('Ctrl Pts',(-2.04726150449575,17.4145126498029,2.4147244547521));
#7109=CARTESIAN_POINT('Ctrl Pts',(-9.32565651799661,14.856232898357,2.5206895767146));
#7110=CARTESIAN_POINT('Ctrl Pts',(-15.032470596679,9.18103492310254,2.63106991209222));
#7111=CARTESIAN_POINT('Ctrl Pts',(-17.654503453557,1.18354051359614,2.74586546088493));
#7112=CARTESIAN_POINT('Ctrl Pts',(-16.0641599283402,-7.41663310794696,2.86507622309276));
#7113=CARTESIAN_POINT('Ctrl Pts',(-10.5522148134986,-14.202642790139,2.98428698530058));
#7114=CARTESIAN_POINT('Ctrl Pts',(-2.46149601263448,-17.5215602471611,3.1034977475084));
#7115=CARTESIAN_POINT('Ctrl Pts',(6.22734234574586,-16.5611345071393,3.22270850971622));
#7116=CARTESIAN_POINT('Ctrl Pts',(13.4009651396771,-11.5558986068483,3.34191927192404));
#7117=CARTESIAN_POINT('Ctrl Pts',(17.2912840433986,-3.72999931914524,3.46113003413186));
#7118=CARTESIAN_POINT('Ctrl Pts',(16.944445211204,5.98145531610026,3.593586436585));
#7119=CARTESIAN_POINT('Ctrl Pts',(10.5938296591872,14.9027350274532,3.73928847928344));
#7120=CARTESIAN_POINT('Ctrl Pts',(0.401326030650432,17.8748228509738,3.8805753085668));
#7121=CARTESIAN_POINT('Ctrl Pts',(-8.2793985816363,15.45705872725,4.00420128418971));
#7122=CARTESIAN_POINT('Ctrl Pts',(-14.1183038534863,10.4110392219789,4.11016640615223));
#7123=CARTESIAN_POINT('Ctrl Pts',(-17.2185991892834,3.33505739795329,4.21613152811473));
#7124=CARTESIAN_POINT('Ctrl Pts',(-16.9840122476709,-4.3800421537314,4.32209665007724));
#7125=CARTESIAN_POINT('Ctrl Pts',(-13.4555596494509,-11.2505012904353,4.42806177203974));
#7126=CARTESIAN_POINT('Ctrl Pts',(-7.32282929936383,-15.937505534147,4.53402689400225));
#7127=CARTESIAN_POINT('Ctrl Pts',(0.23459292208666,-17.5391091365843,4.63999201596476));
#7128=CARTESIAN_POINT('Ctrl Pts',(7.73692246005583,-15.7359179102023,4.74595713792727));
#7129=CARTESIAN_POINT('Ctrl Pts',(14.7624176023001,-10.0875595913815,4.86958311355019));
#7130=CARTESIAN_POINT('Ctrl Pts',(18.2809495307099,-0.0774293498849331,
5.01086994283354));
#7131=CARTESIAN_POINT('Ctrl Pts',(14.4179428270302,11.2346142063026,5.16981762577729));
#7132=CARTESIAN_POINT('Ctrl Pts',(4.40259801628178,17.7388009749237,5.32876530872107));
#7133=CARTESIAN_POINT('Ctrl Pts',(-7.49684530821269,16.6713496619796,5.48771299166482));
#7134=CARTESIAN_POINT('Ctrl Pts',(-16.1916490014238,8.47801738597385,5.64666067460858));
#7135=CARTESIAN_POINT('Ctrl Pts',(-17.9723695226033,-3.3308151704468,5.80560835755235));
#7136=CARTESIAN_POINT('Ctrl Pts',(-12.0730222716903,-13.7267554777644,5.9645560404961));
#7137=CARTESIAN_POINT('Ctrl Pts',(-2.25042561603142,-17.738406537101,6.10584286977945));
#7138=CARTESIAN_POINT('Ctrl Pts',(6.63843208409462,-16.229093794442,6.22946884540237));
#7139=CARTESIAN_POINT('Ctrl Pts',(12.9634631037191,-11.816179529236,6.33543396736488));
#7140=CARTESIAN_POINT('Ctrl Pts',(16.7851975175515,-5.09569635990562,6.44139908932739));
#7141=CARTESIAN_POINT('Ctrl Pts',(17.2770428720002,1.74070106738693,6.53559030884961));
#7142=CARTESIAN_POINT('Ctrl Pts',(15.0573590319967,9.03538055611894,6.64155543081213));
#7143=CARTESIAN_POINT('Ctrl Pts',(9.75676114202277,14.8365792544749,6.74752055277463));
#7144=CARTESIAN_POINT('Ctrl Pts',(1.57653620234381,17.4674764092925,6.86525957717742));
#7145=CARTESIAN_POINT('Ctrl Pts',(-6.06687561802219,16.4527410813899,6.97122469913993));
#7146=CARTESIAN_POINT('Ctrl Pts',(-13.6408954461399,11.5592421524637,7.09485067476285));
#7147=CARTESIAN_POINT('Ctrl Pts',(-18.1745228763379,1.96807785564087,7.23613750404619));
#7148=CARTESIAN_POINT('Ctrl Pts',(-15.5025644754155,-9.68376743796232,7.39508518698997));
#7149=CARTESIAN_POINT('Ctrl Pts',(-6.21355366779721,-17.1879894482398,7.55403286993371));
#7150=CARTESIAN_POINT('Ctrl Pts',(5.73301625625158,-17.3577067833524,7.71298055287749));
#7151=CARTESIAN_POINT('Ctrl Pts',(15.2273880883384,-10.1078336796947,7.87192823582123));
#7152=CARTESIAN_POINT('Ctrl Pts',(18.2205433112184,1.45477525877821,8.03087591876501));
#7153=CARTESIAN_POINT('Ctrl Pts',(13.4281567591459,12.4046291330555,8.18982360170875));
#7154=CARTESIAN_POINT('Ctrl Pts',(4.07192622727106,17.410164959968,8.33111043099212));
#7155=CARTESIAN_POINT('Ctrl Pts',(-4.92322274112769,16.8293271245143,8.45473640661502));
#7156=CARTESIAN_POINT('Ctrl Pts',(-11.6745570234136,13.0925234583994,8.56070152857755));
#7157=CARTESIAN_POINT('Ctrl Pts',(-15.7884964211528,7.32960202719043,8.65783622370983));
#7158=CARTESIAN_POINT('Ctrl Pts',(-17.0322855124704,2.06416323303293,8.73289485176663));
#7159=CARTESIAN_POINT('Ctrl Pts',(-16.9610391106686,-1.71403697458271,8.78587741274787));
#7160=CARTESIAN_POINT('Ctrl Pts',(-15.9413428812522,-7.29279621222426,8.86535125421975));
#7161=CARTESIAN_POINT('Ctrl Pts',(-10.8841777776628,-14.6832147233548,8.98456201642757));
#7162=CARTESIAN_POINT('Ctrl Pts',(0.510962794276355,-18.2716860156938,9.14350969937134));
#7163=CARTESIAN_POINT('Ctrl Pts',(11.6902412100743,-14.0523037325096,9.30245738231508));
#7164=CARTESIAN_POINT('Ctrl Pts',(16.837163238536,-5.53556569654224,9.43491378476824));
#7165=CARTESIAN_POINT('Ctrl Pts',(17.1510521839752,2.09844455113902,9.54087890673073));
#7166=CARTESIAN_POINT('Ctrl Pts',(15.0077230013238,9.42677989878432,9.64684402869326));
#7167=CARTESIAN_POINT('Ctrl Pts',(7.95738000584139,16.4615081531515,9.77930043114636));
#7168=CARTESIAN_POINT('Ctrl Pts',(-2.58538000942396,17.6913576721867,9.92058726042973));
#7169=CARTESIAN_POINT('Ctrl Pts',(-10.7420958790669,13.8591473671567,10.0442132360526));
#7170=CARTESIAN_POINT('Ctrl Pts',(-15.6568841728623,7.90882598672809,10.1501783580152));
#7171=CARTESIAN_POINT('Ctrl Pts',(-17.5336363068399,0.417880021018772,10.2561434799777));
#7172=CARTESIAN_POINT('Ctrl Pts',(-16.01586221595,-7.15517568583177,10.3621086019402));
#7173=CARTESIAN_POINT('Ctrl Pts',(-11.3899426475285,-13.3322752067807,10.4680737239027));
#7174=CARTESIAN_POINT('Ctrl Pts',(-3.42398141195364,-17.5490201357919,10.5916996995256));
#7175=CARTESIAN_POINT('Ctrl Pts',(7.16358071554337,-16.8190777586515,10.732986528809));
#7176=CARTESIAN_POINT('Ctrl Pts',(16.0206473794544,-8.79848285222933,10.8919342117527));
#7177=CARTESIAN_POINT('Ctrl Pts',(18.0357501387451,2.97975233337409,11.0508818946965));
#7178=CARTESIAN_POINT('Ctrl Pts',(12.814251257995,12.5982284431973,11.1965839373949));
#7179=CARTESIAN_POINT('Ctrl Pts',(4.23727155600607,17.1743122608038,11.3290403398481));
#7180=CARTESIAN_POINT('Ctrl Pts',(-4.50032328564748,17.113004087895,11.4482511020559));
#7181=CARTESIAN_POINT('Ctrl Pts',(-12.1474092533199,12.8649508873969,11.5674618642637));
#7182=CARTESIAN_POINT('Ctrl Pts',(-16.8235141623829,5.47897804610315,11.6866726264715));
#7183=CARTESIAN_POINT('Ctrl Pts',(-17.3935464048275,-3.24685777869689,11.8058833886793));
#7184=CARTESIAN_POINT('Ctrl Pts',(-13.7144089574118,-11.179109925097,11.9250941508871));
#7185=CARTESIAN_POINT('Ctrl Pts',(-6.68727646242505,-16.3810968554058,12.044304913095));
#7186=CARTESIAN_POINT('Ctrl Pts',(1.97448323557321,-17.5838306895454,12.1635156753028));
#7187=CARTESIAN_POINT('Ctrl Pts',(8.78854526450718,-15.0051960798055,12.2628579771427));
#7188=CARTESIAN_POINT('Ctrl Pts',(13.003461694347,-11.1764309151983,12.3423318186145));
#7189=CARTESIAN_POINT('Ctrl Pts',(16.1554288574627,-6.43407146969635,12.4218056600864));
#7190=CARTESIAN_POINT('Ctrl Pts',(17.6808298233803,0.690163353109874,12.5211479619262));
#7191=CARTESIAN_POINT('Ctrl Pts',(15.19035572043,9.07271321147604,12.6403587241341));
#7192=CARTESIAN_POINT('Ctrl Pts',(8.99126244181863,15.238666563869,12.7595694863419));
#7193=CARTESIAN_POINT('Ctrl Pts',(0.596744870051915,17.6836045306518,12.8787802485497));
#7194=CARTESIAN_POINT('Ctrl Pts',(-7.94544032066931,15.8098994601,12.9979910107575));
#7195=CARTESIAN_POINT('Ctrl Pts',(-12.343096387952,11.986542293956,13.0774648522294));
#7196=CARTESIAN_POINT('Ctrl Pts',(-13.9517129806497,9.66428490930103,13.1172017729654));
#7197=CARTESIAN_POINT('Ctrl Pts',(-16.7669080838868,-0.264785933770413,
-0.117201805969408));
#7198=CARTESIAN_POINT('Ctrl Pts',(-16.7228345646295,-3.05563148579537,-0.0774648852334679));
#7199=CARTESIAN_POINT('Ctrl Pts',(-15.2141619535573,-8.61205905467061,0.00200895623841357));
#7200=CARTESIAN_POINT('Ctrl Pts',(-9.23109705716182,-14.8461633669407,0.121219718446234));
#7201=CARTESIAN_POINT('Ctrl Pts',(-0.995224356367995,-17.4535148706628,
0.240430480654056));
#7202=CARTESIAN_POINT('Ctrl Pts',(7.48373396187015,-15.7990702357645,0.359641242861876));
#7203=CARTESIAN_POINT('Ctrl Pts',(14.1364470014625,-10.2861148181662,0.478852005069699));
#7204=CARTESIAN_POINT('Ctrl Pts',(16.8004329471317,-3.59862304289112,0.578194306909548));
#7205=CARTESIAN_POINT('Ctrl Pts',(16.8196563011673,2.02751975671671,0.65766814838143));
#7206=CARTESIAN_POINT('Ctrl Pts',(15.4639839145749,7.48793201960826,0.737141989853309));
#7207=CARTESIAN_POINT('Ctrl Pts',(11.2872117155948,13.3507952163302,0.836484291693161));
#7208=CARTESIAN_POINT('Ctrl Pts',(3.51479546876845,17.124897583889,0.955695053900982));
#7209=CARTESIAN_POINT('Ctrl Pts',(-5.11406045434659,16.7170496093979,1.0749058161088));
#7210=CARTESIAN_POINT('Ctrl Pts',(-12.4951322519756,12.2272218015933,1.19411657831662));
#7211=CARTESIAN_POINT('Ctrl Pts',(-16.8238784713664,4.75000158139362,1.31332734052445));
#7212=CARTESIAN_POINT('Ctrl Pts',(-17.0450836407268,-3.88435989356867,1.43253810273227));
#7213=CARTESIAN_POINT('Ctrl Pts',(-13.1020303981736,-11.5757704925105,1.55174886494009));
#7214=CARTESIAN_POINT('Ctrl Pts',(-5.96238661186254,-16.4292613220693,1.67095962714791));
#7215=CARTESIAN_POINT('Ctrl Pts',(3.59514055753684,-17.3873936320225,1.80341602960104));
#7216=CARTESIAN_POINT('Ctrl Pts',(13.168733279281,-12.3607863427098,1.94911807229949));
#7217=CARTESIAN_POINT('Ctrl Pts',(17.99053890378,-1.58356711791291,2.10806575524325));
#7218=CARTESIAN_POINT('Ctrl Pts',(15.1263458883342,9.86835032614231,2.26701343818702));
#7219=CARTESIAN_POINT('Ctrl Pts',(6.83649729051093,16.2908697199303,2.40830026747035));
#7220=CARTESIAN_POINT('Ctrl Pts',(-2.02283419994028,17.2062140696821,2.53192624309329));
#7221=CARTESIAN_POINT('Ctrl Pts',(-9.21416500236051,14.6785084959001,2.63789136505579));
#7222=CARTESIAN_POINT('Ctrl Pts',(-14.8527015761656,9.07117092432707,2.7482717004334));
#7223=CARTESIAN_POINT('Ctrl Pts',(-17.4433454456573,1.16932400683664,2.86306724922612));
#7224=CARTESIAN_POINT('Ctrl Pts',(-15.8719942796094,-7.32797918069827,2.98227801143394));
#7225=CARTESIAN_POINT('Ctrl Pts',(-10.4259532401517,-14.0328038694066,3.10148877364177));
#7226=CARTESIAN_POINT('Ctrl Pts',(-2.43199458537596,-17.3119967198444,3.22069953584958));
#7227=CARTESIAN_POINT('Ctrl Pts',(6.15291499291006,-16.3630287123523,3.33991029805741));
#7228=CARTESIAN_POINT('Ctrl Pts',(13.2407183627179,-11.4176349114393,3.45912106026522));
#7229=CARTESIAN_POINT('Ctrl Pts',(17.0844791452379,-3.68532636026695,3.57833182247305));
#7230=CARTESIAN_POINT('Ctrl Pts',(16.7417555535467,5.90997028148288,3.71078822492618));
#7231=CARTESIAN_POINT('Ctrl Pts',(10.467067943234,14.724522582998,3.85649026762462));
#7232=CARTESIAN_POINT('Ctrl Pts',(0.39646468421339,17.661026969321,3.99777709690798));
#7233=CARTESIAN_POINT('Ctrl Pts',(-8.18042320815968,15.2721515448438,4.12140307253089));
#7234=CARTESIAN_POINT('Ctrl Pts',(-13.9494732111782,10.286466510822,4.22736819449341));
#7235=CARTESIAN_POINT('Ctrl Pts',(-17.0126623090064,3.29510851075017,4.33333331645591));
#7236=CARTESIAN_POINT('Ctrl Pts',(-16.7808548161853,-4.3277114436661,4.43929843841842));
#7237=CARTESIAN_POINT('Ctrl Pts',(-13.2945818389006,-11.1159822906528,4.54526356038093));
#7238=CARTESIAN_POINT('Ctrl Pts',(-7.23518783721588,-15.7469052095773,4.65122868234343));
#7239=CARTESIAN_POINT('Ctrl Pts',(0.231847017738209,-17.3293264849125,4.75719380430595));
#7240=CARTESIAN_POINT('Ctrl Pts',(7.64443649141825,-15.5476772039845,4.86315892626845));
#7241=CARTESIAN_POINT('Ctrl Pts',(14.5858817347187,-9.96685375268519,4.98678490189138));
#7242=CARTESIAN_POINT('Ctrl Pts',(18.0622949390743,-0.0764406785122072,
5.12807173117472));
#7243=CARTESIAN_POINT('Ctrl Pts',(14.245454194161,11.1002885219219,5.28701941411848));
#7244=CARTESIAN_POINT('Ctrl Pts',(4.34987870480964,17.526645715912,5.44596709706225));
#7245=CARTESIAN_POINT('Ctrl Pts',(-7.40723405624091,16.4719212613055,5.604914780006));
#7246=CARTESIAN_POINT('Ctrl Pts',(-15.9980128694653,8.37655807575989,5.76386246294977));
#7247=CARTESIAN_POINT('Ctrl Pts',(-17.7573941336091,-3.29103744079169,5.92281014589353));
#7248=CARTESIAN_POINT('Ctrl Pts',(-11.9285722466215,-13.5626137558881,6.08175782883729));
#7249=CARTESIAN_POINT('Ctrl Pts',(-2.22344801843499,-17.5262486315404,6.22304465812063));
#7250=CARTESIAN_POINT('Ctrl Pts',(6.55908663123699,-16.0349580669073,6.34667063374356));
#7251=CARTESIAN_POINT('Ctrl Pts',(12.8084500935511,-11.6748041617487,6.45263575570606));
#7252=CARTESIAN_POINT('Ctrl Pts',(16.5844504943644,-5.03469029796271,6.55860087766858));
#7253=CARTESIAN_POINT('Ctrl Pts',(17.0703895899593,1.7199400017762,6.6527920971908));
#7254=CARTESIAN_POINT('Ctrl Pts',(14.877229992522,8.92736166262248,6.75875721915331));
#7255=CARTESIAN_POINT('Ctrl Pts',(9.64001166501687,14.6591552219661,6.86472234111582));
#7256=CARTESIAN_POINT('Ctrl Pts',(1.55761979110111,17.2585567399956,6.98246136551861));
#7257=CARTESIAN_POINT('Ctrl Pts',(-5.99436720538292,16.2559323082249,7.08842648748111));
#7258=CARTESIAN_POINT('Ctrl Pts',(-13.4777789212219,11.4209376445623,7.21205246310404));
#7259=CARTESIAN_POINT('Ctrl Pts',(-17.9571477025247,1.94447587199142,7.35333929238738));
#7260=CARTESIAN_POINT('Ctrl Pts',(-15.317108202174,-9.56799483938625,7.51228697533115));
#7261=CARTESIAN_POINT('Ctrl Pts',(-6.13917575527238,-16.9824285347704,7.6712346582749));
#7262=CARTESIAN_POINT('Ctrl Pts',(5.66450416667252,-17.1500750350911,7.83018234121867));
#7263=CARTESIAN_POINT('Ctrl Pts',(15.045290869223,-9.98688375555469,7.98913002416243));
#7264=CARTESIAN_POINT('Ctrl Pts',(18.0026059836167,1.43743732424582,8.14807770710619));
#7265=CARTESIAN_POINT('Ctrl Pts',(13.2675027599834,12.2563057424426,8.30702539004996));
#7266=CARTESIAN_POINT('Ctrl Pts',(4.02316314083021,17.2019393204617,8.44831221933329));
#7267=CARTESIAN_POINT('Ctrl Pts',(-4.86439462514675,16.6280179928228,8.57193819495622));
#7268=CARTESIAN_POINT('Ctrl Pts',(-11.5349647338264,12.9358864015795,8.67790331691873));
#7269=CARTESIAN_POINT('Ctrl Pts',(-15.5996783885714,7.24188006765364,8.77503801205102));
#7270=CARTESIAN_POINT('Ctrl Pts',(-16.8285727448192,2.03941589953348,8.85009664010781));
#7271=CARTESIAN_POINT('Ctrl Pts',(-16.7581655789597,-1.69359375165563,8.90307920108905));
#7272=CARTESIAN_POINT('Ctrl Pts',(-15.7506466469118,-7.20562305357123,8.98255304256094));
#7273=CARTESIAN_POINT('Ctrl Pts',(-10.7539440158948,-14.5076289117775,9.10176380476876));
#7274=CARTESIAN_POINT('Ctrl Pts',(0.504913790765317,-18.0531402097759,9.26071148771253));
#7275=CARTESIAN_POINT('Ctrl Pts',(11.550464609196,-13.8841868781582,9.41965917065628));
#7276=CARTESIAN_POINT('Ctrl Pts',(16.6357961686921,-5.46929826580517,9.55211557310942));
#7277=CARTESIAN_POINT('Ctrl Pts',(16.9459046277422,2.07340415467419,9.65808069507192));
#7278=CARTESIAN_POINT('Ctrl Pts',(14.8281863093922,9.31407938456961,9.76404581703444));
#7279=CARTESIAN_POINT('Ctrl Pts',(7.86214701394332,16.2646425072109,9.89650221948756));
#7280=CARTESIAN_POINT('Ctrl Pts',(-2.5545173221475,17.4797459616362,10.0377890487709));
#7281=CARTESIAN_POINT('Ctrl Pts',(-10.6136591978305,13.693344062638,10.1614150243938));
#7282=CARTESIAN_POINT('Ctrl Pts',(-15.4696423106025,7.81417649321899,10.2673801463564));
#7283=CARTESIAN_POINT('Ctrl Pts',(-17.3239213472566,0.412821843023907,10.3733452683188));
#7284=CARTESIAN_POINT('Ctrl Pts',(-15.8242751413566,-7.06964883433054,10.4793103902814));
#7285=CARTESIAN_POINT('Ctrl Pts',(-11.253664153887,-13.1728494487833,10.5852755122439));
#7286=CARTESIAN_POINT('Ctrl Pts',(-3.38296779139641,-17.3391314595759,10.7089014878668));
#7287=CARTESIAN_POINT('Ctrl Pts',(7.07795608158562,-16.6178835515201,10.8501883171501));
#7288=CARTESIAN_POINT('Ctrl Pts',(15.829057660976,-8.69319110248047,11.0091360000939));
#7289=CARTESIAN_POINT('Ctrl Pts',(17.8200178678889,2.94417381442617,11.1680836830377));
#7290=CARTESIAN_POINT('Ctrl Pts',(12.6609393998225,12.447587348484,11.3137857257361));
#7291=CARTESIAN_POINT('Ctrl Pts',(4.18653161351994,16.9689081750163,11.4462421281892));
#7292=CARTESIAN_POINT('Ctrl Pts',(-4.44655435790971,16.9083033986943,11.5654528903971));
#7293=CARTESIAN_POINT('Ctrl Pts',(-12.0021604921181,12.7110341635091,11.6846636526049));
#7294=CARTESIAN_POINT('Ctrl Pts',(-16.6223101528324,5.4133874958736,11.8038744148127));
#7295=CARTESIAN_POINT('Ctrl Pts',(-17.1854944930559,-3.20808226633202,11.9230851770205));
#7296=CARTESIAN_POINT('Ctrl Pts',(-13.5503353452791,-11.045445709187,12.0422959392284));
#7297=CARTESIAN_POINT('Ctrl Pts',(-6.60723520538295,-16.1851886471838,12.1615067014361));
#7298=CARTESIAN_POINT('Ctrl Pts',(1.95092699701241,-17.3735071785501,12.280717463644));
#7299=CARTESIAN_POINT('Ctrl Pts',(8.6834785410934,-14.8256917958104,12.3800597654838));
#7300=CARTESIAN_POINT('Ctrl Pts',(12.8479680797677,-11.042707318706,12.4595336069557));
#7301=CARTESIAN_POINT('Ctrl Pts',(15.96221895354,-6.35705952017089,12.5390074484276));
#7302=CARTESIAN_POINT('Ctrl Pts',(17.4693505194541,0.681968945012446,12.6383497502675));
#7303=CARTESIAN_POINT('Ctrl Pts',(15.0086358058698,8.96424824449212,12.7575605124753));
#7304=CARTESIAN_POINT('Ctrl Pts',(8.88366756895564,15.0564306244132,12.8767712746831));
#7305=CARTESIAN_POINT('Ctrl Pts',(0.589546811468068,17.4720964425616,12.9959820368909));
#7306=CARTESIAN_POINT('Ctrl Pts',(-7.85046056389442,15.6207731615441,13.1151927990987));
#7307=CARTESIAN_POINT('Ctrl Pts',(-12.1955040455098,11.8431313735928,13.1946666405706));
#7308=CARTESIAN_POINT('Ctrl Pts',(-13.7848723438834,9.54864455025262,13.2344035613066));
#7309=CARTESIAN_POINT('Ctrl Pts',(-16.5639337201488,-0.261640415261299,
1.24519700106518E-10));
#7310=CARTESIAN_POINT('Ctrl Pts',(-16.5203837713145,-3.01870096069,0.0397369208604601));
#7311=CARTESIAN_POINT('Ctrl Pts',(-15.0299547000514,-8.50785927395911,0.119210762332341));
#7312=CARTESIAN_POINT('Ctrl Pts',(-9.11929610976371,-14.6664746720015,0.238421524540162));
#7313=CARTESIAN_POINT('Ctrl Pts',(-0.98311424732427,-17.2422332218192,0.357632286747984));
#7314=CARTESIAN_POINT('Ctrl Pts',(7.39319531772454,-15.6077863479758,0.476843048955804));
#7315=CARTESIAN_POINT('Ctrl Pts',(13.9653536136118,-10.1615447861222,0.596053811163627));
#7316=CARTESIAN_POINT('Ctrl Pts',(16.5970665408055,-3.55499957279221,0.695396113003476));
#7317=CARTESIAN_POINT('Ctrl Pts',(16.6160370942539,2.00303548275616,0.774869954475358));
#7318=CARTESIAN_POINT('Ctrl Pts',(15.2767564314863,7.39734135891688,0.854343795947237));
#7319=CARTESIAN_POINT('Ctrl Pts',(11.1505256142738,13.1892161865343,0.953686097787089));
#7320=CARTESIAN_POINT('Ctrl Pts',(3.47218562279887,16.9176030403677,1.07289685999491));
#7321=CARTESIAN_POINT('Ctrl Pts',(-5.05221139875343,16.5146614959076,1.19210762220273));
#7322=CARTESIAN_POINT('Ctrl Pts',(-12.34391488917,12.0791593732759,1.31131838441055));
#7323=CARTESIAN_POINT('Ctrl Pts',(-16.6202323544656,4.69243990395267,1.43052914661837));
#7324=CARTESIAN_POINT('Ctrl Pts',(-16.8387288708714,-3.83739826774704,1.5497399088262));
#7325=CARTESIAN_POINT('Ctrl Pts',(-12.9433811732194,-11.4356856757567,1.66895067103402));
#7326=CARTESIAN_POINT('Ctrl Pts',(-5.89014969998611,-16.2303966103309,1.78816143324184));
#7327=CARTESIAN_POINT('Ctrl Pts',(3.55168132655689,-17.1768960284279,1.92061783569497));
#7328=CARTESIAN_POINT('Ctrl Pts',(13.0093620514119,-12.2111046306254,2.06631987839342));
#7329=CARTESIAN_POINT('Ctrl Pts',(17.7727583597727,-1.56433285134043,2.22526756133719));
#7330=CARTESIAN_POINT('Ctrl Pts',(14.9431972145864,9.74894207705532,2.38421524428094));
#7331=CARTESIAN_POINT('Ctrl Pts',(6.75367924193651,16.0936834424032,2.52550207356429));
#7332=CARTESIAN_POINT('Ctrl Pts',(-1.99840802779895,16.9979153672603,2.64912804918721));
#7333=CARTESIAN_POINT('Ctrl Pts',(-9.10267445743145,14.5007834968055,2.75509317114972));
#7334=CARTESIAN_POINT('Ctrl Pts',(-14.6729331612243,8.96130595474773,2.86547350652733));
#7335=CARTESIAN_POINT('Ctrl Pts',(-17.2321875254598,1.15510635405371,2.98026905532005));
#7336=CARTESIAN_POINT('Ctrl Pts',(-15.6798281589812,-7.23932630144485,3.09947981752787));
#7337=CARTESIAN_POINT('Ctrl Pts',(-10.2996907507423,-13.8629656428024,3.21869057973569));
#7338=CARTESIAN_POINT('Ctrl Pts',(-2.40249202151335,-17.1024333631582,3.33790134194351));
#7339=CARTESIAN_POINT('Ctrl Pts',(6.07848871962124,-16.1649225232228,3.45711210415133));
#7340=CARTESIAN_POINT('Ctrl Pts',(13.0804723445901,-11.2793703526565,3.57632286635915));
#7341=CARTESIAN_POINT('Ctrl Pts',(16.8776744999609,-3.64065228051928,3.69553362856698));
#7342=CARTESIAN_POINT('Ctrl Pts',(16.5390655177565,5.83848635115853,3.82799003102011));
#7343=CARTESIAN_POINT('Ctrl Pts',(10.340305265767,14.5463108358072,3.97369207371855));
#7344=CARTESIAN_POINT('Ctrl Pts',(0.391602176965328,17.4472311246898,4.11497890300191));
#7345=CARTESIAN_POINT('Ctrl Pts',(-8.08144884377406,15.0872438341269,4.23860487862482));
#7346=CARTESIAN_POINT('Ctrl Pts',(-13.7806432537789,10.1618928889986,4.34457000058734));
#7347=CARTESIAN_POINT('Ctrl Pts',(-16.8067256559145,3.25515850715451,4.45053512254985));
#7348=CARTESIAN_POINT('Ctrl Pts',(-16.5776971106088,-4.27538183948062,4.55650024451235));
#7349=CARTESIAN_POINT('Ctrl Pts',(-13.1336033058243,-10.9814641717786,4.66246536647487));
#7350=CARTESIAN_POINT('Ctrl Pts',(-7.14754534433712,-15.556305370429,4.76843048843735));
#7351=CARTESIAN_POINT('Ctrl Pts',(0.22910225278799,-17.119543828758,4.87439561039988));
#7352=CARTESIAN_POINT('Ctrl Pts',(7.5519515496512,-15.3594360048673,4.98036073236238));
#7353=CARTESIAN_POINT('Ctrl Pts',(14.4093465314292,-9.84614696128036,5.10398670798531));
#7354=CARTESIAN_POINT('Ctrl Pts',(17.8436403636765,-0.075450819748112,5.24527353726865));
#7355=CARTESIAN_POINT('Ctrl Pts',(14.0729648403884,10.9659637809481,5.40422122021241));
#7356=CARTESIAN_POINT('Ctrl Pts',(4.29715824381265,17.314490753748,5.56316890315617));
#7357=CARTESIAN_POINT('Ctrl Pts',(-7.31762389175373,16.2724923838964,5.72211658609993));
#7358=CARTESIAN_POINT('Ctrl Pts',(-15.8043772981249,8.27509771901513,5.8810642690437));
#7359=CARTESIAN_POINT('Ctrl Pts',(-17.542418539282,-3.2512608805738,6.04001195198746));
#7360=CARTESIAN_POINT('Ctrl Pts',(-11.7841213373338,-13.3984728266337,6.19895963493122));
#7361=CARTESIAN_POINT('Ctrl Pts',(-2.19646927002041,-17.3140908830301,6.34024646421456));
#7362=CARTESIAN_POINT('Ctrl Pts',(6.47974223661206,-15.8408219181247,6.4638724398375));
#7363=CARTESIAN_POINT('Ctrl Pts',(12.6534378588501,-11.533427959466,6.56983756179999));
#7364=CARTESIAN_POINT('Ctrl Pts',(16.3837038124621,-4.97368314885804,6.67580268376251));
#7365=CARTESIAN_POINT('Ctrl Pts',(16.8637362054398,1.69918005945949,6.76999390328473));
#7366=CARTESIAN_POINT('Ctrl Pts',(14.6971003753917,8.81934375272149,6.87595902524724));
#7367=CARTESIAN_POINT('Ctrl Pts',(9.52326123028275,14.4817318323062,6.98192414720975));
#7368=CARTESIAN_POINT('Ctrl Pts',(1.53870224622531,17.0496371838094,7.09966317161254));
#7369=CARTESIAN_POINT('Ctrl Pts',(-5.92185986515182,16.0591231510735,7.20562829357503));
#7370=CARTESIAN_POINT('Ctrl Pts',(-13.3146631555033,11.2826322577108,7.32925426919798));
#7371=CARTESIAN_POINT('Ctrl Pts',(-17.7397726676892,1.92087270901808,7.4705410984813));
#7372=CARTESIAN_POINT('Ctrl Pts',(-15.1316513094313,-9.45222325371459,7.62948878142508));
#7373=CARTESIAN_POINT('Ctrl Pts',(-6.06479673010865,-16.7768680354444,7.78843646436883));
#7374=CARTESIAN_POINT('Ctrl Pts',(5.59599320807492,-16.9424429250815,7.9473841473126));
#7375=CARTESIAN_POINT('Ctrl Pts',(14.8631943160028,-9.86593284851839,8.10633183025636));
#7376=CARTESIAN_POINT('Ctrl Pts',(17.784668572691,1.42010057411983,8.26527951320011));
#7377=CARTESIAN_POINT('Ctrl Pts',(13.106847963313,12.1079832316655,8.42422719614388));
#7378=CARTESIAN_POINT('Ctrl Pts',(3.97439892600721,16.9937139561168,8.56551402542722));
#7379=CARTESIAN_POINT('Ctrl Pts',(-4.80556760533293,16.4267085516631,8.68914000105015));
#7380=CARTESIAN_POINT('Ctrl Pts',(-11.3953733018245,12.779248594468,8.79510512301265));
#7381=CARTESIAN_POINT('Ctrl Pts',(-15.410860841767,7.15415708706883,8.89223981814496));
#7382=CARTESIAN_POINT('Ctrl Pts',(-16.6248601216817,2.01466746096673,8.96729844620174));
#7383=CARTESIAN_POINT('Ctrl Pts',(-16.5552919463166,-1.6731516314847,9.02028100718298));
#7384=CARTESIAN_POINT('Ctrl Pts',(-15.5599499486564,-7.1184509348632,9.09975484865486));
#7385=CARTESIAN_POINT('Ctrl Pts',(-10.6237093070428,-14.3320438161837,9.2189656108627));
#7386=CARTESIAN_POINT('Ctrl Pts',(0.498865974399414,-17.8345943818728,9.37791329380644));
#7387=CARTESIAN_POINT('Ctrl Pts',(11.410688928259,-13.7160692730836,9.53686097675022));
#7388=CARTESIAN_POINT('Ctrl Pts',(16.4344294687287,-5.4030297448031,9.66931737920335));
#7389=CARTESIAN_POINT('Ctrl Pts',(16.7407569457216,2.04836487354288,9.77528250116585));
#7390=CARTESIAN_POINT('Ctrl Pts',(14.6486490143512,9.20137985096394,9.88124762312837));
#7391=CARTESIAN_POINT('Ctrl Pts',(7.76691295766359,16.0677773882361,10.0137040255815));
#7392=CARTESIAN_POINT('Ctrl Pts',(-2.52365578559659,17.2681340939979,10.1549908548648));
#7393=CARTESIAN_POINT('Ctrl Pts',(-10.4852234234034,13.5275400688643,10.2786168304878));
#7394=CARTESIAN_POINT('Ctrl Pts',(-15.2824009716602,7.71952598756721,10.3845819524503));
#7395=CARTESIAN_POINT('Ctrl Pts',(-17.1142064255662,0.407762526385249,10.4905470744128));
#7396=CARTESIAN_POINT('Ctrl Pts',(-15.6326876118202,-6.98412302752454,10.5965121963753));
#7397=CARTESIAN_POINT('Ctrl Pts',(-11.1173848012314,-13.0134244387966,10.7024773183378));
#7398=CARTESIAN_POINT('Ctrl Pts',(-3.34195303304193,-17.1292430165291,10.8261032939607));
#7399=CARTESIAN_POINT('Ctrl Pts',(6.99233254450107,-16.4166888893867,10.9673901232441));
#7400=CARTESIAN_POINT('Ctrl Pts',(15.6374685238294,-8.58789831750756,11.1263378061878));
#7401=CARTESIAN_POINT('Ctrl Pts',(17.6042854145419,2.90859646881912,11.2852854891316));
#7402=CARTESIAN_POINT('Ctrl Pts',(12.5076267311879,12.2969470938438,11.43098753183));
#7403=CARTESIAN_POINT('Ctrl Pts',(4.13579055807459,16.7635043749924,11.5634439342832));
#7404=CARTESIAN_POINT('Ctrl Pts',(-4.39278654450709,16.703602427668,11.682654696491));
#7405=CARTESIAN_POINT('Ctrl Pts',(-11.8569125740079,12.5571166584748,11.8018654586988));
#7406=CARTESIAN_POINT('Ctrl Pts',(-16.4211065094848,5.34779585623165,11.9210762209066));
#7407=CARTESIAN_POINT('Ctrl Pts',(-16.97744238105,-3.16930788575573,12.0402869831145));
#7408=CARTESIAN_POINT('Ctrl Pts',(-13.3862610154159,-10.9117823909522,12.1594977453223));
#7409=CARTESIAN_POINT('Ctrl Pts',(-6.52719288840773,-15.989280883377,12.2787085075301));
#7410=CARTESIAN_POINT('Ctrl Pts',(1.92737190182218,-17.1631835500871,12.3979192697379));
#7411=CARTESIAN_POINT('Ctrl Pts',(8.57841279772786,-14.6461869501505,12.4972615715778));
#7412=CARTESIAN_POINT('Ctrl Pts',(12.6924751991266,-10.9089828844266,12.5767354130496));
#7413=CARTESIAN_POINT('Ctrl Pts',(15.7690094774556,-6.28004652521804,12.6562092545215));
#7414=CARTESIAN_POINT('Ctrl Pts',(17.2578711815347,0.673775685799844,12.7555515563614));
#7415=CARTESIAN_POINT('Ctrl Pts',(14.8269153113106,8.85578426975791,12.8747623185692));
#7416=CARTESIAN_POINT('Ctrl Pts',(8.77607171177096,14.8741952783342,12.993973080777));
#7417=CARTESIAN_POINT('Ctrl Pts',(0.582347604623859,17.2605884040664,13.1131838429848));
#7418=CARTESIAN_POINT('Ctrl Pts',(-7.7554818389498,15.4316463566062,13.2323946051927));
#7419=CARTESIAN_POINT('Ctrl Pts',(-12.0479124891827,11.6997196588028,13.3118684466645));
#7420=CARTESIAN_POINT('Ctrl Pts',(-13.6180323434169,9.43300329089477,13.3516053674005));
#7421=CARTESIAN_POINT('Ctrl Pts',(8.05614925341416,14.476664859614,13.0000000000802));
#7422=CARTESIAN_POINT('Ctrl Pts',(7.74447215809693,14.6602550481928,13.0000000000668));
#7423=CARTESIAN_POINT('Ctrl Pts',(7.42689667827816,14.8333560831033,13.0000000000501));
#7424=CARTESIAN_POINT('Ctrl Pts',(7.10401845633549,14.9958683025153,13.0000000000322));
#7425=CARTESIAN_POINT('Ctrl Pts',(6.77906292578783,15.1594260803107,13.0000000000142));
#7426=CARTESIAN_POINT('Ctrl Pts',(6.44873569170002,15.3122585853097,12.999999999995));
#7427=CARTESIAN_POINT('Ctrl Pts',(6.11361527701814,15.4542195200748,12.9999999999769));
#7428=CARTESIAN_POINT('Ctrl Pts',(5.77820024724242,15.5963052572462,12.9999999999587));
#7429=CARTESIAN_POINT('Ctrl Pts',(5.43798306341715,15.7275005034832,12.9999999999417));
#7430=CARTESIAN_POINT('Ctrl Pts',(5.09352307544409,15.8476107314803,12.9999999999281));
#7431=CARTESIAN_POINT('Ctrl Pts',(4.75076123858465,15.9671288288249,12.9999999999147));
#7432=CARTESIAN_POINT('Ctrl Pts',(4.40379777843639,16.0756710962995,12.9999999999047));
#7433=CARTESIAN_POINT('Ctrl Pts',(4.05317150682312,16.1729958633388,12.9999999999008));
#7434=CARTESIAN_POINT('Ctrl Pts',(3.96888588726741,16.1963913671904,12.9999999998998));
#7435=CARTESIAN_POINT('Ctrl Pts',(3.88438857585036,16.2191384291412,12.9999999998992));
#7436=CARTESIAN_POINT('Ctrl Pts',(3.79968700501219,16.2412332419134,12.999999999899));
#7437=CARTESIAN_POINT('Ctrl Pts',(3.76412297101132,16.2505102914993,12.9999999998989));
#7438=CARTESIAN_POINT('Ctrl Pts',(3.72852196992868,16.2596725628589,12.9999999998989));
#7439=CARTESIAN_POINT('Ctrl Pts',(3.69290076629054,16.2687157413579,12.9999999998989));
#7440=CARTESIAN_POINT('Ctrl Pts',(3.3371248663299,16.3590368041063,12.9999999998985));
#7441=CARTESIAN_POINT('Ctrl Pts',(2.97895993398617,16.4375806494829,12.9999999998972));
#7442=CARTESIAN_POINT('Ctrl Pts',(2.61900645210571,16.5042539128846,12.9999999998952));
#7443=CARTESIAN_POINT('Ctrl Pts',(2.25756254729939,16.5712032435153,12.9999999998931));
#7444=CARTESIAN_POINT('Ctrl Pts',(1.89431470797704,16.6261836933399,12.9999999998902));
#7445=CARTESIAN_POINT('Ctrl Pts',(1.52984830152015,16.6690533694222,12.9999999998868));
#7446=CARTESIAN_POINT('Ctrl Pts',(1.20904537936713,16.7067872102242,12.9999999998838));
#7447=CARTESIAN_POINT('Ctrl Pts',(0.88729780151444,16.7351376183693,12.9999999998803));
#7448=CARTESIAN_POINT('Ctrl Pts',(0.564995408249523,16.7539757437513,12.9999999998767));
#7449=CARTESIAN_POINT('Ctrl Pts',(0.199691289113243,16.7753272600375,12.9999999998726));
#7450=CARTESIAN_POINT('Ctrl Pts',(-0.166325908183398,16.7844599860542,12.9999999998683));
#7451=CARTESIAN_POINT('Ctrl Pts',(-0.532477804401248,16.7815288191996,12.9999999998643));
#7452=CARTESIAN_POINT('Ctrl Pts',(-0.899279094318854,16.7785924537339,12.9999999998603));
#7453=CARTESIAN_POINT('Ctrl Pts',(-1.2662161309258,16.763549294817,12.9999999998565));
#7454=CARTESIAN_POINT('Ctrl Pts',(-1.63270589114355,16.7365026849686,12.9999999998538));
#7455=CARTESIAN_POINT('Ctrl Pts',(-1.89149592563577,16.7174042165929,12.9999999998518));
#7456=CARTESIAN_POINT('Ctrl Pts',(-2.15006292106926,16.6923194708006,12.9999999998504));
#7457=CARTESIAN_POINT('Ctrl Pts',(-2.40819877502858,16.6612694259792,12.9999999998496));
#7458=CARTESIAN_POINT('Ctrl Pts',(-2.49854545009834,16.6504020153993,12.9999999998494));
#7459=CARTESIAN_POINT('Ctrl Pts',(-2.58883928155624,16.6388037567707,12.9999999998492));
#7460=CARTESIAN_POINT('Ctrl Pts',(-2.67907123850617,16.6264751858529,12.9999999998492));
#7461=CARTESIAN_POINT('Ctrl Pts',(-2.71465446228631,16.6216133795408,12.9999999998492));
#7462=CARTESIAN_POINT('Ctrl Pts',(-2.75022845345916,16.6166379113404,12.9999999998492));
#7463=CARTESIAN_POINT('Ctrl Pts',(-2.78577752453496,16.6115510614972,12.9999999998492));
#7464=CARTESIAN_POINT('Ctrl Pts',(-3.1490414454233,16.5595702652874,12.999999999849));
#7465=CARTESIAN_POINT('Ctrl Pts',(-3.5100869178336,16.4959115833957,12.9999999998481));
#7466=CARTESIAN_POINT('Ctrl Pts',(-3.86834491316003,16.4207990390139,12.9999999998464));
#7467=CARTESIAN_POINT('Ctrl Pts',(-4.23062343404877,16.3448435493002,12.9999999998448));
#7468=CARTESIAN_POINT('Ctrl Pts',(-4.59005212345308,16.2571756598571,12.9999999998424));
#7469=CARTESIAN_POINT('Ctrl Pts',(-4.94604547270861,16.1579739362402,12.9999999998395));
#7470=CARTESIAN_POINT('Ctrl Pts',(-5.30229628475193,16.0587004675966,12.9999999998366));
#7471=CARTESIAN_POINT('Ctrl Pts',(-5.65510736270501,15.947876376386,12.9999999998332));
#7472=CARTESIAN_POINT('Ctrl Pts',(-6.00388622139819,15.8256287456159,12.9999999998296));
#7473=CARTESIAN_POINT('Ctrl Pts',(-6.35016365215009,15.704257869935,12.9999999998261));
#7474=CARTESIAN_POINT('Ctrl Pts',(-6.69246704256616,15.5716265716782,12.9999999998224));
#7475=CARTESIAN_POINT('Ctrl Pts',(-7.0302025641156,15.4278100988246,12.999999999819));
#7476=CARTESIAN_POINT('Ctrl Pts',(-7.22827942923092,15.3434638744059,12.999999999817));
#7477=CARTESIAN_POINT('Ctrl Pts',(-7.42478480368655,15.2552694305194,12.9999999998151));
#7478=CARTESIAN_POINT('Ctrl Pts',(-7.61959547792518,15.1632343054921,12.9999999998135));
#7479=CARTESIAN_POINT('Ctrl Pts',(-7.94052546191478,15.0116161700027,12.9999999998109));
#7480=CARTESIAN_POINT('Ctrl Pts',(-8.25685758008572,14.8495765880852,12.9999999998088));
#7481=CARTESIAN_POINT('Ctrl Pts',(-8.56818664903699,14.6774293407748,12.9999999998081));
#7482=CARTESIAN_POINT('Ctrl Pts',(-8.63650132955681,14.6396552124482,12.9999999998079));
#7483=CARTESIAN_POINT('Ctrl Pts',(-8.70457501863491,14.6013942706009,12.9999999998078));
#7484=CARTESIAN_POINT('Ctrl Pts',(-8.77240326175703,14.5626496029303,12.9999999998078));
#7485=CARTESIAN_POINT('Ctrl Pts',(-8.81051907567766,14.5408771896203,12.9999999998077));
#7486=CARTESIAN_POINT('Ctrl Pts',(-8.8485573806497,14.5189520223161,12.9999999998077));
#7487=CARTESIAN_POINT('Ctrl Pts',(-8.88651737676863,14.4968746381581,12.9999999998078));
#7488=CARTESIAN_POINT('Ctrl Pts',(-8.91664713542232,14.4793512892542,12.9999999998078));
#7489=CARTESIAN_POINT('Ctrl Pts',(-8.94672474399922,14.4617336573059,12.9999999998078));
#7490=CARTESIAN_POINT('Ctrl Pts',(-8.97674112519922,14.4440272667789,12.9999999998079));
#7491=CARTESIAN_POINT('Ctrl Pts',(-9.2931954744213,14.2573537216245,12.999999999809));
#7492=CARTESIAN_POINT('Ctrl Pts',(-9.60312891621207,14.0606545790999,12.9999999998155));
#7493=CARTESIAN_POINT('Ctrl Pts',(-9.90616688405125,13.8544130196857,12.9999999998254));
#7494=CARTESIAN_POINT('Ctrl Pts',(-10.2124573506778,13.6459578748695,12.9999999998353));
#7495=CARTESIAN_POINT('Ctrl Pts',(-10.5117039863016,13.4277541093069,12.9999999998486));
#7496=CARTESIAN_POINT('Ctrl Pts',(-10.8035019142608,13.2002503062604,12.9999999998635));
#7497=CARTESIAN_POINT('Ctrl Pts',(-11.0970465300356,12.9713846768172,12.9999999998784));
#7498=CARTESIAN_POINT('Ctrl Pts',(-11.3830534624814,12.7331070224647,12.9999999998948));
#7499=CARTESIAN_POINT('Ctrl Pts',(-11.6610853287926,12.4858278425682,12.9999999999108));
#7500=CARTESIAN_POINT('Ctrl Pts',(-11.9387331219508,12.2388902540712,12.9999999999268));
#7501=CARTESIAN_POINT('Ctrl Pts',(-12.2084283089717,11.9829756272385,12.9999999999424));
#7502=CARTESIAN_POINT('Ctrl Pts',(-12.4697034978622,11.7184520311795,12.999999999956));
#7503=CARTESIAN_POINT('Ctrl Pts',(-12.7293278352594,11.4555998114783,12.9999999999694));
#7504=CARTESIAN_POINT('Ctrl Pts',(-12.9806386481489,11.1842466895885,12.9999999999808));
#7505=CARTESIAN_POINT('Ctrl Pts',(-13.2231396200336,10.9047191575079,12.9999999999886));
#7506=CARTESIAN_POINT('Ctrl Pts',(-13.3799831658245,10.7239277613459,12.9999999999937));
#7507=CARTESIAN_POINT('Ctrl Pts',(-13.533140619627,10.5397161770596,12.9999999999973));
#7508=CARTESIAN_POINT('Ctrl Pts',(-13.6824679801088,10.3521660609739,12.9999999999989));
#7509=CARTESIAN_POINT('Ctrl Pts',(-13.7370540538199,10.2836077979192,12.9999999999995));
#7510=CARTESIAN_POINT('Ctrl Pts',(-13.7911282558679,10.2146033795642,12.9999999999999));
#7511=CARTESIAN_POINT('Ctrl Pts',(-13.8446832725617,10.1451566381688,12.9999999999999));
#7512=CARTESIAN_POINT('Ctrl Pts',(-13.8679962999553,10.1149257861496,13.));
#7513=CARTESIAN_POINT('Ctrl Pts',(-13.8912102457419,10.0846119716247,13.));
#7514=CARTESIAN_POINT('Ctrl Pts',(-13.9143168681735,10.0542257184395,13.));
#7515=CARTESIAN_POINT('Ctrl Pts',(-13.9833390373004,9.96345844543418,13.));
#7516=CARTESIAN_POINT('Ctrl Pts',(-14.0514222006763,9.87202079446078,12.9999999999999));
#7517=CARTESIAN_POINT('Ctrl Pts',(-14.1185541884632,9.77992445980253,13.));
#7518=CARTESIAN_POINT('Ctrl Pts',(-16.5639337201486,-0.261640415273863,
1.2470080523741E-10));
#7519=CARTESIAN_POINT('Ctrl Pts',(-16.5672575941751,-0.624459111732852,
9.3413882149323E-11));
#7520=CARTESIAN_POINT('Ctrl Pts',(-16.5584320911755,-0.987345235031791,
5.28466537289199E-11));
#7521=CARTESIAN_POINT('Ctrl Pts',(-16.5376382321688,-1.34973725449649,1.23257515305397E-11));
#7522=CARTESIAN_POINT('Ctrl Pts',(-16.5168052802174,-1.71281057949226,-2.82713309182562E-11));
#7523=CARTESIAN_POINT('Ctrl Pts',(-16.4839588333935,-2.07538850312228,-6.88223572854863E-11));
#7524=CARTESIAN_POINT('Ctrl Pts',(-16.4392286575708,-2.43690247225402,-9.979139736771E-11));
#7525=CARTESIAN_POINT('Ctrl Pts',(-16.4077731986844,-2.69112878779538,-1.21569656655631E-10));
#7526=CARTESIAN_POINT('Ctrl Pts',(-16.3704398125039,-2.94482888082692,-1.38605958387442E-10));
#7527=CARTESIAN_POINT('Ctrl Pts',(-16.3272585673579,-3.19780160014597,-1.4753948063273E-10));
#7528=CARTESIAN_POINT('Ctrl Pts',(-16.3147236026326,-3.2712363541093,-1.50132768200949E-10));
#7529=CARTESIAN_POINT('Ctrl Pts',(-16.301695779415,-3.34460979006839,-1.5204256380602E-10));
#7530=CARTESIAN_POINT('Ctrl Pts',(-16.2881756407868,-3.41791692160163,-1.53186852092091E-10));
#7531=CARTESIAN_POINT('Ctrl Pts',(-16.2797655585114,-3.4635169723499,-1.53898646467674E-10));
#7532=CARTESIAN_POINT('Ctrl Pts',(-16.2711649803899,-3.50909136694172,-1.54314053742686E-10));
#7533=CARTESIAN_POINT('Ctrl Pts',(-16.2623740204005,-3.55463889843282,-1.54413148933941E-10));
#7534=CARTESIAN_POINT('Ctrl Pts',(-16.2554795830325,-3.59036020799495,-1.54490865769234E-10));
#7535=CARTESIAN_POINT('Ctrl Pts',(-16.2484695370004,-3.62605721315123,-1.54482866971395E-10));
#7536=CARTESIAN_POINT('Ctrl Pts',(-16.2413451852347,-3.66172402227888,-1.54525336970579E-10));
#7537=CARTESIAN_POINT('Ctrl Pts',(-16.1700350850826,-4.01872544705923,-1.54950433876915E-10));
#7538=CARTESIAN_POINT('Ctrl Pts',(-16.0872440156893,-4.37287416833993,-1.56254354079482E-10));
#7539=CARTESIAN_POINT('Ctrl Pts',(-15.9932171581856,-4.72362019705613,-1.58355828450141E-10));
#7540=CARTESIAN_POINT('Ctrl Pts',(-15.8982020062204,-5.07805283581948,-1.60479390929842E-10));
#7541=CARTESIAN_POINT('Ctrl Pts',(-15.7917135860273,-5.42901143483851,-1.6341686404176E-10));
#7542=CARTESIAN_POINT('Ctrl Pts',(-15.6739518427754,-5.77592822720962,-1.66921088062821E-10));
#7543=CARTESIAN_POINT('Ctrl Pts',(-15.5561382347349,-6.12299780915034,-1.70426855419033E-10));
#7544=CARTESIAN_POINT('Ctrl Pts',(-15.4270412447824,-6.46602259121202,-1.74500887773559E-10));
#7545=CARTESIAN_POINT('Ctrl Pts',(-15.286809692786,-6.80442531949483,-1.78744297141264E-10));
#7546=CARTESIAN_POINT('Ctrl Pts',(-15.1475881676353,-7.14039068018576,-1.82957143077864E-10));
#7547=CARTESIAN_POINT('Ctrl Pts',(-14.9973917202632,-7.47180086505107,-1.873362701389E-10));
#7548=CARTESIAN_POINT('Ctrl Pts',(-14.8363177026375,-7.79807418098749,-1.91342997002408E-10));
#7549=CARTESIAN_POINT('Ctrl Pts',(-14.7591035727518,-7.95447997855995,-1.93263703600628E-10));
#7550=CARTESIAN_POINT('Ctrl Pts',(-14.6793891217254,-8.10970504486202,-1.95096696677868E-10));
#7551=CARTESIAN_POINT('Ctrl Pts',(-14.5971812729404,-8.26368336411314,-1.96770710836347E-10));
#7552=CARTESIAN_POINT('Ctrl Pts',(-14.4319465454357,-8.57317407575584,-2.00135418193323E-10));
#7553=CARTESIAN_POINT('Ctrl Pts',(-14.256640745901,-8.87762967585426,-2.02865952717057E-10));
#7554=CARTESIAN_POINT('Ctrl Pts',(-14.0715987093205,-9.17666032909839,-2.04291805694368E-10));
#7555=CARTESIAN_POINT('Ctrl Pts',(-14.0122640633702,-9.2725459898186,-2.04749012516933E-10));
#7556=CARTESIAN_POINT('Ctrl Pts',(-13.9519280741315,-9.36787365331492,-2.05071517955666E-10));
#7557=CARTESIAN_POINT('Ctrl Pts',(-13.890601048619,-9.46262985194999,-2.05233829930762E-10));
#7558=CARTESIAN_POINT('Ctrl Pts',(-13.8702731947126,-9.49403835654453,-2.05287630911479E-10));
#7559=CARTESIAN_POINT('Ctrl Pts',(-13.8498364528608,-9.5253840716646,-2.05323994589001E-10));
#7560=CARTESIAN_POINT('Ctrl Pts',(-13.8292911903233,-9.55666649895585,-2.0534171585318E-10));
#7561=CARTESIAN_POINT('Ctrl Pts',(-13.8089675901667,-9.58761142083438,-2.05359245923034E-10));
#7562=CARTESIAN_POINT('Ctrl Pts',(-13.7885425599601,-9.61848714402862,-2.0532636577049E-10));
#7563=CARTESIAN_POINT('Ctrl Pts',(-13.7680192514079,-9.64928934796553,-2.05229722105571E-10));
#7564=CARTESIAN_POINT('Ctrl Pts',(-13.5659499267829,-9.95256308819406,-2.04278183514717E-10));
#7565=CARTESIAN_POINT('Ctrl Pts',(-13.3542769534767,-10.2488340702455,-1.97619815789258E-10));
#7566=CARTESIAN_POINT('Ctrl Pts',(-13.1335022588704,-10.5377448099574,-1.87406506979571E-10));
#7567=CARTESIAN_POINT('Ctrl Pts',(-12.910364550592,-10.8297478426027,-1.77083882252137E-10));
#7568=CARTESIAN_POINT('Ctrl Pts',(-12.6779289477305,-11.114232681123,-1.63129923290156E-10));
#7569=CARTESIAN_POINT('Ctrl Pts',(-12.4366644142459,-11.3908095047164,-1.47620748958133E-10));
#7570=CARTESIAN_POINT('Ctrl Pts',(-12.1837901688679,-11.6806952767572,-1.31365269136861E-10));
#7571=CARTESIAN_POINT('Ctrl Pts',(-11.9212167963624,-11.9618943942802,-1.13402032263146E-10));
#7572=CARTESIAN_POINT('Ctrl Pts',(-11.6494327257048,-12.2339259155692,-9.59513579701365E-11));
#7573=CARTESIAN_POINT('Ctrl Pts',(-11.3891599410532,-12.4944356701976,-7.92397987485054E-11));
#7574=CARTESIAN_POINT('Ctrl Pts',(-11.120439469631,-12.7465381691652,-6.29957657549015E-11));
#7575=CARTESIAN_POINT('Ctrl Pts',(-10.8436608713463,-12.9897760450095,-4.90245899431585E-11));
#7576=CARTESIAN_POINT('Ctrl Pts',(-10.5687744739717,-13.2313510215801,-3.51489282779232E-11));
#7577=CARTESIAN_POINT('Ctrl Pts',(-10.285939348841,-13.4641825566335,-2.35150163822725E-11));
#7578=CARTESIAN_POINT('Ctrl Pts',(-9.99550507091442,-13.6877826543742,-1.57501789388448E-11));
#7579=CARTESIAN_POINT('Ctrl Pts',(-9.82888818149376,-13.8160579840829,-1.12956322134478E-11));
#7580=CARTESIAN_POINT('Ctrl Pts',(-9.65976976953522,-13.9412943800842,-8.11224464834465E-12));
#7581=CARTESIAN_POINT('Ctrl Pts',(-9.48821179728354,-14.0633929433832,-6.48764375554833E-12));
#7582=CARTESIAN_POINT('Ctrl Pts',(-9.40984555114377,-14.1191665453862,-5.74553966226265E-12));
#7583=CARTESIAN_POINT('Ctrl Pts',(-9.33097023236461,-14.1742853399791,-5.32854378526852E-12));
#7584=CARTESIAN_POINT('Ctrl Pts',(-9.25159156717339,-14.228739527869,-5.26295673708432E-12));
#7585=CARTESIAN_POINT('Ctrl Pts',(-9.22277697556268,-14.2485064914701,-5.23914852610185E-12));
#7586=CARTESIAN_POINT('Ctrl Pts',(-9.19390405586568,-14.268180386906,-5.22478574420018E-12));
#7587=CARTESIAN_POINT('Ctrl Pts',(-9.16497418411481,-14.2877602194633,-5.21568899181091E-12));
#7588=CARTESIAN_POINT('Ctrl Pts',(-9.09913072524639,-14.3323232894536,-5.19498507556346E-12));
#7589=CARTESIAN_POINT('Ctrl Pts',(-9.0329905717198,-14.3764002728518,-5.20915679758565E-12));
#7590=CARTESIAN_POINT('Ctrl Pts',(-8.96655824789743,-14.4199873793801,-5.25683663266108E-12));
#7591=CARTESIAN_POINT('Ctrl Pts',(-8.66103224194029,-14.6204469418731,-5.47611888469009E-12));
#7592=CARTESIAN_POINT('Ctrl Pts',(-8.34932957856153,-14.810547920045,-6.4299037251291E-12));
#7593=CARTESIAN_POINT('Ctrl Pts',(-8.03206390593908,-14.9902251511062,-8.03904165458391E-12));
#7594=CARTESIAN_POINT('Ctrl Pts',(-7.71108597753136,-15.1720047458898,-9.66700775267908E-12));
#7595=CARTESIAN_POINT('Ctrl Pts',(-7.384413647817,-15.3431154881545,-1.19667039498006E-11));
#7596=CARTESIAN_POINT('Ctrl Pts',(-7.05264601696885,-15.5034499148687,-1.47170053921286E-11));
#7597=CARTESIAN_POINT('Ctrl Pts',(-6.71847322291257,-15.6649466926632,-1.74872452588998E-11));
#7598=CARTESIAN_POINT('Ctrl Pts',(-6.37913048456577,-15.8155105857608,-2.07152798013266E-11));
#7599=CARTESIAN_POINT('Ctrl Pts',(-6.03520057417187,-15.9549877185787,-2.40387432182132E-11));
#7600=CARTESIAN_POINT('Ctrl Pts',(-5.69063870365221,-16.0947211361329,-2.73683133920158E-11));
#7601=CARTESIAN_POINT('Ctrl Pts',(-5.34147225459213,-16.223327230265,-3.07927785063366E-11));
#7602=CARTESIAN_POINT('Ctrl Pts',(-4.98826557291622,-16.3406037996733,-3.3810405863921E-11));
#7603=CARTESIAN_POINT('Ctrl Pts',(-4.63778171021743,-16.4569763010519,-3.68047707707611E-11));
#7604=CARTESIAN_POINT('Ctrl Pts',(-4.28331912052134,-16.5621934238535,-3.93988020628194E-11));
#7605=CARTESIAN_POINT('Ctrl Pts',(-3.92541600198658,-16.6560083227095,-4.09686659597064E-11));
#7606=CARTESIAN_POINT('Ctrl Pts',(-3.7191631883652,-16.710072078644,-4.18733489003333E-11));
#7607=CARTESIAN_POINT('Ctrl Pts',(-3.51176757391257,-16.7603482332404,-4.2434744699541E-11));
#7608=CARTESIAN_POINT('Ctrl Pts',(-3.3033312153429,-16.806781723553,-4.25162821615643E-11));
#7609=CARTESIAN_POINT('Ctrl Pts',(-3.26614759335945,-16.8150651409136,-4.25308278875892E-11));
#7610=CARTESIAN_POINT('Ctrl Pts',(-3.22893084987347,-16.823226253747,-4.25300487904336E-11));
#7611=CARTESIAN_POINT('Ctrl Pts',(-3.19168156361035,-16.8312647296438,-4.25131006787094E-11));
#7612=CARTESIAN_POINT('Ctrl Pts',(-3.15515008152118,-16.8391483018598,-4.24964791618426E-11));
#7613=CARTESIAN_POINT('Ctrl Pts',(-3.1185976423835,-16.8469116857157,-4.23945976250867E-11));
#7614=CARTESIAN_POINT('Ctrl Pts',(-3.08202490778897,-16.8545547500117,-4.22003369748847E-11));
#7615=CARTESIAN_POINT('Ctrl Pts',(-2.71484317761507,-16.9312893339343,-4.02500053292831E-11));
#7616=CARTESIAN_POINT('Ctrl Pts',(-2.3456142785464,-16.9959006969154,-2.94938968636833E-11));
#7617=CARTESIAN_POINT('Ctrl Pts',(-1.97492982720051,-17.0482439786079,-1.77118233274376E-11));
#7618=CARTESIAN_POINT('Ctrl Pts',(-1.78707988070989,-17.0747697274742,-1.17410795444266E-11));
#7619=CARTESIAN_POINT('Ctrl Pts',(-1.59885578439052,-17.0981441434008,-5.50310565481689E-12));
#7620=CARTESIAN_POINT('Ctrl Pts',(-1.41033276000049,-17.118343583203,-1.34922536022458E-16));
#7621=CARTESIAN_POINT('Origin',(0.,0.,1.62630325872826E-18));
#7622=CARTESIAN_POINT('',(15.5,1.8982025386784E-15,13.));
#7623=CARTESIAN_POINT('Origin',(0.,0.,13.));
#7624=CARTESIAN_POINT('',(15.5,1.8982025386784E-15,1.62630325872826E-18));
#7625=CARTESIAN_POINT('',(15.5,1.8982025386784E-15,1.62630325872826E-18));
#7626=CARTESIAN_POINT('Origin',(0.,0.,0.));
#7627=CARTESIAN_POINT('Origin',(0.,0.,13.));
#7628=CARTESIAN_POINT('Origin',(0.,0.,0.));
#7629=CARTESIAN_POINT('',(-18.,-2.20436423846524E-15,0.));
#7630=CARTESIAN_POINT('Origin',(0.,0.,0.));
#7631=CARTESIAN_POINT('Ctrl Pts',(-13.7692531104048,3.71364820246634,4.33680868994202E-16));
#7632=CARTESIAN_POINT('Ctrl Pts',(-12.898193263678,6.94331424781918,-0.074661611858313));
#7633=CARTESIAN_POINT('Ctrl Pts',(-8.79943447248226,12.7529858351158,-0.223987680233134));
#7634=CARTESIAN_POINT('Ctrl Pts',(1.5487002682932,15.4165734087516,-0.447973279436284));
#7635=CARTESIAN_POINT('Ctrl Pts',(11.1525086203283,10.7528751133293,-0.671960610757651));
#7636=CARTESIAN_POINT('Ctrl Pts',(15.4625054371825,0.982602308517018,-0.895948593509984));
#7637=CARTESIAN_POINT('Ctrl Pts',(12.424521974426,-9.2554150614544,-1.11993712165719));
#7638=CARTESIAN_POINT('Ctrl Pts',(3.48528622688267,-15.0959579255436,-1.3439243468907));
#7639=CARTESIAN_POINT('Ctrl Pts',(-7.11028201883762,-13.7652785784724,-1.56791080647373));
#7640=CARTESIAN_POINT('Ctrl Pts',(-14.3276593002966,-5.89505407171552,-1.79189755805499));
#7641=CARTESIAN_POINT('Ctrl Pts',(-14.7388238869687,4.7755382923579,-2.0158855653789));
#7642=CARTESIAN_POINT('Ctrl Pts',(-8.14766690779897,13.1777554914769,-2.23987405686213));
#7643=CARTESIAN_POINT('Ctrl Pts',(2.31354133337968,15.3190988216656,-2.46386158456174));
#7644=CARTESIAN_POINT('Ctrl Pts',(11.6767022367435,10.1839335291613,-2.68784803522249));
#7645=CARTESIAN_POINT('Ctrl Pts',(15.4907112670801,0.208880058772484,-2.911834746649));
#7646=CARTESIAN_POINT('Ctrl Pts',(11.949531690102,-9.8618081940755,-3.13582236695334));
#7647=CARTESIAN_POINT('Ctrl Pts',(2.72396365598012,-15.2545766733236,-3.35981121298933));
#7648=CARTESIAN_POINT('Ctrl Pts',(-6.61288423395749,-13.5935999572959,-3.55891091565399));
#7649=CARTESIAN_POINT('Ctrl Pts',(-12.4134528014502,-8.04020975467296,-3.73312259855024));
#7650=CARTESIAN_POINT('Ctrl Pts',(-14.7134932898908,-1.56624022249184,-3.88244778486528));
#7651=CARTESIAN_POINT('Ctrl Pts',(-13.8288742719583,5.25843487917716,-4.03177268385116));
#7652=CARTESIAN_POINT('Ctrl Pts',(-9.95917074061292,10.9405731936487,-4.18109766176834));
#7653=CARTESIAN_POINT('Ctrl Pts',(-3.93627377474928,14.2621168825139,-4.33042248456474));
#7654=CARTESIAN_POINT('Ctrl Pts',(2.93663784958405,14.500405408309,-4.47974766210176));
#7655=CARTESIAN_POINT('Ctrl Pts',(9.17494421124281,11.6068746967855,-4.6290728142681));
#7656=CARTESIAN_POINT('Ctrl Pts',(13.4312172889739,6.20370805509975,-4.77839707633997));
#7657=CARTESIAN_POINT('Ctrl Pts',(14.7850335454659,-0.536512456166249,-4.92772296059759));
#7658=CARTESIAN_POINT('Ctrl Pts',(12.9450051595643,-7.16738920426631,-5.07704699228023));
#7659=CARTESIAN_POINT('Ctrl Pts',(8.30702475891378,-12.2364830974372,-5.22637261870587));
#7660=CARTESIAN_POINT('Ctrl Pts',(0.80297340054116,-15.095355361705,-5.40058403644099));
#7661=CARTESIAN_POINT('Ctrl Pts',(-8.44449856599565,-12.9928833626842,-5.59968476690186));
#7662=CARTESIAN_POINT('Ctrl Pts',(-14.8450368235158,-4.43532950343563,-5.82367300320759));
#7663=CARTESIAN_POINT('Ctrl Pts',(-14.1887023745952,6.21909900390156,-6.04765986308337));
#7664=CARTESIAN_POINT('Ctrl Pts',(-6.79475776808167,13.9251891053159,-6.27164625513886));
#7665=CARTESIAN_POINT('Ctrl Pts',(3.82969717850296,15.0110540459703,-6.4956334411021));
#7666=CARTESIAN_POINT('Ctrl Pts',(12.6314735219622,8.97158359961194,-6.71962162063413));
#7667=CARTESIAN_POINT('Ctrl Pts',(15.4381695243766,-1.33960824092038,-6.9436102246112));
#7668=CARTESIAN_POINT('Ctrl Pts',(11.4038689942281,-9.92265853049353,-7.14270933460865));
#7669=CARTESIAN_POINT('Ctrl Pts',(4.53364396476055,-14.0777854430631,-7.31692141883562));
#7670=CARTESIAN_POINT('Ctrl Pts',(-2.31832570077201,-14.6147951606248,-7.46624638533741));
#7671=CARTESIAN_POINT('Ctrl Pts',(-8.67262672030288,-11.9827305543925,-7.61557154340522));
#7672=CARTESIAN_POINT('Ctrl Pts',(-13.6604345079381,-6.19215791277919,-7.78148753784973));
#7673=CARTESIAN_POINT('Ctrl Pts',(-15.0561885807644,2.27830340938944,-7.96399647857256));
#7674=CARTESIAN_POINT('Ctrl Pts',(-10.867480305458,10.6626417539366,-8.16309632872042));
#7675=CARTESIAN_POINT('Ctrl Pts',(-2.5687233398393,15.0070957723059,-8.36219504872514));
#7676=CARTESIAN_POINT('Ctrl Pts',(6.70512806062071,13.6689436509513,-8.56129713733497));
#7677=CARTESIAN_POINT('Ctrl Pts',(13.4381566488969,7.1572059926991,-8.76039533920545));
#7678=CARTESIAN_POINT('Ctrl Pts',(15.0856447895189,-2.06866457565832,-8.95949629307489));
#7679=CARTESIAN_POINT('Ctrl Pts',(11.4668509957113,-9.56508830849005,-9.13647381113289));
#7680=CARTESIAN_POINT('Ctrl Pts',(5.60777836025935,-13.5647971320224,-9.29132910391178));
#7681=CARTESIAN_POINT('Ctrl Pts',(-0.363341113842385,-14.6777269784484,
-9.42406223208054));
#7682=CARTESIAN_POINT('Ctrl Pts',(-6.52590761232648,-13.212695913743,-9.56232646750263));
#7683=CARTESIAN_POINT('Ctrl Pts',(-11.6893506920282,-9.06981466775841,-9.70612043797827));
#7684=CARTESIAN_POINT('Ctrl Pts',(-14.5269491928409,-2.80375240867916,-9.85544565083776));
#7685=CARTESIAN_POINT('Ctrl Pts',(-14.2251535174154,4.06602413763254,-10.0047704989509));
#7686=CARTESIAN_POINT('Ctrl Pts',(-10.8501213370613,10.0583371871231,-10.1540953871072));
#7687=CARTESIAN_POINT('Ctrl Pts',(-5.13057120488848,13.876846112726,-10.3034205116563));
#7688=CARTESIAN_POINT('Ctrl Pts',(1.69739960965124,14.6973327546867,-10.4527452218389));
#7689=CARTESIAN_POINT('Ctrl Pts',(8.15871600864155,12.3420804188,-10.6020703716512));
#7690=CARTESIAN_POINT('Ctrl Pts',(12.8571152625143,7.32022636990515,-10.7513952102372));
#7691=CARTESIAN_POINT('Ctrl Pts',(14.7776846459113,0.716653172348733,-10.9007201350904));
#7692=CARTESIAN_POINT('Ctrl Pts',(13.5050460857793,-6.04168594124545,-11.0500452298246));
#7693=CARTESIAN_POINT('Ctrl Pts',(9.31493268537383,-11.4947492290527,-11.199369938996));
#7694=CARTESIAN_POINT('Ctrl Pts',(3.11122975458425,-14.4639605461432,-11.3486951304526));
#7695=CARTESIAN_POINT('Ctrl Pts',(-3.76286616728462,-14.308473606424,-11.4980198897969));
#7696=CARTESIAN_POINT('Ctrl Pts',(-9.82747643775985,-11.060517765971,-11.6473449236785));
#7697=CARTESIAN_POINT('Ctrl Pts',(-13.7618746233082,-5.42452773572399,-11.7966698862633));
#7698=CARTESIAN_POINT('Ctrl Pts',(-14.8441672550979,2.14387664063558,-11.9625863693272));
#7699=CARTESIAN_POINT('Ctrl Pts',(-11.4567078280895,10.0297365044878,-12.1450948970691));
#7700=CARTESIAN_POINT('Ctrl Pts',(-3.40892144018126,14.8405326420259,-12.3441944617139));
#7701=CARTESIAN_POINT('Ctrl Pts',(5.13974071063195,14.090211184335,-12.5267030494427));
#7702=CARTESIAN_POINT('Ctrl Pts',(11.2938871215419,9.55306777939903,-12.6926193646686));
#7703=CARTESIAN_POINT('Ctrl Pts',(14.3951961733725,3.41940328505247,-12.8419446299421));
#7704=CARTESIAN_POINT('Ctrl Pts',(14.3846731501451,-3.46033891096253,-12.9912692862253));
#7705=CARTESIAN_POINT('Ctrl Pts',(11.2668927207435,-9.58859453329591,-13.1405944379822));
#7706=CARTESIAN_POINT('Ctrl Pts',(5.71437423604356,-13.6472111492766,-13.289919302011));
#7707=CARTESIAN_POINT('Ctrl Pts',(-1.07272475844754,-14.75574943795,-13.4392442017708));
#7708=CARTESIAN_POINT('Ctrl Pts',(-7.62792995357065,-12.6773636168341,-13.5885692554239));
#7709=CARTESIAN_POINT('Ctrl Pts',(-12.5354029934875,-7.8580858417278,-13.7378941398832));
#7710=CARTESIAN_POINT('Ctrl Pts',(-14.7334472780718,-1.34392854916268,-13.8872190112956));
#7711=CARTESIAN_POINT('Ctrl Pts',(-13.7501942445755,5.46638497148858,-14.0365437574016));
#7712=CARTESIAN_POINT('Ctrl Pts',(-9.79212256471302,11.0839708155605,-14.1858691816306));
#7713=CARTESIAN_POINT('Ctrl Pts',(-2.71331846742183,14.8701760427229,-14.3600811617039));
#7714=CARTESIAN_POINT('Ctrl Pts',(6.73002041132669,13.9621765930972,-14.5591801904666));
#7715=CARTESIAN_POINT('Ctrl Pts',(12.9190429853143,7.55864866663144,-14.7458373946782));
#7716=CARTESIAN_POINT('Ctrl Pts',(14.5166317719985,0.961301485773992,-14.8951622332104));
#7717=CARTESIAN_POINT('Ctrl Pts',(13.8004523353398,-5.8048763835908,-15.0444883663922));
#7718=CARTESIAN_POINT('Ctrl Pts',(9.21376527240129,-11.9841105607851,-15.2062564688909));
#7719=CARTESIAN_POINT('Ctrl Pts',(1.6478518258176,-14.7004389072885,-15.3804684760324));
#7720=CARTESIAN_POINT('Ctrl Pts',(-5.16475029182156,-13.8604498538134,-15.5297937841899));
#7721=CARTESIAN_POINT('Ctrl Pts',(-11.8429938300227,-9.39413822339078,-15.7040051729272));
#7722=CARTESIAN_POINT('Ctrl Pts',(-15.4822301023387,-0.639756092411733,
-15.9031053602564));
#7723=CARTESIAN_POINT('Ctrl Pts',(-12.2125225365479,9.53495120717854,-16.1270940234904));
#7724=CARTESIAN_POINT('Ctrl Pts',(-3.14540115990205,15.1691884185565,-16.3510814898083));
#7725=CARTESIAN_POINT('Ctrl Pts',(7.41816599594836,13.602609974802,-16.5750680424703));
#7726=CARTESIAN_POINT('Ctrl Pts',(14.4564981395202,5.57111180486315,-16.7990546249882));
#7727=CARTESIAN_POINT('Ctrl Pts',(14.6277221605401,-5.10556423854977,-17.0230423770381));
#7728=CARTESIAN_POINT('Ctrl Pts',(7.84945056282311,-13.3575751079531,-17.2470309114062));
#7729=CARTESIAN_POINT('Ctrl Pts',(-2.65761585826917,-15.2634018615096,-17.4710186824772));
#7730=CARTESIAN_POINT('Ctrl Pts',(-11.9022330982062,-9.91839698214611,-17.6950053011049));
#7731=CARTESIAN_POINT('Ctrl Pts',(-15.4924312976263,0.138583035257455,-17.9189918006301));
#7732=CARTESIAN_POINT('Ctrl Pts',(-11.7229776691053,10.1296463262109,-18.1429793203379));
#7733=CARTESIAN_POINT('Ctrl Pts',(-2.38392593219424,15.308652700923,-18.3669678234247));
#7734=CARTESIAN_POINT('Ctrl Pts',(8.08693274814626,13.2147315925819,-18.5909558200391));
#7735=CARTESIAN_POINT('Ctrl Pts',(14.717258216418,4.843508537723,-18.8149425507975));
#7736=CARTESIAN_POINT('Ctrl Pts',(14.3534727151394,-5.82961391751272,-19.0389290398177));
#7737=CARTESIAN_POINT('Ctrl Pts',(7.17574213245961,-13.7315208373054,-19.262916225493));
#7738=CARTESIAN_POINT('Ctrl Pts',(-3.42041758650407,-15.1136084867326,-19.4869048559982));
#7739=CARTESIAN_POINT('Ctrl Pts',(-11.377514618205,-9.95362630384357,-19.6860051640912));
#7740=CARTESIAN_POINT('Ctrl Pts',(-14.5623181817447,-2.58192606855713,-19.8602165662056));
#7741=CARTESIAN_POINT('Ctrl Pts',(-14.1657869185592,4.27668925170702,-20.0095421087454));
#7742=CARTESIAN_POINT('Ctrl Pts',(-10.6958492666054,10.2212665066726,-20.1588664486137));
#7743=CARTESIAN_POINT('Ctrl Pts',(-4.92509002122192,13.9502505349744,-20.3081917283644));
#7744=CARTESIAN_POINT('Ctrl Pts',(1.92299315698615,14.6735788209656,-20.4575169043194));
#7745=CARTESIAN_POINT('Ctrl Pts',(7.26287906466273,12.6216111095855,-20.5819537660436));
#7746=CARTESIAN_POINT('Ctrl Pts',(12.3649533903744,8.20678986161825,-20.7312793060278));
#7747=CARTESIAN_POINT('Ctrl Pts',(15.0262191800759,1.62323740974707,-20.8806030725783));
#7748=CARTESIAN_POINT('Ctrl Pts',(13.4090503752538,-6.24455685334974,-21.0548169283672));
#7749=CARTESIAN_POINT('Ctrl Pts',(9.14256377148098,-11.634670953963,-21.2041411066761));
#7750=CARTESIAN_POINT('Ctrl Pts',(2.89562763660874,-14.5040011475146,-21.3534667344453));
#7751=CARTESIAN_POINT('Ctrl Pts',(-5.12792788966004,-14.2197912077079,-21.5276780895699));
#7752=CARTESIAN_POINT('Ctrl Pts',(-12.8316343847639,-8.68819256332318,-21.7267783792113));
#7753=CARTESIAN_POINT('Ctrl Pts',(-15.4014085196156,1.68451089308775,-21.9507670216145));
#7754=CARTESIAN_POINT('Ctrl Pts',(-10.6550859056553,11.2461400352686,-22.1747542614566));
#7755=CARTESIAN_POINT('Ctrl Pts',(-0.84666501566223,15.4706776967781,-22.3987407558037));
#7756=CARTESIAN_POINT('Ctrl Pts',(9.36382693015251,12.3428204007493,-22.6227274624545));
#7757=CARTESIAN_POINT('Ctrl Pts',(15.1260286961484,3.35283866896862,-22.8467153985566));
#7758=CARTESIAN_POINT('Ctrl Pts',(13.7023211417663,-7.23082925236191,-23.07070394199));
#7759=CARTESIAN_POINT('Ctrl Pts',(5.76910587481261,-14.3788295215042,-23.2946914544666));
#7760=CARTESIAN_POINT('Ctrl Pts',(-4.90469549909846,-14.6963641038217,-23.5186780806331));
#7761=CARTESIAN_POINT('Ctrl Pts',(-13.2485919071758,-8.03180266332842,-23.7426644680916));
#7762=CARTESIAN_POINT('Ctrl Pts',(-15.298377097131,2.44771904804979,-23.966652583133));
#7763=CARTESIAN_POINT('Ctrl Pts',(-10.0808403023163,11.7656921310071,-24.1906403667607));
#7764=CARTESIAN_POINT('Ctrl Pts',(-0.0734019670064934,15.4918014292558,
-24.4146296065536));
#7765=CARTESIAN_POINT('Ctrl Pts',(9.96720657642601,11.862835493433,-24.6386134174188));
#7766=CARTESIAN_POINT('Ctrl Pts',(15.2761374462914,2.58934880387618,-24.8626057391019));
#7767=CARTESIAN_POINT('Ctrl Pts',(13.9720478595859,-4.3995500956604,-25.0119208835657));
#7768=CARTESIAN_POINT('Ctrl Pts',(12.265191624881,-7.27657808279569,-25.086586366107));
#7769=CARTESIAN_POINT('Ctrl Pts',(-13.7525149398997,3.7093610798951,0.00997003159343568));
#7770=CARTESIAN_POINT('Ctrl Pts',(-12.8824638136094,6.93509037928154,-0.0646915802648777));
#7771=CARTESIAN_POINT('Ctrl Pts',(-8.78857556270117,12.7376782870138,-0.214017648639699));
#7772=CARTESIAN_POINT('Ctrl Pts',(1.54706013445738,15.3978691996375,-0.438003247842848));
#7773=CARTESIAN_POINT('Ctrl Pts',(11.1391634907619,10.7396782923145,-0.661990579164217));
#7774=CARTESIAN_POINT('Ctrl Pts',(15.4437876322743,0.981173098529566,-0.885978561916547));
#7775=CARTESIAN_POINT('Ctrl Pts',(12.4093275762931,-9.24439292501313,-1.10996709006375));
#7776=CARTESIAN_POINT('Ctrl Pts',(3.48083151029661,-15.0777232303939,-1.33395431529727));
#7777=CARTESIAN_POINT('Ctrl Pts',(-7.10187974182859,-13.7484925933636,-1.55794077488029));
#7778=CARTESIAN_POINT('Ctrl Pts',(-14.3103922412575,-5.88769191844886,-1.78192752646156));
#7779=CARTESIAN_POINT('Ctrl Pts',(-14.720894498375,4.76997958213532,-2.00591553378547));
#7780=CARTESIAN_POINT('Ctrl Pts',(-8.13759338014236,13.1619161456945,-2.22990402526869));
#7781=CARTESIAN_POINT('Ctrl Pts',(2.31097421219957,15.3005043326657,-2.4538915529683));
#7782=CARTESIAN_POINT('Ctrl Pts',(11.6627127148484,10.1714161811297,-2.67787800362905));
#7783=CARTESIAN_POINT('Ctrl Pts',(15.4719477262398,0.208388648238615,-2.90186471505556));
#7784=CARTESIAN_POINT('Ctrl Pts',(11.9349031632196,-9.85004453100546,-3.1258523353599));
#7785=CARTESIAN_POINT('Ctrl Pts',(2.72042909454373,-15.2361379636343,-3.3498411813959));
#7786=CARTESIAN_POINT('Ctrl Pts',(-6.60508229556955,-13.5770295192595,-3.54894088406056));
#7787=CARTESIAN_POINT('Ctrl Pts',(-12.3985376742727,-8.030278221401,-3.72315256695681));
#7788=CARTESIAN_POINT('Ctrl Pts',(-14.6956921728359,-1.56411636351455,-3.87247775327184));
#7789=CARTESIAN_POINT('Ctrl Pts',(-13.8120399423916,5.25227715808782,-4.02180265225772));
#7790=CARTESIAN_POINT('Ctrl Pts',(-9.94693680927348,10.9274719334781,-4.1711276301749));
#7791=CARTESIAN_POINT('Ctrl Pts',(-3.93128599659805,14.2448993083555,-4.32045245297131));
#7792=CARTESIAN_POINT('Ctrl Pts',(2.9333039587295,14.4827927176651,-4.46977763050833));
#7793=CARTESIAN_POINT('Ctrl Pts',(9.16400703795528,11.592672354824,-4.61910278267466));
#7794=CARTESIAN_POINT('Ctrl Pts',(13.4150410282816,6.19598570783436,-4.76842704474654));
#7795=CARTESIAN_POINT('Ctrl Pts',(14.7671133896446,-0.536090520281093,-4.91775292900415));
#7796=CARTESIAN_POINT('Ctrl Pts',(12.929212390825,-7.15890434592296,-5.0670769606868));
#7797=CARTESIAN_POINT('Ctrl Pts',(8.29677242324724,-12.2217869941407,-5.21640258711242));
#7798=CARTESIAN_POINT('Ctrl Pts',(0.801768837296544,-15.0770795759658,-5.39061400484757));
#7799=CARTESIAN_POINT('Ctrl Pts',(-8.43446830868215,-12.9770128852545,-5.58971473530842));
#7800=CARTESIAN_POINT('Ctrl Pts',(-14.8271203669801,-4.4297276855208,-5.81370297161416));
#7801=CARTESIAN_POINT('Ctrl Pts',(-14.1714173097605,6.21178290867526,-6.03768983148995));
#7802=CARTESIAN_POINT('Ctrl Pts',(-6.78631174922818,13.908423455652,-6.26167622354541));
#7803=CARTESIAN_POINT('Ctrl Pts',(3.82528852322774,14.9928094455774,-6.48566340950868));
#7804=CARTESIAN_POINT('Ctrl Pts',(12.6163086069302,8.96052023541654,-6.70965158904069));
#7805=CARTESIAN_POINT('Ctrl Pts',(15.4194459271722,-1.33822270732246,-6.93364019301777));
#7806=CARTESIAN_POINT('Ctrl Pts',(11.3899003617136,-9.91081306655397,-7.13273930301522));
#7807=CARTESIAN_POINT('Ctrl Pts',(4.52793504383012,-14.0608000925084,-7.30695138724218));
#7808=CARTESIAN_POINT('Ctrl Pts',(-2.31574201871043,-14.5970537994906,-7.45627635374398));
#7809=CARTESIAN_POINT('Ctrl Pts',(-8.66230420978246,-11.9680803422284,-7.60560151181179));
#7810=CARTESIAN_POINT('Ctrl Pts',(-13.6439804231191,-6.18444582029835,-7.77151750625629));
#7811=CARTESIAN_POINT('Ctrl Pts',(-15.0379130105491,2.27577488962338,-7.95402644697913));
#7812=CARTESIAN_POINT('Ctrl Pts',(-10.8541506829012,10.6498912758771,-8.15312629712699));
#7813=CARTESIAN_POINT('Ctrl Pts',(-2.56538048418364,14.9889541120896,-8.35222501713171));
#7814=CARTESIAN_POINT('Ctrl Pts',(6.69721529666845,13.652281240756,-8.55132710574154));
#7815=CARTESIAN_POINT('Ctrl Pts',(13.4219863501046,7.14832750264746,-8.75042530761201));
#7816=CARTESIAN_POINT('Ctrl Pts',(15.0673374558211,-2.06638974712413,-8.94952626148146));
#7817=CARTESIAN_POINT('Ctrl Pts',(11.4528109863951,-9.55367733844537,-9.12650377953945));
#7818=CARTESIAN_POINT('Ctrl Pts',(5.60077599899765,-13.5484498701961,-9.28135907231834));
#7819=CARTESIAN_POINT('Ctrl Pts',(-0.363126155547647,-14.6599393161523,
-9.4140922004871));
#7820=CARTESIAN_POINT('Ctrl Pts',(-6.51820509024664,-13.1965886605457,-9.55235643590919));
#7821=CARTESIAN_POINT('Ctrl Pts',(-11.6753285838625,-9.05864677273584,-9.69615040638485));
#7822=CARTESIAN_POINT('Ctrl Pts',(-14.5093931898434,-2.80013223863943,-9.84547561924431));
#7823=CARTESIAN_POINT('Ctrl Pts',(-14.2078573249298,4.06131708065116,-9.99480046735744));
#7824=CARTESIAN_POINT('Ctrl Pts',(-10.8368218208942,10.0463185587259,-10.1441253555137));
#7825=CARTESIAN_POINT('Ctrl Pts',(-5.12414207187416,13.8601134288011,-10.2934504800629));
#7826=CARTESIAN_POINT('Ctrl Pts',(1.6955693489406,14.6795010017831,-10.4427751902454));
#7827=CARTESIAN_POINT('Ctrl Pts',(8.14902171576586,12.3270026205626,-10.5921003400578));
#7828=CARTESIAN_POINT('Ctrl Pts',(12.84165165123,7.31116019478084,-10.7414251786438));
#7829=CARTESIAN_POINT('Ctrl Pts',(14.7597926919692,0.715557599021736,-10.890750103497));
#7830=CARTESIAN_POINT('Ctrl Pts',(13.4885919392863,-6.0345742976563,-11.0400751982311));
#7831=CARTESIAN_POINT('Ctrl Pts',(9.30347090828351,-11.4809667901333,-11.1893999074025));
#7832=CARTESIAN_POINT('Ctrl Pts',(3.10723801116509,-14.4464855202969,-11.3387250988591));
#7833=CARTESIAN_POINT('Ctrl Pts',(-3.75852765223542,-14.2910811497587,-11.4880498582035));
#7834=CARTESIAN_POINT('Ctrl Pts',(-9.8157407239218,-11.0469669417846,-11.6373748920851));
#7835=CARTESIAN_POINT('Ctrl Pts',(-13.7452857743207,-5.41774414625641,-11.7866998546699));
#7836=CARTESIAN_POINT('Ctrl Pts',(-14.8261507258589,2.14150740701276,-11.9526163377338));
#7837=CARTESIAN_POINT('Ctrl Pts',(-11.4426737357613,10.017762266459,-12.1351248654757));
#7838=CARTESIAN_POINT('Ctrl Pts',(-3.40456327455286,14.8226057590635,-12.3342244301204));
#7839=CARTESIAN_POINT('Ctrl Pts',(5.13373058619071,14.0730621165377,-12.5167330178493));
#7840=CARTESIAN_POINT('Ctrl Pts',(11.2803518444218,9.54132051122361,-12.6826493330752));
#7841=CARTESIAN_POINT('Ctrl Pts',(14.3778090983509,3.41503929267157,-12.8319745983487));
#7842=CARTESIAN_POINT('Ctrl Pts',(14.3671931028237,-3.45636808789722,-12.9812992546319));
#7843=CARTESIAN_POINT('Ctrl Pts',(11.2530954785604,-9.57715141012054,-13.1306244063888));
#7844=CARTESIAN_POINT('Ctrl Pts',(5.70724138105255,-13.6307656334829,-13.2799492704176));
#7845=CARTESIAN_POINT('Ctrl Pts',(-1.07165217942612,-14.7378565531449,-13.4292741701774));
#7846=CARTESIAN_POINT('Ctrl Pts',(-7.6188838817091,-12.6618877342652,-13.5785992238305));
#7847=CARTESIAN_POINT('Ctrl Pts',(-12.5203373578685,-7.84837315690454,-13.7279241082898));
#7848=CARTESIAN_POINT('Ctrl Pts',(-14.7156186572307,-1.34207308091993,-13.8772489797022));
#7849=CARTESIAN_POINT('Ctrl Pts',(-13.7334520332153,5.45997315494049,-14.0265737258081));
#7850=CARTESIAN_POINT('Ctrl Pts',(-9.78008888007885,11.0706939370658,-14.1758991500372));
#7851=CARTESIAN_POINT('Ctrl Pts',(-2.70980289321473,14.8522022047761,-14.3501111301105));
#7852=CARTESIAN_POINT('Ctrl Pts',(6.72208195598961,13.9451586420096,-14.5492101588732));
#7853=CARTESIAN_POINT('Ctrl Pts',(12.9035082182275,7.54929199942012,-14.7358673630848));
#7854=CARTESIAN_POINT('Ctrl Pts',(14.4990598175249,0.95991349270973,-14.8851922016169));
#7855=CARTESIAN_POINT('Ctrl Pts',(13.7836441622159,-5.79805530737005,-15.0345183347988));
#7856=CARTESIAN_POINT('Ctrl Pts',(9.20241842435861,-11.9697344257474,-15.1962864372975));
#7857=CARTESIAN_POINT('Ctrl Pts',(1.64562891912721,-14.6826544922727,-15.3704984444389));
#7858=CARTESIAN_POINT('Ctrl Pts',(-5.15870665377584,-13.8435787664502,-15.5198237525965));
#7859=CARTESIAN_POINT('Ctrl Pts',(-11.8287899003471,-9.38257559399278,-15.6940351413338));
#7860=CARTESIAN_POINT('Ctrl Pts',(-15.4634838977653,-0.638742567327089,
-15.893135328663));
#7861=CARTESIAN_POINT('Ctrl Pts',(-12.1975802735176,9.52358748824303,-16.1171239918969));
#7862=CARTESIAN_POINT('Ctrl Pts',(-3.14135729152199,15.1508596017996,-16.3411114582149));
#7863=CARTESIAN_POINT('Ctrl Pts',(7.40938832825743,13.5860164147012,-16.5650980108768));
#7864=CARTESIAN_POINT('Ctrl Pts',(14.4390699512432,5.56414007453247,-16.7890845933947));
#7865=CARTESIAN_POINT('Ctrl Pts',(14.6099223259585,-5.09960397356183,-17.0130723454447));
#7866=CARTESIAN_POINT('Ctrl Pts',(7.83973553171423,-13.3415133342775,-17.2370608798128));
#7867=CARTESIAN_POINT('Ctrl Pts',(-2.65463101723934,-15.2448695550439,-17.4610486508838));
#7868=CARTESIAN_POINT('Ctrl Pts',(-11.8879662919461,-9.90619784883362,-17.6850352695115));
#7869=CARTESIAN_POINT('Ctrl Pts',(-15.4736602778681,0.138653501636174,-17.9090217690367));
#7870=CARTESIAN_POINT('Ctrl Pts',(-11.7086195808585,10.1175547430972,-18.1330092887445));
#7871=CARTESIAN_POINT('Ctrl Pts',(-2.38080230804613,15.2901431476534,-18.3569977918313));
#7872=CARTESIAN_POINT('Ctrl Pts',(8.07733884504487,13.1985976706956,-18.5809857884456));
#7873=CARTESIAN_POINT('Ctrl Pts',(14.6995029574357,4.83741429659972,-18.804972519204));
#7874=CARTESIAN_POINT('Ctrl Pts',(14.3359939797057,-5.82277231967595,-19.0289590082243));
#7875=CARTESIAN_POINT('Ctrl Pts',(7.16683753242616,-13.7149955303025,-19.2529461938996));
#7876=CARTESIAN_POINT('Ctrl Pts',(-3.4165062912147,-15.095246199671,-19.4769348244048));
#7877=CARTESIAN_POINT('Ctrl Pts',(-11.363884100635,-9.94139202235067,-19.6760351324977));
#7878=CARTESIAN_POINT('Ctrl Pts',(-14.5447160675077,-2.57857447291755,-19.8502465346122));
#7879=CARTESIAN_POINT('Ctrl Pts',(-14.1485588833047,4.27172668134388,-19.999572077152));
#7880=CARTESIAN_POINT('Ctrl Pts',(-10.6827346972162,10.209047847548,-20.1488964170202));
#7881=CARTESIAN_POINT('Ctrl Pts',(-4.91890832708603,13.9334255332139,-20.298221696771));
#7882=CARTESIAN_POINT('Ctrl Pts',(1.92088864528139,14.6557729726009,-20.447546872726));
#7883=CARTESIAN_POINT('Ctrl Pts',(7.25427535087771,12.6062073329814,-20.5719837344501));
#7884=CARTESIAN_POINT('Ctrl Pts',(12.3500989020144,8.19665855726655,-20.7213092744344));
#7885=CARTESIAN_POINT('Ctrl Pts',(15.0080400819439,1.6210388766117,-20.8706330409849));
#7886=CARTESIAN_POINT('Ctrl Pts',(13.3927094283475,-6.2371977070616,-21.0448468967738));
#7887=CARTESIAN_POINT('Ctrl Pts',(9.13130869812934,-11.6207164812034,-21.1941710750827));
#7888=CARTESIAN_POINT('Ctrl Pts',(2.89189635352697,-14.4864742002874,-21.3434967028519));
#7889=CARTESIAN_POINT('Ctrl Pts',(-5.12193384275509,-14.2024853632851,-21.5177080579764));
#7890=CARTESIAN_POINT('Ctrl Pts',(-12.8162228986827,-8.67746942411964,-21.7168083476179));
#7891=CARTESIAN_POINT('Ctrl Pts',(-15.3827238864291,1.68270704112481,-21.9407969900211));
#7892=CARTESIAN_POINT('Ctrl Pts',(-10.6420044292892,11.2326794336903,-22.1647842298631));
#7893=CARTESIAN_POINT('Ctrl Pts',(-0.845401245111126,15.4519481745857,-22.3887707242103));
#7894=CARTESIAN_POINT('Ctrl Pts',(9.35267265974702,12.3277231777412,-22.6127574308611));
#7895=CARTESIAN_POINT('Ctrl Pts',(15.1077552840618,3.34854400839149,-22.8367453669632));
#7896=CARTESIAN_POINT('Ctrl Pts',(13.6856097175649,-7.22227997421368,-23.0607339103965));
#7897=CARTESIAN_POINT('Ctrl Pts',(5.76189541849984,-14.3614985710272,-23.2847214228732));
#7898=CARTESIAN_POINT('Ctrl Pts',(-4.8989795622183,-14.6784840651815,-23.5087080490396));
#7899=CARTESIAN_POINT('Ctrl Pts',(-13.2326651070393,-8.02186862488566,-23.7326944364982));
#7900=CARTESIAN_POINT('Ctrl Pts',(-15.2798053940268,2.44498946479376,-23.9566825515395));
#7901=CARTESIAN_POINT('Ctrl Pts',(-10.0684469543113,11.7515924211946,-24.1806703351674));
#7902=CARTESIAN_POINT('Ctrl Pts',(-0.0730737675497538,15.4730360068394,
-24.4046595749601));
#7903=CARTESIAN_POINT('Ctrl Pts',(9.95531213022902,11.8483073960362,-24.6286433858254));
#7904=CARTESIAN_POINT('Ctrl Pts',(15.2576742563494,2.58598328007852,-24.8526357075084));
#7905=CARTESIAN_POINT('Ctrl Pts',(13.9550475480032,-4.39444460634729,-25.0019508519723));
#7906=CARTESIAN_POINT('Ctrl Pts',(12.2502207611122,-7.26795143745607,-25.0766163345136));
#7907=CARTESIAN_POINT('Ctrl Pts',(-13.7284326919765,3.70347851602526,0.0367111040590471));
#7908=CARTESIAN_POINT('Ctrl Pts',(-12.8597571728995,6.92357344546175,-0.0379505077992664));
#7909=CARTESIAN_POINT('Ctrl Pts',(-8.77275826343111,12.7158718041437,-0.187276576174088));
#7910=CARTESIAN_POINT('Ctrl Pts',(1.54500963409562,15.3710189113592,-0.411262175377237));
#7911=CARTESIAN_POINT('Ctrl Pts',(11.120228093024,10.7205273483863,-0.635249506698605));
#7912=CARTESIAN_POINT('Ctrl Pts',(15.4169583572105,0.978825508139966,-0.859237489450937));
#7913=CARTESIAN_POINT('Ctrl Pts',(12.3873524704842,-9.22882495405776,-1.08322601759814));
#7914=CARTESIAN_POINT('Ctrl Pts',(3.47414891073236,-15.0516340077447,-1.30721324283166));
#7915=CARTESIAN_POINT('Ctrl Pts',(-7.09009456694545,-13.724276884729,-1.53119970241468));
#7916=CARTESIAN_POINT('Ctrl Pts',(-14.2857383855705,-5.8768533432634,-1.75518645399595));
#7917=CARTESIAN_POINT('Ctrl Pts',(-14.6950836567741,4.76229194846685,-1.97917446131986));
#7918=CARTESIAN_POINT('Ctrl Pts',(-8.12288802232169,13.1393540377582,-2.20316295280308));
#7919=CARTESIAN_POINT('Ctrl Pts',(2.30758907194482,15.2737871816331,-2.42715048050269));
#7920=CARTESIAN_POINT('Ctrl Pts',(11.6428435678496,10.1532344974521,-2.65113693116344));
#7921=CARTESIAN_POINT('Ctrl Pts',(15.4450368973265,0.207383274052573,-2.87512364258995));
#7922=CARTESIAN_POINT('Ctrl Pts',(11.9137286622842,-9.83340252555924,-3.09911126289429));
#7923=CARTESIAN_POINT('Ctrl Pts',(2.71506257667292,-15.2097417062851,-3.32310010893029));
#7924=CARTESIAN_POINT('Ctrl Pts',(-6.59415384963987,-13.5531329001029,-3.52219981159494));
#7925=CARTESIAN_POINT('Ctrl Pts',(-12.3772993939388,-8.01579122726878,-3.69641149449119));
#7926=CARTESIAN_POINT('Ctrl Pts',(-14.6701883342891,-1.5607844052978,-3.84573668080623));
#7927=CARTESIAN_POINT('Ctrl Pts',(-13.7877902374105,5.24371260409867,-3.99506157979211));
#7928=CARTESIAN_POINT('Ctrl Pts',(-9.92917651691345,10.908872816152,-4.14438655770929));
#7929=CARTESIAN_POINT('Ctrl Pts',(-3.92385362720364,14.2202778279425,-4.29371138050569));
#7930=CARTESIAN_POINT('Ctrl Pts',(2.92880112855034,14.4574730357108,-4.44303655804272));
#7931=CARTESIAN_POINT('Ctrl Pts',(9.14854492755892,11.572121144553,-4.59236171020904));
#7932=CARTESIAN_POINT('Ctrl Pts',(13.3919577621512,6.18464801114257,-4.74168597228093));
#7933=CARTESIAN_POINT('Ctrl Pts',(14.7413980481194,-0.535770575861415,-4.89101185653854));
#7934=CARTESIAN_POINT('Ctrl Pts',(12.9064193097044,-7.14698694950234,-5.04033588822119));
#7935=CARTESIAN_POINT('Ctrl Pts',(8.28182947841943,-12.2008666163437,-5.18966151464681));
#7936=CARTESIAN_POINT('Ctrl Pts',(0.799746788317245,-15.050880898567,-5.36387293238196));
#7937=CARTESIAN_POINT('Ctrl Pts',(-8.42033214229006,-12.9540837124882,-5.5629736628428));
#7938=CARTESIAN_POINT('Ctrl Pts',(-14.8015070771613,-4.42140452259061,-5.78696189914856));
#7939=CARTESIAN_POINT('Ctrl Pts',(-14.146502500455,6.20156395916361,-6.01094875902432));
#7940=CARTESIAN_POINT('Ctrl Pts',(-6.77392648314509,13.8845063431826,-6.23493515107981));
#7941=CARTESIAN_POINT('Ctrl Pts',(3.81925585260042,14.9665647007819,-6.45892233704305));
#7942=CARTESIAN_POINT('Ctrl Pts',(12.5947300639708,8.94440584991694,-6.68291051657508));
#7943=CARTESIAN_POINT('Ctrl Pts',(15.3925620345026,-1.33653518824943,-6.90689912055215));
#7944=CARTESIAN_POINT('Ctrl Pts',(11.3696718884809,-9.89404226864334,-7.10599823054961));
#7945=CARTESIAN_POINT('Ctrl Pts',(4.51947258518755,-14.0365240892876,-7.28021031477657));
#7946=CARTESIAN_POINT('Ctrl Pts',(-2.31231926077054,-14.571560445281,-7.42953528127836));
#7947=CARTESIAN_POINT('Ctrl Pts',(-8.64773016452123,-11.9468971475844,-7.57886043934619));
#7948=CARTESIAN_POINT('Ctrl Pts',(-13.6204982857776,-6.17311897122141,-7.74477643379067));
#7949=CARTESIAN_POINT('Ctrl Pts',(-15.0116543818669,2.27244014025626,-7.92728537451353));
#7950=CARTESIAN_POINT('Ctrl Pts',(-10.8348228910504,10.6318126818506,-8.12638522466137));
#7951=CARTESIAN_POINT('Ctrl Pts',(-2.5602942348116,14.962981993099,-8.3254839446661));
#7952=CARTESIAN_POINT('Ctrl Pts',(6.68612998694242,13.6282488989453,-8.52458603327592));
#7953=CARTESIAN_POINT('Ctrl Pts',(13.3989309680959,7.13533373066237,-8.72368423514642));
#7954=CARTESIAN_POINT('Ctrl Pts',(15.0410354042112,-2.06342150862227,-8.92278518901583));
#7955=CARTESIAN_POINT('Ctrl Pts',(11.4324886613262,-9.53753008553356,-9.09976270707386));
#7956=CARTESIAN_POINT('Ctrl Pts',(5.59046825003678,-13.5251097609674,-9.25461799985272));
#7957=CARTESIAN_POINT('Ctrl Pts',(-0.363104249650434,-14.6344178612447,
-9.38735112802151));
#7958=CARTESIAN_POINT('Ctrl Pts',(-6.50741212025242,-13.1733570604403,-9.52561536344357));
#7959=CARTESIAN_POINT('Ctrl Pts',(-11.6553914148809,-9.04240078122434,-9.66940933391925));
#7960=CARTESIAN_POINT('Ctrl Pts',(-14.4842647400562,-2.79465742842258,-9.81873454677869));
#7961=CARTESIAN_POINT('Ctrl Pts',(-14.1829685868733,4.05484113794588,-9.96805939489184));
#7962=CARTESIAN_POINT('Ctrl Pts',(-10.8175495513867,10.029289379668,-10.1173842830481));
#7963=CARTESIAN_POINT('Ctrl Pts',(-5.11465079731842,13.8362113058868,-10.2667094075973));
#7964=CARTESIAN_POINT('Ctrl Pts',(1.69322916972362,14.6538899017908,-10.4160341177798));
#7965=CARTESIAN_POINT('Ctrl Pts',(8.13535551270177,12.3052164610801,-10.5653592675921));
#7966=CARTESIAN_POINT('Ctrl Pts',(12.8196124121868,7.2979060621163,-10.7146841061782));
#7967=CARTESIAN_POINT('Ctrl Pts',(14.7341420678037,0.713699360684211,-10.8640090310313));
#7968=CARTESIAN_POINT('Ctrl Pts',(13.4648726004664,-6.02463525228228,-11.0133341257655));
#7969=CARTESIAN_POINT('Ctrl Pts',(9.28680691766525,-11.4613777731392,-11.1626588349369));
#7970=CARTESIAN_POINT('Ctrl Pts',(3.10123153572851,-14.4214793668935,-11.3119840263935));
#7971=CARTESIAN_POINT('Ctrl Pts',(-3.75258200246888,-14.266060175037,-11.4613087857379));
#7972=CARTESIAN_POINT('Ctrl Pts',(-9.79912146502735,-11.0273385802949,-11.6106338196194));
#7973=CARTESIAN_POINT('Ctrl Pts',(-13.7215956026471,-5.40774694256057,-11.7599587822043));
#7974=CARTESIAN_POINT('Ctrl Pts',(-14.8002659697248,2.13839787992258,-11.9258752652682));
#7975=CARTESIAN_POINT('Ctrl Pts',(-11.4223487311855,10.0008074001226,-12.1083837930101));
#7976=CARTESIAN_POINT('Ctrl Pts',(-3.39802383188476,14.7969578522253,-12.3074833576548));
#7977=CARTESIAN_POINT('Ctrl Pts',(5.12538342862292,14.048363132496,-12.4899919453837));
#7978=CARTESIAN_POINT('Ctrl Pts',(11.2611215488397,9.52425113601353,-12.6559082606096));
#7979=CARTESIAN_POINT('Ctrl Pts',(14.3529353529167,3.40850007645237,-12.8052335258831));
#7980=CARTESIAN_POINT('Ctrl Pts',(14.3420521634693,-3.4509513081861,-12.9545581821663));
#7981=CARTESIAN_POINT('Ctrl Pts',(11.2331184866344,-9.56095581621062,-13.1038833339232));
#7982=CARTESIAN_POINT('Ctrl Pts',(5.69674508924158,-13.6072867947546,-13.253208197952));
#7983=CARTESIAN_POINT('Ctrl Pts',(-1.0703999732496,-14.7121698061865,-13.4025330977118));
#7984=CARTESIAN_POINT('Ctrl Pts',(-7.60615394266219,-12.6395410182016,-13.5518581513649));
#7985=CARTESIAN_POINT('Ctrl Pts',(-12.4988795559682,-7.83419748451631,-13.7011830358242));
#7986=CARTESIAN_POINT('Ctrl Pts',(-14.6900708019717,-1.33912746378739,-13.8505079072365));
#7987=CARTESIAN_POINT('Ctrl Pts',(-13.7093304369474,5.45104524163765,-13.9998326533425));
#7988=CARTESIAN_POINT('Ctrl Pts',(-9.76261283120052,11.0518377970639,-14.1491580775715));
#7989=CARTESIAN_POINT('Ctrl Pts',(-2.70447058125531,14.8264743908913,-14.3233700576448));
#7990=CARTESIAN_POINT('Ctrl Pts',(6.71096561121609,13.9206155738106,-14.5224690864076));
#7991=CARTESIAN_POINT('Ctrl Pts',(12.8813709817734,7.53562189816904,-14.7091262906192));
#7992=CARTESIAN_POINT('Ctrl Pts',(14.4738730270597,0.957640999685247,-14.8584511291513));
#7993=CARTESIAN_POINT('Ctrl Pts',(13.7594210132881,-5.78854119508198,-15.0077772623332));
#7994=CARTESIAN_POINT('Ctrl Pts',(9.18591008501642,-11.9492898572515,-15.1695453648319));
#7995=CARTESIAN_POINT('Ctrl Pts',(1.64215618275617,-14.6571772152517,-15.3437573719733));
#7996=CARTESIAN_POINT('Ctrl Pts',(-5.15030607966999,-13.8192780028459,-15.4930826801309));
#7997=CARTESIAN_POINT('Ctrl Pts',(-11.8086000840066,-9.36575890432031,-15.6672940688682));
#7998=CARTESIAN_POINT('Ctrl Pts',(-15.4366050994892,-0.636989102712229,
-15.8663942561974));
#7999=CARTESIAN_POINT('Ctrl Pts',(-12.1759625144849,9.50752450791517,-16.0903829194313));
#8000=CARTESIAN_POINT('Ctrl Pts',(-3.13526202233069,15.1246292582859,-16.3143703857492));
#8001=CARTESIAN_POINT('Ctrl Pts',(7.39706122703038,13.56207049834,-16.5383569384112));
#8002=CARTESIAN_POINT('Ctrl Pts',(14.4141788459953,5.55385915870947,-16.7623435209291));
#8003=CARTESIAN_POINT('Ctrl Pts',(14.5842908236755,-5.09133825119881,-16.986331272979));
#8004=CARTESIAN_POINT('Ctrl Pts',(7.82554098016886,-13.3186263595567,-17.2103198073472));
#8005=CARTESIAN_POINT('Ctrl Pts',(-2.65064566974246,-15.2182349237081,-17.4343075784182));
#8006=CARTESIAN_POINT('Ctrl Pts',(-11.8676941716376,-9.88846826861701,-17.6582941970459));
#8007=CARTESIAN_POINT('Ctrl Pts',(-15.4467321159202,0.139055164397466,-17.8822806965711));
#8008=CARTESIAN_POINT('Ctrl Pts',(-11.6878275502385,10.1004378347265,-18.1062682162789));
#8009=CARTESIAN_POINT('Ctrl Pts',(-2.376024700929,15.2636389488616,-18.3302567193656));
#8010=CARTESIAN_POINT('Ctrl Pts',(8.06383357641207,13.1752980430484,-18.55424471598));
#8011=CARTESIAN_POINT('Ctrl Pts',(14.6741284925272,4.82838695496073,-18.7782314467384));
#8012=CARTESIAN_POINT('Ctrl Pts',(14.310809049371,-5.8132369008105,-19.0022179357587));
#8013=CARTESIAN_POINT('Ctrl Pts',(7.1537982357713,-13.6914309644918,-19.226205121434));
#8014=CARTESIAN_POINT('Ctrl Pts',(-3.41118918458421,-15.0688398648743,-19.4501937519392));
#8015=CARTESIAN_POINT('Ctrl Pts',(-11.3445252094823,-9.92362370388248,-19.6492940600321));
#8016=CARTESIAN_POINT('Ctrl Pts',(-14.5195167542843,-2.57348317573696,-19.8235054621466));
#8017=CARTESIAN_POINT('Ctrl Pts',(-14.1237652720592,4.26488136232976,-19.9728310046864));
#8018=CARTESIAN_POINT('Ctrl Pts',(-10.6637230219746,10.1917294967606,-20.1221553445546));
#8019=CARTESIAN_POINT('Ctrl Pts',(-4.90977158238948,13.9093876315489,-20.2714806243054));
#8020=CARTESIAN_POINT('Ctrl Pts',(1.91815622586519,14.6301929995679,-20.4208058002604));
#8021=CARTESIAN_POINT('Ctrl Pts',(7.24217619415145,12.5839740458716,-20.5452426619846));
#8022=CARTESIAN_POINT('Ctrl Pts',(12.3289527202841,8.18188237239863,-20.6945682019687));
#8023=CARTESIAN_POINT('Ctrl Pts',(14.9819951504448,1.61759598275958,-20.8438919685193));
#8024=CARTESIAN_POINT('Ctrl Pts',(13.3691484648342,-6.2269024695669,-21.0181058243081));
#8025=CARTESIAN_POINT('Ctrl Pts',(9.11493839868555,-11.6008769874948,-21.1674300026171));
#8026=CARTESIAN_POINT('Ctrl Pts',(2.88626305030629,-14.46138965119,-21.3167556303862));
#8027=CARTESIAN_POINT('Ctrl Pts',(-5.11361289009954,-14.1775616530709,-21.4909669855108));
#8028=CARTESIAN_POINT('Ctrl Pts',(-12.7942843925687,-8.66183923510987,-21.6900672751522));
#8029=CARTESIAN_POINT('Ctrl Pts',(-15.3558899260024,1.68041850943891,-21.9140559175555));
#8030=CARTESIAN_POINT('Ctrl Pts',(-10.6230217862902,11.2135779801593,-22.1380431573975));
#8031=CARTESIAN_POINT('Ctrl Pts',(-0.843288372416675,15.4250986951298,-22.3620296517446));
#8032=CARTESIAN_POINT('Ctrl Pts',(9.3369122875368,12.3058857378022,-22.5860163583955));
#8033=CARTESIAN_POINT('Ctrl Pts',(15.0816086441871,3.34209024644746,-22.8100042944975));
#8034=CARTESIAN_POINT('Ctrl Pts',(13.6614982244954,-7.21028269223995,-23.0339928379309));
#8035=CARTESIAN_POINT('Ctrl Pts',(5.75127372519626,-14.3367505182531,-23.2579803504075));
#8036=CARTESIAN_POINT('Ctrl Pts',(-4.89106585569567,-14.652741789663,-23.4819669765741));
#8037=CARTESIAN_POINT('Ctrl Pts',(-13.2099749020262,-8.00736139427064,-23.7059533640326));
#8038=CARTESIAN_POINT('Ctrl Pts',(-15.2531190262479,2.44136974514127,-23.9299414790739));
#8039=CARTESIAN_POINT('Ctrl Pts',(-10.0504401034946,11.7315654103294,-24.1539292627017));
#8040=CARTESIAN_POINT('Ctrl Pts',(-0.072304980301512,15.4461156322196,-24.3779185024945));
#8041=CARTESIAN_POINT('Ctrl Pts',(9.9384857143294,11.8272831593941,-24.6019023133598));
#8042=CARTESIAN_POINT('Ctrl Pts',(15.2312300067801,2.58084141277024,-24.8258946350428));
#8043=CARTESIAN_POINT('Ctrl Pts',(13.9305923053846,-4.38736586472108,-24.9752097795067));
#8044=CARTESIAN_POINT('Ctrl Pts',(12.2286045169994,-7.25581483112762,-25.049875262048));
#8045=CARTESIAN_POINT('Ctrl Pts',(-13.7205560110637,3.70215740081996,0.071628603076163));
#8046=CARTESIAN_POINT('Ctrl Pts',(-12.8521920625016,6.9203986472818,-0.00303300878215029));
#8047=CARTESIAN_POINT('Ctrl Pts',(-8.76715875581859,12.7092460483605,-0.152359077156972));
#8048=CARTESIAN_POINT('Ctrl Pts',(1.54498419815767,15.3623396680147,-0.376344676360121));
#8049=CARTESIAN_POINT('Ctrl Pts',(11.1145968469981,10.7139282896846,-0.600332007681488));
#8050=CARTESIAN_POINT('Ctrl Pts',(15.4083929671782,0.977436408576264,-0.824319990433821));
#8051=CARTESIAN_POINT('Ctrl Pts',(12.3799239003915,-9.22434146556485,-1.04830851858102));
#8052=CARTESIAN_POINT('Ctrl Pts',(3.47138524732235,-15.0434093289649,-1.27229574381454));
#8053=CARTESIAN_POINT('Ctrl Pts',(-7.08687991937211,-13.7162174890345,-1.49628220339756));
#8054=CARTESIAN_POINT('Ctrl Pts',(-14.2780728691874,-5.87278835910278,-1.72026895497883));
#8055=CARTESIAN_POINT('Ctrl Pts',(-14.6866086495552,4.76043165286005,-1.94425696230274));
#8056=CARTESIAN_POINT('Ctrl Pts',(-8.1176299540957,13.1324519487951,-2.16824545378596));
#8057=CARTESIAN_POINT('Ctrl Pts',(2.30713261909082,15.2651226323611,-2.39223298148558));
#8058=CARTESIAN_POINT('Ctrl Pts',(11.6368888830206,10.1469230602802,-2.61621943214632));
#8059=CARTESIAN_POINT('Ctrl Pts',(15.4364138941158,0.206424413106759,-2.84020614357283));
#8060=CARTESIAN_POINT('Ctrl Pts',(11.9065317352969,-9.82855544994589,-3.06419376387717));
#8061=CARTESIAN_POINT('Ctrl Pts',(2.71271479098429,-15.2013871314672,-3.28818260991317));
#8062=CARTESIAN_POINT('Ctrl Pts',(-6.59120733454934,-13.545196197415,-3.48728231257783));
#8063=CARTESIAN_POINT('Ctrl Pts',(-12.3708174357009,-8.01063464845084,-3.66149399547408));
#8064=CARTESIAN_POINT('Ctrl Pts',(-14.6620723334708,-1.55911124036682,-3.81081918178911));
#8065=CARTESIAN_POINT('Ctrl Pts',(-13.7797962224356,5.24153366698949,-3.96014408077499));
#8066=CARTESIAN_POINT('Ctrl Pts',(-9.92303027397327,10.9033161700704,-4.10946905869217));
#8067=CARTESIAN_POINT('Ctrl Pts',(-3.92088420529149,14.2125424427688,-4.25879388148858));
#8068=CARTESIAN_POINT('Ctrl Pts',(2.92795324979022,14.4492306821699,-4.4081190590256));
#8069=CARTESIAN_POINT('Ctrl Pts',(9.14406185549207,11.5651528431401,-4.55744421119193));
#8070=CARTESIAN_POINT('Ctrl Pts',(13.3848087129577,6.18045970475249,-4.70676847326381));
#8071=CARTESIAN_POINT('Ctrl Pts',(14.7331278149279,-0.53627589733273,-4.85609435752142));
#8072=CARTESIAN_POINT('Ctrl Pts',(12.898814210903,-7.14369541464715,-5.00541838920407));
#8073=CARTESIAN_POINT('Ctrl Pts',(8.27653364697811,-12.1944981112857,-5.15474401562969));
#8074=CARTESIAN_POINT('Ctrl Pts',(0.798478568490863,-15.0425103638236,-5.32895543336484));
#8075=CARTESIAN_POINT('Ctrl Pts',(-8.41633197227098,-12.9463824533864,-5.52805616382568));
#8076=CARTESIAN_POINT('Ctrl Pts',(-14.7934737156367,-4.41812495723452,-5.75204440013143));
#8077=CARTESIAN_POINT('Ctrl Pts',(-14.1382556605835,6.19886908013678,-5.97603126000721));
#8078=CARTESIAN_POINT('Ctrl Pts',(-6.76938185419778,13.8771140771955,-6.20001765206269));
#8079=CARTESIAN_POINT('Ctrl Pts',(3.8179375602267,14.9579894142755,-6.42400483802594));
#8080=CARTESIAN_POINT('Ctrl Pts',(12.5881772411835,8.93871820117499,-6.64799301755796));
#8081=CARTESIAN_POINT('Ctrl Pts',(15.3838841710202,-1.33662798404718,-6.87198162153503));
#8082=CARTESIAN_POINT('Ctrl Pts',(11.3627756698674,-9.88913178317041,-7.07108073153249));
#8083=CARTESIAN_POINT('Ctrl Pts',(4.51618005987931,-14.0289237763069,-7.24529281575945));
#8084=CARTESIAN_POINT('Ctrl Pts',(-2.3118218808975,-14.5632881787227,-7.39461778226125));
#8085=CARTESIAN_POINT('Ctrl Pts',(-8.64354771054634,-11.9397465224509,-7.54394294032906));
#8086=CARTESIAN_POINT('Ctrl Pts',(-13.6132208739798,-6.16892451686529,-7.70985893477355));
#8087=CARTESIAN_POINT('Ctrl Pts',(-15.0031382146473,2.27198900730443,-7.89236787549642));
#8088=CARTESIAN_POINT('Ctrl Pts',(-10.8281857305344,10.6264603993765,-8.09146772564425));
#8089=CARTESIAN_POINT('Ctrl Pts',(-2.55804633415308,14.9547567027349,-8.29056644564899));
#8090=CARTESIAN_POINT('Ctrl Pts',(6.68313601289669,13.6202655965492,-8.4896685342588));
#8091=CARTESIAN_POINT('Ctrl Pts',(13.3918297408775,7.13061306554025,-8.68876673612929));
#8092=CARTESIAN_POINT('Ctrl Pts',(15.0325146105165,-2.06308839970616,-8.88786768999873));
#8093=CARTESIAN_POINT('Ctrl Pts',(11.425576456051,-9.53282252819477,-9.06484520805671));
#8094=CARTESIAN_POINT('Ctrl Pts',(5.58660489107403,-13.5178538454459,-9.21970050083562));
#8095=CARTESIAN_POINT('Ctrl Pts',(-0.363699593865526,-14.6262167474442,
-9.35243362900436));
#8096=CARTESIAN_POINT('Ctrl Pts',(-6.50449331283949,-13.165637620511,-9.49069786442648));
#8097=CARTESIAN_POINT('Ctrl Pts',(-11.6493690229282,-9.03670960184652,-9.63449183490211));
#8098=CARTESIAN_POINT('Ctrl Pts',(-14.4763200605103,-2.7923046585033,-9.78381704776159));
#8099=CARTESIAN_POINT('Ctrl Pts',(-14.174818465532,4.05334837874869,-9.93314189587471));
#8100=CARTESIAN_POINT('Ctrl Pts',(-10.8109548034978,10.0242729949507,-10.082466784031));
#8101=CARTESIAN_POINT('Ctrl Pts',(-5.11103640130846,13.8287554853723,-10.2317919085802));
#8102=CARTESIAN_POINT('Ctrl Pts',(1.69308232378736,14.645605423547,-10.3811166187627));
#8103=CARTESIAN_POINT('Ctrl Pts',(8.13147910484134,12.2978934029828,-10.530441768575));
#8104=CARTESIAN_POINT('Ctrl Pts',(12.8128440550854,7.29312663116392,-10.679766607161));
#8105=CARTESIAN_POINT('Ctrl Pts',(14.7259440855146,0.712496262734878,-10.8290915320142));
#8106=CARTESIAN_POINT('Ctrl Pts',(13.457016443352,-6.02200210430222,-10.9784166267484));
#8107=CARTESIAN_POINT('Ctrl Pts',(9.28098974242335,-11.4554772602113,-11.1277413359198));
#8108=CARTESIAN_POINT('Ctrl Pts',(3.09871078390016,-14.4135864820385,-11.2770665273764));
#8109=CARTESIAN_POINT('Ctrl Pts',(-3.75126274503735,-14.2578801054376,-11.4263912867208));
#8110=CARTESIAN_POINT('Ctrl Pts',(-9.794245197399,-11.0206391326192,-11.5757163206023));
#8111=CARTESIAN_POINT('Ctrl Pts',(-13.7142198680457,-5.40397489272359,-11.7250412831872));
#8112=CARTESIAN_POINT('Ctrl Pts',(-14.7918753525845,2.13800996758746,-11.8909577662511));
#8113=CARTESIAN_POINT('Ctrl Pts',(-11.4154173540647,9.9958401799536,-12.0734662939929));
#8114=CARTESIAN_POINT('Ctrl Pts',(-3.39531668031527,14.7888711295201,-12.2725658586377));
#8115=CARTESIAN_POINT('Ctrl Pts',(5.12328473600926,14.0402299272349,-12.4550744463665));
#8116=CARTESIAN_POINT('Ctrl Pts',(11.2553460352361,9.51831210326723,-12.6209907615924));
#8117=CARTESIAN_POINT('Ctrl Pts',(14.3450974995491,3.40581131362553,-12.770316026866));
#8118=CARTESIAN_POINT('Ctrl Pts',(14.3338461129811,-3.44980482673262,-12.9196406831492));
#8119=CARTESIAN_POINT('Ctrl Pts',(11.2263169568171,-9.55622393066205,-13.0689658349061));
#8120=CARTESIAN_POINT('Ctrl Pts',(5.69281778294483,-13.5999907112819,-13.2182906989349));
#8121=CARTESIAN_POINT('Ctrl Pts',(-1.07060449067262,-14.7038867543755,-13.3676155986947));
#8122=CARTESIAN_POINT('Ctrl Pts',(-7.60259163700251,-12.632059907726,-13.5169406523478));
#8123=CARTESIAN_POINT('Ctrl Pts',(-12.4923197384663,-7.82913583644231,-13.6662655368071));
#8124=CARTESIAN_POINT('Ctrl Pts',(-14.6819316473505,-1.33757676859728,-13.8155904082194));
#8125=CARTESIAN_POINT('Ctrl Pts',(-13.7013689578367,5.44874556892239,-13.9649151543254));
#8126=CARTESIAN_POINT('Ctrl Pts',(-9.75655195160702,11.0461925242132,-14.1142405785544));
#8127=CARTESIAN_POINT('Ctrl Pts',(-2.70214972808312,14.8183331186436,-14.2884525586277));
#8128=CARTESIAN_POINT('Ctrl Pts',(6.70797368174506,13.912467523294,-14.4875515873905));
#8129=CARTESIAN_POINT('Ctrl Pts',(12.8745811944545,7.53070580984523,-14.674208791602));
#8130=CARTESIAN_POINT('Ctrl Pts',(14.4658338430634,0.956315705877498,-14.8235336301342));
#8131=CARTESIAN_POINT('Ctrl Pts',(13.7514131894718,-5.78605560781647,-14.9728597633161));
#8132=CARTESIAN_POINT('Ctrl Pts',(9.1801226341677,-11.9431114873982,-15.1346278658148));
#8133=CARTESIAN_POINT('Ctrl Pts',(1.64043801855833,-14.6490727217434,-15.3088398729562));
#8134=CARTESIAN_POINT('Ctrl Pts',(-5.14818113513142,-13.8112715147444,-15.4581651811138));
#8135=CARTESIAN_POINT('Ctrl Pts',(-11.8025092984934,-9.35987889856232,-15.6323765698511));
#8136=CARTESIAN_POINT('Ctrl Pts',(-15.428010505489,-0.635790400979076,-15.8314767571803));
#8137=CARTESIAN_POINT('Ctrl Pts',(-12.1686366843594,9.50287387440351,-16.0554654204142));
#8138=CARTESIAN_POINT('Ctrl Pts',(-3.13268394304507,15.1163451757502,-16.2794528867321));
#8139=CARTESIAN_POINT('Ctrl Pts',(7.39366618310281,13.5540850824808,-16.5034394393941));
#8140=CARTESIAN_POINT('Ctrl Pts',(14.4064238661533,5.54996770326753,-16.727426021912));
#8141=CARTESIAN_POINT('Ctrl Pts',(14.5758598148563,-5.0892879464135,-16.951413773962));
#8142=CARTESIAN_POINT('Ctrl Pts',(7.82043934357187,-13.311607828659,-17.1754023083301));
#8143=CARTESIAN_POINT('Ctrl Pts',(-2.64999439176232,-15.2095827077422,-17.3993900794011));
#8144=CARTESIAN_POINT('Ctrl Pts',(-11.8615993539584,-9.88229256917356,-17.6233766980287));
#8145=CARTESIAN_POINT('Ctrl Pts',(-15.4380892297218,0.139820432999697,-17.847363197554));
#8146=CARTESIAN_POINT('Ctrl Pts',(-11.6807423900804,10.0954291745254,-18.0713507172618));
#8147=CARTESIAN_POINT('Ctrl Pts',(-2.37386340331276,15.2552356853724,-18.2953392203485));
#8148=CARTESIAN_POINT('Ctrl Pts',(8.06004463640253,13.1674924677062,-18.5193272169629));
#8149=CARTESIAN_POINT('Ctrl Pts',(14.666188616287,4.82488688976905,-18.7433139477213));
#8150=CARTESIAN_POINT('Ctrl Pts',(14.3024915238524,-5.81076813918269,-18.9673004367416));
#8151=CARTESIAN_POINT('Ctrl Pts',(7.14905177828659,-13.6841672830088,-19.1912876224168));
#8152=CARTESIAN_POINT('Ctrl Pts',(-3.41010456423398,-15.0602298211105,-19.4152762529221));
#8153=CARTESIAN_POINT('Ctrl Pts',(-11.3387248192241,-9.91745659400946,-19.614376561015));
#8154=CARTESIAN_POINT('Ctrl Pts',(-14.511540379421,-2.57125234479074,-19.7885879631295));
#8155=CARTESIAN_POINT('Ctrl Pts',(-14.1156364912825,4.26326831080571,-19.9379135056692));
#8156=CARTESIAN_POINT('Ctrl Pts',(-10.6572057184284,10.1866137466276,-20.0872378455375));
#8157=CARTESIAN_POINT('Ctrl Pts',(-4.90626751405998,13.9018795947837,-20.2365631252883));
#8158=CARTESIAN_POINT('Ctrl Pts',(1.91788200518794,14.6219098296069,-20.3858883012432));
#8159=CARTESIAN_POINT('Ctrl Pts',(7.23881489364667,12.5765432700381,-20.5103251629675));
#8160=CARTESIAN_POINT('Ctrl Pts',(12.3225064516636,8.17663631371635,-20.6596507029516));
#8161=CARTESIAN_POINT('Ctrl Pts',(14.9737079498303,1.61587357696903,-20.8089744695022));
#8162=CARTESIAN_POINT('Ctrl Pts',(13.3613347931169,-6.22415087915911,-20.983188325291));
#8163=CARTESIAN_POINT('Ctrl Pts',(9.10920971176916,-11.5948891845385,-21.1325125036));
#8164=CARTESIAN_POINT('Ctrl Pts',(2.88386022445859,-14.4534626696507,-21.2818381313691));
#8165=CARTESIAN_POINT('Ctrl Pts',(-5.11152769839534,-14.1693568761305,-21.4560494864938));
#8166=CARTESIAN_POINT('Ctrl Pts',(-12.7876047516692,-8.6562986522202,-21.6551497761351));
#8167=CARTESIAN_POINT('Ctrl Pts',(-15.3472136454452,1.68031711588629,-21.8791384185384));
#8168=CARTESIAN_POINT('Ctrl Pts',(-10.6164711725757,11.2078889379666,-22.1031256583803));
#8169=CARTESIAN_POINT('Ctrl Pts',(-0.841975104537413,15.4165215058013,-22.3271121527275));
#8170=CARTESIAN_POINT('Ctrl Pts',(9.33236419429558,12.2984967378269,-22.5510988593784));
#8171=CARTESIAN_POINT('Ctrl Pts',(15.0733598583913,3.33939880475951,-22.7750867954804));
#8172=CARTESIAN_POINT('Ctrl Pts',(13.6534674473002,-7.20699743257913,-22.9990753389138));
#8173=CARTESIAN_POINT('Ctrl Pts',(5.74727610363207,-14.3290496536753,-23.2230628513904));
#8174=CARTESIAN_POINT('Ctrl Pts',(-4.88913120308889,-14.6442833656709,-23.4470494775569));
#8175=CARTESIAN_POINT('Ctrl Pts',(-13.2030271097643,-8.00216417777627,-23.6710358650154));
#8176=CARTESIAN_POINT('Ctrl Pts',(-15.2444585890459,2.44083761389854,-23.8950239800568));
#8177=CARTESIAN_POINT('Ctrl Pts',(-10.0441815529298,11.7255550589459,-24.1190117636846));
#8178=CARTESIAN_POINT('Ctrl Pts',(-0.0714210733334055,15.4374855349196,
-24.3430010034774));
#8179=CARTESIAN_POINT('Ctrl Pts',(9.93357419812335,11.8201271006727,-24.5669848143426));
#8180=CARTESIAN_POINT('Ctrl Pts',(15.2228581547202,2.57857112276191,-24.7909771360257));
#8181=CARTESIAN_POINT('Ctrl Pts',(13.9225620028742,-4.38567894493627,-24.9402922804896));
#8182=CARTESIAN_POINT('Ctrl Pts',(12.2213724117243,-7.25242601114459,-25.0149577630308));
#8183=CARTESIAN_POINT('Ctrl Pts',(-13.7204693349391,3.70247860108542,0.0865863661069924));
#8184=CARTESIAN_POINT('Ctrl Pts',(-12.8520293893813,6.92070210108579,0.011924754248679));
#8185=CARTESIAN_POINT('Ctrl Pts',(-8.76686174720717,12.7094496080264,-0.137401314126142));
#8186=CARTESIAN_POINT('Ctrl Pts',(1.54534407062729,15.3623043774247,-0.361386913329292));
#8187=CARTESIAN_POINT('Ctrl Pts',(11.1148475857358,10.7136677141667,-0.585374244650659));
#8188=CARTESIAN_POINT('Ctrl Pts',(15.4084159678303,0.977075916611116,-0.809362227402992));
#8189=CARTESIAN_POINT('Ctrl Pts',(12.3797079701402,-9.22463143084332,-1.03335075555019));
#8190=CARTESIAN_POINT('Ctrl Pts',(3.47103310734825,-15.0434905910992,-1.25733798078371));
#8191=CARTESIAN_POINT('Ctrl Pts',(-7.08720105456334,-13.7160516654661,-1.48132444036674));
#8192=CARTESIAN_POINT('Ctrl Pts',(-14.278210400476,-5.87245411175221,-1.705311191948));
#8193=CARTESIAN_POINT('Ctrl Pts',(-14.6864972644615,4.76077547943126,-1.92929919927191));
#8194=CARTESIAN_POINT('Ctrl Pts',(-8.11732254750864,13.132642036698,-2.15328769075513));
#8195=CARTESIAN_POINT('Ctrl Pts',(2.30748998395713,15.2650686778574,-2.37727521845475));
#8196=CARTESIAN_POINT('Ctrl Pts',(11.6371264744302,10.1466506735354,-2.60126166911549));
#8197=CARTESIAN_POINT('Ctrl Pts',(15.4364187720809,0.206063049449124,-2.825248380542));
#8198=CARTESIAN_POINT('Ctrl Pts',(11.9063017130734,-9.82883423302133,-3.04923600084634));
#8199=CARTESIAN_POINT('Ctrl Pts',(2.71235888833734,-15.2014506685136,-3.27322484688234));
#8200=CARTESIAN_POINT('Ctrl Pts',(-6.59152437058014,-13.5450419955757,-3.472324549547));
#8201=CARTESIAN_POINT('Ctrl Pts',(-12.3710050334798,-8.01034505963535,-3.64653623244325));
#8202=CARTESIAN_POINT('Ctrl Pts',(-14.6621088872633,-1.55876800522645,-3.79586141875829));
#8203=CARTESIAN_POINT('Ctrl Pts',(-13.7796735482338,5.24185626459573,-3.94518631774416));
#8204=CARTESIAN_POINT('Ctrl Pts',(-9.9227751095653,10.9035485373731,-4.09451129566135));
#8205=CARTESIAN_POINT('Ctrl Pts',(-3.92055140429491,14.2126342302297,-4.24383611845775));
#8206=CARTESIAN_POINT('Ctrl Pts',(2.92829134558717,14.4491622928453,-4.39316129599477));
#8207=CARTESIAN_POINT('Ctrl Pts',(9.14433273591185,11.5649387293628,-4.5424864481611));
#8208=CARTESIAN_POINT('Ctrl Pts',(13.3849534380036,6.18014638316082,-4.69181071023298));
#8209=CARTESIAN_POINT('Ctrl Pts',(14.7331153145941,-0.536620669040117,-4.84113659449059));
#8210=CARTESIAN_POINT('Ctrl Pts',(12.8986469789316,-7.14399760296714,-4.99046062617324));
#8211=CARTESIAN_POINT('Ctrl Pts',(8.27624824959113,-12.1946918059274,-5.13978625259887));
#8212=CARTESIAN_POINT('Ctrl Pts',(0.798126311801211,-15.0425291894264,-5.31399767033401));
#8213=CARTESIAN_POINT('Ctrl Pts',(-8.41663502367781,-12.9461854328502,-5.51309840079486));
#8214=CARTESIAN_POINT('Ctrl Pts',(-14.7935772276686,-4.4177786741722,-5.7370866371006));
#8215=CARTESIAN_POINT('Ctrl Pts',(-14.1381105836159,6.19920009121434,-5.96107349697639));
#8216=CARTESIAN_POINT('Ctrl Pts',(-6.76905701551386,13.8772726006577,-6.18505988903185));
#8217=CARTESIAN_POINT('Ctrl Pts',(3.81828773866552,14.9579000848176,-6.40904707499512));
#8218=CARTESIAN_POINT('Ctrl Pts',(12.5883865624091,8.93842355802985,-6.63303525452712));
#8219=CARTESIAN_POINT('Ctrl Pts',(15.3838528997795,-1.3369881632962,-6.85702385850422));
#8220=CARTESIAN_POINT('Ctrl Pts',(11.3625442803912,-9.88939776001381,-7.05612296850165));
#8221=CARTESIAN_POINT('Ctrl Pts',(4.51585162717687,-14.02902956414,-7.23033505272863));
#8222=CARTESIAN_POINT('Ctrl Pts',(-2.31216279817822,-14.56323412401,-7.37966001923042));
#8223=CARTESIAN_POINT('Ctrl Pts',(-8.64382727766606,-11.9395441849465,-7.52898517729823));
#8224=CARTESIAN_POINT('Ctrl Pts',(-13.6133653166487,-6.16860589814596,-7.69490117174272));
#8225=CARTESIAN_POINT('Ctrl Pts',(-15.0030851147236,2.27234024821693,-7.87741011246559));
#8226=CARTESIAN_POINT('Ctrl Pts',(-10.8279369451733,10.6267139362537,-8.07650996261342));
#8227=CARTESIAN_POINT('Ctrl Pts',(-2.55769624942528,14.9548167077811,-8.27560868261815));
#8228=CARTESIAN_POINT('Ctrl Pts',(6.68345486860454,13.6201090718019,-8.47471077122798));
#8229=CARTESIAN_POINT('Ctrl Pts',(13.3919967733421,7.13029979721002,-8.67380897309847));
#8230=CARTESIAN_POINT('Ctrl Pts',(15.0324662411434,-2.06344050969886,-8.87290992696789));
#8231=CARTESIAN_POINT('Ctrl Pts',(11.4253535427853,-9.53308988925341,-9.0498874450259));
#8232=CARTESIAN_POINT('Ctrl Pts',(5.58628843361861,-13.5179846699496,-9.20474273780477));
#8233=CARTESIAN_POINT('Ctrl Pts',(-0.364042139205598,-14.6262083379972,
-9.33747586597356));
#8234=CARTESIAN_POINT('Ctrl Pts',(-6.50480148896629,-13.1654853558471,-9.47574010139563));
#8235=CARTESIAN_POINT('Ctrl Pts',(-11.6495806522823,-9.03643694221549,-9.61953407187129));
#8236=CARTESIAN_POINT('Ctrl Pts',(-14.4763854645994,-2.79196576394293,-9.76885928473076));
#8237=CARTESIAN_POINT('Ctrl Pts',(-14.1747236376476,4.05368022404281,-9.91818413284387));
#8238=CARTESIAN_POINT('Ctrl Pts',(-10.8107201681749,10.0245261220332,-10.0675090210002));
#8239=CARTESIAN_POINT('Ctrl Pts',(-5.11071268832277,13.8288751857262,-10.2168341455493));
#8240=CARTESIAN_POINT('Ctrl Pts',(1.69342518840858,14.6455658432491,-10.3661588557319));
#8241=CARTESIAN_POINT('Ctrl Pts',(8.13176703097956,12.2977030882443,-10.5154840055442));
#8242=CARTESIAN_POINT('Ctrl Pts',(12.813014836679,7.292826706953,-10.6648088441302));
#8243=CARTESIAN_POINT('Ctrl Pts',(14.7259608198583,0.712151526996702,-10.8141337689834));
#8244=CARTESIAN_POINT('Ctrl Pts',(13.4568755165149,-6.02231715764462,-10.9634588637176));
#8245=CARTESIAN_POINT('Ctrl Pts',(9.28072160207814,-11.4556945745909,-11.112783572889));
#8246=CARTESIAN_POINT('Ctrl Pts',(3.09837336860808,-14.4136590737564,-11.2621087643456));
#8247=CARTESIAN_POINT('Ctrl Pts',(-3.75159653669764,-14.2577923467863,-11.4114335236899));
#8248=CARTESIAN_POINT('Ctrl Pts',(-9.79450323443599,-11.0204098753203,-11.5607585575715));
#8249=CARTESIAN_POINT('Ctrl Pts',(-13.7143464186807,-5.40365388594816,-11.7100835201563));
#8250=CARTESIAN_POINT('Ctrl Pts',(-14.7918253644255,2.13835633688961,-11.8760000032203));
#8251=CARTESIAN_POINT('Ctrl Pts',(-11.4151834174496,9.99610735869839,-12.0585085309621));
#8252=CARTESIAN_POINT('Ctrl Pts',(-3.39497047753937,14.7889507201313,-12.2576080956069));
#8253=CARTESIAN_POINT('Ctrl Pts',(5.12361348305529,14.0401100141473,-12.4401166833357));
#8254=CARTESIAN_POINT('Ctrl Pts',(11.2555688666228,9.5180486675412,-12.6060329985616));
#8255=CARTESIAN_POINT('Ctrl Pts',(14.3451773040112,3.40547549377844,-12.7553582638352));
#8256=CARTESIAN_POINT('Ctrl Pts',(14.3337653950706,-3.45014039349035,-12.9046829201183));
#8257=CARTESIAN_POINT('Ctrl Pts',(11.2260932896399,-9.55648677801596,-13.0540080718752));
#8258=CARTESIAN_POINT('Ctrl Pts',(5.69249942407413,-13.6001240338427,-13.203332935904));
#8259=CARTESIAN_POINT('Ctrl Pts',(-1.07094871829109,-14.7038617398975,-13.3526578356638));
#8260=CARTESIAN_POINT('Ctrl Pts',(-7.60288737833679,-12.6318819895651,-13.5019828893169));
#8261=CARTESIAN_POINT('Ctrl Pts',(-12.492503080213,-7.82884338222067,-13.6513077737762));
#8262=CARTESIAN_POINT('Ctrl Pts',(-14.6819629878445,-1.33723321742318,-13.8006326451886));
#8263=CARTESIAN_POINT('Ctrl Pts',(-13.7012414414582,5.44906655962805,-13.9499573912946));
#8264=CARTESIAN_POINT('Ctrl Pts',(-9.75629341764802,11.0464208339082,-14.0992828155236));
#8265=CARTESIAN_POINT('Ctrl Pts',(-2.70180275644243,14.818396566392,-14.2734947955969));
#8266=CARTESIAN_POINT('Ctrl Pts',(6.70829938986754,13.9123103970558,-14.4725938243597));
#8267=CARTESIAN_POINT('Ctrl Pts',(12.8747574840031,7.53040460515406,-14.6592510285712));
#8268=CARTESIAN_POINT('Ctrl Pts',(14.4658562902949,0.955977071928155,-14.8085758671034));
#8269=CARTESIAN_POINT('Ctrl Pts',(13.7512777445844,-5.78637776170063,-14.9579020002852));
#8270=CARTESIAN_POINT('Ctrl Pts',(9.17984309658043,-11.9433262704318,-15.1196701027839));
#8271=CARTESIAN_POINT('Ctrl Pts',(1.64009518138211,-14.649111264126,-15.2938821099253));
#8272=CARTESIAN_POINT('Ctrl Pts',(-5.14850444593905,-13.8111510122244,-15.443207418083));
#8273=CARTESIAN_POINT('Ctrl Pts',(-11.8027286598196,-9.3596025312454,-15.6174188068202));
#8274=CARTESIAN_POINT('Ctrl Pts',(-15.4280253295707,-0.635429290129029,
-15.8165189941494));
#8275=CARTESIAN_POINT('Ctrl Pts',(-12.1684143251256,9.50315881119428,-16.0405076573833));
#8276=CARTESIAN_POINT('Ctrl Pts',(-3.13233004613871,15.1164185526103,-16.2644951237013));
#8277=CARTESIAN_POINT('Ctrl Pts',(7.39398349849659,13.5539120536858,-16.4884816763633));
#8278=CARTESIAN_POINT('Ctrl Pts',(14.406553854204,5.54963046169831,-16.7124682588812));
#8279=CARTESIAN_POINT('Ctrl Pts',(14.5757407230192,-5.08962918736637,-16.9364560109311));
#8280=CARTESIAN_POINT('Ctrl Pts',(7.82012774702923,-13.3117909574651,-17.1604445452993));
#8281=CARTESIAN_POINT('Ctrl Pts',(-2.65035046270377,-15.2095207267286,-17.3844323163702));
#8282=CARTESIAN_POINT('Ctrl Pts',(-11.8618307441721,-9.8820149229651,-17.6084189349979));
#8283=CARTESIAN_POINT('Ctrl Pts',(-15.4380860140009,0.140181842322772,-17.8324054345231));
#8284=CARTESIAN_POINT('Ctrl Pts',(-11.6805060970303,10.0957026621322,-18.056392954231));
#8285=CARTESIAN_POINT('Ctrl Pts',(-2.37350628319667,15.2552913121994,-18.2803814573177));
#8286=CARTESIAN_POINT('Ctrl Pts',(8.06035291978111,13.1673038337736,-18.5043694539321));
#8287=CARTESIAN_POINT('Ctrl Pts',(14.6663016236865,4.82454355958075,-18.7283561846905));
#8288=CARTESIAN_POINT('Ctrl Pts',(14.3023555430181,-5.81110296788776,-18.9523426737107));
#8289=CARTESIAN_POINT('Ctrl Pts',(7.14873145995368,-13.6843347286651,-19.176329859386));
#8290=CARTESIAN_POINT('Ctrl Pts',(-3.410457150053,-15.0601499779147,-19.4003184898913));
#8291=CARTESIAN_POINT('Ctrl Pts',(-11.3389570123443,-9.91719131732987,-19.5994187979842));
#8292=CARTESIAN_POINT('Ctrl Pts',(-14.5116005761009,-2.57091253309939,-19.7736302000986));
#8293=CARTESIAN_POINT('Ctrl Pts',(-14.1155368684866,4.26359861913983,-19.9229557426385));
#8294=CARTESIAN_POINT('Ctrl Pts',(-10.6569671519663,10.1868633444939,-20.0722800825067));
#8295=CARTESIAN_POINT('Ctrl Pts',(-4.905942178771,13.9019945528914,-20.2216053622575));
#8296=CARTESIAN_POINT('Ctrl Pts',(1.91822446016836,14.6218648489648,-20.3709305382124));
#8297=CARTESIAN_POINT('Ctrl Pts',(7.23910909505331,12.5763741110152,-20.4953673999366));
#8298=CARTESIAN_POINT('Ctrl Pts',(12.3226981093663,8.17634755378653,-20.6446929399208));
#8299=CARTESIAN_POINT('Ctrl Pts',(14.9737458251137,1.61552324033627,-20.7940167064713));
#8300=CARTESIAN_POINT('Ctrl Pts',(13.3611891302396,-6.22446375329038,-20.9682305622602));
#8301=CARTESIAN_POINT('Ctrl Pts',(9.10893829790947,-11.5951024469055,-21.1175547405691));
#8302=CARTESIAN_POINT('Ctrl Pts',(2.88352190505709,-14.4535302535602,-21.2668803683383));
#8303=CARTESIAN_POINT('Ctrl Pts',(-5.11185952278522,-14.1692372345048,-21.4410917234629));
#8304=CARTESIAN_POINT('Ctrl Pts',(-12.7878073947355,-8.65599934171178,-21.6401920131043));
#8305=CARTESIAN_POINT('Ctrl Pts',(-15.347174390716,1.68067641351774,-21.8641806555075));
#8306=CARTESIAN_POINT('Ctrl Pts',(-10.6162088199538,11.2081375082649,-22.0881678953496));
#8307=CARTESIAN_POINT('Ctrl Pts',(-0.841614209431458,15.4165412774434,-22.3121543896966));
#8308=CARTESIAN_POINT('Ctrl Pts',(9.33265214202079,12.2982783071568,-22.5361410963476));
#8309=CARTESIAN_POINT('Ctrl Pts',(15.0734380907688,3.33904595099044,-22.7601290324495));
#8310=CARTESIAN_POINT('Ctrl Pts',(13.6532987771839,-7.20731709835349,-22.984117575883));
#8311=CARTESIAN_POINT('Ctrl Pts',(5.74694068608902,-14.3291842368224,-23.2081050883596));
#8312=CARTESIAN_POINT('Ctrl Pts',(-4.88947406252712,-14.6441689928899,-23.4320917145261));
#8313=CARTESIAN_POINT('Ctrl Pts',(-13.2032144619143,-8.00185506689946,-23.6560781019846));
#8314=CARTESIAN_POINT('Ctrl Pts',(-15.2444015613989,2.44119439501132,-23.8800662170259));
#8315=CARTESIAN_POINT('Ctrl Pts',(-10.0439069841204,11.7257904387552,-24.1040540006538));
#8316=CARTESIAN_POINT('Ctrl Pts',(-0.0710598861144695,15.4374868805505,
-24.3280432404465));
#8317=CARTESIAN_POINT('Ctrl Pts',(9.93385135300121,11.8198953470407,-24.5520270513118));
#8318=CARTESIAN_POINT('Ctrl Pts',(15.2229177205386,2.57821318291084,-24.7760193729949));
#8319=CARTESIAN_POINT('Ctrl Pts',(13.9224606528274,-4.38600256143008,-24.9253345174588));
#8320=CARTESIAN_POINT('Ctrl Pts',(12.2212026235779,-7.2527121131307,-25.));
#8321=CARTESIAN_POINT('',(-13.7692531104048,3.71364820246642,-8.18898717160337E-16));
#8322=CARTESIAN_POINT('Ctrl Pts',(-12.2144822768528,7.25016396798062,-3.68722089465201E-7));
#8323=CARTESIAN_POINT('Ctrl Pts',(-12.3563788822159,7.01163733406244,-6.3544770787679E-7));
#8324=CARTESIAN_POINT('Ctrl Pts',(-12.4914980586137,6.7700666403345,2.84372551142037E-5));
#8325=CARTESIAN_POINT('Ctrl Pts',(-12.6200360103147,6.52519485538962,4.19010633490348E-5));
#8326=CARTESIAN_POINT('Ctrl Pts',(-12.7252250423505,6.32480403158746,5.29191707406212E-5));
#8327=CARTESIAN_POINT('Ctrl Pts',(-12.8260060662147,6.12220223387767,5.21499262728674E-5));
#8328=CARTESIAN_POINT('Ctrl Pts',(-12.9224703170332,5.91722968912552,3.87584403889214E-5));
#8329=CARTESIAN_POINT('Ctrl Pts',(-12.9833660521614,5.78783508244078,3.03046933225875E-5));
#8330=CARTESIAN_POINT('Ctrl Pts',(-13.0425412040811,5.65749534131571,1.73152020606858E-5));
#8331=CARTESIAN_POINT('Ctrl Pts',(-13.1000157873769,5.52616586188365,9.32676063404922E-6));
#8332=CARTESIAN_POINT('Ctrl Pts',(-13.1393797381701,5.4362191955552,3.85553148889056E-6));
#8333=CARTESIAN_POINT('Ctrl Pts',(-13.1779460080335,5.34580819618533,9.26260197766773E-7));
#8334=CARTESIAN_POINT('Ctrl Pts',(-13.2157172807712,5.2549162754529,4.75086433773808E-6));
#8335=CARTESIAN_POINT('Ctrl Pts',(-13.2669205162765,5.13170198889424,9.9355481542857E-6));
#8336=CARTESIAN_POINT('Ctrl Pts',(-13.3145346437103,5.01270933661659,4.38216114345187E-5));
#8337=CARTESIAN_POINT('Ctrl Pts',(-13.3590539716076,4.89779637254712,7.83765920142065E-5));
#8338=CARTESIAN_POINT('Ctrl Pts',(-13.404335991524,4.78091475340754,0.000113523558348215));
#8339=CARTESIAN_POINT('Ctrl Pts',(-13.4464163476026,4.66825358233678,0.000149080521384057));
#8340=CARTESIAN_POINT('Ctrl Pts',(-13.4857766371489,4.55962711517615,0.000167198894868836));
#8341=CARTESIAN_POINT('Ctrl Pts',(-13.5254093292252,4.45024887192805,0.000185442660997651));
#8342=CARTESIAN_POINT('Ctrl Pts',(-13.5622841271931,4.34496107854542,0.000185646418668836));
#8343=CARTESIAN_POINT('Ctrl Pts',(-13.5968538001645,4.24354156878934,0.000166071122711341));
#8344=CARTESIAN_POINT('Ctrl Pts',(-13.6312263917962,4.1427002505851,0.000146607425308942));
#8345=CARTESIAN_POINT('Ctrl Pts',(-13.6633199251898,4.04568291346553,0.000107133375721837));
#8346=CARTESIAN_POINT('Ctrl Pts',(-13.6935427407439,3.95224384264352,6.81741159697883E-5));
#8347=CARTESIAN_POINT('Ctrl Pts',(-13.7201440832895,3.87000118309923,3.38831806287404E-5));
#8348=CARTESIAN_POINT('Ctrl Pts',(-13.74529561466,3.79053013051137,4.29708371500133E-16));
#8349=CARTESIAN_POINT('Ctrl Pts',(-13.7692531104048,3.71364820246634,4.33680868994202E-16));
#8350=CARTESIAN_POINT('',(13.7692531104051,-3.71364820246538,-25.));
#8351=CARTESIAN_POINT('Ctrl Pts',(-13.7692531104048,3.71364820246634,4.33680868994202E-16));
#8352=CARTESIAN_POINT('Ctrl Pts',(-12.898193263678,6.94331424781918,-0.074661611858313));
#8353=CARTESIAN_POINT('Ctrl Pts',(-8.79943447248226,12.7529858351158,-0.223987680233134));
#8354=CARTESIAN_POINT('Ctrl Pts',(1.5487002682932,15.4165734087516,-0.447973279436284));
#8355=CARTESIAN_POINT('Ctrl Pts',(11.1525086203283,10.7528751133293,-0.671960610757651));
#8356=CARTESIAN_POINT('Ctrl Pts',(15.4625054371825,0.982602308517018,-0.895948593509984));
#8357=CARTESIAN_POINT('Ctrl Pts',(12.424521974426,-9.2554150614544,-1.11993712165719));
#8358=CARTESIAN_POINT('Ctrl Pts',(3.48528622688267,-15.0959579255436,-1.3439243468907));
#8359=CARTESIAN_POINT('Ctrl Pts',(-7.11028201883762,-13.7652785784724,-1.56791080647373));
#8360=CARTESIAN_POINT('Ctrl Pts',(-14.3276593002966,-5.89505407171552,-1.79189755805499));
#8361=CARTESIAN_POINT('Ctrl Pts',(-14.7388238869687,4.7755382923579,-2.0158855653789));
#8362=CARTESIAN_POINT('Ctrl Pts',(-8.14766690779897,13.1777554914769,-2.23987405686213));
#8363=CARTESIAN_POINT('Ctrl Pts',(2.31354133337968,15.3190988216656,-2.46386158456174));
#8364=CARTESIAN_POINT('Ctrl Pts',(11.6767022367435,10.1839335291613,-2.68784803522249));
#8365=CARTESIAN_POINT('Ctrl Pts',(15.4907112670801,0.208880058772484,-2.911834746649));
#8366=CARTESIAN_POINT('Ctrl Pts',(11.949531690102,-9.8618081940755,-3.13582236695334));
#8367=CARTESIAN_POINT('Ctrl Pts',(2.72396365598012,-15.2545766733236,-3.35981121298933));
#8368=CARTESIAN_POINT('Ctrl Pts',(-6.61288423395749,-13.5935999572959,-3.55891091565399));
#8369=CARTESIAN_POINT('Ctrl Pts',(-12.4134528014502,-8.04020975467296,-3.73312259855024));
#8370=CARTESIAN_POINT('Ctrl Pts',(-14.7134932898908,-1.56624022249184,-3.88244778486528));
#8371=CARTESIAN_POINT('Ctrl Pts',(-13.8288742719583,5.25843487917716,-4.03177268385116));
#8372=CARTESIAN_POINT('Ctrl Pts',(-9.95917074061292,10.9405731936487,-4.18109766176834));
#8373=CARTESIAN_POINT('Ctrl Pts',(-3.93627377474928,14.2621168825139,-4.33042248456474));
#8374=CARTESIAN_POINT('Ctrl Pts',(2.93663784958405,14.500405408309,-4.47974766210176));
#8375=CARTESIAN_POINT('Ctrl Pts',(9.17494421124281,11.6068746967855,-4.6290728142681));
#8376=CARTESIAN_POINT('Ctrl Pts',(13.4312172889739,6.20370805509975,-4.77839707633997));
#8377=CARTESIAN_POINT('Ctrl Pts',(14.7850335454659,-0.536512456166249,-4.92772296059759));
#8378=CARTESIAN_POINT('Ctrl Pts',(12.9450051595643,-7.16738920426631,-5.07704699228023));
#8379=CARTESIAN_POINT('Ctrl Pts',(8.30702475891378,-12.2364830974372,-5.22637261870587));
#8380=CARTESIAN_POINT('Ctrl Pts',(0.80297340054116,-15.095355361705,-5.40058403644099));
#8381=CARTESIAN_POINT('Ctrl Pts',(-8.44449856599565,-12.9928833626842,-5.59968476690186));
#8382=CARTESIAN_POINT('Ctrl Pts',(-14.8450368235158,-4.43532950343563,-5.82367300320759));
#8383=CARTESIAN_POINT('Ctrl Pts',(-14.1887023745952,6.21909900390156,-6.04765986308337));
#8384=CARTESIAN_POINT('Ctrl Pts',(-6.79475776808167,13.9251891053159,-6.27164625513886));
#8385=CARTESIAN_POINT('Ctrl Pts',(3.82969717850296,15.0110540459703,-6.4956334411021));
#8386=CARTESIAN_POINT('Ctrl Pts',(12.6314735219622,8.97158359961194,-6.71962162063413));
#8387=CARTESIAN_POINT('Ctrl Pts',(15.4381695243766,-1.33960824092038,-6.9436102246112));
#8388=CARTESIAN_POINT('Ctrl Pts',(11.4038689942281,-9.92265853049353,-7.14270933460865));
#8389=CARTESIAN_POINT('Ctrl Pts',(4.53364396476055,-14.0777854430631,-7.31692141883562));
#8390=CARTESIAN_POINT('Ctrl Pts',(-2.31832570077201,-14.6147951606248,-7.46624638533741));
#8391=CARTESIAN_POINT('Ctrl Pts',(-8.67262672030288,-11.9827305543925,-7.61557154340522));
#8392=CARTESIAN_POINT('Ctrl Pts',(-13.6604345079381,-6.19215791277919,-7.78148753784973));
#8393=CARTESIAN_POINT('Ctrl Pts',(-15.0561885807644,2.27830340938944,-7.96399647857256));
#8394=CARTESIAN_POINT('Ctrl Pts',(-10.867480305458,10.6626417539366,-8.16309632872042));
#8395=CARTESIAN_POINT('Ctrl Pts',(-2.5687233398393,15.0070957723059,-8.36219504872514));
#8396=CARTESIAN_POINT('Ctrl Pts',(6.70512806062071,13.6689436509513,-8.56129713733497));
#8397=CARTESIAN_POINT('Ctrl Pts',(13.4381566488969,7.1572059926991,-8.76039533920545));
#8398=CARTESIAN_POINT('Ctrl Pts',(15.0856447895189,-2.06866457565832,-8.95949629307489));
#8399=CARTESIAN_POINT('Ctrl Pts',(11.4668509957113,-9.56508830849005,-9.13647381113289));
#8400=CARTESIAN_POINT('Ctrl Pts',(5.60777836025935,-13.5647971320224,-9.29132910391178));
#8401=CARTESIAN_POINT('Ctrl Pts',(-0.363341113842385,-14.6777269784484,
-9.42406223208054));
#8402=CARTESIAN_POINT('Ctrl Pts',(-6.52590761232648,-13.212695913743,-9.56232646750263));
#8403=CARTESIAN_POINT('Ctrl Pts',(-11.6893506920282,-9.06981466775841,-9.70612043797827));
#8404=CARTESIAN_POINT('Ctrl Pts',(-14.5269491928409,-2.80375240867916,-9.85544565083776));
#8405=CARTESIAN_POINT('Ctrl Pts',(-14.2251535174154,4.06602413763254,-10.0047704989509));
#8406=CARTESIAN_POINT('Ctrl Pts',(-10.8501213370613,10.0583371871231,-10.1540953871072));
#8407=CARTESIAN_POINT('Ctrl Pts',(-5.13057120488848,13.876846112726,-10.3034205116563));
#8408=CARTESIAN_POINT('Ctrl Pts',(1.69739960965124,14.6973327546867,-10.4527452218389));
#8409=CARTESIAN_POINT('Ctrl Pts',(8.15871600864155,12.3420804188,-10.6020703716512));
#8410=CARTESIAN_POINT('Ctrl Pts',(12.8571152625143,7.32022636990515,-10.7513952102372));
#8411=CARTESIAN_POINT('Ctrl Pts',(14.7776846459113,0.716653172348733,-10.9007201350904));
#8412=CARTESIAN_POINT('Ctrl Pts',(13.5050460857793,-6.04168594124545,-11.0500452298246));
#8413=CARTESIAN_POINT('Ctrl Pts',(9.31493268537383,-11.4947492290527,-11.199369938996));
#8414=CARTESIAN_POINT('Ctrl Pts',(3.11122975458425,-14.4639605461432,-11.3486951304526));
#8415=CARTESIAN_POINT('Ctrl Pts',(-3.76286616728462,-14.308473606424,-11.4980198897969));
#8416=CARTESIAN_POINT('Ctrl Pts',(-9.82747643775985,-11.060517765971,-11.6473449236785));
#8417=CARTESIAN_POINT('Ctrl Pts',(-13.7618746233082,-5.42452773572399,-11.7966698862633));
#8418=CARTESIAN_POINT('Ctrl Pts',(-14.8441672550979,2.14387664063558,-11.9625863693272));
#8419=CARTESIAN_POINT('Ctrl Pts',(-11.4567078280895,10.0297365044878,-12.1450948970691));
#8420=CARTESIAN_POINT('Ctrl Pts',(-3.40892144018126,14.8405326420259,-12.3441944617139));
#8421=CARTESIAN_POINT('Ctrl Pts',(5.13974071063195,14.090211184335,-12.5267030494427));
#8422=CARTESIAN_POINT('Ctrl Pts',(11.2938871215419,9.55306777939903,-12.6926193646686));
#8423=CARTESIAN_POINT('Ctrl Pts',(14.3951961733725,3.41940328505247,-12.8419446299421));
#8424=CARTESIAN_POINT('Ctrl Pts',(14.3846731501451,-3.46033891096253,-12.9912692862253));
#8425=CARTESIAN_POINT('Ctrl Pts',(11.2668927207435,-9.58859453329591,-13.1405944379822));
#8426=CARTESIAN_POINT('Ctrl Pts',(5.71437423604356,-13.6472111492766,-13.289919302011));
#8427=CARTESIAN_POINT('Ctrl Pts',(-1.07272475844754,-14.75574943795,-13.4392442017708));
#8428=CARTESIAN_POINT('Ctrl Pts',(-7.62792995357065,-12.6773636168341,-13.5885692554239));
#8429=CARTESIAN_POINT('Ctrl Pts',(-12.5354029934875,-7.8580858417278,-13.7378941398832));
#8430=CARTESIAN_POINT('Ctrl Pts',(-14.7334472780718,-1.34392854916268,-13.8872190112956));
#8431=CARTESIAN_POINT('Ctrl Pts',(-13.7501942445755,5.46638497148858,-14.0365437574016));
#8432=CARTESIAN_POINT('Ctrl Pts',(-9.79212256471302,11.0839708155605,-14.1858691816306));
#8433=CARTESIAN_POINT('Ctrl Pts',(-2.71331846742183,14.8701760427229,-14.3600811617039));
#8434=CARTESIAN_POINT('Ctrl Pts',(6.73002041132669,13.9621765930972,-14.5591801904666));
#8435=CARTESIAN_POINT('Ctrl Pts',(12.9190429853143,7.55864866663144,-14.7458373946782));
#8436=CARTESIAN_POINT('Ctrl Pts',(14.5166317719985,0.961301485773992,-14.8951622332104));
#8437=CARTESIAN_POINT('Ctrl Pts',(13.8004523353398,-5.8048763835908,-15.0444883663922));
#8438=CARTESIAN_POINT('Ctrl Pts',(9.21376527240129,-11.9841105607851,-15.2062564688909));
#8439=CARTESIAN_POINT('Ctrl Pts',(1.6478518258176,-14.7004389072885,-15.3804684760324));
#8440=CARTESIAN_POINT('Ctrl Pts',(-5.16475029182156,-13.8604498538134,-15.5297937841899));
#8441=CARTESIAN_POINT('Ctrl Pts',(-11.8429938300227,-9.39413822339078,-15.7040051729272));
#8442=CARTESIAN_POINT('Ctrl Pts',(-15.4822301023387,-0.639756092411733,
-15.9031053602564));
#8443=CARTESIAN_POINT('Ctrl Pts',(-12.2125225365479,9.53495120717854,-16.1270940234904));
#8444=CARTESIAN_POINT('Ctrl Pts',(-3.14540115990205,15.1691884185565,-16.3510814898083));
#8445=CARTESIAN_POINT('Ctrl Pts',(7.41816599594836,13.602609974802,-16.5750680424703));
#8446=CARTESIAN_POINT('Ctrl Pts',(14.4564981395202,5.57111180486315,-16.7990546249882));
#8447=CARTESIAN_POINT('Ctrl Pts',(14.6277221605401,-5.10556423854977,-17.0230423770381));
#8448=CARTESIAN_POINT('Ctrl Pts',(7.84945056282311,-13.3575751079531,-17.2470309114062));
#8449=CARTESIAN_POINT('Ctrl Pts',(-2.65761585826917,-15.2634018615096,-17.4710186824772));
#8450=CARTESIAN_POINT('Ctrl Pts',(-11.9022330982062,-9.91839698214611,-17.6950053011049));
#8451=CARTESIAN_POINT('Ctrl Pts',(-15.4924312976263,0.138583035257455,-17.9189918006301));
#8452=CARTESIAN_POINT('Ctrl Pts',(-11.7229776691053,10.1296463262109,-18.1429793203379));
#8453=CARTESIAN_POINT('Ctrl Pts',(-2.38392593219424,15.308652700923,-18.3669678234247));
#8454=CARTESIAN_POINT('Ctrl Pts',(8.08693274814626,13.2147315925819,-18.5909558200391));
#8455=CARTESIAN_POINT('Ctrl Pts',(14.717258216418,4.843508537723,-18.8149425507975));
#8456=CARTESIAN_POINT('Ctrl Pts',(14.3534727151394,-5.82961391751272,-19.0389290398177));
#8457=CARTESIAN_POINT('Ctrl Pts',(7.17574213245961,-13.7315208373054,-19.262916225493));
#8458=CARTESIAN_POINT('Ctrl Pts',(-3.42041758650407,-15.1136084867326,-19.4869048559982));
#8459=CARTESIAN_POINT('Ctrl Pts',(-11.377514618205,-9.95362630384357,-19.6860051640912));
#8460=CARTESIAN_POINT('Ctrl Pts',(-14.5623181817447,-2.58192606855713,-19.8602165662056));
#8461=CARTESIAN_POINT('Ctrl Pts',(-14.1657869185592,4.27668925170702,-20.0095421087454));
#8462=CARTESIAN_POINT('Ctrl Pts',(-10.6958492666054,10.2212665066726,-20.1588664486137));
#8463=CARTESIAN_POINT('Ctrl Pts',(-4.92509002122192,13.9502505349744,-20.3081917283644));
#8464=CARTESIAN_POINT('Ctrl Pts',(1.92299315698615,14.6735788209656,-20.4575169043194));
#8465=CARTESIAN_POINT('Ctrl Pts',(7.26287906466273,12.6216111095855,-20.5819537660436));
#8466=CARTESIAN_POINT('Ctrl Pts',(12.3649533903744,8.20678986161825,-20.7312793060278));
#8467=CARTESIAN_POINT('Ctrl Pts',(15.0262191800759,1.62323740974707,-20.8806030725783));
#8468=CARTESIAN_POINT('Ctrl Pts',(13.4090503752538,-6.24455685334974,-21.0548169283672));
#8469=CARTESIAN_POINT('Ctrl Pts',(9.14256377148098,-11.634670953963,-21.2041411066761));
#8470=CARTESIAN_POINT('Ctrl Pts',(2.89562763660874,-14.5040011475146,-21.3534667344453));
#8471=CARTESIAN_POINT('Ctrl Pts',(-5.12792788966004,-14.2197912077079,-21.5276780895699));
#8472=CARTESIAN_POINT('Ctrl Pts',(-12.8316343847639,-8.68819256332318,-21.7267783792113));
#8473=CARTESIAN_POINT('Ctrl Pts',(-15.4014085196156,1.68451089308775,-21.9507670216145));
#8474=CARTESIAN_POINT('Ctrl Pts',(-10.6550859056553,11.2461400352686,-22.1747542614566));
#8475=CARTESIAN_POINT('Ctrl Pts',(-0.84666501566223,15.4706776967781,-22.3987407558037));
#8476=CARTESIAN_POINT('Ctrl Pts',(9.36382693015251,12.3428204007493,-22.6227274624545));
#8477=CARTESIAN_POINT('Ctrl Pts',(15.1260286961484,3.35283866896862,-22.8467153985566));
#8478=CARTESIAN_POINT('Ctrl Pts',(13.7023211417663,-7.23082925236191,-23.07070394199));
#8479=CARTESIAN_POINT('Ctrl Pts',(5.76910587481261,-14.3788295215042,-23.2946914544666));
#8480=CARTESIAN_POINT('Ctrl Pts',(-4.90469549909846,-14.6963641038217,-23.5186780806331));
#8481=CARTESIAN_POINT('Ctrl Pts',(-13.2485919071758,-8.03180266332842,-23.7426644680916));
#8482=CARTESIAN_POINT('Ctrl Pts',(-15.298377097131,2.44771904804979,-23.966652583133));
#8483=CARTESIAN_POINT('Ctrl Pts',(-10.0808403023163,11.7656921310071,-24.1906403667607));
#8484=CARTESIAN_POINT('Ctrl Pts',(-0.0734019670064934,15.4918014292558,
-24.4146296065536));
#8485=CARTESIAN_POINT('Ctrl Pts',(9.96720657642601,11.862835493433,-24.6386134174188));
#8486=CARTESIAN_POINT('Ctrl Pts',(14.5922713413986,3.7839063102021,-24.8337523295718));
#8487=CARTESIAN_POINT('Ctrl Pts',(14.2951788070988,-1.72885323404751,-24.9542186273483));
#8488=CARTESIAN_POINT('Ctrl Pts',(13.7624234743774,-3.71181267212118,-25.0000274419291));
#8489=CARTESIAN_POINT('Ctrl Pts',(12.2212026235779,-7.25271211313069,-25.));
#8490=CARTESIAN_POINT('Ctrl Pts',(12.3573013405335,-7.02337859336882,-25.));
#8491=CARTESIAN_POINT('Ctrl Pts',(12.4867496846797,-6.79105019729832,-24.9999727413855));
#8492=CARTESIAN_POINT('Ctrl Pts',(12.6098862795809,-6.55556985287924,-24.9999585934822));
#8493=CARTESIAN_POINT('Ctrl Pts',(12.7150585065732,-6.35444367868757,-24.9999465096131));
#8494=CARTESIAN_POINT('Ctrl Pts',(12.8156254448333,-6.15101790469297,-24.9999454293719));
#8495=CARTESIAN_POINT('Ctrl Pts',(12.911778564303,-5.94517489826598,-24.9999578291305));
#8496=CARTESIAN_POINT('Ctrl Pts',(12.9765112210804,-5.8065962982316,-24.9999661769544));
#8497=CARTESIAN_POINT('Ctrl Pts',(13.0392430225423,-5.66692174627364,-24.9999802222319));
#8498=CARTESIAN_POINT('Ctrl Pts',(13.1000287534872,-5.52610986103617,-24.9999886901038));
#8499=CARTESIAN_POINT('Ctrl Pts',(13.1389404374848,-5.43596983152106,-24.9999941107701));
#8500=CARTESIAN_POINT('Ctrl Pts',(13.1770546597903,-5.34536365287586,-24.999996996966));
#8501=CARTESIAN_POINT('Ctrl Pts',(13.2143821777884,-5.25427814601969,-24.9999931380617));
#8502=CARTESIAN_POINT('Ctrl Pts',(13.2633064950335,-5.13489447218181,-24.9999880802847));
#8503=CARTESIAN_POINT('Ctrl Pts',(13.3089136331973,-5.01947028136468,-24.9999561634859));
#8504=CARTESIAN_POINT('Ctrl Pts',(13.3516609643179,-4.90788244728459,-24.9999228593831));
#8505=CARTESIAN_POINT('Ctrl Pts',(13.3957533199125,-4.79278355499559,-24.9998885073826));
#8506=CARTESIAN_POINT('Ctrl Pts',(13.436803116367,-4.6817660707533,-24.9998529532809));
#8507=CARTESIAN_POINT('Ctrl Pts',(13.4752704624744,-4.57465855882097,-24.9998335606676));
#8508=CARTESIAN_POINT('Ctrl Pts',(13.5141248363022,-4.46647341662865,-24.9998139729413));
#8509=CARTESIAN_POINT('Ctrl Pts',(13.5503443929513,-4.3622770171346,-24.9998112053421));
#8510=CARTESIAN_POINT('Ctrl Pts',(13.5843622453907,-4.26186001505623,-24.9998279983211));
#8511=CARTESIAN_POINT('Ctrl Pts',(13.6185131019525,-4.16105039926867,-24.9998448569578));
#8512=CARTESIAN_POINT('Ctrl Pts',(13.6504448272341,-4.0640494829123,-24.9998818867987));
#8513=CARTESIAN_POINT('Ctrl Pts',(13.6805569988244,-3.97061737895088,-24.999920795291));
#8514=CARTESIAN_POINT('Ctrl Pts',(13.7095382844627,-3.88069419009803,-24.9999582425447));
#8515=CARTESIAN_POINT('Ctrl Pts',(13.7368337926166,-3.7940764104107,-24.9999978234939));
#8516=CARTESIAN_POINT('Ctrl Pts',(13.7627681533289,-3.71052951465033,-24.9999977997705));
#8517=CARTESIAN_POINT('Ctrl Pts',(-14.2113864207157,5.75727450158325E-7,
-23.8294706302687));
#8518=CARTESIAN_POINT('Ctrl Pts',(-14.2032815939015,-2.58011970553122,-23.7716731504019));
#8519=CARTESIAN_POINT('Ctrl Pts',(-12.5772312661236,-8.50198818377461,-23.6392130439122));
#8520=CARTESIAN_POINT('Ctrl Pts',(-4.88947406252712,-14.6441689928899,-23.4320917145261));
#8521=CARTESIAN_POINT('Ctrl Pts',(5.74694068608902,-14.3291842368224,-23.2081050883596));
#8522=CARTESIAN_POINT('Ctrl Pts',(13.6532987771839,-7.20731709835349,-22.984117575883));
#8523=CARTESIAN_POINT('Ctrl Pts',(15.0734380907688,3.33904595099044,-22.7601290324495));
#8524=CARTESIAN_POINT('Ctrl Pts',(9.33265214202079,12.2982783071568,-22.5361410963476));
#8525=CARTESIAN_POINT('Ctrl Pts',(-0.841614209431458,15.4165412774434,-22.3121543896966));
#8526=CARTESIAN_POINT('Ctrl Pts',(-10.6162088199538,11.2081375082649,-22.0881678953496));
#8527=CARTESIAN_POINT('Ctrl Pts',(-14.014570197675,4.36434308028847,-21.9272727094522));
#8528=CARTESIAN_POINT('Ctrl Pts',(-14.2151157507597,0.516459911283477,-21.8410396250104));
#8529=CARTESIAN_POINT('Ctrl Pts',(-14.2135972715666,-5.86562122789624E-6,
-21.8294692195976));
#8530=CARTESIAN_POINT('Ctrl Pts',(-3.91383157338883,-14.6132087673325,5.55111512312578E-16));
#8531=CARTESIAN_POINT('Ctrl Pts',(-6.32540402380903,-13.9673213001618,-0.052529691763059));
#8532=CARTESIAN_POINT('Ctrl Pts',(-10.8203496088094,-11.4596013932987,-0.157589075289178));
#8533=CARTESIAN_POINT('Ctrl Pts',(-14.9655602602757,-4.94147701772576,-0.315178150578356));
#8534=CARTESIAN_POINT('Ctrl Pts',(-15.5163876525326,2.76134002575531,-0.472767225867535));
#8535=CARTESIAN_POINT('Ctrl Pts',(-12.3414080656725,9.80201084871666,-0.630356301156712));
#8536=CARTESIAN_POINT('Ctrl Pts',(-6.2026250931622,14.4883445329242,-0.787945376445893));
#8537=CARTESIAN_POINT('Ctrl Pts',(1.42557590021819,15.695709822946,-0.945534451735068));
#8538=CARTESIAN_POINT('Ctrl Pts',(8.71147911188302,13.1337898445392,-1.10312352702425));
#8539=CARTESIAN_POINT('Ctrl Pts',(13.9053943291201,7.41799820726713,-1.26071260231343));
#8540=CARTESIAN_POINT('Ctrl Pts',(15.7600890558289,-0.0791801627982567,
-1.4183016776026));
#8541=CARTESIAN_POINT('Ctrl Pts',(13.830162693342,-7.5573266185378,-1.57589075289178));
#8542=CARTESIAN_POINT('Ctrl Pts',(8.57907432759052,-13.2206715007788,-1.73347982818096));
#8543=CARTESIAN_POINT('Ctrl Pts',(1.2678121813744,-15.7092097231762,-1.89106890347014));
#8544=CARTESIAN_POINT('Ctrl Pts',(-6.3479006927696,-14.4253526945661,-2.04865797875932));
#8545=CARTESIAN_POINT('Ctrl Pts',(-12.4392339020874,-9.67740121885342,-2.2062470540485));
#8546=CARTESIAN_POINT('Ctrl Pts',(-15.5434187652216,-2.60552662304003,-2.36383612933768));
#8547=CARTESIAN_POINT('Ctrl Pts',(-14.9150189838994,5.09203747954648,-2.52142520462685));
#8548=CARTESIAN_POINT('Ctrl Pts',(-10.7049378535243,11.5668034114446,-2.67901427991603));
#8549=CARTESIAN_POINT('Ctrl Pts',(-3.92418112691173,15.2639260692743,-2.83660335520521));
#8550=CARTESIAN_POINT('Ctrl Pts',(3.79892547998594,15.2955811023717,-2.99419243049439));
#8551=CARTESIAN_POINT('Ctrl Pts',(10.6097610087744,11.6541669629579,-3.15178150578356));
#8552=CARTESIAN_POINT('Ctrl Pts',(14.8727766137567,5.21413003399335,-3.30937058107274));
#8553=CARTESIAN_POINT('Ctrl Pts',(15.5642549692228,-2.47802410371958,-3.46695965636192));
#8554=CARTESIAN_POINT('Ctrl Pts',(12.5181449923563,-9.57510742377395,-3.6245487316511));
#8555=CARTESIAN_POINT('Ctrl Pts',(6.46593721140134,-14.3728317386668,-3.78213780694028));
#8556=CARTESIAN_POINT('Ctrl Pts',(-1.13899580625325,-15.7190751882134,-3.93972688222946));
#8557=CARTESIAN_POINT('Ctrl Pts',(-8.47041123867694,-13.2905518945911,-4.09731595751864));
#8558=CARTESIAN_POINT('Ctrl Pts',(-13.7677485679491,-7.67044559241319,-4.25490503280782));
#8559=CARTESIAN_POINT('Ctrl Pts',(-15.758909242812,-0.208364328009931,-4.41249410809699));
#8560=CARTESIAN_POINT('Ctrl Pts',(-13.9657374553861,7.30375338735562,-4.57008318338617));
#8561=CARTESIAN_POINT('Ctrl Pts',(-8.81884411290149,13.0619533274585,-4.72767225867534));
#8562=CARTESIAN_POINT('Ctrl Pts',(-1.55420026230621,15.6834657445614,-4.88526133396453));
#8563=CARTESIAN_POINT('Ctrl Pts',(6.08366805546855,14.538762643607,-5.0428504092537));
#8564=CARTESIAN_POINT('Ctrl Pts',(12.2606089602325,9.90273215534506,-5.20043948454289));
#8565=CARTESIAN_POINT('Ctrl Pts',(15.4932965679865,2.8886671100462,-5.35802855983206));
#8566=CARTESIAN_POINT('Ctrl Pts',(15.0054357388894,-4.81908025481086,-5.51561763512124));
#8567=CARTESIAN_POINT('Ctrl Pts',(10.9141810008448,-11.3695773578898,-5.67320671041042));
#8568=CARTESIAN_POINT('Ctrl Pts',(4.20200315040657,-15.1897928142625,-5.83079578569959));
#8569=CARTESIAN_POINT('Ctrl Pts',(-3.51924053597485,-15.3623429940292,-5.98838486098878));
#8570=CARTESIAN_POINT('Ctrl Pts',(-10.3953764805939,-11.8457918284495,-6.14597393627796));
#8571=CARTESIAN_POINT('Ctrl Pts',(-14.7751746351476,-5.48460123592751,-6.30356301156713));
#8572=CARTESIAN_POINT('Ctrl Pts',(-15.6068736068204,2.193657319861,-6.46115208685631));
#8573=CARTESIAN_POINT('Ctrl Pts',(-12.690749838046,9.3451326777302,-6.61874116214549));
#8574=CARTESIAN_POINT('Ctrl Pts',(-6.72707906949525,14.2524749924006,-6.77633023743467));
#8575=CARTESIAN_POINT('Ctrl Pts',(0.852027342900514,15.7372388182679,-6.93391931272384));
#8576=CARTESIAN_POINT('Ctrl Pts',(8.22652855814712,13.4428741011078,-7.09150838801303));
#8577=CARTESIAN_POINT('Ctrl Pts',(13.6255174714495,7.92034783652024,-7.2490974633022));
#8578=CARTESIAN_POINT('Ctrl Pts',(15.7524849974868,0.495835275267221,-7.40668653859138));
#8579=CARTESIAN_POINT('Ctrl Pts',(14.0966627746321,-7.04774679131903,-7.56427561388056));
#8580=CARTESIAN_POINT('Ctrl Pts',(9.05567869026958,-12.8988883115889,-7.72186468916973));
#8581=CARTESIAN_POINT('Ctrl Pts',(1.84007082278472,-15.6525006175813,-7.87945376445892));
#8582=CARTESIAN_POINT('Ctrl Pts',(-5.81741025053249,-14.6473333475157,-8.03704283974809));
#8583=CARTESIAN_POINT('Ctrl Pts',(-12.0779028573109,-10.1247666040066,-8.19463191503728));
#8584=CARTESIAN_POINT('Ctrl Pts',(-15.4380170714713,-3.17084612007681,-8.35222099032645));
#8585=CARTESIAN_POINT('Ctrl Pts',(-15.0908576249681,4.54451893594775,-8.50981006561562));
#8586=CARTESIAN_POINT('Ctrl Pts',(-11.119791122859,11.1685666761779,-8.66739914090481));
#8587=CARTESIAN_POINT('Ctrl Pts',(-4.47842645026546,15.1106033217013,-8.82498821619398));
#8588=CARTESIAN_POINT('Ctrl Pts',(3.23838413895231,15.4239911950451,-8.98257729148317));
#8589=CARTESIAN_POINT('Ctrl Pts',(10.1775316276651,12.033473571007,-9.14016636677233));
#8590=CARTESIAN_POINT('Ctrl Pts',(14.672654423366,5.75324676932289,-9.29775544206154));
#8591=CARTESIAN_POINT('Ctrl Pts',(15.6442971617554,-1.90856032939455,-9.45534451735068));
#8592=CARTESIAN_POINT('Ctrl Pts',(12.8591302957204,-9.11204720432972,-9.61293359263989));
#8593=CARTESIAN_POINT('Ctrl Pts',(6.98598167505556,-14.1273740041111,-9.77052266792904));
#8594=CARTESIAN_POINT('Ctrl Pts',(-0.564775263951636,-15.7501639711298,
-9.92811174321825));
#8595=CARTESIAN_POINT('Ctrl Pts',(-7.97990750125332,-13.5907215587579,-10.0857008185074));
#8596=CARTESIAN_POINT('Ctrl Pts',(-13.4787508293662,-8.16761362309129,-10.2432898937966));
#8597=CARTESIAN_POINT('Ctrl Pts',(-15.7408171998542,-0.78314117311024,-10.4008789690858));
#8598=CARTESIAN_POINT('Ctrl Pts',(-14.2228957174865,6.78939420167596,-10.558468044375));
#8599=CARTESIAN_POINT('Ctrl Pts',(-9.2894988908634,12.7315296242397,-10.7160571196641));
#8600=CARTESIAN_POINT('Ctrl Pts',(-2.12532887624437,15.6163252202318,-10.8736461949533));
#8601=CARTESIAN_POINT('Ctrl Pts',(5.54921599588853,14.7510283725312,-11.0312352702425));
#8602=CARTESIAN_POINT('Ctrl Pts',(11.8911763655138,10.3434308070627,-11.1888243455317));
#8603=CARTESIAN_POINT('Ctrl Pts',(15.3775987000348,3.45196964600434,-11.3464134208208));
#8604=CARTESIAN_POINT('Ctrl Pts',(15.1712561955892,-4.26844487653788,-11.50400249611));
#8605=CARTESIAN_POINT('Ctrl Pts',(11.321699784027,-10.9638382976314,-11.6615915713992));
#8606=CARTESIAN_POINT('Ctrl Pts',(4.753359009878,-15.026383940904,-11.8191806466884));
#8607=CARTESIAN_POINT('Ctrl Pts',(-2.95644977634904,-15.4805051899533,-11.9767697219776));
#8608=CARTESIAN_POINT('Ctrl Pts',(-9.95629896516198,-12.2171497139292,-12.1343587972667));
#8609=CARTESIAN_POINT('Ctrl Pts',(-14.5652501040274,-6.01997721120077,-12.2919478725559));
#8610=CARTESIAN_POINT('Ctrl Pts',(-15.6765131770191,1.62282803370948,-12.4495369478451));
#8611=CARTESIAN_POINT('Ctrl Pts',(-13.0232303162194,8.87592859068566,-12.6071260231343));
#8612=CARTESIAN_POINT('Ctrl Pts',(-7.24255884685953,13.997570416541,-12.7647150984234));
#8613=CARTESIAN_POINT('Ctrl Pts',(0.277335187449157,15.7578463442835,-12.9223041737126));
#8614=CARTESIAN_POINT('Ctrl Pts',(7.73063016108542,13.7340450533979,-13.0798932490018));
#8615=CARTESIAN_POINT('Ctrl Pts',(13.3274974961304,8.41216064438174,-13.237482324291));
#8616=CARTESIAN_POINT('Ctrl Pts',(15.7239097337866,1.07018638562584,-13.3950713995802));
#8617=CARTESIAN_POINT('Ctrl Pts',(14.3443942646103,-6.52878161663113,-13.5526604748693));
#8618=CARTESIAN_POINT('Ctrl Pts',(9.52022688261587,-12.5599329743341,-13.7102495501585));
#8619=CARTESIAN_POINT('Ctrl Pts',(2.4098794684277,-15.5749515942714,-13.8678386254477));
#8620=CARTESIAN_POINT('Ctrl Pts',(-5.27917456574384,-14.8498132015406,-14.0254277007369));
#8621=CARTESIAN_POINT('Ctrl Pts',(-11.7004916407567,-10.5586519774463,-14.1830167760261));
#8622=CARTESIAN_POINT('Ctrl Pts',(-15.312061565227,-3.73194410983657,-14.3406058513152));
#8623=CARTESIAN_POINT('Ctrl Pts',(-15.246604688365,3.99094997374978,-14.4981949266044));
#8624=CARTESIAN_POINT('Ctrl Pts',(-11.5198397747229,10.7554603704797,-14.6557840018936));
#8625=CARTESIAN_POINT('Ctrl Pts',(-5.02670931204814,14.937162706097,-14.8133730771828));
#8626=CARTESIAN_POINT('Ctrl Pts',(2.67353129606139,15.5318661668592,-14.9709621524719));
#8627=CARTESIAN_POINT('Ctrl Pts',(9.73175213511887,12.3967591166747,-15.1285512277611));
#8628=CARTESIAN_POINT('Ctrl Pts',(14.4529974289617,6.28470377461588,-15.2861403030503));
#8629=CARTESIAN_POINT('Ctrl Pts',(15.7035109288202,-1.3365555449253,-15.4437293783395));
#8630=CARTESIAN_POINT('Ctrl Pts',(13.1829952753335,-8.63685543394011,-15.6013184536287));
#8631=CARTESIAN_POINT('Ctrl Pts',(7.49672517769524,-13.863107437597,-15.7589075289178));
#8632=CARTESIAN_POINT('Ctrl Pts',(0.0101972060154357,-15.7602833804864,
-15.916496604207));
#8633=CARTESIAN_POINT('Ctrl Pts',(-7.47877951494985,-13.8727968767301,-16.0740856794962));
#8634=CARTESIAN_POINT('Ctrl Pts',(-13.1718078196563,-8.65390749767329,-16.2316747547854));
#8635=CARTESIAN_POINT('Ctrl Pts',(-15.7017682272964,-1.35687536366187,-16.3892638300746));
#8636=CARTESIAN_POINT('Ctrl Pts',(-14.4611179726078,6.26599578667002,-16.5468529053637));
#8637=CARTESIAN_POINT('Ctrl Pts',(-9.74778586276894,12.3841554814952,-16.7044419806529));
#8638=CARTESIAN_POINT('Ctrl Pts',(-2.69362788057031,15.5283935117983,-16.8620310559421));
#8639=CARTESIAN_POINT('Ctrl Pts',(5.00737584917716,14.9436549518959,-17.0196201312312));
#8640=CARTESIAN_POINT('Ctrl Pts',(11.5059121565378,10.7703584741773,-17.1772092065204));
#8641=CARTESIAN_POINT('Ctrl Pts',(15.2414274824882,4.01067631607169,-17.3347982818096));
#8642=CARTESIAN_POINT('Ctrl Pts',(15.3168780219344,-3.71212659771029,-17.4923873570988));
#8643=CARTESIAN_POINT('Ctrl Pts',(11.7141451398031,-10.5435022577829,-17.649976432388));
#8644=CARTESIAN_POINT('Ctrl Pts',(5.29838636626797,-14.8429693164809,-17.8075655076772));
#8645=CARTESIAN_POINT('Ctrl Pts',(-2.3897228735705,-15.5780570291606,-17.9651545829663));
#8646=CARTESIAN_POINT('Ctrl Pts',(-9.50396588276164,-12.5722419924033,-18.1227436582555));
#8647=CARTESIAN_POINT('Ctrl Pts',(-14.3359337638783,-6.5473383396568,-18.2803327335447));
#8648=CARTESIAN_POINT('Ctrl Pts',(-15.7252814303783,1.04983815497671,-18.4379218088339));
#8649=CARTESIAN_POINT('Ctrl Pts',(-13.3383719918712,8.39490731471831,-18.595510884123));
#8650=CARTESIAN_POINT('Ctrl Pts',(-7.74839606285115,13.724029826164,-18.7530999594122));
#8651=CARTESIAN_POINT('Ctrl Pts',(-0.297726205121721,15.7574742685187,-18.9106890347014));
#8652=CARTESIAN_POINT('Ctrl Pts',(7.22443939673263,14.0069308422361,-19.0682781099906));
#8653=CARTESIAN_POINT('Ctrl Pts',(13.0117336245903,8.89277371234375,-19.2258671852798));
#8654=CARTESIAN_POINT('Ctrl Pts',(15.6744000506588,1.64311267664615,-19.3834562605689));
#8655=CARTESIAN_POINT('Ctrl Pts',(14.5730279874903,-6.00112418568967,-19.5410453358581));
#8656=CARTESIAN_POINT('Ctrl Pts',(9.97210008343776,-12.20425565703,-19.6986344111473));
#8657=CARTESIAN_POINT('Ctrl Pts',(2.97647966093031,-15.4766664706684,-19.8562234864365));
#8658=CARTESIAN_POINT('Ctrl Pts',(-4.733910320218,-15.0325223863589,-20.0138125617256));
#8659=CARTESIAN_POINT('Ctrl Pts',(-11.3075026828098,-10.9784798262097,-20.1714016370149));
#8660=CARTESIAN_POINT('Ctrl Pts',(-15.1657199638868,-4.28807348271993,-20.328990712304));
#8661=CARTESIAN_POINT('Ctrl Pts',(-15.3820528043126,3.43206756075808,-20.4865797875932));
#8662=CARTESIAN_POINT('Ctrl Pts',(-11.9045512005607,10.3280345143408,-20.6441688628823));
#8663=CARTESIAN_POINT('Ctrl Pts',(-5.56829973900871,14.7438351263475,-20.8017579381716));
#8664=CARTESIAN_POINT('Ctrl Pts',(2.10511898059792,15.6190624012329,-20.9593470134607));
#8665=CARTESIAN_POINT('Ctrl Pts',(9.27301603161835,12.7435399278898,-21.1169360887499));
#8666=CARTESIAN_POINT('Ctrl Pts',(14.2140980759447,6.8077934827564,-21.274525164039));
#8667=CARTESIAN_POINT('Ctrl Pts',(15.7418174348818,-0.762771303850335,-21.4321142393283));
#8668=CARTESIAN_POINT('Ctrl Pts',(13.4893087454269,-8.15016477072194,-21.5897033146174));
#8669=CARTESIAN_POINT('Ctrl Pts',(7.99748772815109,-13.5803838770443,-21.7472923899066));
#8670=CARTESIAN_POINT('Ctrl Pts',(0.585156099924181,-15.749419943769,-21.9048814651958));
#8671=CARTESIAN_POINT('Ctrl Pts',(-6.96769446947312,-14.136402299937,-22.062470540485));
#8672=CARTESIAN_POINT('Ctrl Pts',(-12.8473281941303,-9.12867977784325,-22.2200596157741));
#8673=CARTESIAN_POINT('Ctrl Pts',(-15.6418143157635,-1.92880304204081,-22.3776486910633));
#8674=CARTESIAN_POINT('Ctrl Pts',(-14.6800870541027,5.73425497738648,-22.5352377663525));
#8675=CARTESIAN_POINT('Ctrl Pts',(-10.1930948836417,12.0202933931814,-22.6928268416417));
#8676=CARTESIAN_POINT('Ctrl Pts',(-3.25834064298698,15.4197876723736,-22.8504159169308));
#8677=CARTESIAN_POINT('Ctrl Pts',(4.45886898199976,15.1163859564562,-23.0080049922201));
#8678=CARTESIAN_POINT('Ctrl Pts',(11.1053293144101,11.1829466918571,-23.1655940675092));
#8679=CARTESIAN_POINT('Ctrl Pts',(15.0849641131645,4.56404339659992,-23.3231831427984));
#8680=CARTESIAN_POINT('Ctrl Pts',(15.4421075293905,-3.15086632827094,-23.4807722180876));
#8681=CARTESIAN_POINT('Ctrl Pts',(12.0909942095976,-10.1091283935586,-23.6383612933768));
#8682=CARTESIAN_POINT('Ctrl Pts',(5.83636029621045,-14.639794047139,-23.7959503686659));
#8683=CARTESIAN_POINT('Ctrl Pts',(-1.81981573777955,-15.6548668606315,-23.9535394439551));
#8684=CARTESIAN_POINT('Ctrl Pts',(-9.03897676903097,-12.9105993476196,-24.1111285192443));
#8685=CARTESIAN_POINT('Ctrl Pts',(-14.087536145845,-7.06597581306754,-24.2687175945335));
#8686=CARTESIAN_POINT('Ctrl Pts',(-15.7531032859812,0.475437544271763,-24.4263066698226));
#8687=CARTESIAN_POINT('Ctrl Pts',(-13.6357750185793,7.90273453534258,-24.5838957451119));
#8688=CARTESIAN_POINT('Ctrl Pts',(-8.24387892840095,13.432168312112,-24.741484820401));
#8689=CARTESIAN_POINT('Ctrl Pts',(-0.872465737549521,15.7362185183927,-24.8990738956902));
#8690=CARTESIAN_POINT('Ctrl Pts',(6.70877552273147,14.260982277077,-25.0566629709793));
#8691=CARTESIAN_POINT('Ctrl Pts',(12.6783585152604,9.36191296579819,-25.2142520462685));
#8692=CARTESIAN_POINT('Ctrl Pts',(15.6046354338196,2.21309347469517,-25.3718411215577));
#8693=CARTESIAN_POINT('Ctrl Pts',(15.0552244628228,-2.90465432373533,-25.4769005050838));
#8694=CARTESIAN_POINT('Ctrl Pts',(14.1894448068831,-5.24629432408434,-25.5294301968469));
#8695=CARTESIAN_POINT('Ctrl Pts',(-3.83906513892301,-14.3340507363465,0.166852455767302));
#8696=CARTESIAN_POINT('Ctrl Pts',(-6.20456900662751,-13.7005017416116,0.114322764004243));
#8697=CARTESIAN_POINT('Ctrl Pts',(-10.6136470604869,-11.2406871348513,0.00926338047812351));
#8698=CARTESIAN_POINT('Ctrl Pts',(-14.6796712128133,-4.84707933844845,-0.148325694811055));
#8699=CARTESIAN_POINT('Ctrl Pts',(-15.2199760776306,2.70858978747801,-0.305914770100232));
#8700=CARTESIAN_POINT('Ctrl Pts',(-12.1056485394752,9.61476175840403,-0.463503845389411));
#8701=CARTESIAN_POINT('Ctrl Pts',(-6.08413553788925,14.2115717996762,-0.62109292067859));
#8702=CARTESIAN_POINT('Ctrl Pts',(1.39834293806304,15.3958726332593,-0.778681995967767));
#8703=CARTESIAN_POINT('Ctrl Pts',(8.54506259142068,12.8828933459836,-0.936271071256948));
#8704=CARTESIAN_POINT('Ctrl Pts',(13.6397577695659,7.27629122104874,-1.09386014654612));
#8705=CARTESIAN_POINT('Ctrl Pts',(15.4590220212687,-0.0776675738322031,
-1.2514492218353));
#8706=CARTESIAN_POINT('Ctrl Pts',(13.5659632935277,-7.41295802352633,-1.40903829712448));
#8707=CARTESIAN_POINT('Ctrl Pts',(8.41518715297308,-12.9681152906245,-1.56662737241366));
#8708=CARTESIAN_POINT('Ctrl Pts',(1.24359300009479,-15.4091146431366,-1.72421644770283));
#8709=CARTESIAN_POINT('Ctrl Pts',(-6.2266359187899,-14.1497833026132,-1.88180552299202));
#8710=CARTESIAN_POINT('Ctrl Pts',(-12.2016055961917,-9.49253256253503,-2.03939459828119));
#8711=CARTESIAN_POINT('Ctrl Pts',(-15.2464908114521,-2.55575290849517,-2.19698367357037));
#8712=CARTESIAN_POINT('Ctrl Pts',(-14.6300954330245,4.994763624151,-2.35457274885955));
#8713=CARTESIAN_POINT('Ctrl Pts',(-10.5004400309996,11.3458412588776,-2.51216182414873));
#8714=CARTESIAN_POINT('Ctrl Pts',(-3.84921698357655,14.9723373008896,-2.6697508994379));
#8715=CARTESIAN_POINT('Ctrl Pts',(3.7263541115931,15.0033876237655,-2.82733997472709));
#8716=CARTESIAN_POINT('Ctrl Pts',(10.4070813619153,11.431535893084,-2.98492905001626));
#8717=CARTESIAN_POINT('Ctrl Pts',(14.5886600243823,5.11452382862325,-3.14251812530544));
#8718=CARTESIAN_POINT('Ctrl Pts',(15.2669289787335,-2.43068608641315,-3.30010720059462));
#8719=CARTESIAN_POINT('Ctrl Pts',(12.2790092376222,-9.39219289915046,-3.4576962758838));
#8720=CARTESIAN_POINT('Ctrl Pts',(6.34241757042766,-14.0982656613772,-3.61528535117298));
#8721=CARTESIAN_POINT('Ctrl Pts',(-1.11723742097062,-15.4187916469098,-3.77287442646215));
#8722=CARTESIAN_POINT('Ctrl Pts',(-8.30859986920436,-13.0366607501694,-3.93046350175133));
#8723=CARTESIAN_POINT('Ctrl Pts',(-13.5047414733039,-7.52391607090589,-4.08805257704051));
#8724=CARTESIAN_POINT('Ctrl Pts',(-15.4578647463736,-0.204383917104903,
-4.24564165232969));
#8725=CARTESIAN_POINT('Ctrl Pts',(-13.6989481532289,7.16422883481658,-4.40323072761887));
#8726=CARTESIAN_POINT('Ctrl Pts',(-8.65037658483649,12.812429131248,-4.56081980290805));
#8727=CARTESIAN_POINT('Ctrl Pts',(-1.52451017220407,15.3838624550994,-4.71840887819722));
#8728=CARTESIAN_POINT('Ctrl Pts',(5.96745095198517,14.2610267666218,-4.8759979534864));
#8729=CARTESIAN_POINT('Ctrl Pts',(12.0263929498735,9.71355897278928,-5.03358702877558));
#8730=CARTESIAN_POINT('Ctrl Pts',(15.197326105081,2.83348452588867,-5.19117610406476));
#8731=CARTESIAN_POINT('Ctrl Pts',(14.7187849449639,-4.72702073684213,-5.34876517935394));
#8732=CARTESIAN_POINT('Ctrl Pts',(10.7056859792153,-11.1523828403198,-5.50635425464311));
#8733=CARTESIAN_POINT('Ctrl Pts',(4.12173173676012,-14.8996202231068,-5.6639433299323));
#8734=CARTESIAN_POINT('Ctrl Pts',(-3.45201202550662,-15.0688741543085,-5.82153240522147));
#8735=CARTESIAN_POINT('Ctrl Pts',(-10.196792249308,-11.619500123804,-5.97912148051066));
#8736=CARTESIAN_POINT('Ctrl Pts',(-14.4929225490867,-5.37982818394814,-6.13671055579983));
#8737=CARTESIAN_POINT('Ctrl Pts',(-15.3087334669445,2.15175159827578,-6.29429963108901));
#8738=CARTESIAN_POINT('Ctrl Pts',(-12.4483167904566,9.16661139064298,-6.45188870637819));
#8739=CARTESIAN_POINT('Ctrl Pts',(-6.59857080158315,13.9802081057158,-6.60947778166736));
#8740=CARTESIAN_POINT('Ctrl Pts',(0.835750953561431,15.4366082947729,-6.76706685695655));
#8741=CARTESIAN_POINT('Ctrl Pts',(8.0693761112953,13.1860731257295,-6.92465593224571));
#8742=CARTESIAN_POINT('Ctrl Pts',(13.3652274359715,7.76904439988487,-7.08224500753491));
#8743=CARTESIAN_POINT('Ctrl Pts',(15.4515632242438,0.486363269403153,-7.23983408282407));
#8744=CARTESIAN_POINT('Ctrl Pts',(13.8273723890436,-6.91311276613826,-7.39742315811327));
#8745=CARTESIAN_POINT('Ctrl Pts',(8.88268688041677,-12.6524791676217,-7.55501223340243));
#8746=CARTESIAN_POINT('Ctrl Pts',(1.80491971012069,-15.3534888589743,-7.71260130869162));
#8747=CARTESIAN_POINT('Ctrl Pts',(-5.70627950458659,-14.3675234302285,-7.87019038398079));
#8748=CARTESIAN_POINT('Ctrl Pts',(-11.8471771054401,-9.93135186844994,-8.02777945926997));
#8749=CARTESIAN_POINT('Ctrl Pts',(-15.1431026199899,-3.11027303352656,-8.18536853455916));
#8750=CARTESIAN_POINT('Ctrl Pts',(-14.8025750056235,4.45770439862491,-8.34295760984832));
#8751=CARTESIAN_POINT('Ctrl Pts',(-10.9073683042805,10.9552120918495,-8.5005466851375));
#8752=CARTESIAN_POINT('Ctrl Pts',(-4.39287448630758,14.8219434977393,-8.65813576042669));
#8753=CARTESIAN_POINT('Ctrl Pts',(3.17652086482821,15.1293446817084,-8.81572483571585));
#8754=CARTESIAN_POINT('Ctrl Pts',(9.98310891498689,11.803596557581,-8.97331391100506));
#8755=CARTESIAN_POINT('Ctrl Pts',(14.3923607942678,5.64334174671818,-9.13090298629421));
#8756=CARTESIAN_POINT('Ctrl Pts',(15.3454421148338,-1.8721008527625,-9.2884920615834));
#8757=CARTESIAN_POINT('Ctrl Pts',(12.6134806543103,-8.93797857940875,-9.44608113687257));
#8758=CARTESIAN_POINT('Ctrl Pts',(6.85252755693794,-13.8574969379046,-9.60367021216176));
#8759=CARTESIAN_POINT('Ctrl Pts',(-0.55398628850178,-15.4492865367557,-9.76125928745094));
#8760=CARTESIAN_POINT('Ctrl Pts',(-7.82746628858273,-13.3310962341335,-9.91884836274011));
#8761=CARTESIAN_POINT('Ctrl Pts',(-13.2212644961737,-8.01158663591965,-10.0764374380293));
#8762=CARTESIAN_POINT('Ctrl Pts',(-15.4401183180696,-0.768180725247607,
-10.2340265133185));
#8763=CARTESIAN_POINT('Ctrl Pts',(-13.9511938875442,6.65969551967501,-10.3916155886076));
#8764=CARTESIAN_POINT('Ctrl Pts',(-9.11204038325502,12.4883175550815,-10.5492046638968));
#8765=CARTESIAN_POINT('Ctrl Pts',(-2.08472844181983,15.3180045249535,-10.706793739186));
#8766=CARTESIAN_POINT('Ctrl Pts',(5.44320859973119,14.469237555671,-10.8643828144752));
#8767=CARTESIAN_POINT('Ctrl Pts',(11.6640176741437,10.145838900746,-11.0219718897644));
#8768=CARTESIAN_POINT('Ctrl Pts',(15.0838384285746,3.38602622011171,-11.1795609650535));
#8769=CARTESIAN_POINT('Ctrl Pts',(14.8814377118751,-4.18690421794067,-11.3371500403427));
#8770=CARTESIAN_POINT('Ctrl Pts',(11.1054198779882,-10.7543946661917,-11.4947391156319));
#8771=CARTESIAN_POINT('Ctrl Pts',(4.66255497341384,-14.7393329707461,-11.6523281909211));
#8772=CARTESIAN_POINT('Ctrl Pts',(-2.89997233108598,-15.1847790824089,-11.8099172662103));
#8773=CARTESIAN_POINT('Ctrl Pts',(-9.76610248885923,-11.9837639112145,-11.9675063414994));
#8774=CARTESIAN_POINT('Ctrl Pts',(-14.2870082336348,-5.90497680221348,-12.1250954167886));
#8775=CARTESIAN_POINT('Ctrl Pts',(-15.3770427033606,1.59182693834895,-12.2826844920778));
#8776=CARTESIAN_POINT('Ctrl Pts',(-12.7744458507376,8.70637057040421,-12.440273567367));
#8777=CARTESIAN_POINT('Ctrl Pts',(-7.10420330160039,13.7301730051795,-12.5978626426561));
#8778=CARTESIAN_POINT('Ctrl Pts',(0.272037217230288,15.4568221525341,-12.7554517179453));
#8779=CARTESIAN_POINT('Ctrl Pts',(7.58295092592152,13.4716818013823,-12.9130407932345));
#8780=CARTESIAN_POINT('Ctrl Pts',(13.0729005750689,8.25146204360122,-13.0706298685237));
#8781=CARTESIAN_POINT('Ctrl Pts',(15.423533837529,1.0497424756704,-13.2282189438128));
#8782=CARTESIAN_POINT('Ctrl Pts',(14.0703714320927,-6.40406145079657,-13.385808019102));
#8783=CARTESIAN_POINT('Ctrl Pts',(9.33836074812029,-12.3199989383358,-13.5433970943912));
#8784=CARTESIAN_POINT('Ctrl Pts',(2.36384322696759,-15.2774212647602,-13.7009861696804));
#8785=CARTESIAN_POINT('Ctrl Pts',(-5.17832580620931,-14.5661352852215,-13.8585752449696));
#8786=CARTESIAN_POINT('Ctrl Pts',(-11.4769756245273,-10.3569486730714,-14.0161643202587));
#8787=CARTESIAN_POINT('Ctrl Pts',(-15.0195532581917,-3.66065229528447,-14.1737533955479));
#8788=CARTESIAN_POINT('Ctrl Pts',(-14.9553468125765,3.91471033643437,-14.3313424708371));
#8789=CARTESIAN_POINT('Ctrl Pts',(-11.2997747746268,10.5499974097312,-14.4889315461263));
#8790=CARTESIAN_POINT('Ctrl Pts',(-4.93068342914778,14.6518161408119,-14.6465206214155));
#8791=CARTESIAN_POINT('Ctrl Pts',(2.62245847938772,15.2351589038814,-14.8041096967046));
#8792=CARTESIAN_POINT('Ctrl Pts',(9.54584520616586,12.1599422121385,-14.9616987719938));
#8793=CARTESIAN_POINT('Ctrl Pts',(14.176899936046,6.16464625959741,-15.119287847283));
#8794=CARTESIAN_POINT('Ctrl Pts',(15.4035247135916,-1.31102315021547,-15.2768769225722));
#8795=CARTESIAN_POINT('Ctrl Pts',(12.9311587990226,-8.47186445931996,-15.4344659978613));
#8796=CARTESIAN_POINT('Ctrl Pts',(7.35351425990372,-13.598278690041,-15.5920550731505));
#8797=CARTESIAN_POINT('Ctrl Pts',(0.0100024074603618,-15.459212633717,-15.7496441484397));
#8798=CARTESIAN_POINT('Ctrl Pts',(-7.33591141549183,-13.6077830305559,-15.9072332237289));
#8799=CARTESIAN_POINT('Ctrl Pts',(-12.9201850587688,-8.488590775258,-16.0648222990181));
#8800=CARTESIAN_POINT('Ctrl Pts',(-15.401815303122,-1.33095479680732,-16.2224113743072));
#8801=CARTESIAN_POINT('Ctrl Pts',(-14.1848653518887,6.14629565278267,-16.3800004495964));
#8802=CARTESIAN_POINT('Ctrl Pts',(-9.56157263942765,12.147579345844,-16.5375895248856));
#8803=CARTESIAN_POINT('Ctrl Pts',(-2.64217115622445,15.2317525874025,-16.6951786001748));
#8804=CARTESIAN_POINT('Ctrl Pts',(4.9117192959369,14.6581843643935,-16.852767675464));
#8805=CARTESIAN_POINT('Ctrl Pts',(11.2861132175465,10.5646109130129,-17.0103567507531));
#8806=CARTESIAN_POINT('Ctrl Pts',(14.9502685075382,3.93405984386883,-17.1679458260423));
#8807=CARTESIAN_POINT('Ctrl Pts',(15.0242777054991,-3.64121335967428,-17.3255349013315));
#8808=CARTESIAN_POINT('Ctrl Pts',(11.4903682990026,-10.3420883604766,-17.4831239766207));
#8809=CARTESIAN_POINT('Ctrl Pts',(5.19717060120499,-14.5594221397897,-17.6407130519099));
#8810=CARTESIAN_POINT('Ctrl Pts',(-2.34407168616808,-15.2804673761221,-17.798302127199));
#8811=CARTESIAN_POINT('Ctrl Pts',(-9.32241038426486,-12.3320728156291,-17.9558912024882));
#8812=CARTESIAN_POINT('Ctrl Pts',(-14.0620725534084,-6.42226368232461,-18.1134802777774));
#8813=CARTESIAN_POINT('Ctrl Pts',(-15.4248793304221,1.02978295992247,-18.2710693530666));
#8814=CARTESIAN_POINT('Ctrl Pts',(-13.0835673339008,8.23453830654223,-18.4286584283557));
#8815=CARTESIAN_POINT('Ctrl Pts',(-7.60037744335117,13.4618578963391,-18.5862475036449));
#8816=CARTESIAN_POINT('Ctrl Pts',(-0.292038702635585,15.4564571845812,-18.7438365789341));
#8817=CARTESIAN_POINT('Ctrl Pts',(7.08642998969,13.739354617443,-18.9014256542233));
#8818=CARTESIAN_POINT('Ctrl Pts',(12.7631687819067,8.72289389750857,-19.0590147295124));
#8819=CARTESIAN_POINT('Ctrl Pts',(15.3749699443285,1.6117240811088,-19.2166038048017));
#8820=CARTESIAN_POINT('Ctrl Pts',(14.2946375351766,-5.88648392850503,-19.3741928800908));
#8821=CARTESIAN_POINT('Ctrl Pts',(9.78160175631393,-11.9711161711641,-19.53178195538));
#8822=CARTESIAN_POINT('Ctrl Pts',(2.91961958217246,-15.1810136946787,-19.6893710306692));
#8823=CARTESIAN_POINT('Ctrl Pts',(-4.6434778146063,-14.7453541526777,-19.8469601059584));
#8824=CARTESIAN_POINT('Ctrl Pts',(-11.0914939858453,-10.768756495742,-20.0045491812475));
#8825=CARTESIAN_POINT('Ctrl Pts',(-14.8760072395282,-4.20615785630148,-20.1621382565367));
#8826=CARTESIAN_POINT('Ctrl Pts',(-15.0882074455182,3.36650432699288,-20.3197273318259));
#8827=CARTESIAN_POINT('Ctrl Pts',(-11.6771370079742,10.13073672541,-20.4773164071151));
#8828=CARTESIAN_POINT('Ctrl Pts',(-5.4619277836202,14.4621817230063,-20.6349054824042));
#8829=CARTESIAN_POINT('Ctrl Pts',(2.06490461844299,15.3206894172294,-20.7924945576934));
#8830=CARTESIAN_POINT('Ctrl Pts',(9.09587239821763,12.5000984243362,-20.9500836329826));
#8831=CARTESIAN_POINT('Ctrl Pts',(13.942564308495,6.67774331689179,-21.1076727082718));
#8832=CARTESIAN_POINT('Ctrl Pts',(15.4410994454771,-0.748199984254083,-21.2652617835609));
#8833=CARTESIAN_POINT('Ctrl Pts',(13.2316207229883,-7.99447111125048,-21.4228508588501));
#8834=CARTESIAN_POINT('Ctrl Pts',(7.84471067811561,-13.3209560345005,-21.5804399341393));
#8835=CARTESIAN_POINT('Ctrl Pts',(0.573977786709393,-15.4485567226465,-21.7380290094285));
#8836=CARTESIAN_POINT('Ctrl Pts',(-6.83458969422631,-13.866352765019,-21.8956180847177));
#8837=CARTESIAN_POINT('Ctrl Pts',(-12.6019040098045,-8.95429341870345,-22.0532071600068));
#8838=CARTESIAN_POINT('Ctrl Pts',(-15.3430066989723,-1.89195686623173,-22.210796235296));
#8839=CARTESIAN_POINT('Ctrl Pts',(-14.3996514384912,5.62471275745752,-22.3683853105852));
#8840=CARTESIAN_POINT('Ctrl Pts',(-9.99837486405691,11.7906681624096,-22.5259743858744));
#8841=CARTESIAN_POINT('Ctrl Pts',(-3.19609613716622,15.1252214594782,-22.6835634611635));
#8842=CARTESIAN_POINT('Ctrl Pts',(4.37369062690622,14.8276156660691,-22.8411525364527));
#8843=CARTESIAN_POINT('Ctrl Pts',(10.8931827616425,10.9693174042157,-22.9987416117419));
#8844=CARTESIAN_POINT('Ctrl Pts',(14.7967940783436,4.47685588096147,-23.1563306870311));
#8845=CARTESIAN_POINT('Ctrl Pts',(15.1471149373585,-3.09067491828665,-23.3139197623202));
#8846=CARTESIAN_POINT('Ctrl Pts',(11.8600183719185,-9.91601239677359,-23.4715088376095));
#8847=CARTESIAN_POINT('Ctrl Pts',(5.72486754507303,-14.360128154089,-23.6290979128986));
#8848=CARTESIAN_POINT('Ctrl Pts',(-1.78505156064333,-15.3558098993752,-23.7866869881878));
#8849=CARTESIAN_POINT('Ctrl Pts',(-8.86630401815561,-12.6639664862054,-23.944276063477));
#8850=CARTESIAN_POINT('Ctrl Pts',(-13.8184201074353,-6.93099355650932,-24.1018651387662));
#8851=CARTESIAN_POINT('Ctrl Pts',(-15.4521697014926,0.46635519892045,-24.2594542140553));
#8852=CARTESIAN_POINT('Ctrl Pts',(-13.3752890318421,7.75176756789438,-24.4170432893445));
#8853=CARTESIAN_POINT('Ctrl Pts',(-8.08639503516565,13.1755718508157,-24.5746323646337));
#8854=CARTESIAN_POINT('Ctrl Pts',(-0.855798910894617,15.4356074858192,-24.7322214399229));
#8855=CARTESIAN_POINT('Ctrl Pts',(6.58061690985792,13.9885528746247,-24.8898105152121));
#8856=CARTESIAN_POINT('Ctrl Pts',(12.4361621807245,9.18307112268177,-25.0473995905012));
#8857=CARTESIAN_POINT('Ctrl Pts',(15.3065380500541,2.17081646171187,-25.2049886657904));
#8858=CARTESIAN_POINT('Ctrl Pts',(14.7676225484172,-2.84916633375179,-25.3100480493165));
#8859=CARTESIAN_POINT('Ctrl Pts',(13.9183819940442,-5.14607368009008,-25.3625777410796));
#8860=CARTESIAN_POINT('Ctrl Pts',(-3.76429870445718,-14.0548927053605,0.333704911534604));
#8861=CARTESIAN_POINT('Ctrl Pts',(-6.083733989446,-13.4336821830613,0.281175219771544));
#8862=CARTESIAN_POINT('Ctrl Pts',(-10.4069445121645,-11.0217728764038,0.176115836245425));
#8863=CARTESIAN_POINT('Ctrl Pts',(-14.3937821653509,-4.75268165917113,0.0185267609562467));
#8864=CARTESIAN_POINT('Ctrl Pts',(-14.9235645027286,2.6558395492007,-0.139062314332931));
#8865=CARTESIAN_POINT('Ctrl Pts',(-11.8698890132779,9.42751266809139,-0.29665138962211));
#8866=CARTESIAN_POINT('Ctrl Pts',(-5.96564598261633,13.9347990664282,-0.454240464911289));
#8867=CARTESIAN_POINT('Ctrl Pts',(1.37110997590789,15.0960354435727,-0.611829540200466));
#8868=CARTESIAN_POINT('Ctrl Pts',(8.37864607095834,12.631996847428,-0.769418615489645));
#8869=CARTESIAN_POINT('Ctrl Pts',(13.3741212100117,7.13458423483036,-0.927007690778822));
#8870=CARTESIAN_POINT('Ctrl Pts',(15.1579549867085,-0.0761549848661672,
-1.084596766068));
#8871=CARTESIAN_POINT('Ctrl Pts',(13.3017638937134,-7.26858942851482,-1.24218584135718));
#8872=CARTESIAN_POINT('Ctrl Pts',(8.25129997835562,-12.7155590804702,-1.39977491664636));
#8873=CARTESIAN_POINT('Ctrl Pts',(1.21937381881521,-15.1090195630969,-1.55736399193554));
#8874=CARTESIAN_POINT('Ctrl Pts',(-6.10537114481023,-13.8742139106603,-1.71495306722471));
#8875=CARTESIAN_POINT('Ctrl Pts',(-11.9639772902959,-9.30766390621662,-1.8725421425139));
#8876=CARTESIAN_POINT('Ctrl Pts',(-14.9495628576826,-2.50597919395032,-2.03013121780307));
#8877=CARTESIAN_POINT('Ctrl Pts',(-14.3451718821496,4.89748976875553,-2.18772029309225));
#8878=CARTESIAN_POINT('Ctrl Pts',(-10.295942208475,11.1248791063106,-2.34530936838143));
#8879=CARTESIAN_POINT('Ctrl Pts',(-3.77425284024137,14.6807485325049,-2.50289844367061));
#8880=CARTESIAN_POINT('Ctrl Pts',(3.65378274320026,14.7111941451593,-2.66048751895978));
#8881=CARTESIAN_POINT('Ctrl Pts',(10.2044017150561,11.2089048232101,-2.81807659424896));
#8882=CARTESIAN_POINT('Ctrl Pts',(14.3045434350078,5.01491762325319,-2.97566566953814));
#8883=CARTESIAN_POINT('Ctrl Pts',(14.9696029882443,-2.38334806910675,-3.13325474482732));
#8884=CARTESIAN_POINT('Ctrl Pts',(12.039873482888,-9.20927837452694,-3.2908438201165));
#8885=CARTESIAN_POINT('Ctrl Pts',(6.218897929454,-13.8236995840877,-3.44843289540568));
#8886=CARTESIAN_POINT('Ctrl Pts',(-1.095479035688,-15.1185081056062,-3.60602197069485));
#8887=CARTESIAN_POINT('Ctrl Pts',(-8.14678849973174,-12.7827696057476,-3.76361104598403));
#8888=CARTESIAN_POINT('Ctrl Pts',(-13.2417343786588,-7.37738654939858,-3.92120012127321));
#8889=CARTESIAN_POINT('Ctrl Pts',(-15.1568202499351,-0.200403506199874,
-4.07878919656239));
#8890=CARTESIAN_POINT('Ctrl Pts',(-13.4321588510717,7.02470428227753,-4.23637827185157));
#8891=CARTESIAN_POINT('Ctrl Pts',(-8.48190905677147,12.5629049350375,-4.39396734714074));
#8892=CARTESIAN_POINT('Ctrl Pts',(-1.49482008210194,15.0842591656373,-4.55155642242992));
#8893=CARTESIAN_POINT('Ctrl Pts',(5.85123384850179,13.9832908896366,-4.7091454977191));
#8894=CARTESIAN_POINT('Ctrl Pts',(11.7921769395145,9.52438579023351,-4.86673457300828));
#8895=CARTESIAN_POINT('Ctrl Pts',(14.9013556421755,2.77830194173116,-5.02432364829746));
#8896=CARTESIAN_POINT('Ctrl Pts',(14.4321341510383,-4.63496121887342,-5.18191272358664));
#8897=CARTESIAN_POINT('Ctrl Pts',(10.4971909575859,-10.9351883227497,-5.33950179887581));
#8898=CARTESIAN_POINT('Ctrl Pts',(4.04146032311365,-14.6094476319512,-5.49709087416499));
#8899=CARTESIAN_POINT('Ctrl Pts',(-3.3847835150384,-14.7754053145878,-5.65467994945417));
#8900=CARTESIAN_POINT('Ctrl Pts',(-9.9982080180221,-11.3932084191585,-5.81226902474335));
#8901=CARTESIAN_POINT('Ctrl Pts',(-14.2106704630258,-5.27505513196878,-5.96985810003254));
#8902=CARTESIAN_POINT('Ctrl Pts',(-15.0105933270686,2.10984587669057,-6.1274471753217));
#8903=CARTESIAN_POINT('Ctrl Pts',(-12.2058837428671,8.98809010355576,-6.28503625061089));
#8904=CARTESIAN_POINT('Ctrl Pts',(-6.47006253367106,13.7079412190311,-6.44262532590005));
#8905=CARTESIAN_POINT('Ctrl Pts',(0.819474564222349,15.1359777712779,-6.60021440118924));
#8906=CARTESIAN_POINT('Ctrl Pts',(7.91222366444348,12.9292721503511,-6.75780347647842));
#8907=CARTESIAN_POINT('Ctrl Pts',(13.1049374004936,7.61774096324951,-6.91539255176759));
#8908=CARTESIAN_POINT('Ctrl Pts',(15.1506414510008,0.476891263539087,-7.07298162705678));
#8909=CARTESIAN_POINT('Ctrl Pts',(13.5580820034551,-6.77847874095751,-7.23057070234595));
#8910=CARTESIAN_POINT('Ctrl Pts',(8.70969507056394,-12.4060700236545,-7.38815977763513));
#8911=CARTESIAN_POINT('Ctrl Pts',(1.76976859745667,-15.0544771003672,-7.54574885292431));
#8912=CARTESIAN_POINT('Ctrl Pts',(-5.59514875864071,-14.0877135129412,-7.70333792821349));
#8913=CARTESIAN_POINT('Ctrl Pts',(-11.6164513535693,-9.7379371328933,-7.86092700350266));
#8914=CARTESIAN_POINT('Ctrl Pts',(-14.8481881685085,-3.04969994697632,-8.01851607879185));
#8915=CARTESIAN_POINT('Ctrl Pts',(-14.5142923862788,4.37088986130208,-8.17610515408102));
#8916=CARTESIAN_POINT('Ctrl Pts',(-10.6949454857019,10.7418575075212,-8.3336942293702));
#8917=CARTESIAN_POINT('Ctrl Pts',(-4.30732252234968,14.5332836737774,-8.49128330465938));
#8918=CARTESIAN_POINT('Ctrl Pts',(3.11465759070408,14.8346981683718,-8.64887237994856));
#8919=CARTESIAN_POINT('Ctrl Pts',(9.78868620230875,11.573719544155,-8.80646145523773));
#8920=CARTESIAN_POINT('Ctrl Pts',(14.1120671651696,5.53343672411346,-8.96405053052692));
#8921=CARTESIAN_POINT('Ctrl Pts',(15.0465870679122,-1.83564137613045,-9.12163960581608));
#8922=CARTESIAN_POINT('Ctrl Pts',(12.3678310129002,-8.76390995448778,-9.27922868110528));
#8923=CARTESIAN_POINT('Ctrl Pts',(6.71907343882032,-13.5876198716981,-9.43681775639445));
#8924=CARTESIAN_POINT('Ctrl Pts',(-0.543197313051925,-15.1484091023816,
-9.59440683168363));
#8925=CARTESIAN_POINT('Ctrl Pts',(-7.67502507591214,-13.0714709095092,-9.75199590697281));
#8926=CARTESIAN_POINT('Ctrl Pts',(-12.9637781629811,-7.85555964874802,-9.90958498226198));
#8927=CARTESIAN_POINT('Ctrl Pts',(-15.1394194362849,-0.753220277384959,
-10.0671740575512));
#8928=CARTESIAN_POINT('Ctrl Pts',(-13.6794920576018,6.52999683767403,-10.2247631328403));
#8929=CARTESIAN_POINT('Ctrl Pts',(-8.93458187564665,12.2451054859234,-10.3823522081295));
#8930=CARTESIAN_POINT('Ctrl Pts',(-2.04412800739529,15.0196838296752,-10.5399412834187));
#8931=CARTESIAN_POINT('Ctrl Pts',(5.33720120357385,14.1874467388108,-10.6975303587079));
#8932=CARTESIAN_POINT('Ctrl Pts',(11.4368589827737,9.94824699442941,-10.8551194339971));
#8933=CARTESIAN_POINT('Ctrl Pts',(14.7900781571145,3.32008279421908,-11.0127085092862));
#8934=CARTESIAN_POINT('Ctrl Pts',(14.5916192281611,-4.10536355934346,-11.1702975845754));
#8935=CARTESIAN_POINT('Ctrl Pts',(10.8891399719494,-10.544951034752,-11.3278866598646));
#8936=CARTESIAN_POINT('Ctrl Pts',(4.57175093694968,-14.4522820005882,-11.4854757351538));
#8937=CARTESIAN_POINT('Ctrl Pts',(-2.84349488582292,-14.8890529748645,-11.6430648104429));
#8938=CARTESIAN_POINT('Ctrl Pts',(-9.57590601255649,-11.7503781084997,-11.8006538857321));
#8939=CARTESIAN_POINT('Ctrl Pts',(-14.0087663632423,-5.78997639322621,-11.9582429610213));
#8940=CARTESIAN_POINT('Ctrl Pts',(-15.0775722297021,1.56082584298843,-12.1158320363105));
#8941=CARTESIAN_POINT('Ctrl Pts',(-12.5256613852559,8.53681255012274,-12.2734211115997));
#8942=CARTESIAN_POINT('Ctrl Pts',(-6.96584775634125,13.462775593818,-12.4310101868888));
#8943=CARTESIAN_POINT('Ctrl Pts',(0.266739247011412,15.1557979607848,-12.588599262178));
#8944=CARTESIAN_POINT('Ctrl Pts',(7.43527169075764,13.2093185493667,-12.7461883374672));
#8945=CARTESIAN_POINT('Ctrl Pts',(12.8183036540075,8.09076344282072,-12.9037774127564));
#8946=CARTESIAN_POINT('Ctrl Pts',(15.1231579412715,1.02929856571496,-13.0613664880455));
#8947=CARTESIAN_POINT('Ctrl Pts',(13.796348599575,-6.27934128496203,-13.2189555633348));
#8948=CARTESIAN_POINT('Ctrl Pts',(9.15649461362474,-12.0800649023375,-13.3765446386239));
#8949=CARTESIAN_POINT('Ctrl Pts',(2.31780698550748,-14.9798909352491,-13.5341337139131));
#8950=CARTESIAN_POINT('Ctrl Pts',(-5.07747704667478,-14.2824573689024,-13.6917227892023));
#8951=CARTESIAN_POINT('Ctrl Pts',(-11.2534596082979,-10.1552453686965,-13.8493118644914));
#8952=CARTESIAN_POINT('Ctrl Pts',(-14.7270449511564,-3.58936048073235,-14.0069009397806));
#8953=CARTESIAN_POINT('Ctrl Pts',(-14.664088936788,3.83847069911896,-14.1644900150698));
#8954=CARTESIAN_POINT('Ctrl Pts',(-11.0797097745308,10.3445344489828,-14.322079090359));
#8955=CARTESIAN_POINT('Ctrl Pts',(-4.8346575462474,14.3664695755268,-14.4796681656482));
#8956=CARTESIAN_POINT('Ctrl Pts',(2.57138566271405,14.9384516409035,-14.6372572409373));
#8957=CARTESIAN_POINT('Ctrl Pts',(9.35993827721284,11.9231253076025,-14.7948463162265));
#8958=CARTESIAN_POINT('Ctrl Pts',(13.9008024431302,6.04458874457892,-14.9524353915157));
#8959=CARTESIAN_POINT('Ctrl Pts',(15.103538498363,-1.28549075550562,-15.1100244668049));
#8960=CARTESIAN_POINT('Ctrl Pts',(12.6793223227117,-8.30687348469983,-15.267613542094));
#8961=CARTESIAN_POINT('Ctrl Pts',(7.21030334211219,-13.3334499424849,-15.4252026173832));
#8962=CARTESIAN_POINT('Ctrl Pts',(0.00980760890529115,-15.1581418869475,
-15.5827916926724));
#8963=CARTESIAN_POINT('Ctrl Pts',(-7.19304331603381,-13.3427691843817,-15.7403807679616));
#8964=CARTESIAN_POINT('Ctrl Pts',(-12.6685622978813,-8.3232740528427,-15.8979698432508));
#8965=CARTESIAN_POINT('Ctrl Pts',(-15.1018623789477,-1.30503422995276,-16.0555589185399));
#8966=CARTESIAN_POINT('Ctrl Pts',(-13.9086127311697,6.02659551889531,-16.2131479938291));
#8967=CARTESIAN_POINT('Ctrl Pts',(-9.37535941608637,11.9110032101929,-16.3707370691183));
#8968=CARTESIAN_POINT('Ctrl Pts',(-2.59071443187859,14.9351116630068,-16.5283261444075));
#8969=CARTESIAN_POINT('Ctrl Pts',(4.81606274269665,14.372713776891,-16.6859152196967));
#8970=CARTESIAN_POINT('Ctrl Pts',(11.0663142785552,10.3588633518485,-16.8435042949858));
#8971=CARTESIAN_POINT('Ctrl Pts',(14.6591095325881,3.85744337166597,-17.001093370275));
#8972=CARTESIAN_POINT('Ctrl Pts',(14.7316773890638,-3.57030012163828,-17.1586824455642));
#8973=CARTESIAN_POINT('Ctrl Pts',(11.2665914582021,-10.1406744631702,-17.3162715208534));
#8974=CARTESIAN_POINT('Ctrl Pts',(5.09595483614198,-14.2758749630986,-17.4738605961425));
#8975=CARTESIAN_POINT('Ctrl Pts',(-2.29842049876564,-14.9828777230837,-17.6314496714317));
#8976=CARTESIAN_POINT('Ctrl Pts',(-9.14085488576813,-12.091903638855,-17.7890387467209));
#8977=CARTESIAN_POINT('Ctrl Pts',(-13.7882113429385,-6.29718902499241,-17.9466278220101));
#8978=CARTESIAN_POINT('Ctrl Pts',(-15.1244772304658,1.00972776486822,-18.1042168972993));
#8979=CARTESIAN_POINT('Ctrl Pts',(-12.8287626759304,8.07416929836614,-18.2618059725884));
#8980=CARTESIAN_POINT('Ctrl Pts',(-7.45235882385118,13.1996859665142,-18.4193950478776));
#8981=CARTESIAN_POINT('Ctrl Pts',(-0.286351200149442,15.1554401006436,-18.5769841231668));
#8982=CARTESIAN_POINT('Ctrl Pts',(6.94842058264735,13.4717783926499,-18.734573198456));
#8983=CARTESIAN_POINT('Ctrl Pts',(12.514603939223,8.55301408267339,-18.8921622737451));
#8984=CARTESIAN_POINT('Ctrl Pts',(15.0755398379981,1.58033548557144,-19.0497513490344));
#8985=CARTESIAN_POINT('Ctrl Pts',(14.0162470828629,-5.77184367132039,-19.2073404243235));
#8986=CARTESIAN_POINT('Ctrl Pts',(9.59110342919009,-11.7379766852982,-19.3649294996127));
#8987=CARTESIAN_POINT('Ctrl Pts',(2.86275950341462,-14.8853609186889,-19.5225185749018));
#8988=CARTESIAN_POINT('Ctrl Pts',(-4.55304530899462,-14.4581859189965,-19.6801076501911));
#8989=CARTESIAN_POINT('Ctrl Pts',(-10.8754852888807,-10.5590331652743,-19.8376967254802));
#8990=CARTESIAN_POINT('Ctrl Pts',(-14.5862945151696,-4.12424222988303,-19.9952858007694));
#8991=CARTESIAN_POINT('Ctrl Pts',(-14.7943620867237,3.30094109322767,-20.1528748760586));
#8992=CARTESIAN_POINT('Ctrl Pts',(-11.4497228153877,9.93343893647916,-20.3104639513477));
#8993=CARTESIAN_POINT('Ctrl Pts',(-5.35555582823169,14.1805283196651,-20.468053026637));
#8994=CARTESIAN_POINT('Ctrl Pts',(2.02469025628807,15.0223164332258,-20.6256421019261));
#8995=CARTESIAN_POINT('Ctrl Pts',(8.9187287648169,12.2566569207826,-20.7832311772153));
#8996=CARTESIAN_POINT('Ctrl Pts',(13.6710305410452,6.54769315102716,-20.9408202525044));
#8997=CARTESIAN_POINT('Ctrl Pts',(15.1403814560724,-0.733628664657836,-21.0984093277937));
#8998=CARTESIAN_POINT('Ctrl Pts',(12.9739327005497,-7.83877745177901,-21.2559984030828));
#8999=CARTESIAN_POINT('Ctrl Pts',(7.69193362808011,-13.0615281919568,-21.413587478372));
#9000=CARTESIAN_POINT('Ctrl Pts',(0.562799473494614,-15.147693501524,-21.5711765536612));
#9001=CARTESIAN_POINT('Ctrl Pts',(-6.70148491897952,-13.5963032301011,-21.7287656289503));
#9002=CARTESIAN_POINT('Ctrl Pts',(-12.3564798254788,-8.77990705956365,-21.8863547042395));
#9003=CARTESIAN_POINT('Ctrl Pts',(-15.0441990821812,-1.85511069042265,-22.0439437795287));
#9004=CARTESIAN_POINT('Ctrl Pts',(-14.1192158228796,5.51517053752855,-22.2015328548179));
#9005=CARTESIAN_POINT('Ctrl Pts',(-9.80365484447215,11.5610429316378,-22.3591219301071));
#9006=CARTESIAN_POINT('Ctrl Pts',(-3.13385163134547,14.8306552465828,-22.5167110053962));
#9007=CARTESIAN_POINT('Ctrl Pts',(4.28851227181269,14.5388453756821,-22.6743000806854));
#9008=CARTESIAN_POINT('Ctrl Pts',(10.6810362088749,10.7556881165743,-22.8318891559746));
#9009=CARTESIAN_POINT('Ctrl Pts',(14.5086240435228,4.38966836532302,-22.9894782312638));
#9010=CARTESIAN_POINT('Ctrl Pts',(14.8521223453266,-3.03048350830237,-23.147067306553));
#9011=CARTESIAN_POINT('Ctrl Pts',(11.6290425342393,-9.72289639998857,-23.3046563818421));
#9012=CARTESIAN_POINT('Ctrl Pts',(5.61337479393563,-14.0804622610392,-23.4622454571313));
#9013=CARTESIAN_POINT('Ctrl Pts',(-1.75028738350713,-15.0567529381189,-23.6198345324205));
#9014=CARTESIAN_POINT('Ctrl Pts',(-8.69363126728024,-12.4173336247911,-23.7774236077097));
#9015=CARTESIAN_POINT('Ctrl Pts',(-13.5493040690256,-6.79601129995111,-23.9350126829988));
#9016=CARTESIAN_POINT('Ctrl Pts',(-15.1512361170039,0.457272853569143,-24.092601758288));
#9017=CARTESIAN_POINT('Ctrl Pts',(-13.1148030451049,7.60080060044618,-24.2501908335772));
#9018=CARTESIAN_POINT('Ctrl Pts',(-7.92891114193035,12.9189753895193,-24.4077799088664));
#9019=CARTESIAN_POINT('Ctrl Pts',(-0.839132084239707,15.1349964532456,-24.5653689841556));
#9020=CARTESIAN_POINT('Ctrl Pts',(6.45245829698436,13.7161234721723,-24.7229580594448));
#9021=CARTESIAN_POINT('Ctrl Pts',(12.1939658461886,9.00422927956534,-24.8805471347339));
#9022=CARTESIAN_POINT('Ctrl Pts',(15.0084406662887,2.12853944872859,-25.0381362100231));
#9023=CARTESIAN_POINT('Ctrl Pts',(14.4800206340115,-2.79367834376826,-25.1431955935492));
#9024=CARTESIAN_POINT('Ctrl Pts',(13.6473191812053,-5.04585303609582,-25.1957252853123));
#9025=CARTESIAN_POINT('Ctrl Pts',(-3.68953226999135,-13.7757346743744,0.500557367301905));
#9026=CARTESIAN_POINT('Ctrl Pts',(-5.96289897226448,-13.166862624511,0.448027675538846));
#9027=CARTESIAN_POINT('Ctrl Pts',(-10.200241963842,-10.8028586179564,0.342968292012727));
#9028=CARTESIAN_POINT('Ctrl Pts',(-14.1078931178886,-4.65828397989382,0.185379216723548));
#9029=CARTESIAN_POINT('Ctrl Pts',(-14.6271529278265,2.6030893109234,0.0277901414343707));
#9030=CARTESIAN_POINT('Ctrl Pts',(-11.6341294870806,9.24026357777875,-0.129798933854808));
#9031=CARTESIAN_POINT('Ctrl Pts',(-5.84715642734339,13.6580263331802,-0.287388009143987));
#9032=CARTESIAN_POINT('Ctrl Pts',(1.34387701375274,14.7961982538859,-0.444977084433165));
#9033=CARTESIAN_POINT('Ctrl Pts',(8.21222955049598,12.3811003488724,-0.602566159722343));
#9034=CARTESIAN_POINT('Ctrl Pts',(13.1084846504575,6.99287724861197,-0.760155235011521));
#9035=CARTESIAN_POINT('Ctrl Pts',(14.8568879521483,-0.0746423959001097,
-0.9177443103007));
#9036=CARTESIAN_POINT('Ctrl Pts',(13.0375644938992,-7.12422083350336,-1.07533338558988));
#9037=CARTESIAN_POINT('Ctrl Pts',(8.08741280373816,-12.4630028703159,-1.23292246087906));
#9038=CARTESIAN_POINT('Ctrl Pts',(1.19515463753561,-14.8089244830573,-1.39051153616823));
#9039=CARTESIAN_POINT('Ctrl Pts',(-5.98410637083054,-13.5986445187074,-1.54810061145741));
#9040=CARTESIAN_POINT('Ctrl Pts',(-11.7263489844002,-9.12279524989823,-1.70568968674659));
#9041=CARTESIAN_POINT('Ctrl Pts',(-14.6526349039131,-2.45620547940546,-1.86327876203577));
#9042=CARTESIAN_POINT('Ctrl Pts',(-14.0602483312746,4.80021591336006,-2.02086783732495));
#9043=CARTESIAN_POINT('Ctrl Pts',(-10.0914443859503,10.9039169537435,-2.17845691261413));
#9044=CARTESIAN_POINT('Ctrl Pts',(-3.69928869690618,14.3891597641202,-2.3360459879033));
#9045=CARTESIAN_POINT('Ctrl Pts',(3.58121137480742,14.4190006665531,-2.49363506319248));
#9046=CARTESIAN_POINT('Ctrl Pts',(10.001722068197,10.9862737533362,-2.65122413848166));
#9047=CARTESIAN_POINT('Ctrl Pts',(14.0204268456333,4.91531141788311,-2.80881321377084));
#9048=CARTESIAN_POINT('Ctrl Pts',(14.6722769977551,-2.33601005180032,-2.96640228906002));
#9049=CARTESIAN_POINT('Ctrl Pts',(11.8007377281538,-9.02636384990345,-3.1239913643492));
#9050=CARTESIAN_POINT('Ctrl Pts',(6.09537828848033,-13.5491335067981,-3.28158043963837));
#9051=CARTESIAN_POINT('Ctrl Pts',(-1.07372065040538,-14.8182245643026,-3.43916951492756));
#9052=CARTESIAN_POINT('Ctrl Pts',(-7.98497713025913,-12.5288784613259,-3.59675859021673));
#9053=CARTESIAN_POINT('Ctrl Pts',(-12.9787272840136,-7.23085702789128,-3.75434766550591));
#9054=CARTESIAN_POINT('Ctrl Pts',(-14.8557757534967,-0.196423095294844,
-3.91193674079509));
#9055=CARTESIAN_POINT('Ctrl Pts',(-13.1653695489146,6.88517972973848,-4.06952581608427));
#9056=CARTESIAN_POINT('Ctrl Pts',(-8.31344152870646,12.313380738827,-4.22711489137345));
#9057=CARTESIAN_POINT('Ctrl Pts',(-1.46512999199981,14.7846558761752,-4.38470396666262));
#9058=CARTESIAN_POINT('Ctrl Pts',(5.73501674501842,13.7055550126514,-4.54229304195181));
#9059=CARTESIAN_POINT('Ctrl Pts',(11.5579609291554,9.33521260767774,-4.69988211724097));
#9060=CARTESIAN_POINT('Ctrl Pts',(14.6053851792701,2.72311935757364,-4.85747119253016));
#9061=CARTESIAN_POINT('Ctrl Pts',(14.1454833571127,-4.54290170090472,-5.01506026781933));
#9062=CARTESIAN_POINT('Ctrl Pts',(10.2886959359564,-10.7179938051795,-5.17264934310852));
#9063=CARTESIAN_POINT('Ctrl Pts',(3.9611889094672,-14.3192750407955,-5.33023841839768));
#9064=CARTESIAN_POINT('Ctrl Pts',(-3.31755500457017,-14.4819364748671,-5.48782749368688));
#9065=CARTESIAN_POINT('Ctrl Pts',(-9.79962378673619,-11.166916714513,-5.64541656897605));
#9066=CARTESIAN_POINT('Ctrl Pts',(-13.9284183769649,-5.17028207998939,-5.80300564426523));
#9067=CARTESIAN_POINT('Ctrl Pts',(-14.7124531871927,2.06794015510534,-5.96059471955441));
#9068=CARTESIAN_POINT('Ctrl Pts',(-11.9634506952777,8.80956881646855,-6.11818379484358));
#9069=CARTESIAN_POINT('Ctrl Pts',(-6.34155426575896,13.4356743323463,-6.27577287013276));
#9070=CARTESIAN_POINT('Ctrl Pts',(0.803198174883259,14.8353472477829,-6.43336194542194));
#9071=CARTESIAN_POINT('Ctrl Pts',(7.75507121759167,12.6724711749728,-6.59095102071111));
#9072=CARTESIAN_POINT('Ctrl Pts',(12.8446473650156,7.46643752661412,-6.7485400960003));
#9073=CARTESIAN_POINT('Ctrl Pts',(14.8497196777579,0.467419257675022,-6.90612917128947));
#9074=CARTESIAN_POINT('Ctrl Pts',(13.2887916178665,-6.64384471577674,-7.06371824657866));
#9075=CARTESIAN_POINT('Ctrl Pts',(8.53670326071113,-12.1596608796873,-7.22130732186782));
#9076=CARTESIAN_POINT('Ctrl Pts',(1.73461748479264,-14.7554653417602,-7.37889639715702));
#9077=CARTESIAN_POINT('Ctrl Pts',(-5.48401801269482,-13.8079035956539,-7.53648547244618));
#9078=CARTESIAN_POINT('Ctrl Pts',(-11.3857256016985,-9.54452239733665,-7.69407454773537));
#9079=CARTESIAN_POINT('Ctrl Pts',(-14.5532737170271,-2.98912686042608,-7.85166362302454));
#9080=CARTESIAN_POINT('Ctrl Pts',(-14.2260097669342,4.28407532397924,-8.00925269831372));
#9081=CARTESIAN_POINT('Ctrl Pts',(-10.4825226671234,10.5285029231928,-8.1668417736029));
#9082=CARTESIAN_POINT('Ctrl Pts',(-4.22177055839181,14.2446238498154,-8.32443084889208));
#9083=CARTESIAN_POINT('Ctrl Pts',(3.05279431657998,14.5400516550352,-8.48201992418126));
#9084=CARTESIAN_POINT('Ctrl Pts',(9.59426348963057,11.343842530729,-8.63960899947044));
#9085=CARTESIAN_POINT('Ctrl Pts',(13.8317735360713,5.42353170150876,-8.79719807475962));
#9086=CARTESIAN_POINT('Ctrl Pts',(14.7477320209906,-1.7991818994984,-8.95478715004879));
#9087=CARTESIAN_POINT('Ctrl Pts',(12.12218137149,-8.58984132956682,-9.11237622533797));
#9088=CARTESIAN_POINT('Ctrl Pts',(6.58561932070269,-13.3177428054915,-9.26996530062716));
#9089=CARTESIAN_POINT('Ctrl Pts',(-0.532408337602069,-14.8475316680075,
-9.42755437591632));
#9090=CARTESIAN_POINT('Ctrl Pts',(-7.52258386324156,-12.8118455848848,-9.58514345120551));
#9091=CARTESIAN_POINT('Ctrl Pts',(-12.7062918297886,-7.69953266157639,-9.74273252649468));
#9092=CARTESIAN_POINT('Ctrl Pts',(-14.8387205545002,-0.738259829522319,
-9.90032160178387));
#9093=CARTESIAN_POINT('Ctrl Pts',(-13.4077902276595,6.40029815567308,-10.057910677073));
#9094=CARTESIAN_POINT('Ctrl Pts',(-8.75712336803827,12.0018934167652,-10.2154997523622));
#9095=CARTESIAN_POINT('Ctrl Pts',(-2.00352757297076,14.7213631343969,-10.3730888276514));
#9096=CARTESIAN_POINT('Ctrl Pts',(5.23119380741652,13.9056559219506,-10.5306779029406));
#9097=CARTESIAN_POINT('Ctrl Pts',(11.2097002914036,9.7506550881128,-10.6882669782298));
#9098=CARTESIAN_POINT('Ctrl Pts',(14.4963178856544,3.25413936832644,-10.8458560535189));
#9099=CARTESIAN_POINT('Ctrl Pts',(14.301800744447,-4.02382290074625,-11.0034451288081));
#9100=CARTESIAN_POINT('Ctrl Pts',(10.6728600659106,-10.3355074033124,-11.1610342040973));
#9101=CARTESIAN_POINT('Ctrl Pts',(4.48094690048551,-14.1652310304302,-11.3186232793865));
#9102=CARTESIAN_POINT('Ctrl Pts',(-2.78701744055985,-14.5933268673202,-11.4762123546756));
#9103=CARTESIAN_POINT('Ctrl Pts',(-9.38570953625375,-11.5169923057849,-11.6338014299648));
#9104=CARTESIAN_POINT('Ctrl Pts',(-13.7305244928497,-5.67497598423894,-11.791390505254));
#9105=CARTESIAN_POINT('Ctrl Pts',(-14.7781017560436,1.52982474762791,-11.9489795805432));
#9106=CARTESIAN_POINT('Ctrl Pts',(-12.2768769197742,8.36725452984129,-12.1065686558324));
#9107=CARTESIAN_POINT('Ctrl Pts',(-6.82749221108213,13.1953781824564,-12.2641577311215));
#9108=CARTESIAN_POINT('Ctrl Pts',(0.261441276792556,14.8547737690354,-12.4217468064107));
#9109=CARTESIAN_POINT('Ctrl Pts',(7.28759245559373,12.9469552973511,-12.5793358816999));
#9110=CARTESIAN_POINT('Ctrl Pts',(12.563706732946,7.93006484204019,-12.7369249569891));
#9111=CARTESIAN_POINT('Ctrl Pts',(14.8227820450139,1.00885465575952,-12.8945140322783));
#9112=CARTESIAN_POINT('Ctrl Pts',(13.5223257670574,-6.15462111912746,-13.0521031075674));
#9113=CARTESIAN_POINT('Ctrl Pts',(8.97462847912917,-11.8401308663392,-13.2096921828566));
#9114=CARTESIAN_POINT('Ctrl Pts',(2.27177074404736,-14.6823606057379,-13.3672812581458));
#9115=CARTESIAN_POINT('Ctrl Pts',(-4.97662828714024,-13.9987794525833,-13.524870333435));
#9116=CARTESIAN_POINT('Ctrl Pts',(-11.0299435920686,-9.95354206432165,-13.6824594087241));
#9117=CARTESIAN_POINT('Ctrl Pts',(-14.4345366441211,-3.51806866618024,-13.8400484840133));
#9118=CARTESIAN_POINT('Ctrl Pts',(-14.3728310609996,3.76223106180355,-13.9976375593025));
#9119=CARTESIAN_POINT('Ctrl Pts',(-10.8596447744348,10.1390714882343,-14.1552266345917));
#9120=CARTESIAN_POINT('Ctrl Pts',(-4.73863166334703,14.0811230102417,-14.3128157098809));
#9121=CARTESIAN_POINT('Ctrl Pts',(2.52031284604038,14.6417443779257,-14.47040478517));
#9122=CARTESIAN_POINT('Ctrl Pts',(9.17403134825983,11.6863084030664,-14.6279938604592));
#9123=CARTESIAN_POINT('Ctrl Pts',(13.6247049502144,5.92453122956043,-14.7855829357484));
#9124=CARTESIAN_POINT('Ctrl Pts',(14.8035522831344,-1.25995836079578,-14.9431720110376));
#9125=CARTESIAN_POINT('Ctrl Pts',(12.4274858464008,-8.14188251007968,-15.1007610863268));
#9126=CARTESIAN_POINT('Ctrl Pts',(7.06709242432066,-13.0686211949289,-15.2583501616159));
#9127=CARTESIAN_POINT('Ctrl Pts',(0.00961281035021592,-14.8570711401781,
-15.4159392369051));
#9128=CARTESIAN_POINT('Ctrl Pts',(-7.05017521657577,-13.0777553382075,-15.5735283121943));
#9129=CARTESIAN_POINT('Ctrl Pts',(-12.4169395369938,-8.15795733042741,-15.7311173874835));
#9130=CARTESIAN_POINT('Ctrl Pts',(-14.8019094547734,-1.27911366309819,-15.8887064627726));
#9131=CARTESIAN_POINT('Ctrl Pts',(-13.6323601104507,5.90689538500794,-16.0462955380618));
#9132=CARTESIAN_POINT('Ctrl Pts',(-9.18914619274507,11.6744270745417,-16.203884613351));
#9133=CARTESIAN_POINT('Ctrl Pts',(-2.53925770753273,14.638470738611,-16.3614736886402));
#9134=CARTESIAN_POINT('Ctrl Pts',(4.72040618945638,14.0872431893886,-16.5190627639293));
#9135=CARTESIAN_POINT('Ctrl Pts',(10.846515339564,10.1531157906841,-16.6766518392185));
#9136=CARTESIAN_POINT('Ctrl Pts',(14.367950557638,3.78082689946312,-16.8342409145077));
#9137=CARTESIAN_POINT('Ctrl Pts',(14.4390770726285,-3.49938688360227,-16.9918299897969));
#9138=CARTESIAN_POINT('Ctrl Pts',(11.0428146174016,-9.93926056586388,-17.1494190650861));
#9139=CARTESIAN_POINT('Ctrl Pts',(4.99473907107901,-13.9923277864075,-17.3070081403753));
#9140=CARTESIAN_POINT('Ctrl Pts',(-2.25276931136322,-14.6852880700453,-17.4645972156644));
#9141=CARTESIAN_POINT('Ctrl Pts',(-8.95929938727136,-11.8517344620808,-17.6221862909536));
#9142=CARTESIAN_POINT('Ctrl Pts',(-13.5143501324687,-6.17211436766021,-17.7797753662428));
#9143=CARTESIAN_POINT('Ctrl Pts',(-14.8240751305096,0.989672569813973,-17.937364441532));
#9144=CARTESIAN_POINT('Ctrl Pts',(-12.57395801796,7.91380029019007,-18.0949535168211));
#9145=CARTESIAN_POINT('Ctrl Pts',(-7.30434020435121,12.9375140366893,-18.2525425921103));
#9146=CARTESIAN_POINT('Ctrl Pts',(-0.280663697663297,14.8544230167061,-18.4101316673995));
#9147=CARTESIAN_POINT('Ctrl Pts',(6.81041117560472,13.2042021678568,-18.5677207426887));
#9148=CARTESIAN_POINT('Ctrl Pts',(12.2660390965394,8.3831342678382,-18.7253098179778));
#9149=CARTESIAN_POINT('Ctrl Pts',(14.7761097316678,1.54894689003409,-18.882898893267));
#9150=CARTESIAN_POINT('Ctrl Pts',(13.7378566305492,-5.65720341413576,-19.0404879685562));
#9151=CARTESIAN_POINT('Ctrl Pts',(9.40060510206626,-11.5048371994323,-19.1980770438454));
#9152=CARTESIAN_POINT('Ctrl Pts',(2.80589942465678,-14.5897081426992,-19.3556661191346));
#9153=CARTESIAN_POINT('Ctrl Pts',(-4.46261280338293,-14.1710176853153,-19.5132551944237));
#9154=CARTESIAN_POINT('Ctrl Pts',(-10.6594765919161,-10.3493098348066,-19.6708442697129));
#9155=CARTESIAN_POINT('Ctrl Pts',(-14.2965817908111,-4.04232660346459,-19.8284333450021));
#9156=CARTESIAN_POINT('Ctrl Pts',(-14.5005167279293,3.23537785946248,-19.9860224202913));
#9157=CARTESIAN_POINT('Ctrl Pts',(-11.2223086228011,9.73614114754831,-20.1436114955805));
#9158=CARTESIAN_POINT('Ctrl Pts',(-5.24918387284317,13.898874916324,-20.3012005708696));
#9159=CARTESIAN_POINT('Ctrl Pts',(1.98447589413314,14.7239434492222,-20.4587896461588));
#9160=CARTESIAN_POINT('Ctrl Pts',(8.74158513141619,12.013215417229,-20.616378721448));
#9161=CARTESIAN_POINT('Ctrl Pts',(13.3994967735955,6.41764298516255,-20.7739677967371));
#9162=CARTESIAN_POINT('Ctrl Pts',(14.8396634666677,-0.719057345061588,-20.9315568720264));
#9163=CARTESIAN_POINT('Ctrl Pts',(12.7162446781111,-7.68308379230753,-21.0891459473155));
#9164=CARTESIAN_POINT('Ctrl Pts',(7.53915657804464,-12.8021003494131,-21.2467350226047));
#9165=CARTESIAN_POINT('Ctrl Pts',(0.551621160279822,-14.8468302804015,-21.4043240978939));
#9166=CARTESIAN_POINT('Ctrl Pts',(-6.56838014373271,-13.3262536951832,-21.5619131731831));
#9167=CARTESIAN_POINT('Ctrl Pts',(-12.111055641153,-8.60552070042385,-21.7195022484722));
#9168=CARTESIAN_POINT('Ctrl Pts',(-14.7453914653901,-1.81826451461356,-21.8770913237614));
#9169=CARTESIAN_POINT('Ctrl Pts',(-13.8387802072681,5.40562831759957,-22.0346803990506));
#9170=CARTESIAN_POINT('Ctrl Pts',(-9.60893482488739,11.331417700866,-22.1922694743398));
#9171=CARTESIAN_POINT('Ctrl Pts',(-3.07160712552472,14.5360890336874,-22.349858549629));
#9172=CARTESIAN_POINT('Ctrl Pts',(4.20333391671915,14.250075085295,-22.5074476249181));
#9173=CARTESIAN_POINT('Ctrl Pts',(10.4688896561074,10.5420588289328,-22.6650367002073));
#9174=CARTESIAN_POINT('Ctrl Pts',(14.220454008702,4.30248084968457,-22.8226257754965));
#9175=CARTESIAN_POINT('Ctrl Pts',(14.5571297532946,-2.9702920983181,-22.9802148507857));
#9176=CARTESIAN_POINT('Ctrl Pts',(11.3980666965602,-9.52978040320355,-23.1378039260748));
#9177=CARTESIAN_POINT('Ctrl Pts',(5.50188204279821,-13.8007963679893,-23.295393001364));
#9178=CARTESIAN_POINT('Ctrl Pts',(-1.71552320637092,-14.7576959768626,-23.4529820766532));
#9179=CARTESIAN_POINT('Ctrl Pts',(-8.52095851640488,-12.1707007633768,-23.6105711519424));
#9180=CARTESIAN_POINT('Ctrl Pts',(-13.2801880306158,-6.66102904339288,-23.7681602272316));
#9181=CARTESIAN_POINT('Ctrl Pts',(-14.8503025325153,0.448190508217822,-23.9257493025207));
#9182=CARTESIAN_POINT('Ctrl Pts',(-12.8543170583677,7.44983363299799,-24.0833383778099));
#9183=CARTESIAN_POINT('Ctrl Pts',(-7.77142724869505,12.662378928223,-24.2409274530991));
#9184=CARTESIAN_POINT('Ctrl Pts',(-0.822465257584799,14.8343854206721,-24.3985165283883));
#9185=CARTESIAN_POINT('Ctrl Pts',(6.3242996841108,13.44369406972,-24.5561056036775));
#9186=CARTESIAN_POINT('Ctrl Pts',(11.9517695116528,8.82538743644891,-24.7136946789666));
#9187=CARTESIAN_POINT('Ctrl Pts',(14.7103432825232,2.08626243574531,-24.8712837542558));
#9188=CARTESIAN_POINT('Ctrl Pts',(14.1924187196058,-2.73819035378472,-24.9763431377819));
#9189=CARTESIAN_POINT('Ctrl Pts',(13.3762563683665,-4.94563239210156,-25.028872829545));
#9190=CARTESIAN_POINT('Ctrl Pts',(-3.91383157338883,-14.6132087673325,5.55111512312578E-16));
#9191=CARTESIAN_POINT('Ctrl Pts',(-4.23384504255639,-14.5148778508633,5.47677904979455E-16));
#9192=CARTESIAN_POINT('Ctrl Pts',(-4.54998195663594,-14.4058885324856,1.00023746906799E-15));
#9193=CARTESIAN_POINT('Ctrl Pts',(-4.86180550940492,-14.2866245479338,8.67361737988404E-16));
#9194=CARTESIAN_POINT('Ctrl Pts',(-5.17660713520277,-14.1662215318606,7.3321697630672E-16));
#9195=CARTESIAN_POINT('Ctrl Pts',(-5.48701312769534,-14.035346398209,1.00840244865941E-15));
#9196=CARTESIAN_POINT('Ctrl Pts',(-5.79255912017056,-13.8943424306151,9.78384040450919E-16));
#9197=CARTESIAN_POINT('Ctrl Pts',(-6.0992918736998,-13.7527907941879,9.48249038738859E-16));
#9198=CARTESIAN_POINT('Ctrl Pts',(-6.40112731311011,-13.6010311842807,7.16738635919482E-16));
#9199=CARTESIAN_POINT('Ctrl Pts',(-6.69757296286604,-13.4393635115547,6.80011602582908E-16));
#9200=CARTESIAN_POINT('Ctrl Pts',(-6.9933573282784,-13.2780564725602,6.43366496615319E-16));
#9201=CARTESIAN_POINT('Ctrl Pts',(-7.28377640929772,-13.1068851858988,1.18626753957421E-15));
#9202=CARTESIAN_POINT('Ctrl Pts',(-7.56831103819482,-12.926105374819,1.41553435639707E-15));
#9203=CARTESIAN_POINT('Ctrl Pts',(-7.84900694167987,-12.7477645078405,1.64170807921135E-15));
#9204=CARTESIAN_POINT('Ctrl Pts',(-8.12397649433124,-12.5600722478747,1.42292355379628E-15));
#9205=CARTESIAN_POINT('Ctrl Pts',(-8.39268561210337,-12.3632384677431,1.42941214420489E-15));
#9206=CARTESIAN_POINT('Ctrl Pts',(-8.55340412612122,-12.2455095536165,1.43329305683334E-15));
#9207=CARTESIAN_POINT('Ctrl Pts',(-8.71188232397077,-12.1245096992286,5.10134266787115E-16));
#9208=CARTESIAN_POINT('Ctrl Pts',(-8.86799881116619,-12.0002784204848,4.9960036108132E-16));
#9209=CARTESIAN_POINT('Ctrl Pts',(-8.91764892760063,-11.9607688365502,4.96250236733804E-16));
#9210=CARTESIAN_POINT('Ctrl Pts',(-8.9670601261687,-11.9209323825649,1.02730894244643E-15));
#9211=CARTESIAN_POINT('Ctrl Pts',(-9.01622837747549,-11.8807702511258,1.02695629777827E-15));
#9212=CARTESIAN_POINT('Ctrl Pts',(-9.04124585075445,-11.8603352138121,1.02677686738715E-15));
#9213=CARTESIAN_POINT('Ctrl Pts',(-9.06619838546494,-11.8398174977868,2.82579807107642E-16));
#9214=CARTESIAN_POINT('Ctrl Pts',(-9.09107729566628,-11.8192241584398,2.77555756156289E-16));
#9215=CARTESIAN_POINT('Ctrl Pts',(-9.34894997731202,-11.6057718971278,2.25480907175148E-16));
#9216=CARTESIAN_POINT('Ctrl Pts',(-9.59916919625521,-11.3839915409719,1.12566821254541E-15));
#9217=CARTESIAN_POINT('Ctrl Pts',(-9.84127683414192,-11.1541910086691,9.99200722162641E-16));
#9218=CARTESIAN_POINT('Ctrl Pts',(-9.96294215599356,-11.0387103242581,9.35647551946723E-16));
#9219=CARTESIAN_POINT('Ctrl Pts',(-10.0825585901103,-10.9212036042517,-5.64457566756096E-17));
#9220=CARTESIAN_POINT('Ctrl Pts',(-10.2000649437328,-10.801706001566,-5.55111512312578E-17));
#9221=CARTESIAN_POINT('Ctrl Pts',(-10.4336356945418,-10.5641771878574,2.78661308879623E-18));
#9222=CARTESIAN_POINT('Ctrl Pts',(-10.658871915972,-10.3187844224923,9.99045738039376E-16));
#9223=CARTESIAN_POINT('Ctrl Pts',(-10.8755171352882,-10.0660550855933,8.04911692853238E-16));
#9224=CARTESIAN_POINT('Ctrl Pts',(-11.0928416044482,-9.81253336396871,6.10168977324394E-16));
#9225=CARTESIAN_POINT('Ctrl Pts',(-11.3015214240397,-9.55162847076587,6.82567904012353E-16));
#9226=CARTESIAN_POINT('Ctrl Pts',(-11.5012553712062,-9.2838415836529,5.82867087928207E-16));
#9227=CARTESIAN_POINT('Ctrl Pts',(-11.700354844235,-9.01690534740174,4.83482981097598E-16));
#9228=CARTESIAN_POINT('Ctrl Pts',(-11.8905654550369,-8.74313023001625,8.98395477411683E-16));
#9229=CARTESIAN_POINT('Ctrl Pts',(-12.0715426190364,-8.46298972814368,8.88178419700125E-16));
#9230=CARTESIAN_POINT('Ctrl Pts',(-12.250895849879,-8.1853629657923,8.78053041062419E-16));
#9231=CARTESIAN_POINT('Ctrl Pts',(-12.4211808102658,-7.90148401323803,7.81617655469229E-16));
#9232=CARTESIAN_POINT('Ctrl Pts',(-12.5820131447259,-7.61179916128346,7.49400541621981E-16));
#9233=CARTESIAN_POINT('Ctrl Pts',(-12.6111871028624,-7.5592521795335,7.43556562960531E-16));
#9234=CARTESIAN_POINT('Ctrl Pts',(-12.640049899253,-7.50651413572118,6.20807883496649E-16));
#9235=CARTESIAN_POINT('Ctrl Pts',(-12.6685990565378,-7.45358766237773,6.10622663543836E-16));
#9236=CARTESIAN_POINT('Ctrl Pts',(-12.6849250388596,-7.42332138658052,6.04798193166853E-16));
#9237=CARTESIAN_POINT('Ctrl Pts',(-12.7011443340013,-7.39300110699172,1.2249691688041E-15));
#9238=CARTESIAN_POINT('Ctrl Pts',(-12.7172545079911,-7.36263146751466,1.22124532708767E-15));
#9239=CARTESIAN_POINT('Ctrl Pts',(-12.8725386865953,-7.06990188410464,1.18535163018819E-15));
#9240=CARTESIAN_POINT('Ctrl Pts',(-13.0177534190004,-6.77246796025095,1.17803893453572E-15));
#9241=CARTESIAN_POINT('Ctrl Pts',(-13.152654836438,-6.47084118534663,1.0547118733939E-15));
#9242=CARTESIAN_POINT('Ctrl Pts',(-13.2905244719764,-6.16257775628447,9.28671263186811E-16));
#9243=CARTESIAN_POINT('Ctrl Pts',(-13.4176224201916,-5.84993445081115,1.52792841451918E-15));
#9244=CARTESIAN_POINT('Ctrl Pts',(-13.5336388091585,-5.53343088779273,1.38777878078145E-15));
#9245=CARTESIAN_POINT('Ctrl Pts',(-13.6496551981254,-5.21692732477431,1.24762914704371E-15));
#9246=CARTESIAN_POINT('Ctrl Pts',(-13.7545903307175,-4.89656291645785,-5.83642732921683E-17));
#9247=CARTESIAN_POINT('Ctrl Pts',(-13.8480797767848,-4.57283945733659,-1.66533453693773E-16));
#9248=CARTESIAN_POINT('Ctrl Pts',(-13.939669792849,-4.25569310479631,-2.69740481204855E-16));
#9249=CARTESIAN_POINT('Ctrl Pts',(-14.02027423905,-3.93532212816267,1.04892645079685E-15));
#9250=CARTESIAN_POINT('Ctrl Pts',(-14.089855725365,-3.61230431092624,1.22124532708767E-15));
#9251=CARTESIAN_POINT('Ctrl Pts',(-14.1591459698657,-3.29063852423872,1.3928429416633E-15));
#9252=CARTESIAN_POINT('Ctrl Pts',(-14.2175053108235,-2.96634740716152,4.12436550484935E-16));
#9253=CARTESIAN_POINT('Ctrl Pts',(-14.2648454502829,-2.64000307880543,3.88578058618805E-16));
#9254=CARTESIAN_POINT('Ctrl Pts',(-14.2803587006145,-2.53306082392618,3.80759687970125E-16));
#9255=CARTESIAN_POINT('Ctrl Pts',(-14.2946882358403,-2.42589813442324,1.21030032780515E-15));
#9256=CARTESIAN_POINT('Ctrl Pts',(-14.3078297475688,-2.31853534728421,1.27675647831893E-15));
#9257=CARTESIAN_POINT('Ctrl Pts',(-14.3171810292688,-2.24213776933603,1.32404557237381E-15));
#9258=CARTESIAN_POINT('Ctrl Pts',(-14.3259307417877,-2.16563887422109,8.1212539955815E-16));
#9259=CARTESIAN_POINT('Ctrl Pts',(-14.3340771494473,-2.08904603669317,8.32667268468867E-16));
#9260=CARTESIAN_POINT('Ctrl Pts',(-14.3375371555893,-2.05651492612894,8.41391972113472E-16));
#9261=CARTESIAN_POINT('Ctrl Pts',(-14.3408882969412,-2.02396684996163,3.3790274449378E-17));
#9262=CARTESIAN_POINT('Ctrl Pts',(-14.3441290972806,-1.99141676061958,5.55111512312578E-17));
#9263=CARTESIAN_POINT('Ctrl Pts',(-14.3764568272934,-1.66672212041859,2.72181901269219E-16));
#9264=CARTESIAN_POINT('Ctrl Pts',(-14.397848097708,-1.34147082078592,8.17361661638222E-17));
#9265=CARTESIAN_POINT('Ctrl Pts',(-14.408351738201,-1.01622526487797,2.77555756156289E-16));
#9266=CARTESIAN_POINT('Ctrl Pts',(-14.4189123863368,-0.689214465529314,
4.74438140829633E-16));
#9267=CARTESIAN_POINT('Ctrl Pts',(-14.418466926079,-0.362208872518541,2.15700114308992E-15));
#9268=CARTESIAN_POINT('Ctrl Pts',(-14.4070128370725,-0.0357745566708614,
1.99840144432528E-15));
#9269=CARTESIAN_POINT('Ctrl Pts',(-14.3955950838577,0.289624212016211,1.84030487118119E-15));
#9270=CARTESIAN_POINT('Ctrl Pts',(-14.3732383973377,0.614455915210825,1.88919634385293E-15));
#9271=CARTESIAN_POINT('Ctrl Pts',(-14.3398888151895,0.938156389471591,1.88737914186277E-15));
#9272=CARTESIAN_POINT('Ctrl Pts',(-14.3069639251349,1.25773468218611,1.88558508113159E-15));
#9273=CARTESIAN_POINT('Ctrl Pts',(-14.2633242280873,1.57621091129429,7.53938059167469E-16));
#9274=CARTESIAN_POINT('Ctrl Pts',(-14.208868768752,1.89303045184684,7.21644966006352E-16));
#9275=CARTESIAN_POINT('Ctrl Pts',(-14.1735350944911,2.0986002621466,7.0069144456779E-16));
#9276=CARTESIAN_POINT('Ctrl Pts',(-14.1336468629277,2.30347232848573,9.40996495944414E-16));
#9277=CARTESIAN_POINT('Ctrl Pts',(-14.0891655212763,2.5074908379884,9.99200722162641E-16));
#9278=CARTESIAN_POINT('Ctrl Pts',(-14.044932099301,2.71037223694312,1.05881693794173E-15));
#9279=CARTESIAN_POINT('Ctrl Pts',(-13.996156512701,2.91240960760018,1.17857469064365E-15));
#9280=CARTESIAN_POINT('Ctrl Pts',(-13.9428886022187,3.11346197779246,1.0547118733939E-15));
#9281=CARTESIAN_POINT('Ctrl Pts',(-13.9122235713555,3.22920290100925,9.83407084462495E-16));
#9282=CARTESIAN_POINT('Ctrl Pts',(-13.8800696401652,3.34461731056924,-7.23711084623155E-17));
#9283=CARTESIAN_POINT('Ctrl Pts',(-13.846435264566,3.45967756657464,-1.11022302462516E-16));
#9284=CARTESIAN_POINT('Ctrl Pts',(-13.837406400477,3.49056452062102,-1.21397889084412E-16));
#9285=CARTESIAN_POINT('Ctrl Pts',(-13.8282713616107,3.52142412756959,7.39533908457897E-16));
#9286=CARTESIAN_POINT('Ctrl Pts',(-13.8190330070691,3.55224717152033,7.21644966006352E-16));
#9287=CARTESIAN_POINT('Ctrl Pts',(-13.8029045872907,3.60605837669207,6.9041425582393E-16));
#9288=CARTESIAN_POINT('Ctrl Pts',(-13.7864590930939,3.65976565561461,1.17611695087407E-15));
#9289=CARTESIAN_POINT('Ctrl Pts',(-13.7696981658796,3.71336644355384,1.22124532708767E-15));
#9290=CARTESIAN_POINT('Ctrl Pts',(-15.1274115443001,0.000330864890653523,
-0.416702556787608));
#9291=CARTESIAN_POINT('Ctrl Pts',(-15.1280185222383,0.888609096458517,-0.43539077981425));
#9292=CARTESIAN_POINT('Ctrl Pts',(-14.8345766054767,4.27328900509559,-0.506608694603952));
#9293=CARTESIAN_POINT('Ctrl Pts',(-12.3414080656725,9.80201084871666,-0.630356301156712));
#9294=CARTESIAN_POINT('Ctrl Pts',(-6.2026250931622,14.4883445329242,-0.787945376445893));
#9295=CARTESIAN_POINT('Ctrl Pts',(1.42557590021819,15.695709822946,-0.945534451735068));
#9296=CARTESIAN_POINT('Ctrl Pts',(8.71147911188302,13.1337898445392,-1.10312352702425));
#9297=CARTESIAN_POINT('Ctrl Pts',(13.9053943291201,7.41799820726713,-1.26071260231343));
#9298=CARTESIAN_POINT('Ctrl Pts',(15.7600890558289,-0.0791801627982567,
-1.4183016776026));
#9299=CARTESIAN_POINT('Ctrl Pts',(13.830162693342,-7.5573266185378,-1.57589075289178));
#9300=CARTESIAN_POINT('Ctrl Pts',(8.57907432759052,-13.2206715007788,-1.73347982818096));
#9301=CARTESIAN_POINT('Ctrl Pts',(1.2678121813744,-15.7092097231762,-1.89106890347014));
#9302=CARTESIAN_POINT('Ctrl Pts',(-6.3479006927696,-14.4253526945661,-2.04865797875932));
#9303=CARTESIAN_POINT('Ctrl Pts',(-12.4392339020874,-9.67740121885342,-2.2062470540485));
#9304=CARTESIAN_POINT('Ctrl Pts',(-14.8558109098899,-4.1720172601642,-2.32892858005793));
#9305=CARTESIAN_POINT('Ctrl Pts',(-15.1281609964539,-0.837940664558638,
-2.3990804143043));
#9306=CARTESIAN_POINT('Ctrl Pts',(-15.1275139005204,-0.000315933841666463,
-2.41670255678761));
#9307=CARTESIAN_POINT('Ctrl Pts',(13.7685487296311,-3.71346355512446,-25.));
#9308=CARTESIAN_POINT('Ctrl Pts',(13.7842189031193,-3.66302460255378,-25.));
#9309=CARTESIAN_POINT('Ctrl Pts',(13.7996106655838,-3.61249087472338,-25.));
#9310=CARTESIAN_POINT('Ctrl Pts',(13.814723641395,-3.56186475060648,-25.));
#9311=CARTESIAN_POINT('Ctrl Pts',(13.82990930471,-3.51099513462941,-25.));
#9312=CARTESIAN_POINT('Ctrl Pts',(13.8448151726966,-3.4600261595415,-25.));
#9313=CARTESIAN_POINT('Ctrl Pts',(13.8594315436058,-3.40899327083763,-25.));
#9314=CARTESIAN_POINT('Ctrl Pts',(13.9481979361015,-3.09906644584026,-25.));
#9315=CARTESIAN_POINT('Ctrl Pts',(14.0263465645152,-2.78660638027151,-25.));
#9316=CARTESIAN_POINT('Ctrl Pts',(14.0939193400098,-2.47219548385522,-25.));
#9317=CARTESIAN_POINT('Ctrl Pts',(14.1622415466821,-2.15429754215118,-25.));
#9318=CARTESIAN_POINT('Ctrl Pts',(14.2197521901053,-1.83440473432997,-25.));
#9319=CARTESIAN_POINT('Ctrl Pts',(14.2664478466474,-1.5130934805652,-25.));
#9320=CARTESIAN_POINT('Ctrl Pts',(14.3134510257962,-1.18966617401047,-25.));
#9321=CARTESIAN_POINT('Ctrl Pts',(14.3494964598983,-0.864801107169488,-25.));
#9322=CARTESIAN_POINT('Ctrl Pts',(14.3745310538544,-0.539068688702987,-25.));
#9323=CARTESIAN_POINT('Ctrl Pts',(14.3995023070801,-0.214160414990285,-25.));
#9324=CARTESIAN_POINT('Ctrl Pts',(14.413518460162,0.111611420849444,-25.));
#9325=CARTESIAN_POINT('Ctrl Pts',(14.4164758535972,0.437689285444143,-25.));
#9326=CARTESIAN_POINT('Ctrl Pts',(14.4193964752686,0.759712749270526,-25.));
#9327=CARTESIAN_POINT('Ctrl Pts',(14.411531646568,1.08203524650631,-25.));
#9328=CARTESIAN_POINT('Ctrl Pts',(14.3927311005815,1.40411950965614,-25.));
#9329=CARTESIAN_POINT('Ctrl Pts',(14.3804537962955,1.6144499174685,-25.));
#9330=CARTESIAN_POINT('Ctrl Pts',(14.3635119632744,1.82467870735237,-25.));
#9331=CARTESIAN_POINT('Ctrl Pts',(14.3418518440752,2.03465445390873,-25.));
#9332=CARTESIAN_POINT('Ctrl Pts',(14.3385804413852,2.06636781687714,-25.));
#9333=CARTESIAN_POINT('Ctrl Pts',(14.3352016219748,2.09807293077288,-25.));
#9334=CARTESIAN_POINT('Ctrl Pts',(14.3317168423788,2.12975847775815,-25.));
#9335=CARTESIAN_POINT('Ctrl Pts',(14.2963377430636,2.45144485211169,-25.));
#9336=CARTESIAN_POINT('Ctrl Pts',(14.2500091133221,2.77143075399524,-25.));
#9337=CARTESIAN_POINT('Ctrl Pts',(14.1930670915985,3.08922179295475,-25.));
#9338=CARTESIAN_POINT('Ctrl Pts',(14.1353823539304,3.41115789850052,-25.));
#9339=CARTESIAN_POINT('Ctrl Pts',(14.0668054782049,3.73084202892492,-25.));
#9340=CARTESIAN_POINT('Ctrl Pts',(13.9876319533072,4.04776563474379,-25.));
#9341=CARTESIAN_POINT('Ctrl Pts',(13.907781307165,4.36739968836231,-25.));
#9342=CARTESIAN_POINT('Ctrl Pts',(13.8171518711496,4.68422635724739,-25.));
#9343=CARTESIAN_POINT('Ctrl Pts',(13.7159936913213,4.99772124451195,-25.));
#9344=CARTESIAN_POINT('Ctrl Pts',(13.6145462884746,5.31211245017348,-25.));
#9345=CARTESIAN_POINT('Ctrl Pts',(13.5025096903345,5.62315337328665,-25.));
#9346=CARTESIAN_POINT('Ctrl Pts',(13.380085056385,5.93030383613407,-25.));
#9347=CARTESIAN_POINT('Ctrl Pts',(13.2585277765812,6.23527819913376,-25.));
#9348=CARTESIAN_POINT('Ctrl Pts',(13.1267289044167,6.53641757935065,-25.));
#9349=CARTESIAN_POINT('Ctrl Pts',(12.9848381411388,6.83317373897333,-25.));
#9350=CARTESIAN_POINT('Ctrl Pts',(12.904591545594,7.00100475888289,-25.));
#9351=CARTESIAN_POINT('Ctrl Pts',(12.8211162305254,7.16743341191893,-25.));
#9352=CARTESIAN_POINT('Ctrl Pts',(12.7344329273509,7.33235672839821,-25.));
#9353=CARTESIAN_POINT('Ctrl Pts',(12.7162428771765,7.36696504732264,-25.));
#9354=CARTESIAN_POINT('Ctrl Pts',(12.6979115479262,7.40150706787556,-25.));
#9355=CARTESIAN_POINT('Ctrl Pts',(12.6794391063286,7.43598182044144,-25.));
#9356=CARTESIAN_POINT('Ctrl Pts',(12.6641524866869,7.46451093647256,-25.));
#9357=CARTESIAN_POINT('Ctrl Pts',(12.6487716387551,7.49298945643911,-25.));
#9358=CARTESIAN_POINT('Ctrl Pts',(12.6333004513865,7.52141016789932,-25.));
#9359=CARTESIAN_POINT('Ctrl Pts',(12.473319533593,7.81529656429571,-25.));
#9360=CARTESIAN_POINT('Ctrl Pts',(12.303565169289,8.10322284209052,-25.));
#9361=CARTESIAN_POINT('Ctrl Pts',(12.1243175327135,8.38466829288264,-25.));
#9362=CARTESIAN_POINT('Ctrl Pts',(12.0423826158108,8.5133182994539,-25.));
#9363=CARTESIAN_POINT('Ctrl Pts',(11.9584634188321,8.64061404598332,-25.));
#9364=CARTESIAN_POINT('Ctrl Pts',(11.8725831882006,8.7665049285087,-25.));
#9365=CARTESIAN_POINT('Ctrl Pts',(11.6862706035215,9.03961849071459,-25.));
#9366=CARTESIAN_POINT('Ctrl Pts',(11.4907316242275,9.30612167067381,-25.));
#9367=CARTESIAN_POINT('Ctrl Pts',(11.2864623720084,9.56570554862691,-25.));
#9368=CARTESIAN_POINT('Ctrl Pts',(11.0805683086085,9.82735422479444,-25.));
#9369=CARTESIAN_POINT('Ctrl Pts',(10.8658041752163,10.0819735180001,-25.));
#9370=CARTESIAN_POINT('Ctrl Pts',(10.6426318663244,10.3292202112505,-25.));
#9371=CARTESIAN_POINT('Ctrl Pts',(10.4189316694274,10.5770517376477,-25.));
#9372=CARTESIAN_POINT('Ctrl Pts',(10.1867830650521,10.8174761716303,-25.));
#9373=CARTESIAN_POINT('Ctrl Pts',(9.94661088035538,11.0501145271713,-25.));
#9374=CARTESIAN_POINT('Ctrl Pts',(9.70733808549639,11.2818817053396,-25.));
#9375=CARTESIAN_POINT('Ctrl Pts',(9.46010125125417,11.5059214068637,-25.));
#9376=CARTESIAN_POINT('Ctrl Pts',(9.2052868474628,11.7218197367994,-25.));
#9377=CARTESIAN_POINT('Ctrl Pts',(9.16042620422544,11.7598291185717,-25.));
#9378=CARTESIAN_POINT('Ctrl Pts',(9.1153306240837,11.7975860564419,-25.));
#9379=CARTESIAN_POINT('Ctrl Pts',(9.0700021233575,11.8350881511856,-25.));
#9380=CARTESIAN_POINT('Ctrl Pts',(9.03891902367482,11.8608044517593,-25.));
#9381=CARTESIAN_POINT('Ctrl Pts',(9.00772469945229,11.8864022425467,-25.));
#9382=CARTESIAN_POINT('Ctrl Pts',(8.97643788355395,11.9118661885939,-25.));
#9383=CARTESIAN_POINT('Ctrl Pts',(8.71494044393427,12.1246956665312,-25.));
#9384=CARTESIAN_POINT('Ctrl Pts',(8.44671451094801,12.3284035384286,-25.));
#9385=CARTESIAN_POINT('Ctrl Pts',(8.17226569750851,12.5226793851363,-25.));
#9386=CARTESIAN_POINT('Ctrl Pts',(7.88918781927233,12.7230635434401,-25.));
#9387=CARTESIAN_POINT('Ctrl Pts',(7.59948933835149,12.9134138591076,-25.));
#9388=CARTESIAN_POINT('Ctrl Pts',(7.30367960069759,13.0933543053895,-25.));
#9389=CARTESIAN_POINT('Ctrl Pts',(7.00786986304369,13.2732947516714,-25.));
#9390=CARTESIAN_POINT('Ctrl Pts',(6.70594836431232,13.4428257958335,-25.));
#9391=CARTESIAN_POINT('Ctrl Pts',(6.39838582203176,13.6015285753955,-25.));
#9392=CARTESIAN_POINT('Ctrl Pts',(6.09975192912833,13.755624157139,-25.));
#9393=CARTESIAN_POINT('Ctrl Pts',(5.79579914937199,13.8995112094507,-25.));
#9394=CARTESIAN_POINT('Ctrl Pts',(5.48709064502955,14.0330980905366,-25.));
#9395=CARTESIAN_POINT('Ctrl Pts',(5.17749605395493,14.1670684063555,-25.));
#9396=CARTESIAN_POINT('Ctrl Pts',(4.86311784617256,14.2906795262985,-25.));
#9397=CARTESIAN_POINT('Ctrl Pts',(4.54450405194679,14.4037907343922,-25.));
#9398=CARTESIAN_POINT('Ctrl Pts',(4.33607193912539,14.4777863005416,-25.));
#9399=CARTESIAN_POINT('Ctrl Pts',(4.12582678638456,14.5472873655084,-25.));
#9400=CARTESIAN_POINT('Ctrl Pts',(3.91391914644104,14.612242803616,-25.));
#9401=CARTESIAN_POINT('Origin',(0.,0.,0.));
#9402=CARTESIAN_POINT('',(7.83579971722997,11.9156932511907,-4.29931635095377E-17));
#9403=CARTESIAN_POINT('Ctrl Pts',(7.83301831646469,11.9090571426224,-2.20042589652025E-6));
#9404=CARTESIAN_POINT('Ctrl Pts',(7.75558881367339,11.9559089581227,-2.1758829213838E-6));
#9405=CARTESIAN_POINT('Ctrl Pts',(7.6748879190495,12.0042531994534,-4.43554440822793E-5));
#9406=CARTESIAN_POINT('Ctrl Pts',(7.59047429666555,12.0540448499357,-8.30708650817755E-5));
#9407=CARTESIAN_POINT('Ctrl Pts',(7.50579375510791,12.1039939435633,-0.000121908705755851));
#9408=CARTESIAN_POINT('Ctrl Pts',(7.41737689570346,12.155399935307,-0.000157872386872749));
#9409=CARTESIAN_POINT('Ctrl Pts',(7.32476693618811,12.2081758929777,-0.000173534927280143));
#9410=CARTESIAN_POINT('Ctrl Pts',(7.23316837240455,12.2603754830675,-0.000189026416683953));
#9411=CARTESIAN_POINT('Ctrl Pts',(7.13746771218765,12.3139155633797,-0.000185116964488859));
#9412=CARTESIAN_POINT('Ctrl Pts',(7.03721315156031,12.3686670938459,-0.000164965339611332));
#9413=CARTESIAN_POINT('Ctrl Pts',(6.93946304088861,12.4220508813667,-0.000145317120620925));
#9414=CARTESIAN_POINT('Ctrl Pts',(6.83738360183526,12.4765865141978,-0.00011055703579875));
#9415=CARTESIAN_POINT('Ctrl Pts',(6.7305480645174,12.5321082862703,-7.70149825365524E-5));
#9416=CARTESIAN_POINT('Ctrl Pts',(6.62462998771146,12.5871532597539,-4.37609749015808E-5));
#9417=CARTESIAN_POINT('Ctrl Pts',(6.51403704345525,12.6431677740091,-1.19162520038417E-5));
#9418=CARTESIAN_POINT('Ctrl Pts',(6.39834694218097,12.6999410734703,-6.8643506987015E-6));
#9419=CARTESIAN_POINT('Ctrl Pts',(6.30996777292643,12.7433119149421,-3.00505041651228E-6));
#9420=CARTESIAN_POINT('Ctrl Pts',(6.22131814055125,12.7858019294382,-5.89234052976758E-6));
#9421=CARTESIAN_POINT('Ctrl Pts',(6.13238124623871,12.8274138379892,-1.13142300161087E-5));
#9422=CARTESIAN_POINT('Ctrl Pts',(5.92923040295017,12.9224643159524,-2.36989824844925E-5));
#9423=CARTESIAN_POINT('Ctrl Pts',(5.72458018237144,13.0129345215421,-4.56876266486554E-5));
#9424=CARTESIAN_POINT('Ctrl Pts',(5.51821729030368,13.0988037955199,-5.03239957783466E-5));
#9425=CARTESIAN_POINT('Ctrl Pts',(5.27810370364202,13.1987170073977,-5.5718644058678E-5));
#9426=CARTESIAN_POINT('Ctrl Pts',(5.03567190019745,13.2924022488034,-3.92365000385702E-5));
#9427=CARTESIAN_POINT('Ctrl Pts',(4.7905894137772,13.3797859398867,-2.14905600317977E-5));
#9428=CARTESIAN_POINT('Ctrl Pts',(4.6378334509871,13.4342507858189,-1.04298017093872E-5));
#9429=CARTESIAN_POINT('Ctrl Pts',(4.48404778552397,13.4862666927038,3.49004267215968E-16));
#9430=CARTESIAN_POINT('Ctrl Pts',(4.32915098502546,13.5358072648569,5.34294830600857E-16));
#9431=CARTESIAN_POINT('Ctrl Pts',(7.83579971722996,11.9156932511907,3.46684160961909E-16));
#9432=CARTESIAN_POINT('Ctrl Pts',(7.94205609096811,11.8515569310604,2.36443566098334E-12));
#9433=CARTESIAN_POINT('Ctrl Pts',(8.04749170492906,11.7859475173896,-1.8398595949384E-13));
#9434=CARTESIAN_POINT('Ctrl Pts',(8.15208720399659,11.7188882582064,-5.31349270138648E-13));
#9435=CARTESIAN_POINT('Ctrl Pts',(8.41859317784501,11.5480234185767,-1.41719082552302E-12));
#9436=CARTESIAN_POINT('Ctrl Pts',(8.67877946642191,11.3683052494569,-5.23341797290761E-13));
#9437=CARTESIAN_POINT('Ctrl Pts',(8.93241406304076,11.1802721430984,-4.84993989413596E-14));
#9438=CARTESIAN_POINT('Ctrl Pts',(9.19034954668612,10.9890505555213,4.3439491163895E-13));
#9439=CARTESIAN_POINT('Ctrl Pts',(9.44150965228593,10.789229373067,4.83669062821928E-13));
#9440=CARTESIAN_POINT('Ctrl Pts',(9.6856310747231,10.5813245618423,-1.13813125590667E-12));
#9441=CARTESIAN_POINT('Ctrl Pts',(9.94125572455041,10.3636230834708,-2.8363523068327E-12));
#9442=CARTESIAN_POINT('Ctrl Pts',(10.1891633543598,10.1370581135057,-6.37342363922381E-12));
#9443=CARTESIAN_POINT('Ctrl Pts',(10.4290225879114,9.9021699248693,-1.1935577526323E-11));
#9444=CARTESIAN_POINT('Ctrl Pts',(10.6631351024164,9.6729093554304,-1.73644693529651E-11));
#9445=CARTESIAN_POINT('Ctrl Pts',(10.889580535791,9.43571897023111,-2.47159634612407E-11));
#9446=CARTESIAN_POINT('Ctrl Pts',(11.108017436809,9.19105916169414,-3.30388494340639E-11));
#9447=CARTESIAN_POINT('Ctrl Pts',(11.3258684386485,8.94705558834545,-4.1339411467879E-11));
#9448=CARTESIAN_POINT('Ctrl Pts',(11.5357541995944,8.69562214068721,-5.06049210885406E-11));
#9449=CARTESIAN_POINT('Ctrl Pts',(11.7372973636224,8.43718127080566,-5.881924114437E-11));
#9450=CARTESIAN_POINT('Ctrl Pts',(11.8680088526646,8.26956858548087,-6.41466657243362E-11));
#9451=CARTESIAN_POINT('Ctrl Pts',(11.9952104693292,8.09900775033008,-6.90111822372558E-11));
#9452=CARTESIAN_POINT('Ctrl Pts',(12.1187893600828,7.92560767693953,-7.262773715766E-11));
#9453=CARTESIAN_POINT('Ctrl Pts',(12.1466959036006,7.88645053072658,-7.34444263725859E-11));
#9454=CARTESIAN_POINT('Ctrl Pts',(12.1744213045492,7.84714329119272,-7.41232989028036E-11));
#9455=CARTESIAN_POINT('Ctrl Pts',(12.2019442886427,7.8077159799108,-7.50556283790615E-11));
#9456=CARTESIAN_POINT('Ctrl Pts',(12.3911987081729,7.53660464674533,-8.1466542008206E-11));
#9457=CARTESIAN_POINT('Ctrl Pts',(12.5710295365817,7.25962161379262,-9.72067081310552E-11));
#9458=CARTESIAN_POINT('Ctrl Pts',(12.7411500894505,6.97728164738219,-1.20268628389653E-10));
#9459=CARTESIAN_POINT('Ctrl Pts',(12.9124049868072,6.69305907020431,-1.43484322908229E-10));
#9460=CARTESIAN_POINT('Ctrl Pts',(13.0738201096178,6.40340744909915,-1.7411700320524E-10));
#9461=CARTESIAN_POINT('Ctrl Pts',(13.2250678553534,6.10881286811208,-2.09011780105683E-10));
#9462=CARTESIAN_POINT('Ctrl Pts',(13.3759320125741,5.81496542618004,-2.43818058261338E-10));
#9463=CARTESIAN_POINT('Ctrl Pts',(13.5166806770219,5.51619958046246,-2.8286437971433E-10));
#9464=CARTESIAN_POINT('Ctrl Pts',(13.6469479281701,5.21296598168581,-3.21964011007481E-10));
#9465=CARTESIAN_POINT('Ctrl Pts',(13.7757056202357,4.91324630547332,-3.60610549117008E-10));
#9466=CARTESIAN_POINT('Ctrl Pts',(13.8942237115803,4.60916132813149,-3.99306121861289E-10));
#9467=CARTESIAN_POINT('Ctrl Pts',(14.0021040171193,4.30112249317099,-4.33026309254458E-10));
#9468=CARTESIAN_POINT('Ctrl Pts',(14.0411623218538,4.18959634735753,-4.45234778152706E-10));
#9469=CARTESIAN_POINT('Ctrl Pts',(14.0788257549012,4.07755173153041,-4.5678134384743E-10));
#9470=CARTESIAN_POINT('Ctrl Pts',(14.1150738269241,3.96500758326307,-4.67397787140555E-10));
#9471=CARTESIAN_POINT('Ctrl Pts',(14.2161079058635,3.65131381348125,-4.96988949094037E-10));
#9472=CARTESIAN_POINT('Ctrl Pts',(14.3061497327162,3.33373987660506,-5.1941978875674E-10));
#9473=CARTESIAN_POINT('Ctrl Pts',(14.3852344137188,3.01284849513641,-5.28199872729118E-10));
#9474=CARTESIAN_POINT('Ctrl Pts',(14.4097916767766,2.91320575816401,-5.30926251960156E-10));
#9475=CARTESIAN_POINT('Ctrl Pts',(14.4332920588007,2.8132430798273,-5.32330184002057E-10));
#9476=CARTESIAN_POINT('Ctrl Pts',(14.4557356005072,2.71297716998084,-5.32197064195827E-10));
#9477=CARTESIAN_POINT('Ctrl Pts',(14.5266238029492,2.39628606087693,-5.31776629776048E-10));
#9478=CARTESIAN_POINT('Ctrl Pts',(14.5867426710615,2.0775973408539,-5.16581096858905E-10));
#9479=CARTESIAN_POINT('Ctrl Pts',(14.6362666844022,1.75748717702817,-4.92775542593193E-10));
#9480=CARTESIAN_POINT('Ctrl Pts',(14.6866147394228,1.43205062506499,-4.68573882123508E-10));
#9481=CARTESIAN_POINT('Ctrl Pts',(14.726012537381,1.1051444433597,-4.35473069184447E-10));
#9482=CARTESIAN_POINT('Ctrl Pts',(14.7545950584778,0.777350945349815,-3.98999944195566E-10));
#9483=CARTESIAN_POINT('Ctrl Pts',(14.7836406969971,0.44424626854498,-3.61935851755522E-10));
#9484=CARTESIAN_POINT('Ctrl Pts',(14.8015178661337,0.110224735432125,-3.21389649739872E-10));
#9485=CARTESIAN_POINT('Ctrl Pts',(14.8083169044191,-0.22411826520051,-2.82183221234078E-10));
#9486=CARTESIAN_POINT('Ctrl Pts',(14.8151343727619,-0.559367564701335,-2.428705164141E-10));
#9487=CARTESIAN_POINT('Ctrl Pts',(14.8108135886219,-0.894940689465303,-2.04904591450966E-10));
#9488=CARTESIAN_POINT('Ctrl Pts',(14.7953935550735,-1.23024417536685,-1.72179048796295E-10));
#9489=CARTESIAN_POINT('Ctrl Pts',(14.7800327914192,-1.56425885719221,-1.39579293121309E-10));
#9490=CARTESIAN_POINT('Ctrl Pts',(14.7536579096741,-1.89800658276916,-1.12179251804754E-10));
#9491=CARTESIAN_POINT('Ctrl Pts',(14.7162560267954,-2.2308982363471,-9.29049059905651E-11));
#9492=CARTESIAN_POINT('Ctrl Pts',(14.6959317903034,-2.4117920356094,-8.24311989896537E-11));
#9493=CARTESIAN_POINT('Ctrl Pts',(14.6723505541644,-2.59243295262689,-7.43411140737234E-11));
#9494=CARTESIAN_POINT('Ctrl Pts',(14.6455038815844,-2.77272516569689,-6.89933110642471E-11));
#9495=CARTESIAN_POINT('Ctrl Pts',(14.6349779202284,-2.84341358572071,-6.689656080032E-11));
#9496=CARTESIAN_POINT('Ctrl Pts',(14.6239499331424,-2.91404838799541,-6.52197421667161E-11));
#9497=CARTESIAN_POINT('Ctrl Pts',(14.6124192232103,-2.98462373909016,-6.39826525095089E-11));
#9498=CARTESIAN_POINT('Ctrl Pts',(14.6070495428837,-3.01748963169783,-6.34065582331198E-11));
#9499=CARTESIAN_POINT('Ctrl Pts',(14.6015708297134,-3.05034249335272,-6.29248958730816E-11));
#9500=CARTESIAN_POINT('Ctrl Pts',(14.5959855143214,-3.0831675683576,-6.24194584908366E-11));
#9501=CARTESIAN_POINT('Ctrl Pts',(14.5390029689906,-3.41805578740375,-5.72628815521942E-11));
#9502=CARTESIAN_POINT('Ctrl Pts',(14.4708689740844,-3.75042364256438,-5.28544657114778E-11));
#9503=CARTESIAN_POINT('Ctrl Pts',(14.391699716085,-4.07967045936013,-4.97982211022929E-11));
#9504=CARTESIAN_POINT('Ctrl Pts',(14.3123842667162,-4.40952525258854,-4.67363329315001E-11));
#9505=CARTESIAN_POINT('Ctrl Pts',(14.2219927532399,-4.7362480965188,-4.50296146563139E-11));
#9506=CARTESIAN_POINT('Ctrl Pts',(14.1205897848841,-5.05923814926572,-4.43319270182485E-11));
#9507=CARTESIAN_POINT('Ctrl Pts',(14.0198205243263,-5.38020970769828,-4.36385995099105E-11));
#9508=CARTESIAN_POINT('Ctrl Pts',(13.9081769399885,-5.69749559338839,-4.39380634938496E-11));
#9509=CARTESIAN_POINT('Ctrl Pts',(13.7856715991844,-6.01050005843387,-4.39902558824201E-11));
#9510=CARTESIAN_POINT('Ctrl Pts',(13.7300628756843,-6.15258185369915,-4.40139475197462E-11));
#9511=CARTESIAN_POINT('Ctrl Pts',(13.6722153813572,-6.29378131669148,-4.39758530151217E-11));
#9512=CARTESIAN_POINT('Ctrl Pts',(13.6121268560821,-6.4340417898483,-4.36979896711875E-11));
#9513=CARTESIAN_POINT('Ctrl Pts',(13.4802216222864,-6.74193902013247,-4.30880281973272E-11));
#9514=CARTESIAN_POINT('Ctrl Pts',(13.3375203690954,-7.04531293977502,-4.13814533781658E-11));
#9515=CARTESIAN_POINT('Ctrl Pts',(13.1844476018883,-7.34378551187397,-3.61146113014854E-11));
#9516=CARTESIAN_POINT('Ctrl Pts',(13.0302856927075,-7.64438177332784,-3.08102946375302E-11));
#9517=CARTESIAN_POINT('Ctrl Pts',(12.8656038301189,-7.94000716942179,-2.18932039954721E-11));
#9518=CARTESIAN_POINT('Ctrl Pts',(12.6907901895026,-8.23024915149417,-6.00297589414822E-12));
#9519=CARTESIAN_POINT('Ctrl Pts',(12.6699240830557,-8.26489301608011,-4.10628642610066E-12));
#9520=CARTESIAN_POINT('Ctrl Pts',(12.6489135768156,-8.29946014590691,-2.10882487881867E-12));
#9521=CARTESIAN_POINT('Ctrl Pts',(12.6277592914781,-8.33394980942406,-4.9960036108132E-15));
#9522=CARTESIAN_POINT('Ctrl Pts',(-7.83579971722985,-11.9156932511908,-25.));
#9523=CARTESIAN_POINT('Ctrl Pts',(-5.04089805047551,-13.753629930859,-24.9253383909198));
#9524=CARTESIAN_POINT('Ctrl Pts',(1.88068761097254,-15.3795890387227,-24.7760123170479));
#9525=CARTESIAN_POINT('Ctrl Pts',(11.3893814954332,-10.5048165981655,-24.5520267263303));
#9526=CARTESIAN_POINT('Ctrl Pts',(15.4786831957743,-0.64272969312376,-24.3280393969689));
#9527=CARTESIAN_POINT('Ctrl Pts',(12.2190195284378,9.52628727216273,-24.1040514161847));
#9528=CARTESIAN_POINT('Ctrl Pts',(3.15218919906054,15.1688869843354,-23.8800628860118));
#9529=CARTESIAN_POINT('Ctrl Pts',(-7.41086889087891,13.6056668415931,-23.6560756636793));
#9530=CARTESIAN_POINT('Ctrl Pts',(-14.4539535356341,5.57872902805577,-23.4320892075693));
#9531=CARTESIAN_POINT('Ctrl Pts',(-14.6301172673796,-5.09834527031966,-23.2081024604762));
#9532=CARTESIAN_POINT('Ctrl Pts',(-7.85640269328628,-13.3534876296208,-22.9841144546654));
#9533=CARTESIAN_POINT('Ctrl Pts',(2.65014141597935,-15.2648106342117,-22.7601259617157));
#9534=CARTESIAN_POINT('Ctrl Pts',(11.8968414641256,-9.92433300005478,-22.5361384356504));
#9535=CARTESIAN_POINT('Ctrl Pts',(15.4932517832536,0.130745315126098,-22.312151989256));
#9536=CARTESIAN_POINT('Ctrl Pts',(11.7266512085642,10.1237948667835,-22.0881652808668));
#9537=CARTESIAN_POINT('Ctrl Pts',(2.3944584364347,15.3072966994225,-21.8641776654234));
#9538=CARTESIAN_POINT('Ctrl Pts',(-8.08566812743852,13.2190793881176,-21.6401888132805));
#9539=CARTESIAN_POINT('Ctrl Pts',(-13.9679049942702,5.78040973208318,-21.4410891190935));
#9540=CARTESIAN_POINT('Ctrl Pts',(-14.6218063997374,-2.22334468358565,-21.2668774311403));
#9541=CARTESIAN_POINT('Ctrl Pts',(-12.0459121041918,-8.59255677556115,-21.1175522615086));
#9542=CARTESIAN_POINT('Ctrl Pts',(-6.85547409132663,-13.110987138127,-20.9682273296881));
#9543=CARTESIAN_POINT('Ctrl Pts',(-0.189175259770068,-14.793167046117,-20.8189024221163));
#9544=CARTESIAN_POINT('Ctrl Pts',(6.51924616976228,-13.2816762035881,-20.6695774698571));
#9545=CARTESIAN_POINT('Ctrl Pts',(11.8214001259282,-8.89746249753833,-20.5202524983495));
#9546=CARTESIAN_POINT('Ctrl Pts',(14.5624535651154,-2.59558717225412,-20.3709275387156));
#9547=CARTESIAN_POINT('Ctrl Pts',(14.1280140861155,5.03926498299166,-20.2050111783705));
#9548=CARTESIAN_POINT('Ctrl Pts',(10.1311615898128,10.8120154898781,-20.055686600047));
#9549=CARTESIAN_POINT('Ctrl Pts',(4.82725922294797,13.6610817921376,-19.9229527876461));
#9550=CARTESIAN_POINT('Ctrl Pts',(-1.0907277307933,14.7788564285721,-19.7902193568383));
#9551=CARTESIAN_POINT('Ctrl Pts',(-7.82582532535071,12.7958025852491,-19.6408952499152));
#9552=CARTESIAN_POINT('Ctrl Pts',(-12.9599911071403,7.13024553560247,-19.4749775139927));
#9553=CARTESIAN_POINT('Ctrl Pts',(-14.7881390970336,0.502982067077225,-19.325653176924));
#9554=CARTESIAN_POINT('Ctrl Pts',(-13.4139761337792,-6.23474965160238,-19.1763279651562));
#9555=CARTESIAN_POINT('Ctrl Pts',(-8.67722460867911,-12.2334421434123,-19.0104113503143));
#9556=CARTESIAN_POINT('Ctrl Pts',(-0.62592229435068,-15.2138103708013,-18.8279021188975));
#9557=CARTESIAN_POINT('Ctrl Pts',(8.40166302929467,-12.6976680669847,-18.6288049307357));
#9558=CARTESIAN_POINT('Ctrl Pts',(14.2436842544755,-5.37654586602257,-18.4297021687314));
#9559=CARTESIAN_POINT('Ctrl Pts',(14.6956704038009,3.98278879335866,-18.230604064563));
#9560=CARTESIAN_POINT('Ctrl Pts',(9.58123600345635,11.8318245557206,-18.0315036407063));
#9561=CARTESIAN_POINT('Ctrl Pts',(0.839862871657408,15.2025667248637,-17.8324024110429));
#9562=CARTESIAN_POINT('Ctrl Pts',(-8.22010632806934,12.8148284137049,-17.6333052723699));
#9563=CARTESIAN_POINT('Ctrl Pts',(-14.1669397701192,5.57782655611585,-17.4342020028661));
#9564=CARTESIAN_POINT('Ctrl Pts',(-14.7511385172354,-3.77573642605765,-17.2351047911235));
#9565=CARTESIAN_POINT('Ctrl Pts',(-10.3012662374414,-10.8105858752491,-17.0581260388644));
#9566=CARTESIAN_POINT('Ctrl Pts',(-4.02380749458414,-14.1157396809902,-16.9032704948914));
#9567=CARTESIAN_POINT('Ctrl Pts',(2.0345027228713,-14.5408637453881,-16.7705374254225));
#9568=CARTESIAN_POINT('Ctrl Pts',(7.27671814320639,-12.6404815685204,-16.6488650426038));
#9569=CARTESIAN_POINT('Ctrl Pts',(11.065146107385,-9.35730724125979,-16.5382539637544));
#9570=CARTESIAN_POINT('Ctrl Pts',(14.2036864572224,-4.21767451957162,-16.4055208981632));
#9571=CARTESIAN_POINT('Ctrl Pts',(14.804658377644,3.56696843337952,-16.2396035958858));
#9572=CARTESIAN_POINT('Ctrl Pts',(10.316641468713,10.886910725379,-16.0570965030508));
#9573=CARTESIAN_POINT('Ctrl Pts',(3.51230470239703,14.3687399785708,-15.8911789695625));
#9574=CARTESIAN_POINT('Ctrl Pts',(-3.36158618228221,14.4092463909522,-15.7418543960513));
#9575=CARTESIAN_POINT('Ctrl Pts',(-9.51368208416558,11.3302676128888,-15.5925293907713));
#9576=CARTESIAN_POINT('Ctrl Pts',(-13.6078758133983,5.8063985031094,-15.4432043269592));
#9577=CARTESIAN_POINT('Ctrl Pts',(-14.7630758112975,-0.97366937196096,-15.2938795652508));
#9578=CARTESIAN_POINT('Ctrl Pts',(-12.7278685867394,-7.54252296548444,-15.1445544828633));
#9579=CARTESIAN_POINT('Ctrl Pts',(-7.94292878759498,-12.4821295976671,-14.9952295700561));
#9580=CARTESIAN_POINT('Ctrl Pts',(-1.44163641380037,-14.7245574227132,-14.8459047168328));
#9581=CARTESIAN_POINT('Ctrl Pts',(5.37106885030678,-13.7856313502818,-14.6965795766704));
#9582=CARTESIAN_POINT('Ctrl Pts',(11.0233016109676,-9.86805581413429,-14.5472548766559));
#9583=CARTESIAN_POINT('Ctrl Pts',(14.2937712920221,-3.81835512806904,-14.3979297231095));
#9584=CARTESIAN_POINT('Ctrl Pts',(14.4758552793856,3.05636635197349,-14.2486048900858));
#9585=CARTESIAN_POINT('Ctrl Pts',(11.5302091496205,9.27070874205783,-14.0992799611063));
#9586=CARTESIAN_POINT('Ctrl Pts',(6.09327554450351,13.4819776791397,-13.9499548767194));
#9587=CARTESIAN_POINT('Ctrl Pts',(-0.660184186114789,14.7802526554033,-13.8006301529262));
#9588=CARTESIAN_POINT('Ctrl Pts',(-7.2710302834999,12.8850305455295,-13.6513049925631));
#9589=CARTESIAN_POINT('Ctrl Pts',(-12.3108204466983,8.20579683508324,-13.5019801783502));
#9590=CARTESIAN_POINT('Ctrl Pts',(-14.6907242911802,1.753583702422,-13.3526552529913));
#9591=CARTESIAN_POINT('Ctrl Pts',(-13.8963739597688,-5.0775430253209,-13.2033300900269));
#9592=CARTESIAN_POINT('Ctrl Pts',(-10.0996864467619,-10.8115457623347,-13.0540055960223));
#9593=CARTESIAN_POINT('Ctrl Pts',(-4.12042593772105,-14.2095270088011,-12.9046799772624));
#9594=CARTESIAN_POINT('Ctrl Pts',(2.74866270745205,-14.5376237098551,-12.7553553789192));
#9595=CARTESIAN_POINT('Ctrl Pts',(9.02413221880608,-11.7240862125848,-12.606030542505));
#9596=CARTESIAN_POINT('Ctrl Pts',(13.3497253204848,-6.37787268088613,-12.4567054360931));
#9597=CARTESIAN_POINT('Ctrl Pts',(14.7909300768115,0.346649733680789,-12.307380725628));
#9598=CARTESIAN_POINT('Ctrl Pts',(13.036325365053,6.99612175897114,-12.1580555034412));
#9599=CARTESIAN_POINT('Ctrl Pts',(8.46500444670379,12.1340837856244,-12.0087308235478));
#9600=CARTESIAN_POINT('Ctrl Pts',(2.06474029999774,14.6501618128664,-11.8594056866819));
#9601=CARTESIAN_POINT('Ctrl Pts',(-4.78176024288203,14.0010585705801,-11.7100808168409));
#9602=CARTESIAN_POINT('Ctrl Pts',(-10.5948433514219,10.3264230451788,-11.5607559225974));
#9603=CARTESIAN_POINT('Ctrl Pts',(-14.1192278305213,4.42134765310543,-11.4114308668187));
#9604=CARTESIAN_POINT('Ctrl Pts',(-14.5920213913583,-2.44046940991758,-11.2621059890668));
#9605=CARTESIAN_POINT('Ctrl Pts',(-11.9136461442342,-8.77215567644928,-11.1127811091351));
#9606=CARTESIAN_POINT('Ctrl Pts',(-6.65794774966445,-13.2142290013014,-10.9634563850591));
#9607=CARTESIAN_POINT('Ctrl Pts',(0.0296415446740274,-14.7897720837984,
-10.8141309168121));
#9608=CARTESIAN_POINT('Ctrl Pts',(7.8402881068353,-12.924599028118,-10.6399190348989));
#9609=CARTESIAN_POINT('Ctrl Pts',(14.2962953311086,-5.9780955503885,-10.4408197974739));
#9610=CARTESIAN_POINT('Ctrl Pts',(14.7641529453336,4.69794426277158,-10.2168316048022));
#9611=CARTESIAN_POINT('Ctrl Pts',(8.21947855661476,13.1314884418792,-9.99284300886806));
#9612=CARTESIAN_POINT('Ctrl Pts',(-2.23005430198562,15.3329041962142,-9.76885611059051));
#9613=CARTESIAN_POINT('Ctrl Pts',(-11.621123801231,10.2454770759161,-9.54486874485759));
#9614=CARTESIAN_POINT('Ctrl Pts',(-15.4907405648576,0.294722455102246,-9.32088283021116));
#9615=CARTESIAN_POINT('Ctrl Pts',(-12.0008999504978,-9.79863236190282,-9.09689461506309));
#9616=CARTESIAN_POINT('Ctrl Pts',(-2.81083672376348,-15.2358965642661,-8.87290621107309));
#9617=CARTESIAN_POINT('Ctrl Pts',(7.71514104481437,-13.4356271258404,-8.64891861107182));
#9618=CARTESIAN_POINT('Ctrl Pts',(14.5755725935061,-5.25234615555561,-8.42493213279763));
#9619=CARTESIAN_POINT('Ctrl Pts',(14.5119116251251,5.42596946768339,-8.20094551752195));
#9620=CARTESIAN_POINT('Ctrl Pts',(7.55407949354389,13.5267390516371,-7.97695778749039));
#9621=CARTESIAN_POINT('Ctrl Pts',(-2.99244577287295,15.2013697197911,-7.75296924132927));
#9622=CARTESIAN_POINT('Ctrl Pts',(-12.1173217463338,9.65436415061348,-7.52898147673675));
#9623=CARTESIAN_POINT('Ctrl Pts',(-15.4857150132077,-0.479058912735597,
-7.30499485889472));
#9624=CARTESIAN_POINT('Ctrl Pts',(-11.4973755536594,-10.3848505550115,-7.08100836483939));
#9625=CARTESIAN_POINT('Ctrl Pts',(-2.04722858505227,-15.3573076790656,-6.85702084794128));
#9626=CARTESIAN_POINT('Ctrl Pts',(8.37590089520175,-13.0338846564882,-6.63303234349972));
#9627=CARTESIAN_POINT('Ctrl Pts',(14.8191834516655,-4.51876330940199,-6.40904434791327));
#9628=CARTESIAN_POINT('Ctrl Pts',(14.223747196537,6.14351395308913,-6.18505761913389));
#9629=CARTESIAN_POINT('Ctrl Pts',(6.86859677939829,13.8862632857853,-5.96107113692336));
#9630=CARTESIAN_POINT('Ctrl Pts',(-3.74462620780565,15.0340817553229,-5.73708394958781));
#9631=CARTESIAN_POINT('Ctrl Pts',(-12.5886055895583,9.03604130383756,-5.51309532933091));
#9632=CARTESIAN_POINT('Ctrl Pts',(-15.1163781922311,-0.104427537612984,
-5.31399499940022));
#9633=CARTESIAN_POINT('Ctrl Pts',(-12.6073419984997,-7.73256804801288,-5.13978363916117));
#9634=CARTESIAN_POINT('Ctrl Pts',(-7.75804656529201,-12.5998809478897,-4.99045802777938));
#9635=CARTESIAN_POINT('Ctrl Pts',(-1.21932439515767,-14.7444584083115,-4.84113381413534));
#9636=CARTESIAN_POINT('Ctrl Pts',(5.57633694138211,-13.7035376110822,-4.69180827705242));
#9637=CARTESIAN_POINT('Ctrl Pts',(11.1703541531106,-9.70179502333179,-4.5424836460936));
#9638=CARTESIAN_POINT('Ctrl Pts',(14.3492123284253,-3.60353522372097,-4.39315831136091));
#9639=CARTESIAN_POINT('Ctrl Pts',(14.4287706228168,3.27267263722497,-4.243833534633));
#9640=CARTESIAN_POINT('Ctrl Pts',(11.3891680707373,9.44294307395499,-4.09450869150221));
#9641=CARTESIAN_POINT('Ctrl Pts',(5.89201062560044,13.5710004630582,-3.9451837121835));
#9642=CARTESIAN_POINT('Ctrl Pts',(-0.884515013776632,14.7701853308732,-3.7958588543716));
#9643=CARTESIAN_POINT('Ctrl Pts',(-7.45785725315178,12.7717927873957,-3.64653357068203));
#9644=CARTESIAN_POINT('Ctrl Pts',(-13.2734250535821,7.23412846087838,-3.47232204126693));
#9645=CARTESIAN_POINT('Ctrl Pts',(-15.3641741947383,-2.01600284440598,-3.27322185851627));
#9646=CARTESIAN_POINT('Ctrl Pts',(-10.4035684054207,-11.4809492509177,-3.04923315754614));
#9647=CARTESIAN_POINT('Ctrl Pts',(-0.507337673042092,-15.483807281834,-2.82524594938383));
#9648=CARTESIAN_POINT('Ctrl Pts',(9.63333410040931,-12.1349386103554,-2.60125944346007));
#9649=CARTESIAN_POINT('Ctrl Pts',(15.1957952692782,-3.01912974828927,-2.37727274909099));
#9650=CARTESIAN_POINT('Ctrl Pts',(13.5402547600234,7.52989227007519,-2.15328481074023));
#9651=CARTESIAN_POINT('Ctrl Pts',(5.4516518027011,14.5023486681033,-1.92929626774234));
#9652=CARTESIAN_POINT('Ctrl Pts',(-5.22651616128627,14.584815652501,-1.70530875601026));
#9653=CARTESIAN_POINT('Ctrl Pts',(-13.4219206251305,7.73893610191216,-1.48132213394498));
#9654=CARTESIAN_POINT('Ctrl Pts',(-15.2409133678623,-2.78381419002772,-1.25733575054242));
#9655=CARTESIAN_POINT('Ctrl Pts',(-9.81979417327618,-11.9834583450324,-1.0333476382139));
#9656=CARTESIAN_POINT('Ctrl Pts',(0.266910380578102,-15.4914046616044,-0.809359853081287));
#9657=CARTESIAN_POINT('Ctrl Pts',(10.2258606430807,-11.6375700847142,-0.585370614217887));
#9658=CARTESIAN_POINT('Ctrl Pts',(15.3286001220574,-2.25966036997908,-0.361386806953175));
#9659=CARTESIAN_POINT('Ctrl Pts',(13.1458906449018,8.20065309652921,-0.137394489983359));
#9660=CARTESIAN_POINT('Ctrl Pts',(7.53232908101409,12.563366145493,0.0119206550906853));
#9661=CARTESIAN_POINT('Ctrl Pts',(4.34621936193439,13.582852429551,0.0865861369774567));
#9662=CARTESIAN_POINT('Ctrl Pts',(-7.82612361730312,-11.9013784103163,-25.0099700671372));
#9663=CARTESIAN_POINT('Ctrl Pts',(-5.03458904447481,-13.7370395833578,-24.935308458057));
#9664=CARTESIAN_POINT('Ctrl Pts',(1.87865228440446,-15.3609318880281,-24.7859823841851));
#9665=CARTESIAN_POINT('Ctrl Pts',(11.3757420506985,-10.4919131879689,-24.5619967934675));
#9666=CARTESIAN_POINT('Ctrl Pts',(15.4599425598037,-0.641713824373533,-24.3380094641061));
#9667=CARTESIAN_POINT('Ctrl Pts',(12.2040690621451,9.51493485548874,-24.1140214833218));
#9668=CARTESIAN_POINT('Ctrl Pts',(3.14813743716223,15.1505584447791,-23.8900329531491));
#9669=CARTESIAN_POINT('Ctrl Pts',(-7.40210033248219,13.5890699776621,-23.6660457308164));
#9670=CARTESIAN_POINT('Ctrl Pts',(-14.4365285913616,5.57174806871779,-23.4420592747064));
#9671=CARTESIAN_POINT('Ctrl Pts',(-14.6123148127032,-5.092393789049,-23.2180725276134));
#9672=CARTESIAN_POINT('Ctrl Pts',(-7.84667934656538,-13.3374310513536,-22.9940845218026));
#9673=CARTESIAN_POINT('Ctrl Pts',(2.64716566165453,-15.2462768647021,-22.7700960288529));
#9674=CARTESIAN_POINT('Ctrl Pts',(11.8825813961958,-9.91212683406667,-22.5461085027876));
#9675=CARTESIAN_POINT('Ctrl Pts',(15.4744800126086,0.130825263460001,-22.3221220563932));
#9676=CARTESIAN_POINT('Ctrl Pts',(11.7122888804902,10.1117105766966,-22.0981353480039));
#9677=CARTESIAN_POINT('Ctrl Pts',(2.3913220585824,15.2887889685238,-21.8741477325605));
#9678=CARTESIAN_POINT('Ctrl Pts',(-8.07607582806902,13.2029405658754,-21.6501588804177));
#9679=CARTESIAN_POINT('Ctrl Pts',(-13.9510722215693,5.77319157559497,-21.4510591862307));
#9680=CARTESIAN_POINT('Ctrl Pts',(-14.6040581596092,-2.22087597152451,-21.2768474982774));
#9681=CARTESIAN_POINT('Ctrl Pts',(-12.0311865413397,-8.58233248370787,-21.1275223286457));
#9682=CARTESIAN_POINT('Ctrl Pts',(-6.84696712476752,-13.0952088716129,-20.9781973968253));
#9683=CARTESIAN_POINT('Ctrl Pts',(-0.18871844616413,-14.7752484142775,-20.8288724892535));
#9684=CARTESIAN_POINT('Ctrl Pts',(6.51155251538789,-13.265485330844,-20.6795475369943));
#9685=CARTESIAN_POINT('Ctrl Pts',(11.807215779093,-8.88650172125292,-20.5302225654867));
#9686=CARTESIAN_POINT('Ctrl Pts',(14.5448511250012,-2.59221826434711,-20.3808976058528));
#9687=CARTESIAN_POINT('Ctrl Pts',(14.1108214087749,5.03337653426874,-20.2149812455076));
#9688=CARTESIAN_POINT('Ctrl Pts',(10.1187202485883,10.7990740582085,-20.0656566671841));
#9689=CARTESIAN_POINT('Ctrl Pts',(4.82120163071793,13.6446053291498,-19.9329228547833));
#9690=CARTESIAN_POINT('Ctrl Pts',(-1.08963389508901,14.7609358850544,-19.8001894239755));
#9691=CARTESIAN_POINT('Ctrl Pts',(-7.81654097840866,12.7801800346916,-19.6508653170524));
#9692=CARTESIAN_POINT('Ctrl Pts',(-12.9444003021783,7.12140808313849,-19.4849475811298));
#9693=CARTESIAN_POINT('Ctrl Pts',(-14.7702312041143,0.502145224432989,-19.3356232440612));
#9694=CARTESIAN_POINT('Ctrl Pts',(-13.3976294718002,-6.22740291830146,-19.1862980322934));
#9695=CARTESIAN_POINT('Ctrl Pts',(-8.66652431208724,-12.2187546890667,-19.0203814174514));
#9696=CARTESIAN_POINT('Ctrl Pts',(-0.624929537027342,-15.1953892910568,
-18.8378721860346));
#9697=CARTESIAN_POINT('Ctrl Pts',(8.39167954702126,-12.6821552890236,-18.6387749978728));
#9698=CARTESIAN_POINT('Ctrl Pts',(14.2265113454163,-5.36981359167099,-18.4396722358685));
#9699=CARTESIAN_POINT('Ctrl Pts',(14.6778054300943,3.97818988644396,-18.2405741317002));
#9700=CARTESIAN_POINT('Ctrl Pts',(9.56944658169713,11.8176380393236,-18.0414737078435));
#9701=CARTESIAN_POINT('Ctrl Pts',(0.838611523673424,15.1841618395021,-17.8423724781801));
#9702=CARTESIAN_POINT('Ctrl Pts',(-8.21034514720459,12.7991775019513,-17.6432753395071));
#9703=CARTESIAN_POINT('Ctrl Pts',(-14.1498623187592,5.57085035958056,-17.4441720700033));
#9704=CARTESIAN_POINT('Ctrl Pts',(-14.7332103367427,-3.77138847021429,-17.2450748582606));
#9705=CARTESIAN_POINT('Ctrl Pts',(-10.2886192651487,-10.7976480583957,-17.0680961060016));
#9706=CARTESIAN_POINT('Ctrl Pts',(-4.01871554763794,-14.0987007042813,-16.9132405620285));
#9707=CARTESIAN_POINT('Ctrl Pts',(2.03226084165026,-14.523216425533,-16.7805074925596));
#9708=CARTESIAN_POINT('Ctrl Pts',(7.26809770612156,-12.6250558895509,-16.658835109741));
#9709=CARTESIAN_POINT('Ctrl Pts',(11.0518846919295,-9.34580064869558,-16.5482240308915));
#9710=CARTESIAN_POINT('Ctrl Pts',(14.1865439462979,-4.21234680418892,-16.4154909653003));
#9711=CARTESIAN_POINT('Ctrl Pts',(14.7866678995406,3.56287521988397,-16.2495736630229));
#9712=CARTESIAN_POINT('Ctrl Pts',(10.3039757020483,10.8738798349447,-16.067066570188));
#9713=CARTESIAN_POINT('Ctrl Pts',(3.50782844002526,14.3513868159905,-15.9011490366996));
#9714=CARTESIAN_POINT('Ctrl Pts',(-3.35773532015972,14.3917380534933,-15.7518244631885));
#9715=CARTESIAN_POINT('Ctrl Pts',(-9.50233081406071,11.3163949262929,-15.6024994579084));
#9716=CARTESIAN_POINT('Ctrl Pts',(-13.5914794770375,5.79915477935521,-15.4531743940964));
#9717=CARTESIAN_POINT('Ctrl Pts',(-14.7451756869692,-0.972716910656722,
-15.3038496323879));
#9718=CARTESIAN_POINT('Ctrl Pts',(-12.7123329949667,-7.53358119081691,-15.1545245500005));
#9719=CARTESIAN_POINT('Ctrl Pts',(-7.93311405807894,-12.4671299630439,-15.0051996371933));
#9720=CARTESIAN_POINT('Ctrl Pts',(-1.43966335783324,-14.7067411163701,-14.85587478397));
#9721=CARTESIAN_POINT('Ctrl Pts',(5.36477401093939,-13.7688477134599,-14.7065496438076));
#9722=CARTESIAN_POINT('Ctrl Pts',(11.0100989390199,-9.8559312768497,-14.5572249437931));
#9723=CARTESIAN_POINT('Ctrl Pts',(14.2765134383732,-3.81350935673538,-14.4078997902467));
#9724=CARTESIAN_POINT('Ctrl Pts',(14.4582710643268,3.05288634573399,-14.2585749572229));
#9725=CARTESIAN_POINT('Ctrl Pts',(11.516097913377,9.25965487109402,-14.1092500282435));
#9726=CARTESIAN_POINT('Ctrl Pts',(6.08568624373744,13.4657382981827,-13.9599249438566));
#9727=CARTESIAN_POINT('Ctrl Pts',(-0.659611783805651,14.7623365328999,-13.8106002200634));
#9728=CARTESIAN_POINT('Ctrl Pts',(-7.26241983137363,12.8693087427655,-13.6612750597002));
#9729=CARTESIAN_POINT('Ctrl Pts',(-12.2960323872349,8.1956662685964,-13.5119502454873));
#9730=CARTESIAN_POINT('Ctrl Pts',(-14.6729537919063,1.75123327244302,-13.3626253201285));
#9731=CARTESIAN_POINT('Ctrl Pts',(-13.8794606319605,-5.07160553340402,-13.2133001571641));
#9732=CARTESIAN_POINT('Ctrl Pts',(-10.0872846749034,-10.7986031032487,-13.0639756631595));
#9733=CARTESIAN_POINT('Ctrl Pts',(-4.11521493155714,-14.1923760873329,-12.9146500443995));
#9734=CARTESIAN_POINT('Ctrl Pts',(2.74555557358521,-14.5199692684581,-12.7653254460564));
#9735=CARTESIAN_POINT('Ctrl Pts',(9.01338052862867,-11.7097439572262,-12.6160006096421));
#9736=CARTESIAN_POINT('Ctrl Pts',(13.333650288988,-6.36994059872135,-12.4666755032302));
#9737=CARTESIAN_POINT('Ctrl Pts',(14.7730059744483,0.346457320518991,-12.3173507927652));
#9738=CARTESIAN_POINT('Ctrl Pts',(13.0204244287897,6.98784668561721,-12.1680255705783));
#9739=CARTESIAN_POINT('Ctrl Pts',(8.45456262121061,12.119513829607,-12.018700890685));
#9740=CARTESIAN_POINT('Ctrl Pts',(2.06201349328255,14.6324452292123,-11.869375753819));
#9741=CARTESIAN_POINT('Ctrl Pts',(-4.77618264085695,13.9840230008868,-11.7200508839781));
#9742=CARTESIAN_POINT('Ctrl Pts',(-10.5821668110656,10.3137498252627,-11.5707259897345));
#9743=CARTESIAN_POINT('Ctrl Pts',(-14.1021906916192,4.41577399860015,-11.4214009339559));
#9744=CARTESIAN_POINT('Ctrl Pts',(-14.5743059756455,-2.43773720302248,-11.272076056204));
#9745=CARTESIAN_POINT('Ctrl Pts',(-11.8990777087304,-8.76171219998939,-11.1227511762722));
#9746=CARTESIAN_POINT('Ctrl Pts',(-6.64967911982513,-13.1983220992642,-10.9734264521962));
#9747=CARTESIAN_POINT('Ctrl Pts',(0.0298336025960534,-14.7718543840284,
-10.8241009839492));
#9748=CARTESIAN_POINT('Ctrl Pts',(7.83098805858604,-12.9088205289992,-10.649889102036));
#9749=CARTESIAN_POINT('Ctrl Pts',(14.2790679282047,-5.97063326241508,-10.4507898646111));
#9750=CARTESIAN_POINT('Ctrl Pts',(14.7461940887305,4.69247996156209,-10.2268016719393));
#9751=CARTESIAN_POINT('Ctrl Pts',(8.20931881997147,13.1157063660932,-10.0028130760052));
#9752=CARTESIAN_POINT('Ctrl Pts',(-2.22758845862405,15.3142944533635,-9.77882617772767));
#9753=CARTESIAN_POINT('Ctrl Pts',(-11.6072030184279,10.2328857932909,-9.55483881199477));
#9754=CARTESIAN_POINT('Ctrl Pts',(-15.4719780809273,0.294127613461003,-9.33085289734831));
#9755=CARTESIAN_POINT('Ctrl Pts',(-11.9862105332095,-9.78694647747717,-9.10686468220026));
#9756=CARTESIAN_POINT('Ctrl Pts',(-2.8071969528038,-15.2174816781435,-8.88287627821027));
#9757=CARTESIAN_POINT('Ctrl Pts',(7.70600097920481,-13.4192315359316,-8.65888867820898));
#9758=CARTESIAN_POINT('Ctrl Pts',(14.5579954312584,-5.24575875324133,-8.43490219993479));
#9759=CARTESIAN_POINT('Ctrl Pts',(14.4942472584169,5.41961926816222,-8.21091558465912));
#9760=CARTESIAN_POINT('Ctrl Pts',(7.54471977967917,13.5104679291324,-7.98692785462755));
#9761=CARTESIAN_POINT('Ctrl Pts',(-2.98905437099877,15.1829075369595,-7.76293930846645));
#9762=CARTESIAN_POINT('Ctrl Pts',(-12.1027904019492,9.64248166658584,-7.5389515438739));
#9763=CARTESIAN_POINT('Ctrl Pts',(-15.466947029532,-0.47871679712436,-7.3149649260319));
#9764=CARTESIAN_POINT('Ctrl Pts',(-11.483286950236,-10.3724464218768,-7.09097843197655));
#9765=CARTESIAN_POINT('Ctrl Pts',(-2.04451213661285,-15.3387341201322,-6.86699091507846));
#9766=CARTESIAN_POINT('Ctrl Pts',(8.36595420653551,-13.0179655239989,-6.64300241063688));
#9767=CARTESIAN_POINT('Ctrl Pts',(14.8012998366512,-4.51306090828988,-6.41901441505044));
#9768=CARTESIAN_POINT('Ctrl Pts',(14.2064209307616,6.13629002219808,-6.19502768627105));
#9769=CARTESIAN_POINT('Ctrl Pts',(6.86006193215659,13.8695461096244,-5.97104120406053));
#9770=CARTESIAN_POINT('Ctrl Pts',(-3.74032089530984,15.0158105538782,-5.74705401672498));
#9771=CARTESIAN_POINT('Ctrl Pts',(-12.573493947856,9.02490088731588,-5.52306539646808));
#9772=CARTESIAN_POINT('Ctrl Pts',(-15.0980631045229,-0.104534047127687,
-5.32396506653738));
#9773=CARTESIAN_POINT('Ctrl Pts',(-12.5919499454571,-7.72339399447154,-5.14975370629834));
#9774=CARTESIAN_POINT('Ctrl Pts',(-7.74845317163438,-12.5847359608803,-5.00042809491654));
#9775=CARTESIAN_POINT('Ctrl Pts',(-1.2176209611356,-14.7266146760621,-4.85110388127251));
#9776=CARTESIAN_POINT('Ctrl Pts',(5.56979227474139,-13.6868500049703,-4.70177834418958));
#9777=CARTESIAN_POINT('Ctrl Pts',(11.1569707741889,-9.68987013391787,-4.55245371323077));
#9778=CARTESIAN_POINT('Ctrl Pts',(14.3318839152497,-3.59894798371764,-4.40312837849807));
#9779=CARTESIAN_POINT('Ctrl Pts',(14.4112403207507,3.26892926514276,-4.25380360177017));
#9780=CARTESIAN_POINT('Ctrl Pts',(11.3752249827742,9.43167851501972,-4.10447875863937));
#9781=CARTESIAN_POINT('Ctrl Pts',(5.88466380285749,13.5546500613439,-3.95515377932067));
#9782=CARTESIAN_POINT('Ctrl Pts',(-0.883670666807296,14.752278030944,-3.80582892150876));
#9783=CARTESIAN_POINT('Ctrl Pts',(-7.44901878724375,12.7562051689482,-3.6565036378192));
#9784=CARTESIAN_POINT('Ctrl Pts',(-13.2574556583883,7.22516061506656,-3.4822921084041));
#9785=CARTESIAN_POINT('Ctrl Pts',(-15.3455299178884,-2.01379707606367,-3.28319192565343));
#9786=CARTESIAN_POINT('Ctrl Pts',(-10.3907880106132,-11.4672002905397,-3.0592032246833));
#9787=CARTESIAN_POINT('Ctrl Pts',(-0.506484845852748,-15.4650568343936,
-2.835216016521));
#9788=CARTESIAN_POINT('Ctrl Pts',(9.6218502310162,-12.1200891496353,-2.61122951059724));
#9789=CARTESIAN_POINT('Ctrl Pts',(15.1774323382204,-3.01523836044711,-2.38724281622816));
#9790=CARTESIAN_POINT('Ctrl Pts',(13.5237351641838,7.52097830042236,-2.16325487787739));
#9791=CARTESIAN_POINT('Ctrl Pts',(5.44482415139513,14.4848632411598,-1.93926633487951));
#9792=CARTESIAN_POINT('Ctrl Pts',(-5.22040880728443,14.5670660697308,-1.71527882314743));
#9793=CARTESIAN_POINT('Ctrl Pts',(-13.4057791909505,7.72935400114741,-1.49129220108215));
#9794=CARTESIAN_POINT('Ctrl Pts',(-15.2224067416795,-2.78067606523444,-1.26730581767958));
#9795=CARTESIAN_POINT('Ctrl Pts',(-9.80771285856279,-11.9690918733897,-1.04331770535106));
#9796=CARTESIAN_POINT('Ctrl Pts',(0.266824460747276,-15.4726327556343,-0.819329920218455));
#9797=CARTESIAN_POINT('Ctrl Pts',(10.2136530165727,-11.6233146467917,-0.595340681355052));
#9798=CARTESIAN_POINT('Ctrl Pts',(15.3100612166542,-2.25668590910655,-0.371356874090342));
#9799=CARTESIAN_POINT('Ctrl Pts',(13.1298456617649,8.19091813262177,-0.147364557120525));
#9800=CARTESIAN_POINT('Ctrl Pts',(7.52299995986745,12.5482651624874,0.00195058795351937));
#9801=CARTESIAN_POINT('Ctrl Pts',(4.34074510287488,13.5664642000309,0.0766160698402906));
#9802=CARTESIAN_POINT('Ctrl Pts',(-7.81201250764759,-11.880996421526,-25.0367110953045));
#9803=CARTESIAN_POINT('Ctrl Pts',(-5.02524605665004,-13.7133556441676,-24.9620494862243));
#9804=CARTESIAN_POINT('Ctrl Pts',(1.87601328654976,-15.3341226764774,-24.8127234123524));
#9805=CARTESIAN_POINT('Ctrl Pts',(11.3563897309769,-10.4731883876265,-24.5887378216348));
#9806=CARTESIAN_POINT('Ctrl Pts',(15.4330688160521,-0.639953748666861,-24.3647504922734));
#9807=CARTESIAN_POINT('Ctrl Pts',(12.1824413081762,9.49888650504849,-24.1407625114892));
#9808=CARTESIAN_POINT('Ctrl Pts',(3.14203003216251,15.1243295561323,-23.9167739813163));
#9809=CARTESIAN_POINT('Ctrl Pts',(-7.38978593501342,13.5651190205202,-23.6927867589838));
#9810=CARTESIAN_POINT('Ctrl Pts',(-14.411642539214,5.56145421899689,-23.4688003028737));
#9811=CARTESIAN_POINT('Ctrl Pts',(-14.5866795988961,-5.08414084156866,-23.2448135557808));
#9812=CARTESIAN_POINT('Ctrl Pts',(-7.83247302783185,-13.3145516316565,-23.0208255499699));
#9813=CARTESIAN_POINT('Ctrl Pts',(2.64319341714017,-15.2196403186363,-22.7968370570202));
#9814=CARTESIAN_POINT('Ctrl Pts',(11.8623190460058,-9.89438731757803,-22.5728495309549));
#9815=CARTESIAN_POINT('Ctrl Pts',(15.4475509874466,0.131240618645218,-22.3488630845605));
#9816=CARTESIAN_POINT('Ctrl Pts',(11.6914908512043,10.0946040546155,-22.1248763761713));
#9817=CARTESIAN_POINT('Ctrl Pts',(2.38652628589678,15.262287935669,-21.9008887607279));
#9818=CARTESIAN_POINT('Ctrl Pts',(-8.06257314069567,13.1796333138706,-21.676899908585));
#9819=CARTESIAN_POINT('Ctrl Pts',(-13.927038862568,5.76256786688735,-21.477800214398));
#9820=CARTESIAN_POINT('Ctrl Pts',(-14.5785567340547,-2.21761889301514,-21.3035885264448));
#9821=CARTESIAN_POINT('Ctrl Pts',(-12.0098972351036,-8.56790010097239,-21.1542633568131));
#9822=CARTESIAN_POINT('Ctrl Pts',(-6.83451018038989,-13.0727094479407,-21.0049384249926));
#9823=CARTESIAN_POINT('Ctrl Pts',(-0.187776256867504,-14.7495491336496,
-20.8556135174208));
#9824=CARTESIAN_POINT('Ctrl Pts',(6.50077450257384,-13.2421346829476,-20.7062885651616));
#9825=CARTESIAN_POINT('Ctrl Pts',(11.7870417770169,-8.87054952928113,-20.556963593654));
#9826=CARTESIAN_POINT('Ctrl Pts',(14.5196530151015,-2.58710430256485,-20.4076386340201));
#9827=CARTESIAN_POINT('Ctrl Pts',(14.0860604083484,5.02520652159311,-20.241722273675));
#9828=CARTESIAN_POINT('Ctrl Pts',(10.1006680302384,10.7807038416565,-20.0923976953515));
#9829=CARTESIAN_POINT('Ctrl Pts',(4.81224550201992,13.6210666103459,-19.9596638829506));
#9830=CARTESIAN_POINT('Ctrl Pts',(-1.08835112672254,14.7352078026416,-19.8269304521428));
#9831=CARTESIAN_POINT('Ctrl Pts',(-7.80347272129757,12.7576198037986,-19.6776063452197));
#9832=CARTESIAN_POINT('Ctrl Pts',(-12.9221742617257,7.10847981803613,-19.5116886092972));
#9833=CARTESIAN_POINT('Ctrl Pts',(-14.7445539154448,0.500657836387269,-19.3623642722285));
#9834=CARTESIAN_POINT('Ctrl Pts',(-13.3740605662977,-6.2171244813585,-19.2130390604607));
#9835=CARTESIAN_POINT('Ctrl Pts',(-8.65093774696664,-12.1978562401344,-19.0471224456187));
#9836=CARTESIAN_POINT('Ctrl Pts',(-0.623211422130854,-15.1689765660232,
-18.864613214202));
#9837=CARTESIAN_POINT('Ctrl Pts',(8.37760656337639,-12.6597420531976,-18.6655160260402));
#9838=CARTESIAN_POINT('Ctrl Pts',(14.2019817620272,-5.35987912913748,-18.4664132640359));
#9839=CARTESIAN_POINT('Ctrl Pts',(14.6521029186058,3.97187810775662,-18.2673151598675));
#9840=CARTESIAN_POINT('Ctrl Pts',(9.5523058642678,11.7974743598203,-18.0682147360108));
#9841=CARTESIAN_POINT('Ctrl Pts',(0.836521536479316,15.1577784844308,-17.8691135063474));
#9842=CARTESIAN_POINT('Ctrl Pts',(-8.19659179725694,12.776566850746,-17.6700163676744));
#9843=CARTESIAN_POINT('Ctrl Pts',(-14.1254752629794,5.56057097644457,-17.4709130981707));
#9844=CARTESIAN_POINT('Ctrl Pts',(-14.7074189474949,-3.76543979034243,-17.2718158864279));
#9845=CARTESIAN_POINT('Ctrl Pts',(-10.2702709383203,-10.7792883602657,-17.0948371341689));
#9846=CARTESIAN_POINT('Ctrl Pts',(-4.01113773857479,-14.0743377012874,-16.9399815901958));
#9847=CARTESIAN_POINT('Ctrl Pts',(2.02932950502326,-14.4978635522078,-16.807248520727));
#9848=CARTESIAN_POINT('Ctrl Pts',(7.25597580292729,-12.60278800049,-16.6855761379083));
#9849=CARTESIAN_POINT('Ctrl Pts',(11.0330443900277,-9.32908119737321,-16.5749650590589));
#9850=CARTESIAN_POINT('Ctrl Pts',(14.1620361146982,-4.20442785196211,-16.4422319934677));
#9851=CARTESIAN_POINT('Ctrl Pts',(14.7607930573479,3.55729021359034,-16.2763146911903));
#9852=CARTESIAN_POINT('Ctrl Pts',(10.2855961500504,10.8553892667874,-16.0938075983553));
#9853=CARTESIAN_POINT('Ctrl Pts',(3.50112914008605,14.3265626942274,-15.927890064867));
#9854=CARTESIAN_POINT('Ctrl Pts',(-3.35249132997281,14.366558932058,-15.7785654913558));
#9855=CARTESIAN_POINT('Ctrl Pts',(-9.48626811267722,11.2963109613415,-15.6292404860757));
#9856=CARTESIAN_POINT('Ctrl Pts',(-13.5680730171435,5.78850033474243,-15.4799154222637));
#9857=CARTESIAN_POINT('Ctrl Pts',(-14.7194805486623,-0.971637169144562,
-15.3305906605553));
#9858=CARTESIAN_POINT('Ctrl Pts',(-12.689902166436,-7.52100189255928,-15.1812655781678));
#9859=CARTESIAN_POINT('Ctrl Pts',(-7.91879346632517,-12.4457683724846,-15.0319406653606));
#9860=CARTESIAN_POINT('Ctrl Pts',(-1.43654748869674,-14.6812130885806,-14.8826158121373));
#9861=CARTESIAN_POINT('Ctrl Pts',(5.35601206752039,-13.7446687908977,-14.7332906719749));
#9862=CARTESIAN_POINT('Ctrl Pts',(10.9913522789378,-9.83832576988815,-14.5839659719604));
#9863=CARTESIAN_POINT('Ctrl Pts',(14.2518325839836,-3.80628117429466,-14.434640818414));
#9864=CARTESIAN_POINT('Ctrl Pts',(14.4329886877924,3.04817543320953,-14.2853159853902));
#9865=CARTESIAN_POINT('Ctrl Pts',(11.4956766575563,9.2440227373291,-14.1359910564108));
#9866=CARTESIAN_POINT('Ctrl Pts',(6.07453845362861,13.4425624917424,-13.9866659720239));
#9867=CARTESIAN_POINT('Ctrl Pts',(-0.659077499242938,14.7366245617445,-13.8373412482307));
#9868=CARTESIAN_POINT('Ctrl Pts',(-7.25031884524807,12.8466160491107,-13.6880160878675));
#9869=CARTESIAN_POINT('Ctrl Pts',(-12.2749794018268,8.18089599662592,-13.5386912736547));
#9870=CARTESIAN_POINT('Ctrl Pts',(-14.6474974689784,1.7475766848715,-13.3893663482958));
#9871=CARTESIAN_POINT('Ctrl Pts',(-13.8551014972457,-5.0633582035129,-13.2400411853314));
#9872=CARTESIAN_POINT('Ctrl Pts',(-10.0692852662571,-10.7802341492229,-13.0907166913268));
#9873=CARTESIAN_POINT('Ctrl Pts',(-4.10746608620051,-14.1678538567878,-12.9413910725668));
#9874=CARTESIAN_POINT('Ctrl Pts',(2.7413830782573,-14.4945924873173,-12.7920664742237));
#9875=CARTESIAN_POINT('Ctrl Pts',(8.99818429284957,-11.6889959271304,-12.6427416378095));
#9876=CARTESIAN_POINT('Ctrl Pts',(13.3107164420541,-6.35830377451691,-12.4934165313975));
#9877=CARTESIAN_POINT('Ctrl Pts',(14.7472882754425,0.346468348542522,-12.3440918209325));
#9878=CARTESIAN_POINT('Ctrl Pts',(12.9974803180131,6.97622969309482,-12.1947665987456));
#9879=CARTESIAN_POINT('Ctrl Pts',(8.43934917517139,12.0987787169657,-12.0454419188523));
#9880=CARTESIAN_POINT('Ctrl Pts',(2.0578179259843,14.607072314627,-11.8961167819863));
#9881=CARTESIAN_POINT('Ctrl Pts',(-4.76845372690697,13.9594941747817,-11.7467919121454));
#9882=CARTESIAN_POINT('Ctrl Pts',(-10.5641837044546,10.2953655160264,-11.5974670179019));
#9883=CARTESIAN_POINT('Ctrl Pts',(-14.0778381837393,4.40750527039866,-11.4481419621232));
#9884=CARTESIAN_POINT('Ctrl Pts',(-14.5488471968835,-2.43410157055349,-11.2988170843713));
#9885=CARTESIAN_POINT('Ctrl Pts',(-11.8780112633688,-8.74696165681136,-11.1494922044395));
#9886=CARTESIAN_POINT('Ctrl Pts',(-6.63756031377604,-13.1756357696347,-11.0001674803636));
#9887=CARTESIAN_POINT('Ctrl Pts',(0.0303948812754191,-14.7461516802984,
-10.8508420121165));
#9888=CARTESIAN_POINT('Ctrl Pts',(7.81790022570353,-12.8860354697868,-10.6766301302034));
#9889=CARTESIAN_POINT('Ctrl Pts',(14.2544718812788,-5.95965185251024,-10.4775308927784));
#9890=CARTESIAN_POINT('Ctrl Pts',(14.7203427987763,4.68492832102398,-10.2535427001066));
#9891=CARTESIAN_POINT('Ctrl Pts',(8.19449069657752,13.0932278271418,-10.0295541041725));
#9892=CARTESIAN_POINT('Ctrl Pts',(-2.22434913493925,15.2875569218669,-9.80556720589498));
#9893=CARTESIAN_POINT('Ctrl Pts',(-11.5874326942713,10.214600037324,-9.58157984016207));
#9894=CARTESIAN_POINT('Ctrl Pts',(-15.4450714671095,0.292972315679361,-9.35759392551564));
#9895=CARTESIAN_POINT('Ctrl Pts',(-11.9649492027109,-9.77041603978703,-9.13360571036756));
#9896=CARTESIAN_POINT('Ctrl Pts',(-2.80168065146291,-15.1911220710583,-8.90961730637759));
#9897=CARTESIAN_POINT('Ctrl Pts',(7.69315113908969,-13.3955635083865,-8.68562970637629));
#9898=CARTESIAN_POINT('Ctrl Pts',(14.5328843083949,-5.2360270064953,-8.4616432281021));
#9899=CARTESIAN_POINT('Ctrl Pts',(14.4688039712133,5.41079207126088,-8.23765661282644));
#9900=CARTESIAN_POINT('Ctrl Pts',(7.53103158879427,13.4872749048863,-8.01366888279485));
#9901=CARTESIAN_POINT('Ctrl Pts',(-2.98448462055129,15.1563670459741,-7.78968033663376));
#9902=CARTESIAN_POINT('Ctrl Pts',(-12.0821337339771,9.62520213195822,-7.56569257204122));
#9903=CARTESIAN_POINT('Ctrl Pts',(-15.4400166360954,-0.478526517418058,
-7.34170595419921));
#9904=CARTESIAN_POINT('Ctrl Pts',(-11.4628765504302,-10.3548768076548,-7.11771946014387));
#9905=CARTESIAN_POINT('Ctrl Pts',(-2.04031764376688,-15.3121316446517,-6.89373194324576));
#9906=CARTESIAN_POINT('Ctrl Pts',(8.35193938803441,-12.99496833294,-6.6697434388042));
#9907=CARTESIAN_POINT('Ctrl Pts',(14.7757350021817,-4.50459381392708,-6.44575544321776));
#9908=CARTESIAN_POINT('Ctrl Pts',(14.1814486005647,6.12620396213705,-6.22176871443836));
#9909=CARTESIAN_POINT('Ctrl Pts',(6.8475501050147,13.8456998240818,-5.99778223222785));
#9910=CARTESIAN_POINT('Ctrl Pts',(-3.73443720966899,14.9895297253236,-5.77379504489229));
#9911=CARTESIAN_POINT('Ctrl Pts',(-12.5519924356527,9.00867599594167,-5.5498064246354));
#9912=CARTESIAN_POINT('Ctrl Pts',(-15.0717904828545,-0.104978871755386,
-5.35070609470469));
#9913=CARTESIAN_POINT('Ctrl Pts',(-12.5697200861684,-7.71047969674608,-5.17649473446566));
#9914=CARTESIAN_POINT('Ctrl Pts',(-7.73445008943243,-12.5631618840675,-5.02716912308385));
#9915=CARTESIAN_POINT('Ctrl Pts',(-1.21488978992263,-14.7010427074453,-4.87784490943982));
#9916=CARTESIAN_POINT('Ctrl Pts',(5.56067006726711,-13.6628055837971,-4.7285193723569));
#9917=CARTESIAN_POINT('Ctrl Pts',(11.1379616742616,-9.67254679862471,-4.57919474139808));
#9918=CARTESIAN_POINT('Ctrl Pts',(14.3070979259034,-3.59209196259477,-4.42986940666539));
#9919=CARTESIAN_POINT('Ctrl Pts',(14.3860305312701,3.26384129886699,-4.28054462993748));
#9920=CARTESIAN_POINT('Ctrl Pts',(11.3550417736446,9.41574104232848,-4.13121978680669));
#9921=CARTESIAN_POINT('Ctrl Pts',(5.87386204595954,13.5313113076113,-3.98189480748797));
#9922=CARTESIAN_POINT('Ctrl Pts',(-0.882746154364222,14.7265741476314,-3.83256994967608));
#9923=CARTESIAN_POINT('Ctrl Pts',(-7.43658835647901,12.7337016763787,-3.68324466598651));
#9924=CARTESIAN_POINT('Ctrl Pts',(-13.2346898787418,7.21203845339719,-3.50903313657142));
#9925=CARTESIAN_POINT('Ctrl Pts',(-15.3187468489103,-2.01093065338307,-3.30993295382075));
#9926=CARTESIAN_POINT('Ctrl Pts',(-10.3722330022475,-11.4476806844942,-3.08594425285062));
#9927=CARTESIAN_POINT('Ctrl Pts',(-0.504961044606028,-15.4381705980031,
-2.86195704468831));
#9928=CARTESIAN_POINT('Ctrl Pts',(9.60561300469042,-12.0986020158811,-2.63797053876455));
#9929=CARTESIAN_POINT('Ctrl Pts',(15.1511508313182,-3.00936161277857,-2.41398384439547));
#9930=CARTESIAN_POINT('Ctrl Pts',(13.4998931367683,7.50845463625303,-2.18999590604471));
#9931=CARTESIAN_POINT('Ctrl Pts',(5.43474898980349,14.4598876835479,-1.96600736304682));
#9932=CARTESIAN_POINT('Ctrl Pts',(-5.21193111613318,14.5415043147017,-1.74201985131474));
#9933=CARTESIAN_POINT('Ctrl Pts',(-13.3827761707149,7.71534898645458,-1.51803322924946));
#9934=CARTESIAN_POINT('Ctrl Pts',(-15.1958058480205,-2.7764706196276,-1.2940468458469));
#9935=CARTESIAN_POINT('Ctrl Pts',(-9.79015203058594,-11.9486744819672,-1.07005873351837));
#9936=CARTESIAN_POINT('Ctrl Pts',(0.267004287860432,-15.4457016653377,-0.846070948385767));
#9937=CARTESIAN_POINT('Ctrl Pts',(10.196363188142,-11.6026664637999,-0.622081709522364));
#9938=CARTESIAN_POINT('Ctrl Pts',(15.2835219616422,-2.2521249180632,-0.398097902257655));
#9939=CARTESIAN_POINT('Ctrl Pts',(13.106651572291,8.17721558423551,-0.174105585287836));
#9940=CARTESIAN_POINT('Ctrl Pts',(7.50940362148826,12.5267408468504,-0.0247904402137931));
#9941=CARTESIAN_POINT('Ctrl Pts',(4.33262900474795,13.543040326868,0.0498750416729784));
#9942=CARTESIAN_POINT('Ctrl Pts',(-7.80699701675912,-11.8747810191808,-25.0716284394238));
#9943=CARTESIAN_POINT('Ctrl Pts',(-5.02169378087835,-13.7059603455327,-24.9969668303437));
#9944=CARTESIAN_POINT('Ctrl Pts',(1.87580505053051,-15.3254502805001,-24.8476407564717));
#9945=CARTESIAN_POINT('Ctrl Pts',(11.3506109746835,-10.4667126948542,-24.6236551657542));
#9946=CARTESIAN_POINT('Ctrl Pts',(15.4244770476181,-0.638754286736078,-24.3996678363928));
#9947=CARTESIAN_POINT('Ctrl Pts',(12.1751120683707,9.49424145905884,-24.1756798556085));
#9948=CARTESIAN_POINT('Ctrl Pts',(3.13944837233652,15.1160458943558,-23.9516913254357));
#9949=CARTESIAN_POINT('Ctrl Pts',(-7.38639524506176,13.5571324634886,-23.7277041031031));
#9950=CARTESIAN_POINT('Ctrl Pts',(-14.4038894142362,5.55755863553144,-23.5037176469931));
#9951=CARTESIAN_POINT('Ctrl Pts',(-14.5782477438594,-5.08209468624129,-23.2797308999));
#9952=CARTESIAN_POINT('Ctrl Pts',(-7.82736776622096,-13.307535831261,-23.0557428940893));
#9953=CARTESIAN_POINT('Ctrl Pts',(2.64254638302604,-15.210987795721,-22.8317544011395));
#9954=CARTESIAN_POINT('Ctrl Pts',(11.8562276177638,-9.88820864783601,-22.6077668750743));
#9955=CARTESIAN_POINT('Ctrl Pts',(15.4389081375828,0.132010281535101,-22.3837804286799));
#9956=CARTESIAN_POINT('Ctrl Pts',(11.6844040321951,10.0895989351727,-22.1597937202906));
#9957=CARTESIAN_POINT('Ctrl Pts',(2.38435918561174,15.2538860080944,-21.9358061048472));
#9958=CARTESIAN_POINT('Ctrl Pts',(-8.05878513749565,13.1718255822159,-21.7118172527044));
#9959=CARTESIAN_POINT('Ctrl Pts',(-13.9195677580984,5.75858610740586,-21.5127175585173));
#9960=CARTESIAN_POINT('Ctrl Pts',(-14.5702858087697,-2.21717471339498,-21.3385058705641));
#9961=CARTESIAN_POINT('Ctrl Pts',(-12.002715727335,-8.56376584903645,-21.1891807009324));
#9962=CARTESIAN_POINT('Ctrl Pts',(-6.82997603594962,-13.0657743395149,-21.0398557691119));
#9963=CARTESIAN_POINT('Ctrl Pts',(-0.186866313320856,-14.7413139453391,
-20.8905308615401));
#9964=CARTESIAN_POINT('Ctrl Pts',(6.49786300649961,-13.2343770649713,-20.741205909281));
#9965=CARTESIAN_POINT('Ctrl Pts',(11.7809366247022,-8.86494744020851,-20.5918809377733));
#9966=CARTESIAN_POINT('Ctrl Pts',(14.5116770995999,-2.58486541327344,-20.4425559781395));
#9967=CARTESIAN_POINT('Ctrl Pts',(14.0779119561369,5.02316551807993,-20.2766396177943));
#9968=CARTESIAN_POINT('Ctrl Pts',(10.0944323416876,10.7752290345294,-20.1273150394708));
#9969=CARTESIAN_POINT('Ctrl Pts',(4.80881233634171,13.6137142586,-19.99458122707));
#9970=CARTESIAN_POINT('Ctrl Pts',(-1.08854697038461,14.7269112423228,-19.8618477962621));
#9971=CARTESIAN_POINT('Ctrl Pts',(-7.79980634909878,12.7500618325585,-19.712523689339));
#9972=CARTESIAN_POINT('Ctrl Pts',(-12.9153384332752,7.10380077468048,-19.5466059534165));
#9973=CARTESIAN_POINT('Ctrl Pts',(-14.7363384911999,0.499573289296001,-19.3972816163479));
#9974=CARTESIAN_POINT('Ctrl Pts',(-13.366244744075,-6.21437888170271,-19.2479564045801));
#9975=CARTESIAN_POINT('Ctrl Pts',(-8.6454360056769,-12.1915091356409,-19.0820397897381));
#9976=CARTESIAN_POINT('Ctrl Pts',(-0.622034963270292,-15.1605309193819,
-18.8995305583213));
#9977=CARTESIAN_POINT('Ctrl Pts',(8.37361388683765,-12.6522073191358,-18.7004333701595));
#9978=CARTESIAN_POINT('Ctrl Pts',(14.1943350722428,-5.35610797033125,-18.5013306081552));
#9979=CARTESIAN_POINT('Ctrl Pts',(14.6436950399322,3.97045736941905,-18.3022325039869));
#9980=CARTESIAN_POINT('Ctrl Pts',(9.54632201964538,11.791400548355,-18.1031320801302));
#9981=CARTESIAN_POINT('Ctrl Pts',(0.835226675063948,15.1493503238353,-17.9040308504667));
#9982=CARTESIAN_POINT('Ctrl Pts',(-8.19270699217151,12.7689772701297,-17.7049337117938));
#9983=CARTESIAN_POINT('Ctrl Pts',(-14.1178819571568,5.55669107516632,-17.50583044229));
#9984=CARTESIAN_POINT('Ctrl Pts',(-14.6989918654245,-3.76413704398442,-17.3067332305473));
#9985=CARTESIAN_POINT('Ctrl Pts',(-10.2639407493664,-10.7738231760941,-17.1297544782883));
#9986=CARTESIAN_POINT('Ctrl Pts',(-4.00812727301649,-14.0666886188051,-16.9748989343152));
#9987=CARTESIAN_POINT('Ctrl Pts',(2.02898578033609,-14.489647979803,-16.8421658648463));
#9988=CARTESIAN_POINT('Ctrl Pts',(7.25260765766748,-12.59534662147,-16.7204934820277));
#9989=CARTESIAN_POINT('Ctrl Pts',(11.027385586073,-9.32326371455018,-16.6098824031782));
#9990=CARTESIAN_POINT('Ctrl Pts',(14.1543485666285,-4.20130480288602,-16.477149337587));
#9991=CARTESIAN_POINT('Ctrl Pts',(14.7523471230383,3.55610732186211,-16.3112320353096));
#9992=CARTESIAN_POINT('Ctrl Pts',(10.2792538081118,10.8498818830052,-16.1287249424747));
#9993=CARTESIAN_POINT('Ctrl Pts',(3.49838996668608,14.318744884977,-15.9628074089863));
#9994=CARTESIAN_POINT('Ctrl Pts',(-3.35140119458961,14.3583445303339,-15.8134828354751));
#9995=CARTESIAN_POINT('Ctrl Pts',(-9.48158149383731,11.289478285564,-15.6641578301951));
#9996=CARTESIAN_POINT('Ctrl Pts',(-13.5608039225457,5.78452388380387,-15.514832766383));
#9997=CARTESIAN_POINT('Ctrl Pts',(-14.7111988621508,-0.97189729394348,-15.3655080046746));
#9998=CARTESIAN_POINT('Ctrl Pts',(-12.6823976426873,-7.51748996237678,-15.2161829222871));
#9999=CARTESIAN_POINT('Ctrl Pts',(-7.91368738253547,-12.4392429494496,-15.06685800948));
#10000=CARTESIAN_POINT('Ctrl Pts',(-1.4349431889144,-14.6730842171547,-14.9175331562566));
#10001=CARTESIAN_POINT('Ctrl Pts',(5.35376799470094,-13.7366927741039,-14.7682080160943));
#10002=CARTESIAN_POINT('Ctrl Pts',(10.9857446820494,-9.83222597889382,-14.6188833160798));
#10003=CARTESIAN_POINT('Ctrl Pts',(14.2440730762976,-3.80337555082408,-14.4695581625334));
#10004=CARTESIAN_POINT('Ctrl Pts',(14.424753827927,3.04725908085935,-14.3202333295096));
#10005=CARTESIAN_POINT('Ctrl Pts',(11.4887457140258,9.23948240292651,-14.1709084005302));
#10006=CARTESIAN_POINT('Ctrl Pts',(6.07040896602861,13.4353791824479,-14.0215833161433));
#10007=CARTESIAN_POINT('Ctrl Pts',(-0.659513298785229,14.7283503423688,
-13.8722585923501));
#10008=CARTESIAN_POINT('Ctrl Pts',(-7.24696678637245,12.8390386955904,-13.7229334319869));
#10009=CARTESIAN_POINT('Ctrl Pts',(-12.268563755884,8.17565270199116,-13.573608617774));
#10010=CARTESIAN_POINT('Ctrl Pts',(-14.639404430934,1.74580036308987,-13.4242836924151));
#10011=CARTESIAN_POINT('Ctrl Pts',(-13.8470796913773,-5.06128378571717,
-13.2749585294507));
#10012=CARTESIAN_POINT('Ctrl Pts',(-10.0630679526866,-10.7747571268099,
-13.1256340354462));
#10013=CARTESIAN_POINT('Ctrl Pts',(-4.10439634497848,-14.1601578672803,
-12.9763084166862));
#10014=CARTESIAN_POINT('Ctrl Pts',(2.74064110720595,-14.4863398494593,-12.8269838183431));
#10015=CARTESIAN_POINT('Ctrl Pts',(8.99379221192053,-11.6819703705063,-12.6776589819288));
#10016=CARTESIAN_POINT('Ctrl Pts',(13.303622182598,-6.35402282714636,-12.5283338755169));
#10017=CARTESIAN_POINT('Ctrl Pts',(14.7390252304883,0.347079478486701,-12.3790091650518));
#10018=CARTESIAN_POINT('Ctrl Pts',(12.9898335433395,6.97303909597775,-12.229683942865));
#10019=CARTESIAN_POINT('Ctrl Pts',(8.4339710395158,12.0924756789893,-12.0803592629716));
#10020=CARTESIAN_POINT('Ctrl Pts',(2.05587035183688,14.5990188002898,-11.9310341261057));
#10021=CARTESIAN_POINT('Ctrl Pts',(-4.76654983549216,13.9514301212943,-11.7817092562647));
#10022=CARTESIAN_POINT('Ctrl Pts',(-10.5588398576075,10.2890335535345,-11.6323843620212));
#10023=CARTESIAN_POINT('Ctrl Pts',(-14.0702087462975,4.40427300675637,-11.4830593062426));
#10024=CARTESIAN_POINT('Ctrl Pts',(-14.5405811121425,-2.43353475102647,
-11.3337344284907));
#10025=CARTESIAN_POINT('Ctrl Pts',(-11.8708935177577,-8.74272035590693,
-11.1844095485589));
#10026=CARTESIAN_POINT('Ctrl Pts',(-6.63313100651578,-13.168632069114,-11.0350848244829));
#10027=CARTESIAN_POINT('Ctrl Pts',(0.0311828950915015,-14.737906594814,
-10.8857593562359));
#10028=CARTESIAN_POINT('Ctrl Pts',(7.81423270079263,-12.8784050973299,-10.7115474743227));
#10029=CARTESIAN_POINT('Ctrl Pts',(14.2468285779519,-5.95554228518483,-10.5124482368978));
#10030=CARTESIAN_POINT('Ctrl Pts',(14.7118579055232,4.68311265802448,-10.288460044226));
#10031=CARTESIAN_POINT('Ctrl Pts',(8.18919516423576,13.0863554926957,-10.0644714482919));
#10032=CARTESIAN_POINT('Ctrl Pts',(-2.22393991802831,15.2788893218627,-9.84048455001433));
#10033=CARTESIAN_POINT('Ctrl Pts',(-11.5815125968941,10.2082571920572,-9.61649718428144));
#10034=CARTESIAN_POINT('Ctrl Pts',(-15.4364529769801,0.291965930000489,
-9.39251126963498));
#10035=CARTESIAN_POINT('Ctrl Pts',(-11.9577272951548,-9.76560722231279,
-9.16852305448694));
#10036=CARTESIAN_POINT('Ctrl Pts',(-2.79928531645061,-15.1827825500425,
-8.94453465049692));
#10037=CARTESIAN_POINT('Ctrl Pts',(7.68958144967491,-13.3876551543081,-8.72054705049566));
#10038=CARTESIAN_POINT('Ctrl Pts',(14.5250457265463,-5.23230674477612,-8.49656057222145));
#10039=CARTESIAN_POINT('Ctrl Pts',(14.4604201427355,5.4085568808886,-8.27257395694579));
#10040=CARTESIAN_POINT('Ctrl Pts',(7.52608543936297,13.4801460937202,-8.04858622691421));
#10041=CARTESIAN_POINT('Ctrl Pts',(-2.98364335370816,15.1477312668466,-7.82459768075312));
#10042=CARTESIAN_POINT('Ctrl Pts',(-12.0759047224221,9.61916195615492,-7.60060991616057));
#10043=CARTESIAN_POINT('Ctrl Pts',(-15.4313590541576,-0.479101640130152,
-7.37662329831856));
#10044=CARTESIAN_POINT('Ctrl Pts',(-11.4559033170628,-10.3497136811779,
-7.15263680426323));
#10045=CARTESIAN_POINT('Ctrl Pts',(-2.03834138741539,-15.3036830162843,
-6.92864928736511));
#10046=CARTESIAN_POINT('Ctrl Pts',(8.34797958430813,-12.9872479266636,-6.70466078292356));
#10047=CARTESIAN_POINT('Ctrl Pts',(14.7677207197899,-4.50126920980007,-6.48067278733711));
#10048=CARTESIAN_POINT('Ctrl Pts',(14.1731863898792,6.12355314620004,-6.25668605855772));
#10049=CARTESIAN_POINT('Ctrl Pts',(6.84296645490218,13.838333369407,-6.0326995763472));
#10050=CARTESIAN_POINT('Ctrl Pts',(-3.73316754183414,14.9809462203476,-5.80871238901165));
#10051=CARTESIAN_POINT('Ctrl Pts',(-12.5454672039322,9.00295497094671,-5.58472376875475));
#10052=CARTESIAN_POINT('Ctrl Pts',(-15.063358963706,-0.105742984166163,
-5.38562343882405));
#10053=CARTESIAN_POINT('Ctrl Pts',(-12.562272661377,-7.70685517086024,-5.21141207858501));
#10054=CARTESIAN_POINT('Ctrl Pts',(-7.72944017747008,-12.5565608653252,
-5.06208646720321));
#10055=CARTESIAN_POINT('Ctrl Pts',(-1.21340866713541,-14.6928907072183,
-4.91276225355918));
#10056=CARTESIAN_POINT('Ctrl Pts',(5.55830718408946,-13.6548640109901,-4.76343671647625));
#10057=CARTESIAN_POINT('Ctrl Pts',(11.1322630669114,-9.6665319620104,-4.61411208551744));
#10058=CARTESIAN_POINT('Ctrl Pts',(14.2992957916828,-3.58930256566584,-4.46478675078474));
#10059=CARTESIAN_POINT('Ctrl Pts',(14.3778102604852,3.26280147950162,-4.31546197405684));
#10060=CARTESIAN_POINT('Ctrl Pts',(11.3481800393784,9.41109711768546,-4.16613713092605));
#10061=CARTESIAN_POINT('Ctrl Pts',(5.86983990990848,13.5240673899,-4.01681215160733));
#10062=CARTESIAN_POINT('Ctrl Pts',(-0.883056356485244,14.7182933843553,
-3.86748729379543));
#10063=CARTESIAN_POINT('Ctrl Pts',(-7.43312604331734,12.7261772083604,-3.71816201010587));
#10064=CARTESIAN_POINT('Ctrl Pts',(-13.2276847239632,7.2072846179787,-3.54395048069076));
#10065=CARTESIAN_POINT('Ctrl Pts',(-15.3100734945985,-2.0106426033212,-3.34485029794011));
#10066=CARTESIAN_POINT('Ctrl Pts',(-10.3658098038519,-11.4418470681199,
-3.12086159696997));
#10067=CARTESIAN_POINT('Ctrl Pts',(-0.503836236937273,-15.42956774935,-2.89687438880767));
#10068=CARTESIAN_POINT('Ctrl Pts',(9.60090344042251,-12.0913142677715,-2.67288788288391));
#10069=CARTESIAN_POINT('Ctrl Pts',(15.1428450849721,-3.00685242272264,-2.44890118851483));
#10070=CARTESIAN_POINT('Ctrl Pts',(13.4919364811327,7.50499392797607,-2.22491325016406));
#10071=CARTESIAN_POINT('Ctrl Pts',(5.43092166464073,14.4521007304976,-2.00092470716618));
#10072=CARTESIAN_POINT('Ctrl Pts',(-5.20981111441134,14.5330907192138,-1.7769371954341));
#10073=CARTESIAN_POINT('Ctrl Pts',(-13.3757157565703,7.71030547077578,-1.55295057336882));
#10074=CARTESIAN_POINT('Ctrl Pts',(-15.1871595175752,-2.7757477410551,-1.32896418996625));
#10075=CARTESIAN_POINT('Ctrl Pts',(-9.78402665560018,-11.9425291739133,
-1.10497607763773));
#10076=CARTESIAN_POINT('Ctrl Pts',(0.267697453625103,-15.4370522720905,
-0.880988292505124));
#10077=CARTESIAN_POINT('Ctrl Pts',(10.1912972929276,-11.5956240732303,-0.656999053641723));
#10078=CARTESIAN_POINT('Ctrl Pts',(15.2750989558319,-2.25003115395028,-0.433015246377012));
#10079=CARTESIAN_POINT('Ctrl Pts',(13.0988823323317,8.17335815983185,-0.209022929407195));
#10080=CARTESIAN_POINT('Ctrl Pts',(7.50451596458568,12.5201498583182,-0.0597077843331508));
#10081=CARTESIAN_POINT('Ctrl Pts',(4.32946786090986,13.5357059185892,0.0149576975536206));
#10082=CARTESIAN_POINT('Ctrl Pts',(-7.80671902154428,-11.8749637759935,
-25.0865861369775));
#10083=CARTESIAN_POINT('Ctrl Pts',(-5.02137071234246,-13.7060793934602,
-25.0119245278973));
#10084=CARTESIAN_POINT('Ctrl Pts',(1.87616231767366,-15.3254054516809,-24.8625984540254));
#10085=CARTESIAN_POINT('Ctrl Pts',(11.3508567608662,-10.4664474751496,-24.6386128633078));
#10086=CARTESIAN_POINT('Ctrl Pts',(15.4244916901552,-0.638392963969276,
-24.4146255339464));
#10087=CARTESIAN_POINT('Ctrl Pts',(12.1748900425025,9.49452639194153,-24.1906375531621));
#10088=CARTESIAN_POINT('Ctrl Pts',(3.13909441528112,15.1161195086093,-23.9666490229893));
#10089=CARTESIAN_POINT('Ctrl Pts',(-7.38671259408603,13.5569595631046,-23.7426618006568));
#10090=CARTESIAN_POINT('Ctrl Pts',(-14.4040195974632,5.55722147614072,-23.5186753445467));
#10091=CARTESIAN_POINT('Ctrl Pts',(-14.5781288101528,-5.0824359922291,-23.2946885974537));
#10092=CARTESIAN_POINT('Ctrl Pts',(-7.82705627142225,-13.3077191157838,
-23.0707005916429));
#10093=CARTESIAN_POINT('Ctrl Pts',(2.64290248849421,-15.2109259895936,-22.8467120986932));
#10094=CARTESIAN_POINT('Ctrl Pts',(11.8564591420993,-9.88793113032265,-22.6227245726279));
#10095=CARTESIAN_POINT('Ctrl Pts',(15.4389051070568,0.132371715020356,-22.3987381262335));
#10096=CARTESIAN_POINT('Ctrl Pts',(11.6841678709357,10.0898724928874,-22.1747514178442));
#10097=CARTESIAN_POINT('Ctrl Pts',(2.38400210780392,15.2539419069098,-21.9507638024008));
#10098=CARTESIAN_POINT('Ctrl Pts',(-8.05909353845464,13.1716369228296,-21.726774950258));
#10099=CARTESIAN_POINT('Ctrl Pts',(-13.9197025873906,5.75826036674157,-21.5276752560709));
#10100=CARTESIAN_POINT('Ctrl Pts',(-14.5702339648702,-2.21751584686207,
-21.3534635681177));
#10101=CARTESIAN_POINT('Ctrl Pts',(-12.0025152907245,-8.56404684706198,
-21.204138398486));
#10102=CARTESIAN_POINT('Ctrl Pts',(-6.8296701869632,-13.0659342918661,-21.0548134666656));
#10103=CARTESIAN_POINT('Ctrl Pts',(-0.186521225254269,-14.7413183578353,
-20.9054885590938));
#10104=CARTESIAN_POINT('Ctrl Pts',(6.49817286450463,-13.2342250226811,-20.7561636068346));
#10105=CARTESIAN_POINT('Ctrl Pts',(11.7811441661321,-8.86467163332864,-20.606838635327));
#10106=CARTESIAN_POINT('Ctrl Pts',(14.5117377261792,-2.58452579086883,-20.4575136756931));
#10107=CARTESIAN_POINT('Ctrl Pts',(14.0777942685799,5.02349531118653,-20.2915973153479));
#10108=CARTESIAN_POINT('Ctrl Pts',(10.0941804304104,10.775465082042,-20.1422727370244));
#10109=CARTESIAN_POINT('Ctrl Pts',(4.80849349076515,13.6138270380395,-20.0095389246236));
#10110=CARTESIAN_POINT('Ctrl Pts',(-1.0888916949447,14.7268856900403,-19.8768054938158));
#10111=CARTESIAN_POINT('Ctrl Pts',(-7.80010494966236,12.7498793607486,-19.7274813868926));
#10112=CARTESIAN_POINT('Ctrl Pts',(-12.9155047229798,7.1034984288229,-19.5615636509702));
#10113=CARTESIAN_POINT('Ctrl Pts',(-14.7363502678374,0.499228305181254,
-19.4122393139015));
#10114=CARTESIAN_POINT('Ctrl Pts',(-13.3660993098793,-6.21469177317646,
-19.2629141021337));
#10115=CARTESIAN_POINT('Ctrl Pts',(-8.64515058986489,-12.1917116685512,
-19.0969974872917));
#10116=CARTESIAN_POINT('Ctrl Pts',(-0.621680145555979,-15.1605454141316,
-18.9144882558749));
#10117=CARTESIAN_POINT('Ctrl Pts',(8.37391019891998,-12.6520114752503,-18.7153910677131));
#10118=CARTESIAN_POINT('Ctrl Pts',(14.1944604454992,-5.3557755906329,-18.5162883057088));
#10119=CARTESIAN_POINT('Ctrl Pts',(14.6436021927722,3.97080017895657,-18.3171902015405));
#10120=CARTESIAN_POINT('Ctrl Pts',(9.5460459966271,11.7916240544374,-18.1180897776838));
#10121=CARTESIAN_POINT('Ctrl Pts',(0.834872025702026,15.1493699847555,-17.9189885480203));
#10122=CARTESIAN_POINT('Ctrl Pts',(-8.1930059155209,12.7687854156088,-17.7198914093474));
#10123=CARTESIAN_POINT('Ctrl Pts',(-14.1180121612294,5.55636079131923,-17.5207881398436));
#10124=CARTESIAN_POINT('Ctrl Pts',(-14.6989036624709,-3.76448133159974,
-17.3216909281009));
#10125=CARTESIAN_POINT('Ctrl Pts',(-10.2636887765684,-10.7740633709554,
-17.1447121758419));
#10126=CARTESIAN_POINT('Ctrl Pts',(-4.00779798754207,-14.0667824926474,
-16.9898566318688));
#10127=CARTESIAN_POINT('Ctrl Pts',(2.02932519261477,-14.4896005581926,-16.8571235623999));
#10128=CARTESIAN_POINT('Ctrl Pts',(7.25290238152263,-12.5951768886843,-16.7354511795813));
#10129=CARTESIAN_POINT('Ctrl Pts',(11.0276039294498,-9.32300563882711,-16.6248401007318));
#10130=CARTESIAN_POINT('Ctrl Pts',(14.1544469602234,-4.20097335814067,-16.4921070351407));
#10131=CARTESIAN_POINT('Ctrl Pts',(14.75226394181,3.55645261275715,-16.3261897328632));
#10132=CARTESIAN_POINT('Ctrl Pts',(10.2789998218315,10.8501226471645,-16.1436826400283));
#10133=CARTESIAN_POINT('Ctrl Pts',(3.49805480034959,14.3188267808858,-15.9777651065399));
#10134=CARTESIAN_POINT('Ctrl Pts',(-3.35173735169647,14.3582661557654,-15.8284405330288));
#10135=CARTESIAN_POINT('Ctrl Pts',(-9.48184580928047,11.2892563462162,-15.6791155277487));
#10136=CARTESIAN_POINT('Ctrl Pts',(-13.5609393924198,5.78420645272102,-15.5297904639367));
#10137=CARTESIAN_POINT('Ctrl Pts',(-14.7111761616847,-0.972241692774648,
-15.3804657022282));
#10138=CARTESIAN_POINT('Ctrl Pts',(-12.6822217046045,-7.51778688434658,
-15.2311406198408));
#10139=CARTESIAN_POINT('Ctrl Pts',(-7.91339620658223,-12.4394282564899,
-15.0818157070336));
#10140=CARTESIAN_POINT('Ctrl Pts',(-1.43459969555334,-14.6731178624267,
-14.9324908538102));
#10141=CARTESIAN_POINT('Ctrl Pts',(5.35408959221709,-13.7365674921546,-14.7831657136479));
#10142=CARTESIAN_POINT('Ctrl Pts',(10.9859748958774,-9.83196883694277,-14.6338410136334));
#10143=CARTESIAN_POINT('Ctrl Pts',(14.2441621658733,-3.8030421090839,-14.484515860087));
#10144=CARTESIAN_POINT('Ctrl Pts',(14.4246825439689,3.04759677735759,-14.3351910270632));
#10145=CARTESIAN_POINT('Ctrl Pts',(11.4885294583171,9.23975138994642,-14.1858660980838));
#10146=CARTESIAN_POINT('Ctrl Pts',(6.07009446452386,13.4355213402651,-14.0365410136969));
#10147=CARTESIAN_POINT('Ctrl Pts',(-0.659858094526515,14.72833495763,-13.8872162899037));
#10148=CARTESIAN_POINT('Ctrl Pts',(-7.24726737516808,12.8388690886145,-13.7378911295405));
#10149=CARTESIAN_POINT('Ctrl Pts',(-12.2687551963919,8.17536552591658,-13.5885663153276));
#10150=CARTESIAN_POINT('Ctrl Pts',(-14.639445348831,1.74545765365373,-13.4392413899687));
#10151=CARTESIAN_POINT('Ctrl Pts',(-13.8469612672131,-5.06160795559321,
-13.2899162270044));
#10152=CARTESIAN_POINT('Ctrl Pts',(-10.0628157222109,-10.7749927661537,
-13.1405917329998));
#10153=CARTESIAN_POINT('Ctrl Pts',(-4.10406500502023,-14.160253944739,-12.9912661142398));
#10154=CARTESIAN_POINT('Ctrl Pts',(2.74098044725603,-14.4862757821362,-12.8419415158967));
#10155=CARTESIAN_POINT('Ctrl Pts',(8.99406560841102,-11.6817598473768,-12.6926166794824));
#10156=CARTESIAN_POINT('Ctrl Pts',(13.3037710388208,-6.35371142116243,-12.5432915730705));
#10157=CARTESIAN_POINT('Ctrl Pts',(14.7390171285699,0.34742452784455,-12.3939668626054));
#10158=CARTESIAN_POINT('Ctrl Pts',(12.9896703668956,6.97334321201571,-12.2446416404186));
#10159=CARTESIAN_POINT('Ctrl Pts',(8.43368797553483,12.0926731658791,-12.0953169605252));
#10160=CARTESIAN_POINT('Ctrl Pts',(2.05552859891393,14.5990669793748,-11.9459918236593));
#10161=CARTESIAN_POINT('Ctrl Pts',(-4.76687646062358,13.9513185904594,-11.7966669538184));
#10162=CARTESIAN_POINT('Ctrl Pts',(-10.5590807613339,10.2887864004717,-11.6473420595748));
#10163=CARTESIAN_POINT('Ctrl Pts',(-14.0703119061852,4.40394365092296,-11.4980170037962));
#10164=CARTESIAN_POINT('Ctrl Pts',(-14.5405241837084,-2.43387518931569,
-11.3486921260443));
#10165=CARTESIAN_POINT('Ctrl Pts',(-11.870688970361,-8.74299816269088,-11.1993672461125));
#10166=CARTESIAN_POINT('Ctrl Pts',(-6.63282260393798,-13.1687875436937,
-11.0500425220365));
#10167=CARTESIAN_POINT('Ctrl Pts',(0.0315278130421926,-14.7379058549422,
-10.9007170537895));
#10168=CARTESIAN_POINT('Ctrl Pts',(7.81453434724886,-12.8782222160989,-10.7265051718763));
#10169=CARTESIAN_POINT('Ctrl Pts',(14.2469679831512,-5.95520878388015,-10.5274059344514));
#10170=CARTESIAN_POINT('Ctrl Pts',(14.7117483553711,4.68345707910205,-10.3034177417796));
#10171=CARTESIAN_POINT('Ctrl Pts',(8.18888883617721,13.0865472546849,-10.0794291458455));
#10172=CARTESIAN_POINT('Ctrl Pts',(-2.22429762717801,15.2788373024742,-9.85544224756798));
#10173=CARTESIAN_POINT('Ctrl Pts',(-11.5817515339765,10.2079861755381,-9.63145488183504));
#10174=CARTESIAN_POINT('Ctrl Pts',(-15.436459948349,0.291604435616195,-9.40746896718862));
#10175=CARTESIAN_POINT('Ctrl Pts',(-11.9574986803773,-9.76588711693469,
-9.18348075204055));
#10176=CARTESIAN_POINT('Ctrl Pts',(-2.79892991913457,-15.1828481761568,
-8.95949234805055));
#10177=CARTESIAN_POINT('Ctrl Pts',(7.68989489685971,-13.3874751686209,-8.73550474804927));
#10178=CARTESIAN_POINT('Ctrl Pts',(14.5251682621959,-5.2319667413363,-8.51151826977508));
#10179=CARTESIAN_POINT('Ctrl Pts',(14.460293583908,5.40889542662233,-8.2875316544994));
#10180=CARTESIAN_POINT('Ctrl Pts',(7.52576989304031,13.4803223267577,-8.06354392446784));
#10181=CARTESIAN_POINT('Ctrl Pts',(-2.98399797405432,15.1476614761533,-7.83955537830674));
#10182=CARTESIAN_POINT('Ctrl Pts',(-12.0761299530028,9.61887929211652,-7.6155676137142));
#10183=CARTESIAN_POINT('Ctrl Pts',(-15.4313478942672,-0.479462891954146,
-7.39158099587218));
#10184=CARTESIAN_POINT('Ctrl Pts',(-11.4556610712431,-10.3499819028725,
-7.16759450181684));
#10185=CARTESIAN_POINT('Ctrl Pts',(-2.03798313279289,-15.3037307910515,
-6.94360698491873));
#10186=CARTESIAN_POINT('Ctrl Pts',(8.34828364661145,-12.987052544717,-6.71961848047718));
#10187=CARTESIAN_POINT('Ctrl Pts',(14.7678261517197,-4.50092351598632,-6.49563048489073));
#10188=CARTESIAN_POINT('Ctrl Pts',(14.1730430834256,6.12388497257613,-6.27164375611134));
#10189=CARTESIAN_POINT('Ctrl Pts',(6.84264253231617,13.8384935997671,-6.04765727390082));
#10190=CARTESIAN_POINT('Ctrl Pts',(-3.73351828006078,14.9808589100615,-5.82367008656527));
#10191=CARTESIAN_POINT('Ctrl Pts',(-12.5456779731086,9.00266125492234,-5.59968146630837));
#10192=CARTESIAN_POINT('Ctrl Pts',(-15.0633566133016,-0.106095509561516,
-5.40058113637768));
#10193=CARTESIAN_POINT('Ctrl Pts',(-12.5620921846327,-7.70714933046291,
-5.22636977613863));
#10194=CARTESIAN_POINT('Ctrl Pts',(-7.72914645219041,-12.5567418174582,
-5.07704416475683));
#10195=CARTESIAN_POINT('Ctrl Pts',(-1.21306456461894,-14.6929191468703,
-4.9277199511128));
#10196=CARTESIAN_POINT('Ctrl Pts',(5.55862683722098,-13.6547340029798,-4.77839441402987));
#10197=CARTESIAN_POINT('Ctrl Pts',(11.1324894061878,-9.66627127264068,-4.62906978307106));
#10198=CARTESIAN_POINT('Ctrl Pts',(14.2993798835466,-3.58896803787467,-4.47974444833837));
#10199=CARTESIAN_POINT('Ctrl Pts',(14.377733888196,3.26313822074389,-4.33041967161045));
#10200=CARTESIAN_POINT('Ctrl Pts',(11.3479597811379,9.41136278055532,-4.18109482847967));
#10201=CARTESIAN_POINT('Ctrl Pts',(5.86952332747423,13.5242048707811,-4.03176984916095));
#10202=CARTESIAN_POINT('Ctrl Pts',(-0.883400922530826,14.7182727480189,
-3.88244499134905));
#10203=CARTESIAN_POINT('Ctrl Pts',(-7.43342397396855,12.726003272578,-3.73311970765949));
#10204=CARTESIAN_POINT('Ctrl Pts',(-13.2278535521102,7.20697489748581,-3.55890817824439));
#10205=CARTESIAN_POINT('Ctrl Pts',(-15.3100264529124,-2.01100097649425,
-3.35980799549372));
#10206=CARTESIAN_POINT('Ctrl Pts',(-10.3655420002618,-11.4420897975948,
-3.1358192945236));
#10207=CARTESIAN_POINT('Ctrl Pts',(-0.503475023907478,-15.4295795886952,
-2.91183208636129));
#10208=CARTESIAN_POINT('Ctrl Pts',(9.60118653221338,-12.091089560051,-2.68784558043753));
#10209=CARTESIAN_POINT('Ctrl Pts',(15.1429155308201,-3.00649793364819,-2.46385888606845));
#10210=CARTESIAN_POINT('Ctrl Pts',(13.4917608408423,7.50530980019267,-2.23987094771769));
#10211=CARTESIAN_POINT('Ctrl Pts',(5.43058335106737,14.4522279258111,-2.0158824047198));
#10212=CARTESIAN_POINT('Ctrl Pts',(-5.21015133937661,14.5329688036907,-1.79189489298772));
#10213=CARTESIAN_POINT('Ctrl Pts',(-13.3758963350964,7.70999238297558,-1.56790827092244));
#10214=CARTESIAN_POINT('Ctrl Pts',(-15.1870945341867,-2.77610330597375,
-1.34392188751987));
#10215=CARTESIAN_POINT('Ctrl Pts',(-9.78374722665565,-11.9427582223198,
-1.11993377519135));
#10216=CARTESIAN_POINT('Ctrl Pts',(0.268059051577187,-15.4370461392991,
-0.895945990058744));
#10217=CARTESIAN_POINT('Ctrl Pts',(10.1915683750489,-11.5953853868654,-0.671956751195343));
#10218=CARTESIAN_POINT('Ctrl Pts',(15.2751524870244,-2.24967386139399,-0.447972943930632));
#10219=CARTESIAN_POINT('Ctrl Pts',(13.098689352222,8.17366544918125,-0.223980626960815));
#10220=CARTESIAN_POINT('Ctrl Pts',(7.5042253890088,12.5203246848692,-0.0746654818867709));
#10221=CARTESIAN_POINT('Ctrl Pts',(4.32915098502546,13.5358072648569,5.04696111292002E-16));
#10222=CARTESIAN_POINT('Ctrl Pts',(-14.2112594237601,7.6303653340215E-8,
-21.4014662284915));
#10223=CARTESIAN_POINT('Ctrl Pts',(-14.2119877386643,1.5088004973747,-21.4352401447877));
#10224=CARTESIAN_POINT('Ctrl Pts',(-13.448705786569,6.35404770079641,-21.5436762072048));
#10225=CARTESIAN_POINT('Ctrl Pts',(-8.05909353845464,13.1716369228296,-21.726774950258));
#10226=CARTESIAN_POINT('Ctrl Pts',(2.38400210780392,15.2539419069098,-21.9507638024008));
#10227=CARTESIAN_POINT('Ctrl Pts',(11.6841678709357,10.0898724928874,-22.1747514178442));
#10228=CARTESIAN_POINT('Ctrl Pts',(15.4389051070568,0.132371715020356,-22.3987381262335));
#10229=CARTESIAN_POINT('Ctrl Pts',(11.8564591420993,-9.88793113032265,-22.6227245726279));
#10230=CARTESIAN_POINT('Ctrl Pts',(2.64290248849421,-15.2109259895936,-22.8467120986932));
#10231=CARTESIAN_POINT('Ctrl Pts',(-7.82705627142225,-13.3077191157838,
-23.0707005916429));
#10232=CARTESIAN_POINT('Ctrl Pts',(-13.4006308007771,-6.51706055728493,
-23.25562140784));
#10233=CARTESIAN_POINT('Ctrl Pts',(-14.2067836206919,-1.59062141889964,
-23.3658790979331));
#10234=CARTESIAN_POINT('Ctrl Pts',(-14.2061818948879,-2.06589841278415E-6,
-23.4014743990196));
#10235=CARTESIAN_POINT('',(-7.83579971722945,-11.915693251191,-25.));
#10236=CARTESIAN_POINT('Ctrl Pts',(-7.83579971722985,-11.9156932511908,
-25.));
#10237=CARTESIAN_POINT('Ctrl Pts',(-7.75794411993656,-11.9626868698947,
-25.));
#10238=CARTESIAN_POINT('Ctrl Pts',(-7.67675787648135,-12.0111409992633,
-25.0000426059482));
#10239=CARTESIAN_POINT('Ctrl Pts',(-7.59179045417923,-12.0610054810087,
-25.0000815170954));
#10240=CARTESIAN_POINT('Ctrl Pts',(-7.50576359101917,-12.1114917124541,
-25.0001209134174));
#10241=CARTESIAN_POINT('Ctrl Pts',(-7.4158605705366,-12.1634240097543,-25.0001571232076));
#10242=CARTESIAN_POINT('Ctrl Pts',(-7.32160274731024,-12.2167083373538,
-25.0001722642053));
#10243=CARTESIAN_POINT('Ctrl Pts',(-7.22783909996452,-12.269713305335,-25.0001873258217));
#10244=CARTESIAN_POINT('Ctrl Pts',(-7.12976606516616,-12.324056421421,-25.000182017647));
#10245=CARTESIAN_POINT('Ctrl Pts',(-7.02690331761836,-12.3795996106082,
-25.0001602406158));
#10246=CARTESIAN_POINT('Ctrl Pts',(-6.92557459742119,-12.4343144652099,
-25.000138788353));
#10247=CARTESIAN_POINT('Ctrl Pts',(-6.81959779715246,-12.4901940336762,
-25.0001016998474));
#10248=CARTESIAN_POINT('Ctrl Pts',(-6.70850699657122,-12.5470589702543,
-25.0000675727583));
#10249=CARTESIAN_POINT('Ctrl Pts',(-6.60948631267465,-12.5977454796705,
-25.0000371536085));
#10250=CARTESIAN_POINT('Ctrl Pts',(-6.50640235170736,-12.6492143398149,
-25.0000093943217));
#10251=CARTESIAN_POINT('Ctrl Pts',(-6.39892228741787,-12.7013044657929,
-25.0000047534158));
#10252=CARTESIAN_POINT('Ctrl Pts',(-6.31033962337434,-12.7442359820699,
-25.0000009284851));
#10253=CARTESIAN_POINT('Ctrl Pts',(-6.22148134887753,-12.7862799741035,
-25.0000038589238));
#10254=CARTESIAN_POINT('Ctrl Pts',(-6.13233444324476,-12.8274470734797,
-25.0000093314512));
#10255=CARTESIAN_POINT('Ctrl Pts',(-5.92889249724536,-12.9213944152162,
-25.0000218202932));
#10256=CARTESIAN_POINT('Ctrl Pts',(-5.72394684949312,-13.0107763492075,
-25.0000439418653));
#10257=CARTESIAN_POINT('Ctrl Pts',(-5.51732801730525,-13.0956650997245,
-25.0000487767506));
#10258=CARTESIAN_POINT('Ctrl Pts',(-5.28323065921448,-13.1918433232544,
-25.000054254634));
#10259=CARTESIAN_POINT('Ctrl Pts',(-5.04698575167196,-13.2822542093501,
-25.0000392213312));
#10260=CARTESIAN_POINT('Ctrl Pts',(-4.80835055030786,-13.3669664069711,
-25.0000221245496));
#10261=CARTESIAN_POINT('Ctrl Pts',(-4.64860085680395,-13.4236753398051,
-25.0000106794418));
#10262=CARTESIAN_POINT('Ctrl Pts',(-4.48778005706934,-13.4778296584879,
-24.9999994690612));
#10263=CARTESIAN_POINT('Ctrl Pts',(-4.32581509215591,-13.5294416303298,
-24.9999996323786));
#10264=CARTESIAN_POINT('Ctrl Pts',(-7.83579971722985,-11.9156932511908,
-25.));
#10265=CARTESIAN_POINT('Ctrl Pts',(-5.04089805047551,-13.753629930859,-24.9253383909198));
#10266=CARTESIAN_POINT('Ctrl Pts',(1.88068761097254,-15.3795890387227,-24.7760123170479));
#10267=CARTESIAN_POINT('Ctrl Pts',(11.3893814954332,-10.5048165981655,-24.5520267263303));
#10268=CARTESIAN_POINT('Ctrl Pts',(15.4786831957743,-0.64272969312376,-24.3280393969689));
#10269=CARTESIAN_POINT('Ctrl Pts',(12.2190195284378,9.52628727216273,-24.1040514161847));
#10270=CARTESIAN_POINT('Ctrl Pts',(3.15218919906054,15.1688869843354,-23.8800628860118));
#10271=CARTESIAN_POINT('Ctrl Pts',(-7.41086889087891,13.6056668415931,-23.6560756636793));
#10272=CARTESIAN_POINT('Ctrl Pts',(-14.4539535356341,5.57872902805577,-23.4320892075693));
#10273=CARTESIAN_POINT('Ctrl Pts',(-14.6301172673796,-5.09834527031966,
-23.2081024604762));
#10274=CARTESIAN_POINT('Ctrl Pts',(-7.85640269328628,-13.3534876296208,
-22.9841144546654));
#10275=CARTESIAN_POINT('Ctrl Pts',(2.65014141597935,-15.2648106342117,-22.7601259617157));
#10276=CARTESIAN_POINT('Ctrl Pts',(11.8968414641256,-9.92433300005478,-22.5361384356504));
#10277=CARTESIAN_POINT('Ctrl Pts',(15.4932517832536,0.130745315126098,-22.312151989256));
#10278=CARTESIAN_POINT('Ctrl Pts',(11.7266512085642,10.1237948667835,-22.0881652808668));
#10279=CARTESIAN_POINT('Ctrl Pts',(2.3944584364347,15.3072966994225,-21.8641776654234));
#10280=CARTESIAN_POINT('Ctrl Pts',(-8.08566812743852,13.2190793881176,-21.6401888132805));
#10281=CARTESIAN_POINT('Ctrl Pts',(-13.9679049942702,5.78040973208318,-21.4410891190935));
#10282=CARTESIAN_POINT('Ctrl Pts',(-14.6218063997374,-2.22334468358565,
-21.2668774311403));
#10283=CARTESIAN_POINT('Ctrl Pts',(-12.0459121041918,-8.59255677556115,
-21.1175522615086));
#10284=CARTESIAN_POINT('Ctrl Pts',(-6.85547409132663,-13.110987138127,-20.9682273296881));
#10285=CARTESIAN_POINT('Ctrl Pts',(-0.189175259770068,-14.793167046117,
-20.8189024221163));
#10286=CARTESIAN_POINT('Ctrl Pts',(6.51924616976228,-13.2816762035881,-20.6695774698571));
#10287=CARTESIAN_POINT('Ctrl Pts',(11.8214001259282,-8.89746249753833,-20.5202524983495));
#10288=CARTESIAN_POINT('Ctrl Pts',(14.5624535651154,-2.59558717225412,-20.3709275387156));
#10289=CARTESIAN_POINT('Ctrl Pts',(14.1280140861155,5.03926498299166,-20.2050111783705));
#10290=CARTESIAN_POINT('Ctrl Pts',(10.1311615898128,10.8120154898781,-20.055686600047));
#10291=CARTESIAN_POINT('Ctrl Pts',(4.82725922294797,13.6610817921376,-19.9229527876461));
#10292=CARTESIAN_POINT('Ctrl Pts',(-1.0907277307933,14.7788564285721,-19.7902193568383));
#10293=CARTESIAN_POINT('Ctrl Pts',(-7.82582532535071,12.7958025852491,-19.6408952499152));
#10294=CARTESIAN_POINT('Ctrl Pts',(-12.9599911071403,7.13024553560247,-19.4749775139927));
#10295=CARTESIAN_POINT('Ctrl Pts',(-14.7881390970336,0.502982067077225,
-19.325653176924));
#10296=CARTESIAN_POINT('Ctrl Pts',(-13.4139761337792,-6.23474965160238,
-19.1763279651562));
#10297=CARTESIAN_POINT('Ctrl Pts',(-8.67722460867911,-12.2334421434123,
-19.0104113503143));
#10298=CARTESIAN_POINT('Ctrl Pts',(-0.62592229435068,-15.2138103708013,
-18.8279021188975));
#10299=CARTESIAN_POINT('Ctrl Pts',(8.40166302929467,-12.6976680669847,-18.6288049307357));
#10300=CARTESIAN_POINT('Ctrl Pts',(14.2436842544755,-5.37654586602257,-18.4297021687314));
#10301=CARTESIAN_POINT('Ctrl Pts',(14.6956704038009,3.98278879335866,-18.230604064563));
#10302=CARTESIAN_POINT('Ctrl Pts',(9.58123600345635,11.8318245557206,-18.0315036407063));
#10303=CARTESIAN_POINT('Ctrl Pts',(0.839862871657408,15.2025667248637,-17.8324024110429));
#10304=CARTESIAN_POINT('Ctrl Pts',(-8.22010632806934,12.8148284137049,-17.6333052723699));
#10305=CARTESIAN_POINT('Ctrl Pts',(-14.1669397701192,5.57782655611585,-17.4342020028661));
#10306=CARTESIAN_POINT('Ctrl Pts',(-14.7511385172354,-3.77573642605765,
-17.2351047911235));
#10307=CARTESIAN_POINT('Ctrl Pts',(-10.3012662374414,-10.8105858752491,
-17.0581260388644));
#10308=CARTESIAN_POINT('Ctrl Pts',(-4.02380749458414,-14.1157396809902,
-16.9032704948914));
#10309=CARTESIAN_POINT('Ctrl Pts',(2.0345027228713,-14.5408637453881,-16.7705374254225));
#10310=CARTESIAN_POINT('Ctrl Pts',(7.27671814320639,-12.6404815685204,-16.6488650426038));
#10311=CARTESIAN_POINT('Ctrl Pts',(11.065146107385,-9.35730724125979,-16.5382539637544));
#10312=CARTESIAN_POINT('Ctrl Pts',(14.2036864572224,-4.21767451957162,-16.4055208981632));
#10313=CARTESIAN_POINT('Ctrl Pts',(14.804658377644,3.56696843337952,-16.2396035958858));
#10314=CARTESIAN_POINT('Ctrl Pts',(10.316641468713,10.886910725379,-16.0570965030508));
#10315=CARTESIAN_POINT('Ctrl Pts',(3.51230470239703,14.3687399785708,-15.8911789695625));
#10316=CARTESIAN_POINT('Ctrl Pts',(-3.36158618228221,14.4092463909522,-15.7418543960513));
#10317=CARTESIAN_POINT('Ctrl Pts',(-9.51368208416558,11.3302676128888,-15.5925293907713));
#10318=CARTESIAN_POINT('Ctrl Pts',(-13.6078758133983,5.8063985031094,-15.4432043269592));
#10319=CARTESIAN_POINT('Ctrl Pts',(-14.7630758112975,-0.97366937196096,
-15.2938795652508));
#10320=CARTESIAN_POINT('Ctrl Pts',(-12.7278685867394,-7.54252296548444,
-15.1445544828633));
#10321=CARTESIAN_POINT('Ctrl Pts',(-7.94292878759498,-12.4821295976671,
-14.9952295700561));
#10322=CARTESIAN_POINT('Ctrl Pts',(-1.44163641380037,-14.7245574227132,
-14.8459047168328));
#10323=CARTESIAN_POINT('Ctrl Pts',(5.37106885030678,-13.7856313502818,-14.6965795766704));
#10324=CARTESIAN_POINT('Ctrl Pts',(11.0233016109676,-9.86805581413429,-14.5472548766559));
#10325=CARTESIAN_POINT('Ctrl Pts',(14.2937712920221,-3.81835512806904,-14.3979297231095));
#10326=CARTESIAN_POINT('Ctrl Pts',(14.4758552793856,3.05636635197349,-14.2486048900858));
#10327=CARTESIAN_POINT('Ctrl Pts',(11.5302091496205,9.27070874205783,-14.0992799611063));
#10328=CARTESIAN_POINT('Ctrl Pts',(6.09327554450351,13.4819776791397,-13.9499548767194));
#10329=CARTESIAN_POINT('Ctrl Pts',(-0.660184186114789,14.7802526554033,
-13.8006301529262));
#10330=CARTESIAN_POINT('Ctrl Pts',(-7.2710302834999,12.8850305455295,-13.6513049925631));
#10331=CARTESIAN_POINT('Ctrl Pts',(-12.3108204466983,8.20579683508324,-13.5019801783502));
#10332=CARTESIAN_POINT('Ctrl Pts',(-14.6907242911802,1.753583702422,-13.3526552529913));
#10333=CARTESIAN_POINT('Ctrl Pts',(-13.8963739597688,-5.0775430253209,-13.2033300900269));
#10334=CARTESIAN_POINT('Ctrl Pts',(-10.0996864467619,-10.8115457623347,
-13.0540055960223));
#10335=CARTESIAN_POINT('Ctrl Pts',(-4.12042593772105,-14.2095270088011,
-12.9046799772624));
#10336=CARTESIAN_POINT('Ctrl Pts',(2.74866270745205,-14.5376237098551,-12.7553553789192));
#10337=CARTESIAN_POINT('Ctrl Pts',(9.02413221880608,-11.7240862125848,-12.606030542505));
#10338=CARTESIAN_POINT('Ctrl Pts',(13.3497253204848,-6.37787268088613,-12.4567054360931));
#10339=CARTESIAN_POINT('Ctrl Pts',(14.7909300768115,0.346649733680789,-12.307380725628));
#10340=CARTESIAN_POINT('Ctrl Pts',(13.036325365053,6.99612175897114,-12.1580555034412));
#10341=CARTESIAN_POINT('Ctrl Pts',(8.46500444670379,12.1340837856244,-12.0087308235478));
#10342=CARTESIAN_POINT('Ctrl Pts',(2.06474029999774,14.6501618128664,-11.8594056866819));
#10343=CARTESIAN_POINT('Ctrl Pts',(-4.78176024288203,14.0010585705801,-11.7100808168409));
#10344=CARTESIAN_POINT('Ctrl Pts',(-10.5948433514219,10.3264230451788,-11.5607559225974));
#10345=CARTESIAN_POINT('Ctrl Pts',(-14.1192278305213,4.42134765310543,-11.4114308668187));
#10346=CARTESIAN_POINT('Ctrl Pts',(-14.5920213913583,-2.44046940991758,
-11.2621059890668));
#10347=CARTESIAN_POINT('Ctrl Pts',(-11.9136461442342,-8.77215567644928,
-11.1127811091351));
#10348=CARTESIAN_POINT('Ctrl Pts',(-6.65794774966445,-13.2142290013014,
-10.9634563850591));
#10349=CARTESIAN_POINT('Ctrl Pts',(0.0296415446740274,-14.7897720837984,
-10.8141309168121));
#10350=CARTESIAN_POINT('Ctrl Pts',(7.8402881068353,-12.924599028118,-10.6399190348989));
#10351=CARTESIAN_POINT('Ctrl Pts',(14.2962953311086,-5.9780955503885,-10.4408197974739));
#10352=CARTESIAN_POINT('Ctrl Pts',(14.7641529453336,4.69794426277158,-10.2168316048022));
#10353=CARTESIAN_POINT('Ctrl Pts',(8.21947855661476,13.1314884418792,-9.99284300886806));
#10354=CARTESIAN_POINT('Ctrl Pts',(-2.23005430198562,15.3329041962142,-9.76885611059051));
#10355=CARTESIAN_POINT('Ctrl Pts',(-11.621123801231,10.2454770759161,-9.54486874485759));
#10356=CARTESIAN_POINT('Ctrl Pts',(-15.4907405648576,0.294722455102246,
-9.32088283021116));
#10357=CARTESIAN_POINT('Ctrl Pts',(-12.0008999504978,-9.79863236190282,
-9.09689461506309));
#10358=CARTESIAN_POINT('Ctrl Pts',(-2.81083672376348,-15.2358965642661,
-8.87290621107309));
#10359=CARTESIAN_POINT('Ctrl Pts',(7.71514104481437,-13.4356271258404,-8.64891861107182));
#10360=CARTESIAN_POINT('Ctrl Pts',(14.5755725935061,-5.25234615555561,-8.42493213279763));
#10361=CARTESIAN_POINT('Ctrl Pts',(14.5119116251251,5.42596946768339,-8.20094551752195));
#10362=CARTESIAN_POINT('Ctrl Pts',(7.55407949354389,13.5267390516371,-7.97695778749039));
#10363=CARTESIAN_POINT('Ctrl Pts',(-2.99244577287295,15.2013697197911,-7.75296924132927));
#10364=CARTESIAN_POINT('Ctrl Pts',(-12.1173217463338,9.65436415061348,-7.52898147673675));
#10365=CARTESIAN_POINT('Ctrl Pts',(-15.4857150132077,-0.479058912735597,
-7.30499485889472));
#10366=CARTESIAN_POINT('Ctrl Pts',(-11.4973755536594,-10.3848505550115,
-7.08100836483939));
#10367=CARTESIAN_POINT('Ctrl Pts',(-2.04722858505227,-15.3573076790656,
-6.85702084794128));
#10368=CARTESIAN_POINT('Ctrl Pts',(8.37590089520175,-13.0338846564882,-6.63303234349972));
#10369=CARTESIAN_POINT('Ctrl Pts',(14.8191834516655,-4.51876330940199,-6.40904434791327));
#10370=CARTESIAN_POINT('Ctrl Pts',(14.223747196537,6.14351395308913,-6.18505761913389));
#10371=CARTESIAN_POINT('Ctrl Pts',(6.86859677939829,13.8862632857853,-5.96107113692336));
#10372=CARTESIAN_POINT('Ctrl Pts',(-3.74462620780565,15.0340817553229,-5.73708394958781));
#10373=CARTESIAN_POINT('Ctrl Pts',(-12.5886055895583,9.03604130383756,-5.51309532933091));
#10374=CARTESIAN_POINT('Ctrl Pts',(-15.1163781922311,-0.104427537612984,
-5.31399499940022));
#10375=CARTESIAN_POINT('Ctrl Pts',(-12.6073419984997,-7.73256804801288,
-5.13978363916117));
#10376=CARTESIAN_POINT('Ctrl Pts',(-7.75804656529201,-12.5998809478897,
-4.99045802777938));
#10377=CARTESIAN_POINT('Ctrl Pts',(-1.21932439515767,-14.7444584083115,
-4.84113381413534));
#10378=CARTESIAN_POINT('Ctrl Pts',(5.57633694138211,-13.7035376110822,-4.69180827705242));
#10379=CARTESIAN_POINT('Ctrl Pts',(11.1703541531106,-9.70179502333179,-4.5424836460936));
#10380=CARTESIAN_POINT('Ctrl Pts',(14.3492123284253,-3.60353522372097,-4.39315831136091));
#10381=CARTESIAN_POINT('Ctrl Pts',(14.4287706228168,3.27267263722497,-4.243833534633));
#10382=CARTESIAN_POINT('Ctrl Pts',(11.3891680707373,9.44294307395499,-4.09450869150221));
#10383=CARTESIAN_POINT('Ctrl Pts',(5.89201062560044,13.5710004630582,-3.9451837121835));
#10384=CARTESIAN_POINT('Ctrl Pts',(-0.884515013776632,14.7701853308732,
-3.7958588543716));
#10385=CARTESIAN_POINT('Ctrl Pts',(-7.45785725315178,12.7717927873957,-3.64653357068203));
#10386=CARTESIAN_POINT('Ctrl Pts',(-13.2734250535821,7.23412846087838,-3.47232204126693));
#10387=CARTESIAN_POINT('Ctrl Pts',(-15.3641741947383,-2.01600284440598,
-3.27322185851627));
#10388=CARTESIAN_POINT('Ctrl Pts',(-10.4035684054207,-11.4809492509177,
-3.04923315754614));
#10389=CARTESIAN_POINT('Ctrl Pts',(-0.507337673042092,-15.483807281834,
-2.82524594938383));
#10390=CARTESIAN_POINT('Ctrl Pts',(9.63333410040931,-12.1349386103554,-2.60125944346007));
#10391=CARTESIAN_POINT('Ctrl Pts',(15.1957952692782,-3.01912974828927,-2.37727274909099));
#10392=CARTESIAN_POINT('Ctrl Pts',(13.5402547600234,7.52989227007519,-2.15328481074023));
#10393=CARTESIAN_POINT('Ctrl Pts',(5.4516518027011,14.5023486681033,-1.92929626774234));
#10394=CARTESIAN_POINT('Ctrl Pts',(-5.22651616128627,14.584815652501,-1.70530875601026));
#10395=CARTESIAN_POINT('Ctrl Pts',(-13.4219206251305,7.73893610191216,-1.48132213394498));
#10396=CARTESIAN_POINT('Ctrl Pts',(-15.2409133678623,-2.78381419002772,
-1.25733575054242));
#10397=CARTESIAN_POINT('Ctrl Pts',(-9.81979417327618,-11.9834583450324,
-1.0333476382139));
#10398=CARTESIAN_POINT('Ctrl Pts',(0.266910380578102,-15.4914046616044,
-0.809359853081287));
#10399=CARTESIAN_POINT('Ctrl Pts',(10.2258606430807,-11.6375700847142,-0.585370614217887));
#10400=CARTESIAN_POINT('Ctrl Pts',(15.3286001220574,-2.25966036997908,-0.361386806953175));
#10401=CARTESIAN_POINT('Ctrl Pts',(13.4270540628711,6.85321885571319,-0.166247823923226));
#10402=CARTESIAN_POINT('Ctrl Pts',(9.54639224218486,10.7799577702386,-0.0457814512668086));
#10403=CARTESIAN_POINT('Ctrl Pts',(7.83190906972807,11.909788199837,2.74381780142954E-5));
#10404=CARTESIAN_POINT('Ctrl Pts',(7.83579971722993,11.9156932511907,-3.21270787750905E-14));
#10405=CARTESIAN_POINT('Ctrl Pts',(10.6768538194447,10.0474065756718,-0.0758945022210943));
#10406=CARTESIAN_POINT('Ctrl Pts',(14.9569319583073,4.20589934438965,-0.227683506663218));
#10407=CARTESIAN_POINT('Ctrl Pts',(14.0466560235257,-6.64067263080494,-0.455367013326405));
#10408=CARTESIAN_POINT('Ctrl Pts',(6.24999245082071,-14.2221589603775,-0.683050519989592));
#10409=CARTESIAN_POINT('Ctrl Pts',(-4.60991943280342,-14.8369886953568,
-0.910734026652777));
#10410=CARTESIAN_POINT('Ctrl Pts',(-13.2103238438418,-8.17627938381685,
-1.13841753331597));
#10411=CARTESIAN_POINT('Ctrl Pts',(-15.3349984093922,2.4910243173181,-1.36610103997915));
#10412=CARTESIAN_POINT('Ctrl Pts',(-9.94265359079446,11.9379950859573,-1.59378454664234));
#10413=CARTESIAN_POINT('Ctrl Pts',(0.323565108704314,15.5325824045165,-1.82146805330552));
#10414=CARTESIAN_POINT('Ctrl Pts',(10.4311033568029,11.5136159241143,-2.04915155996871));
#10415=CARTESIAN_POINT('Ctrl Pts',(15.4255073660647,1.85026138811755,-2.2768350666319));
#10416=CARTESIAN_POINT('Ctrl Pts',(12.8582435599299,-8.71925099319914,-2.50451857329508));
#10417=CARTESIAN_POINT('Ctrl Pts',(3.98834988946485,-15.0161664746625,-2.73220207995827));
#10418=CARTESIAN_POINT('Ctrl Pts',(-6.83733189018207,-13.9494068468838,
-2.95988558662146));
#10419=CARTESIAN_POINT('Ctrl Pts',(-14.3100065306717,-6.05025051126711,
-3.18756909328464));
#10420=CARTESIAN_POINT('Ctrl Pts',(-14.7707298941295,4.82539608112529,-3.41525259994783));
#10421=CARTESIAN_POINT('Ctrl Pts',(-8.73949528858161,12.3704181975912,-3.61763793920399));
#10422=CARTESIAN_POINT('Ctrl Pts',(-0.931472804433807,14.7783574436424,
-3.79472511105314));
#10423=CARTESIAN_POINT('Ctrl Pts',(5.95245800176073,13.5663536350559,-3.94651411549526));
#10424=CARTESIAN_POINT('Ctrl Pts',(11.5168409551088,9.31608307500208,-4.09830311993739));
#10425=CARTESIAN_POINT('Ctrl Pts',(14.5071946547481,2.99303129650002,-4.25009212437951));
#10426=CARTESIAN_POINT('Ctrl Pts',(14.2630230791555,-4.00067186132447,-4.40188112882164));
#10427=CARTESIAN_POINT('Ctrl Pts',(10.8352578146529,-10.1005320569253,-4.55367013326376));
#10428=CARTESIAN_POINT('Ctrl Pts',(4.99103257767083,-13.9472241717787,-4.70545913770588));
#10429=CARTESIAN_POINT('Ctrl Pts',(-1.96853061753661,-14.6814355057158,
-4.85724814214801));
#10430=CARTESIAN_POINT('Ctrl Pts',(-8.485677563511,-12.141462816968,-5.00903714659013));
#10431=CARTESIAN_POINT('Ctrl Pts',(-13.115698775706,-6.88929660071605,-5.16082615103226));
#10432=CARTESIAN_POINT('Ctrl Pts',(-14.8072627136074,-0.106879595188756,
-5.31261515547438));
#10433=CARTESIAN_POINT('Ctrl Pts',(-12.9527329847171,7.85053234816209,-5.48970232732353));
#10434=CARTESIAN_POINT('Ctrl Pts',(-5.84927893759355,14.3961020416341,-5.69208766657968));
#10435=CARTESIAN_POINT('Ctrl Pts',(5.03219804225247,14.6989532099894,-5.91977117324289));
#10436=CARTESIAN_POINT('Ctrl Pts',(13.4352844665096,7.79864818270798,-6.14745467990606));
#10437=CARTESIAN_POINT('Ctrl Pts',(15.2595981888466,-2.92577609005016,-6.37513818656925));
#10438=CARTESIAN_POINT('Ctrl Pts',(9.5979328821886,-12.2150284407412,-6.60282169323244));
#10439=CARTESIAN_POINT('Ctrl Pts',(-0.761382292092119,-15.5176796947928,
-6.83050519989562));
#10440=CARTESIAN_POINT('Ctrl Pts',(-10.7593163009892,-11.2119054190013,
-7.05818870655882));
#10441=CARTESIAN_POINT('Ctrl Pts',(-14.9376539880268,-2.50246700771264,
-7.26057404581497));
#10442=CARTESIAN_POINT('Ctrl Pts',(-13.7179617510598,5.57540427615668,-7.43766121766412));
#10443=CARTESIAN_POINT('Ctrl Pts',(-9.63668942303209,11.2534117937513,-7.58945022210625));
#10444=CARTESIAN_POINT('Ctrl Pts',(-3.39434819083498,14.4156578001021,-7.74123922654836));
#10445=CARTESIAN_POINT('Ctrl Pts',(4.38178171818734,14.3704756114676,-7.90989367592852));
#10446=CARTESIAN_POINT('Ctrl Pts',(11.7745970285013,9.70834100119195,-8.09541357024665));
#10447=CARTESIAN_POINT('Ctrl Pts',(15.2365976488188,0.815314075795446,-8.29779890950283));
#10448=CARTESIAN_POINT('Ctrl Pts',(12.7436649269002,-8.39058938203623,-8.50018424875899));
#10449=CARTESIAN_POINT('Ctrl Pts',(5.27170347841466,-14.3193846002254,-8.70256958801516));
#10450=CARTESIAN_POINT('Ctrl Pts',(-4.26413388079523,-14.6512193143905,
-8.90495492727131));
#10451=CARTESIAN_POINT('Ctrl Pts',(-10.3774421370506,-10.4548676321106,
-9.06236574669279));
#10452=CARTESIAN_POINT('Ctrl Pts',(-13.5228673955439,-5.25158059627971,
-9.19728930619689));
#10453=CARTESIAN_POINT('Ctrl Pts',(-14.939286029165,0.764979669694435,-9.33221286570101));
#10454=CARTESIAN_POINT('Ctrl Pts',(-12.4226875170731,8.86501576698509,-9.51211094503982));
#10455=CARTESIAN_POINT('Ctrl Pts',(-5.37029729266201,14.0307632258267,-9.69763083935798));
#10456=CARTESIAN_POINT('Ctrl Pts',(2.38474977777769,14.616808127351,-9.86628528873811));
#10457=CARTESIAN_POINT('Ctrl Pts',(8.82780322398716,11.8966220612228,-10.0180742931802));
#10458=CARTESIAN_POINT('Ctrl Pts',(13.3033545700549,6.51497726522445,-10.1698632976224));
#10459=CARTESIAN_POINT('Ctrl Pts',(14.8095975237075,-0.316621023031894,
-10.3216523020645));
#10460=CARTESIAN_POINT('Ctrl Pts',(13.012106747744,-7.07945299564035,-10.4734413065066));
#10461=CARTESIAN_POINT('Ctrl Pts',(8.31109179287162,-12.2617666223509,-10.6252303109487));
#10462=CARTESIAN_POINT('Ctrl Pts',(1.75586810967575,-14.7087504453801,-10.7770193153909));
#10463=CARTESIAN_POINT('Ctrl Pts',(-5.19119808172812,-13.8736923012369,
-10.928808319833));
#10464=CARTESIAN_POINT('Ctrl Pts',(-10.9799727346441,-9.94328678488565,
-11.0805973242751));
#10465=CARTESIAN_POINT('Ctrl Pts',(-14.318939242939,-3.79429423398844,-11.2323863287172));
#10466=CARTESIAN_POINT('Ctrl Pts',(-14.4630716883835,3.20125629445648,-11.3841753331594));
#10467=CARTESIAN_POINT('Ctrl Pts',(-11.3802495873964,9.48253436920494,-11.5359643376015));
#10468=CARTESIAN_POINT('Ctrl Pts',(-5.75825461471542,13.6481385855204,-11.6877533420436));
#10469=CARTESIAN_POINT('Ctrl Pts',(1.14845359837717,14.7684795886065,-11.8395423464857));
#10470=CARTESIAN_POINT('Ctrl Pts',(7.79903241889253,12.5939342288027,-11.9913313509279));
#10471=CARTESIAN_POINT('Ctrl Pts',(12.709288769187,7.60900030615998,-12.14312035537));
#10472=CARTESIAN_POINT('Ctrl Pts',(14.7842921320205,0.92724302523848,-12.2949093598121));
#10473=CARTESIAN_POINT('Ctrl Pts',(13.5598305018257,-5.96312123580965,-12.4466983642542));
#10474=CARTESIAN_POINT('Ctrl Pts',(9.31152593568058,-11.5196430097734,-12.5984873686963));
#10475=CARTESIAN_POINT('Ctrl Pts',(2.98248060056771,-14.5125326012314,-12.7502763731385));
#10476=CARTESIAN_POINT('Ctrl Pts',(-2.45232474860111,-14.3111304759043,
-12.8683344877046));
#10477=CARTESIAN_POINT('Ctrl Pts',(-8.14578217148222,-12.2186094450055,
-13.0032580472087));
#10478=CARTESIAN_POINT('Ctrl Pts',(-13.3757055313797,-7.34627608682019,
-13.1550470516508));
#10479=CARTESIAN_POINT('Ctrl Pts',(-15.1214865292968,2.03812492297714,-13.357432390907));
#10480=CARTESIAN_POINT('Ctrl Pts',(-10.9596892823238,10.6161235981349,-13.5598177301631));
#10481=CARTESIAN_POINT('Ctrl Pts',(-2.50997760793426,15.0523587665298,-13.7622030694193));
#10482=CARTESIAN_POINT('Ctrl Pts',(6.1278258162929,13.7180127992542,-13.9477229637374));
#10483=CARTESIAN_POINT('Ctrl Pts',(12.0243967149757,8.64527679369259,-14.1163774131176));
#10484=CARTESIAN_POINT('Ctrl Pts',(14.6549818737015,2.16607786517425,-14.2681664175597));
#10485=CARTESIAN_POINT('Ctrl Pts',(14.0123867814664,-4.80435847574298,-14.4199554220019));
#10486=CARTESIAN_POINT('Ctrl Pts',(10.2447666270098,-10.6986749626549,-14.5717444264439));
#10487=CARTESIAN_POINT('Ctrl Pts',(4.19134809381024,-14.2082464562517,-14.7235334308861));
#10488=CARTESIAN_POINT('Ctrl Pts',(-2.79862402812342,-14.5461595585791,
-14.8753224353282));
#10489=CARTESIAN_POINT('Ctrl Pts',(-9.16074562043565,-11.640028478961,-15.0271114397703));
#10490=CARTESIAN_POINT('Ctrl Pts',(-13.4860526705754,-6.13468503822168,
-15.1789004442125));
#10491=CARTESIAN_POINT('Ctrl Pts',(-14.4980784059228,-0.791431841686481,
-15.2969585587785));
#10492=CARTESIAN_POINT('Ctrl Pts',(-13.7241668316304,5.2252385634597,-15.4318821182827));
#10493=CARTESIAN_POINT('Ctrl Pts',(-10.1361951243448,11.4065977282697,-15.5836711227248));
#10494=CARTESIAN_POINT('Ctrl Pts',(-1.37603172821524,15.1974681284888,-15.786056461981));
#10495=CARTESIAN_POINT('Ctrl Pts',(7.91469665061852,13.0434416039982,-15.9884418012371));
#10496=CARTESIAN_POINT('Ctrl Pts',(14.1149874564705,5.79759057337419,-16.1908271404933));
#10497=CARTESIAN_POINT('Ctrl Pts',(14.7990792287191,-3.72305816103804,-16.3932124797494));
#10498=CARTESIAN_POINT('Ctrl Pts',(10.2628269857688,-10.8788111044427,-16.5731105590883));
#10499=CARTESIAN_POINT('Ctrl Pts',(3.84447168385933,-14.1803473853649,-16.7305213785097));
#10500=CARTESIAN_POINT('Ctrl Pts',(-2.32456950967632,-14.5114057259324,
-16.8654449380138));
#10501=CARTESIAN_POINT('Ctrl Pts',(-8.33029607694086,-12.1756537243561,
-17.0059903124973));
#10502=CARTESIAN_POINT('Ctrl Pts',(-12.9200552178592,-7.24638371746052,
-17.1521575019601));
#10503=CARTESIAN_POINT('Ctrl Pts',(-14.8045612170179,-0.506262231272867,
-17.3039465064022));
#10504=CARTESIAN_POINT('Ctrl Pts',(-13.3854326253315,6.34459359248197,-17.4557355108443));
#10505=CARTESIAN_POINT('Ctrl Pts',(-8.98000900026072,11.7809980495622,-17.6075245152864));
#10506=CARTESIAN_POINT('Ctrl Pts',(-2.5708606529084,14.5882423829708,-17.7593135197286));
#10507=CARTESIAN_POINT('Ctrl Pts',(4.4118341432049,14.1409311715285,-17.9111025241707));
#10508=CARTESIAN_POINT('Ctrl Pts',(10.4101934501453,10.5382710090846,-18.0628915286128));
#10509=CARTESIAN_POINT('Ctrl Pts',(14.0858466308169,4.5845979784691,-18.2146805330549));
#10510=CARTESIAN_POINT('Ctrl Pts',(14.6186714809764,-2.3923910829765,-18.3664695374971));
#10511=CARTESIAN_POINT('Ctrl Pts',(11.8898545056543,-8.83485342731422,-18.5182585419392));
#10512=CARTESIAN_POINT('Ctrl Pts',(6.50808924996252,-13.3075344477799,-18.6700475463813));
#10513=CARTESIAN_POINT('Ctrl Pts',(0.813408098139493,-14.5579652598408,
-18.7965383834164));
#10514=CARTESIAN_POINT('Ctrl Pts',(-3.70644531562829,-13.9098763921812,
-18.8977310530445));
#10515=CARTESIAN_POINT('Ctrl Pts',(-7.94972406060565,-12.2227343483944,
-18.9989237226726));
#10516=CARTESIAN_POINT('Ctrl Pts',(-12.2667374825586,-8.30517922037657,
-19.1254145597077));
#10517=CARTESIAN_POINT('Ctrl Pts',(-14.7099607089839,-1.74602572878138,
-19.2772035641498));
#10518=CARTESIAN_POINT('Ctrl Pts',(-13.9010982730081,4.93988839894505,-19.4233707536126));
#10519=CARTESIAN_POINT('Ctrl Pts',(-10.4202480965201,10.3633397087085,-19.563916128096));
#10520=CARTESIAN_POINT('Ctrl Pts',(-5.23878547958438,13.7259541831621,-19.6988396876002));
#10521=CARTESIAN_POINT('Ctrl Pts',(1.89365829595938,14.8351433074366,-19.8562505070216));
#10522=CARTESIAN_POINT('Ctrl Pts',(9.77404743483348,11.7202833365598,-20.0361485863604));
#10523=CARTESIAN_POINT('Ctrl Pts',(14.8220161305948,3.62215330037972,-20.2385339256166));
#10524=CARTESIAN_POINT('Ctrl Pts',(14.0778626067838,-5.88907912230144,-20.4409192648728));
#10525=CARTESIAN_POINT('Ctrl Pts',(8.52299775078875,-12.2894445921464,-20.6208173442116));
#10526=CARTESIAN_POINT('Ctrl Pts',(1.68408755694154,-14.5953899735758,-20.7782281636331));
#10527=CARTESIAN_POINT('Ctrl Pts',(-4.4651500093651,-14.0017157198744,-20.9131517231371));
#10528=CARTESIAN_POINT('Ctrl Pts',(-9.38513213567911,-11.1791078721923,
-21.0368316526826));
#10529=CARTESIAN_POINT('Ctrl Pts',(-12.5804777925908,-7.20767040221696,
-21.1492679522694));
#10530=CARTESIAN_POINT('Ctrl Pts',(-14.7613636280386,-1.48353263421308,
-21.2841915117735));
#10531=CARTESIAN_POINT('Ctrl Pts',(-13.848714387135,6.4102694372799,-21.4528459611536));
#10532=CARTESIAN_POINT('Ctrl Pts',(-7.33398444404691,13.377890429511,-21.6552313004098));
#10533=CARTESIAN_POINT('Ctrl Pts',(2.43665552092581,15.1993754204803,-21.866049362135));
#10534=CARTESIAN_POINT('Ctrl Pts',(11.6687533135216,10.2604724925071,-22.0853001463291));
#10535=CARTESIAN_POINT('Ctrl Pts',(15.535727607823,0.0888907617073344,-22.3129836529923));
#10536=CARTESIAN_POINT('Ctrl Pts',(11.7874354947968,-10.1197204397848,-22.5406671596555));
#10537=CARTESIAN_POINT('Ctrl Pts',(2.26090663066694,-15.3711075862256,-22.7683506663187));
#10538=CARTESIAN_POINT('Ctrl Pts',(-8.37383736710817,-13.0859246198631,
-22.9960341729818));
#10539=CARTESIAN_POINT('Ctrl Pts',(-14.9038181506709,-4.38706404193026,
-23.2237176796451));
#10540=CARTESIAN_POINT('Ctrl Pts',(-14.1280591067191,6.46282832714463,-23.4514011863082));
#10541=CARTESIAN_POINT('Ctrl Pts',(-6.42681360163858,14.1443491202763,-23.6790846929714));
#10542=CARTESIAN_POINT('Ctrl Pts',(4.42475348016625,14.8927282566221,-23.9067681996346));
#10543=CARTESIAN_POINT('Ctrl Pts',(13.1074491639763,8.34039461836619,-24.1344517062978));
#10544=CARTESIAN_POINT('Ctrl Pts',(15.3647619213458,-2.29964096285757,-24.362135212961));
#10545=CARTESIAN_POINT('Ctrl Pts',(10.0907956304155,-11.8136946771359,-24.5898187196242));
#10546=CARTESIAN_POINT('Ctrl Pts',(-0.130388807854499,-15.534324438194,
-24.8175022262873));
#10547=CARTESIAN_POINT('Ctrl Pts',(-10.28612457651,-11.6448578119769,-25.0451857329505));
#10548=CARTESIAN_POINT('Ctrl Pts',(-15.4028209159394,-2.037770425154,-25.2728692396138));
#10549=CARTESIAN_POINT('Ctrl Pts',(-13.7752857547028,5.01867400365156,-25.4246582440559));
#10550=CARTESIAN_POINT('Ctrl Pts',(-11.9020683977226,7.85647953735917,-25.5005527462769));
#10551=CARTESIAN_POINT('Ctrl Pts',(7.99472044740423,12.1570717193363,0.16685080185303));
#10552=CARTESIAN_POINT('Ctrl Pts',(10.893326324227,10.2508936366976,0.0909562996319682));
#10553=CARTESIAN_POINT('Ctrl Pts',(15.2600732250566,4.29096373981733,-0.0608327048101557));
#10554=CARTESIAN_POINT('Ctrl Pts',(14.3312306285366,-6.77539837221914,-0.288516211473342));
#10555=CARTESIAN_POINT('Ctrl Pts',(6.37648750449539,-14.51043311531,-0.516199718136529));
#10556=CARTESIAN_POINT('Ctrl Pts',(-4.70350177000218,-15.1376015272427,
-0.743883224799715));
#10557=CARTESIAN_POINT('Ctrl Pts',(-13.4781150566205,-8.34182088862396,
-0.971566731462902));
#10558=CARTESIAN_POINT('Ctrl Pts',(-15.6457266712628,2.54167385477072,-1.19925023812609));
#10559=CARTESIAN_POINT('Ctrl Pts',(-10.144003888098,12.1800228112038,-1.42693374478928));
#10560=CARTESIAN_POINT('Ctrl Pts',(0.330294385399904,15.8473386616138,-1.65461725145246));
#10561=CARTESIAN_POINT('Ctrl Pts',(10.6426121268917,11.7468176955268,-1.88230075811565));
#10562=CARTESIAN_POINT('Ctrl Pts',(15.7381179293472,1.88758478340227,-2.10998426477883));
#10563=CARTESIAN_POINT('Ctrl Pts',(13.1187125232709,-8.89608487348993,-2.33766777144202));
#10564=CARTESIAN_POINT('Ctrl Pts',(4.06900509933173,-15.3205056843687,-2.56535127810521));
#10565=CARTESIAN_POINT('Ctrl Pts',(-6.9760417518904,-14.2320085641496,-2.79303478476839));
#10566=CARTESIAN_POINT('Ctrl Pts',(-14.6000586547059,-6.17269692163329,
-3.02071829143158));
#10567=CARTESIAN_POINT('Ctrl Pts',(-15.0699976337611,4.92334420718825,-3.24840179809477));
#10568=CARTESIAN_POINT('Ctrl Pts',(-8.91645939801078,12.6211954025185,-3.45078713735093));
#10569=CARTESIAN_POINT('Ctrl Pts',(-0.950184601066557,15.077843646751,-3.62787430920008));
#10570=CARTESIAN_POINT('Ctrl Pts',(6.07323209463389,13.8412027958059,-3.77966331364219));
#10571=CARTESIAN_POINT('Ctrl Pts',(11.7503272527707,9.5047409152058,-3.93145231808433));
#10572=CARTESIAN_POINT('Ctrl Pts',(14.8012087635259,3.05352253255139,-4.08324132252644));
#10573=CARTESIAN_POINT('Ctrl Pts',(14.5520115530861,-4.0819017373624,-4.23503032696858));
#10574=CARTESIAN_POINT('Ctrl Pts',(11.0547166744394,-10.3053344393671,-4.38681933141069));
#10575=CARTESIAN_POINT('Ctrl Pts',(5.09201850416818,-14.2299129404889,-4.53860833585283));
#10576=CARTESIAN_POINT('Ctrl Pts',(-2.00858483319418,-14.9789254483163,
-4.69039734029494));
#10577=CARTESIAN_POINT('Ctrl Pts',(-8.65777024203462,-12.3874091770612,
-4.84218634473708));
#10578=CARTESIAN_POINT('Ctrl Pts',(-13.3815581757145,-7.02875910707916,
-4.99397534917919));
#10579=CARTESIAN_POINT('Ctrl Pts',(-15.1073255151011,-0.108881110797076,
-5.14576435362132));
#10580=CARTESIAN_POINT('Ctrl Pts',(-13.2151263698837,8.00976313758744,-5.32285152547046));
#10581=CARTESIAN_POINT('Ctrl Pts',(-5.96765180607502,14.6878966166563,-5.52523686472663));
#10582=CARTESIAN_POINT('Ctrl Pts',(5.13433610774995,14.9967641364898,-5.75292037138982));
#10583=CARTESIAN_POINT('Ctrl Pts',(13.707630200079,7.95653468726827,-5.98060387805299));
#10584=CARTESIAN_POINT('Ctrl Pts',(15.5687936784927,-2.98523481322683,-6.2082873847162));
#10585=CARTESIAN_POINT('Ctrl Pts',(9.79229451563463,-12.4626662793898,-6.43597089137938));
#10586=CARTESIAN_POINT('Ctrl Pts',(-0.776983544954541,-15.8321290967831,
-6.66365439804255));
#10587=CARTESIAN_POINT('Ctrl Pts',(-10.9774727900961,-11.4389895383332,
-6.89133790470575));
#10588=CARTESIAN_POINT('Ctrl Pts',(-15.2403856905471,-2.55301243137756,
-7.09372324396192));
#10589=CARTESIAN_POINT('Ctrl Pts',(-13.9958873577427,5.68853925057232,-7.27081041581106));
#10590=CARTESIAN_POINT('Ctrl Pts',(-9.83184711089644,11.4815633923948,-7.42259942025319));
#10591=CARTESIAN_POINT('Ctrl Pts',(-3.46297292469909,14.7078214154897,-7.5743884246953));
#10592=CARTESIAN_POINT('Ctrl Pts',(4.47073578337313,14.6616373261302,-7.74304287407545));
#10593=CARTESIAN_POINT('Ctrl Pts',(12.0133109749546,9.90494488709913,-7.92856276839359));
#10594=CARTESIAN_POINT('Ctrl Pts',(15.5453685663946,0.831666889140248,-8.13094810764976));
#10595=CARTESIAN_POINT('Ctrl Pts',(13.0018156605601,-8.5607618309551,-8.33333344690594));
#10596=CARTESIAN_POINT('Ctrl Pts',(5.37837292675425,-14.6096181250134,-8.53571878616209));
#10597=CARTESIAN_POINT('Ctrl Pts',(-4.35070698862461,-14.9480714625886,
-8.73810412541826));
#10598=CARTESIAN_POINT('Ctrl Pts',(-10.5878517388737,-10.6666150057098,
-8.89551494483972));
#10599=CARTESIAN_POINT('Ctrl Pts',(-13.7969596827728,-5.35785110520285,
-9.03043850434383));
#10600=CARTESIAN_POINT('Ctrl Pts',(-15.2420145390227,0.780647402009688,
-9.16536206384793));
#10601=CARTESIAN_POINT('Ctrl Pts',(-12.6743285418775,9.04479866179651,-9.34526014318677));
#10602=CARTESIAN_POINT('Ctrl Pts',(-5.47896789766625,14.3151490801437,-9.53078003750489));
#10603=CARTESIAN_POINT('Ctrl Pts',(2.43323774481396,14.9129838095676,-9.69943448688506));
#10604=CARTESIAN_POINT('Ctrl Pts',(9.006826186816,12.137603051274,-9.85122349132717));
#10605=CARTESIAN_POINT('Ctrl Pts',(13.5730125642845,6.64685229863024,-10.0030124957693));
#10606=CARTESIAN_POINT('Ctrl Pts',(15.1097029385666,-0.323201557018619,
-10.1548015002114));
#10607=CARTESIAN_POINT('Ctrl Pts',(13.2757118699964,-7.22305891484265,-10.3065905046535));
#10608=CARTESIAN_POINT('Ctrl Pts',(8.4793757302257,-12.510337303817,-10.4583795090957));
#10609=CARTESIAN_POINT('Ctrl Pts',(1.7912866286236,-15.0068352481216,-10.6101685135378));
#10610=CARTESIAN_POINT('Ctrl Pts',(-5.29654904230696,-14.1547779722382,
-10.7619575179799));
#10611=CARTESIAN_POINT('Ctrl Pts',(-11.2025866333388,-10.1446605465614,
-10.913746522422));
#10612=CARTESIAN_POINT('Ctrl Pts',(-14.609147345129,-3.87102474359612,-11.0655355268642));
#10613=CARTESIAN_POINT('Ctrl Pts',(-14.7561229178322,3.26628864266727,-11.2173245313063));
#10614=CARTESIAN_POINT('Ctrl Pts',(-11.6107592862218,9.67481939307125,-11.3691135357484));
#10615=CARTESIAN_POINT('Ctrl Pts',(-5.8747912234091,13.9247750528941,-11.5209025401905));
#10616=CARTESIAN_POINT('Ctrl Pts',(1.17189033823346,15.0677425370631,-11.6726915446327));
#10617=CARTESIAN_POINT('Ctrl Pts',(7.9572156062753,12.8490573120007,-11.8244805490748));
#10618=CARTESIAN_POINT('Ctrl Pts',(12.9669204658998,7.76305175115136,-11.9762695535169));
#10619=CARTESIAN_POINT('Ctrl Pts',(15.0838985515997,0.945869041681258,-12.1280585579591));
#10620=CARTESIAN_POINT('Ctrl Pts',(13.8345473562696,-6.08411134127018,-12.2798475624011));
#10621=CARTESIAN_POINT('Ctrl Pts',(9.50009139667743,-11.7531860390647,-12.4316365668433));
#10622=CARTESIAN_POINT('Ctrl Pts',(3.04275797291773,-14.8066547636817,-12.5834255712854));
#10623=CARTESIAN_POINT('Ctrl Pts',(-2.50217869521541,-14.6011110065309,
-12.7014836858515));
#10624=CARTESIAN_POINT('Ctrl Pts',(-8.31098789979214,-12.4661229147904,
-12.8364072453556));
#10625=CARTESIAN_POINT('Ctrl Pts',(-13.6468389074245,-7.49499616309452,
-12.9881962497977));
#10626=CARTESIAN_POINT('Ctrl Pts',(-15.427893108695,2.07959431574179,-13.1905815890539));
#10627=CARTESIAN_POINT('Ctrl Pts',(-11.1816639597532,10.8313755609004,-13.3929669283101));
#10628=CARTESIAN_POINT('Ctrl Pts',(-2.56067395696259,15.357414986183,-13.5953522675662));
#10629=CARTESIAN_POINT('Ctrl Pts',(6.25215533158903,13.9959333091407,-13.7808721618844));
#10630=CARTESIAN_POINT('Ctrl Pts',(12.2681609256191,8.82033545391237,-13.9495266112645));
#10631=CARTESIAN_POINT('Ctrl Pts',(14.9519816366903,2.20980967206736,-14.1013156157067));
#10632=CARTESIAN_POINT('Ctrl Pts',(14.2962873187701,-4.90187186867246,-14.2531046201488));
#10633=CARTESIAN_POINT('Ctrl Pts',(10.452252845794,-10.9155918517898,-14.4048936245909));
#10634=CARTESIAN_POINT('Ctrl Pts',(4.27612592563962,-14.4962158325337,-14.556682629033));
#10635=CARTESIAN_POINT('Ctrl Pts',(-2.85549816130481,-14.8408989900678,
-14.7084716334752));
#10636=CARTESIAN_POINT('Ctrl Pts',(-9.34651264295492,-11.8758060358275,
-14.8602606379173));
#10637=CARTESIAN_POINT('Ctrl Pts',(-13.7594087276534,-6.25885161617104,
-15.0120496423594));
#10638=CARTESIAN_POINT('Ctrl Pts',(-14.7918833430861,-0.807308890504989,
-15.1301077569255));
#10639=CARTESIAN_POINT('Ctrl Pts',(-14.0022220677241,5.33127767741672,-15.2650313164296));
#10640=CARTESIAN_POINT('Ctrl Pts',(-10.3414733397937,11.6378591056534,-15.4168203208717));
#10641=CARTESIAN_POINT('Ctrl Pts',(-1.40374763273286,15.5054523296548,-15.6192056601279));
#10642=CARTESIAN_POINT('Ctrl Pts',(8.07522870365893,13.307672440789,-15.8215909993841));
#10643=CARTESIAN_POINT('Ctrl Pts',(14.4010848143204,5.91491912367549,-16.0239763386402));
#10644=CARTESIAN_POINT('Ctrl Pts',(15.0989336878741,-3.79866828689843,-16.2263616778964));
#10645=CARTESIAN_POINT('Ctrl Pts',(10.4706771891942,-11.0993785608767,-16.4062597572352));
#10646=CARTESIAN_POINT('Ctrl Pts',(3.92222055204884,-14.4677475512648,-16.5636705766567));
#10647=CARTESIAN_POINT('Ctrl Pts',(-2.3718367844368,-14.8054461503102,-16.6985941361608));
#10648=CARTESIAN_POINT('Ctrl Pts',(-8.49924040853868,-12.422294670306,-16.8391395106442));
#10649=CARTESIAN_POINT('Ctrl Pts',(-13.1819539643252,-7.3930845832406,-16.985306700107));
#10650=CARTESIAN_POINT('Ctrl Pts',(-15.1045737068238,-0.516357061993447,
-17.1370957045491));
#10651=CARTESIAN_POINT('Ctrl Pts',(-13.6566111619468,6.47331210476269,-17.2888847089913));
#10652=CARTESIAN_POINT('Ctrl Pts',(-9.16185353915503,12.0198336257466,-17.4406737134334));
#10653=CARTESIAN_POINT('Ctrl Pts',(-2.62279591695302,14.883894196927,-17.5924627178755));
#10654=CARTESIAN_POINT('Ctrl Pts',(4.50139465773695,14.4274409518372,-17.7442517223176));
#10655=CARTESIAN_POINT('Ctrl Pts',(10.6212676663738,10.7517081460805,-17.8960407267598));
#10656=CARTESIAN_POINT('Ctrl Pts',(14.3713400018125,4.67734617685262,-18.0478297312019));
#10657=CARTESIAN_POINT('Ctrl Pts',(14.9148848382797,-2.44103391785074,-18.199618735644));
#10658=CARTESIAN_POINT('Ctrl Pts',(12.1306982764044,-9.01401918377859,-18.3514077400861));
#10659=CARTESIAN_POINT('Ctrl Pts',(6.63982465486374,-13.5772770686912,-18.5031967445283));
#10660=CARTESIAN_POINT('Ctrl Pts',(0.829729819918343,-14.852984017437,-18.6296875815633));
#10661=CARTESIAN_POINT('Ctrl Pts',(-3.78170892142158,-14.1917117944711,
-18.7308802511915));
#10662=CARTESIAN_POINT('Ctrl Pts',(-8.11095681725358,-12.4703335831816,
-18.8320729208195));
#10663=CARTESIAN_POINT('Ctrl Pts',(-12.5154088303214,-8.47334328726694,
-18.9585637578546));
#10664=CARTESIAN_POINT('Ctrl Pts',(-15.0080699278717,-1.78124478348079,
-19.1103527622967));
#10665=CARTESIAN_POINT('Ctrl Pts',(-14.1827421012887,5.04014700133435,-19.2565199517595));
#10666=CARTESIAN_POINT('Ctrl Pts',(-10.6312940794758,10.5734631478798,-19.397065326243));
#10667=CARTESIAN_POINT('Ctrl Pts',(-5.34479444796893,14.0041617782993,-19.5319888857471));
#10668=CARTESIAN_POINT('Ctrl Pts',(1.93219696828775,15.1357488911517,-19.6893997051686));
#10669=CARTESIAN_POINT('Ctrl Pts',(9.97224359607142,11.9576804101697,-19.8692977845074));
#10670=CARTESIAN_POINT('Ctrl Pts',(15.1224169183598,3.69538987826831,-20.0716831237635));
#10671=CARTESIAN_POINT('Ctrl Pts',(14.3630779390087,-6.0085745517613,-20.2740684630197));
#10672=CARTESIAN_POINT('Ctrl Pts',(8.69557554692789,-12.5385785054392,-20.4539665423585));
#10673=CARTESIAN_POINT('Ctrl Pts',(1.71805273782603,-14.8911767875457,-20.61137736178));
#10674=CARTESIAN_POINT('Ctrl Pts',(-4.55578939754201,-14.2854037784298,
-20.7463009212841));
#10675=CARTESIAN_POINT('Ctrl Pts',(-9.57544112059572,-11.4055426179741,
-20.8699808508296));
#10676=CARTESIAN_POINT('Ctrl Pts',(-12.8354947463037,-7.35359053136125,
-20.9824171504163));
#10677=CARTESIAN_POINT('Ctrl Pts',(-15.0605115874529,-1.51343182991289,
-21.1173407099204));
#10678=CARTESIAN_POINT('Ctrl Pts',(-14.1292803630987,6.54032397894992,-21.2859951593006));
#10679=CARTESIAN_POINT('Ctrl Pts',(-7.48245541229479,13.6490679449559,-21.4883804985567));
#10680=CARTESIAN_POINT('Ctrl Pts',(2.48620179719943,15.5073559552143,-21.6991985602819));
#10681=CARTESIAN_POINT('Ctrl Pts',(11.9053285192405,10.4682662157955,-21.9184493444761));
#10682=CARTESIAN_POINT('Ctrl Pts',(15.8505521786719,0.0905196576385471,
-22.1461328511392));
#10683=CARTESIAN_POINT('Ctrl Pts',(12.0261895359607,-10.3249222332231,-22.3738163578024));
#10684=CARTESIAN_POINT('Ctrl Pts',(2.30655214581128,-15.6826203234784,-22.6014998644656));
#10685=CARTESIAN_POINT('Ctrl Pts',(-8.54367414372196,-13.351011257306,-22.8291833711288));
#10686=CARTESIAN_POINT('Ctrl Pts',(-15.205885104277,-4.47580023737711,-23.056866877792));
#10687=CARTESIAN_POINT('Ctrl Pts',(-14.4142852773691,6.59395104829339,-23.2845503844552));
#10688=CARTESIAN_POINT('Ctrl Pts',(-6.55689270928897,14.4310484609574,-23.5122338911184));
#10689=CARTESIAN_POINT('Ctrl Pts',(4.51458414259771,15.1944726774512,-23.7399173977816));
#10690=CARTESIAN_POINT('Ctrl Pts',(13.373157495416,8.50926297633028,-23.9676009044447));
#10691=CARTESIAN_POINT('Ctrl Pts',(15.6760954497126,-2.34641254470097,-24.1952844111079));
#10692=CARTESIAN_POINT('Ctrl Pts',(10.295149330136,-12.0532051623516,-24.4229679177711));
#10693=CARTESIAN_POINT('Ctrl Pts',(-0.133203484935046,-15.8491181406931,
-24.6506514244343));
#10694=CARTESIAN_POINT('Ctrl Pts',(-10.4946968820937,-11.8807207424505,
-24.8783349310975));
#10695=CARTESIAN_POINT('Ctrl Pts',(-15.7149738315204,-2.07889384681152,
-25.1060184377607));
#10696=CARTESIAN_POINT('Ctrl Pts',(-14.0543791814346,5.12052775929364,-25.2578074422028));
#10697=CARTESIAN_POINT('Ctrl Pts',(-12.1431705356484,8.01581918230373,-25.3337019444239));
#10698=CARTESIAN_POINT('Ctrl Pts',(8.15363709346243,12.3984527903384,0.333701725925691));
#10699=CARTESIAN_POINT('Ctrl Pts',(11.1097953650369,10.4543842736263,0.257807223704629));
#10700=CARTESIAN_POINT('Ctrl Pts',(15.5632129913651,4.37603319402519,0.106018219262505));
#10701=CARTESIAN_POINT('Ctrl Pts',(14.6158074200807,-6.91011931198438,-0.121665287400681));
#10702=CARTESIAN_POINT('Ctrl Pts',(6.50298735712882,-14.7987050788501,-0.349348794063869));
#10703=CARTESIAN_POINT('Ctrl Pts',(-4.79707904686296,-15.4382158524802,
-0.577032300727054));
#10704=CARTESIAN_POINT('Ctrl Pts',(-13.7459034289307,-8.50736683935377,
-0.804715807390242));
#10705=CARTESIAN_POINT('Ctrl Pts',(-15.9564557045333,2.59231817301434,-1.03239931405343));
#10706=CARTESIAN_POINT('Ctrl Pts',(-10.3453581907461,12.4220471024046,-1.26008282071661));
#10707=CARTESIAN_POINT('Ctrl Pts',(0.337018386332122,16.1620949531618,-1.4877663273798));
#10708=CARTESIAN_POINT('Ctrl Pts',(10.8541169368142,11.9800229529893,-1.71544983404299));
#10709=CARTESIAN_POINT('Ctrl Pts',(16.0507277894663,1.92491340753433,-1.94313334070617));
#10710=CARTESIAN_POINT('Ctrl Pts',(13.3791843848622,-9.07291434534737,-2.17081684736936));
#10711=CARTESIAN_POINT('Ctrl Pts',(4.14966538866967,-15.6248434668966,-2.39850035403255));
#10712=CARTESIAN_POINT('Ctrl Pts',(-7.11474684378748,-14.5146125353529,
-2.62618386069573));
#10713=CARTESIAN_POINT('Ctrl Pts',(-14.8901086548658,-6.29514816167194,
-2.85386736735892));
#10714=CARTESIAN_POINT('Ctrl Pts',(-15.3692669401617,5.0212872943091,-3.0815508740221));
#10715=CARTESIAN_POINT('Ctrl Pts',(-9.09342766548381,12.8719695798653,-3.28393621327827));
#10716=CARTESIAN_POINT('Ctrl Pts',(-0.968901411259662,15.3773294618114,
-3.46102338512742));
#10717=CARTESIAN_POINT('Ctrl Pts',(6.19400155206322,14.1160539118848,-3.61281238956954));
#10718=CARTESIAN_POINT('Ctrl Pts',(11.9838103311753,9.69340262080345,-3.76460139401167));
#10719=CARTESIAN_POINT('Ctrl Pts',(15.0952217855754,3.11401868006539,-3.91639039845378));
#10720=CARTESIAN_POINT('Ctrl Pts',(14.8410013162006,-4.16312675083766,-4.06817940289592));
#10721=CARTESIAN_POINT('Ctrl Pts',(11.274178911357,-10.5101330936543,-4.21996840733803));
#10722=CARTESIAN_POINT('Ctrl Pts',(5.19300914228868,-14.5125999466941,-4.37175741178016));
#10723=CARTESIAN_POINT('Ctrl Pts',(-2.0486340541137,-15.2764159880641,-4.52354641622229));
#10724=CARTESIAN_POINT('Ctrl Pts',(-8.82985875667327,-12.6333583596167,
-4.67533542066441));
#10725=CARTESIAN_POINT('Ctrl Pts',(-13.6474151726835,-7.16822603345955,
-4.82712442510654));
#10726=CARTESIAN_POINT('Ctrl Pts',(-15.4073882084478,-0.110887653812701,
-4.97891342954866));
#10727=CARTESIAN_POINT('Ctrl Pts',(-13.4775223578098,8.16898949071314,-5.1560006013978));
#10728=CARTESIAN_POINT('Ctrl Pts',(-6.08602953447383,14.9796891356214,-5.35838594065397));
#10729=CARTESIAN_POINT('Ctrl Pts',(5.23646915770282,15.2945767003397,-5.58606944731715));
#10730=CARTESIAN_POINT('Ctrl Pts',(13.9799732203301,8.11442571600268,-5.81375295398034));
#10731=CARTESIAN_POINT('Ctrl Pts',(15.8779900875177,-3.0446883407026,-6.04143646064352));
#10732=CARTESIAN_POINT('Ctrl Pts',(9.98666025017638,-12.7103007996914,-6.26911996730672));
#10733=CARTESIAN_POINT('Ctrl Pts',(-0.792579525000305,-16.1465786819649,
-6.4968034739699));
#10734=CARTESIAN_POINT('Ctrl Pts',(-11.1956254198694,-11.6660772566237,
-6.72448698063309));
#10735=CARTESIAN_POINT('Ctrl Pts',(-15.543116470852,-2.60356291507153,-6.92687231988924));
#10736=CARTESIAN_POINT('Ctrl Pts',(-14.2738147909756,5.80166953989175,-7.1039594917384));
#10737=CARTESIAN_POINT('Ctrl Pts',(-10.0270085731458,11.7097116642081,-7.25574849618052));
#10738=CARTESIAN_POINT('Ctrl Pts',(-3.531602537014,14.9999838082989,-7.40753750062265));
#10739=CARTESIAN_POINT('Ctrl Pts',(4.55968494769848,14.9528004589014,-7.57619195000278));
#10740=CARTESIAN_POINT('Ctrl Pts',(12.2520215677224,10.1015527240051,-7.76171184432093));
#10741=CARTESIAN_POINT('Ctrl Pts',(15.8541391331211,0.848024872218844,-7.9640971835771));
#10742=CARTESIAN_POINT('Ctrl Pts',(13.2599691814296,-8.73092991194561,-8.16648252283328));
#10743=CARTESIAN_POINT('Ctrl Pts',(5.48504721173526,-14.8998497902384,-8.36886786208942));
#10744=CARTESIAN_POINT('Ctrl Pts',(-4.43727510081689,-15.2449249875468,
-8.57125320134561));
#10745=CARTESIAN_POINT('Ctrl Pts',(-10.7982577403844,-10.8783658523527,
-8.72866402076706));
#10746=CARTESIAN_POINT('Ctrl Pts',(-14.0710501210636,-5.46412618037891,
-8.86358758027117));
#10747=CARTESIAN_POINT('Ctrl Pts',(-15.54474323612,0.796310057904846,-8.99851113977529));
#10748=CARTESIAN_POINT('Ctrl Pts',(-12.9259725165202,9.2245772953177,-9.17840921911408));
#10749=CARTESIAN_POINT('Ctrl Pts',(-5.58764324083764,14.5995330428561,-9.36392911343226));
#10750=CARTESIAN_POINT('Ctrl Pts',(2.4817207370385,15.2091602305606,-9.53258356281239));
#10751=CARTESIAN_POINT('Ctrl Pts',(9.18584506720963,12.3785869811093,-9.68437256725452));
#10752=CARTESIAN_POINT('Ctrl Pts',(13.8426682817204,6.77873181764165,-9.83616157169663));
#10753=CARTESIAN_POINT('Ctrl Pts',(15.4098083890331,-0.329777060771243,
-9.98795057613876));
#10754=CARTESIAN_POINT('Ctrl Pts',(13.5393193329466,-7.36666038132825,-10.1397395805809));
#10755=CARTESIAN_POINT('Ctrl Pts',(8.6476637907904,-12.7589051036641,-10.291528585023));
#10756=CARTESIAN_POINT('Ctrl Pts',(1.82671013349817,-15.304919383233,-10.4433175894651));
#10757=CARTESIAN_POINT('Ctrl Pts',(-5.4018952667791,-14.435865338585,-10.5951065939073));
#10758=CARTESIAN_POINT('Ctrl Pts',(-11.4251971024158,-10.3460379882817,
-10.7468955983494));
#10759=CARTESIAN_POINT('Ctrl Pts',(-14.8993540894206,-3.94776009687066,
-10.8986846027915));
#10760=CARTESIAN_POINT('Ctrl Pts',(-15.0491751640672,3.33131606430537,-11.0504736072336));
#10761=CARTESIAN_POINT('Ctrl Pts',(-11.8412721496502,9.86710050666017,-11.2022626116758));
#10762=CARTESIAN_POINT('Ctrl Pts',(-5.99133243845924,14.2014094987507,-11.3540516161179));
#10763=CARTESIAN_POINT('Ctrl Pts',(1.19532205778004,15.3670058037803,-11.50584062056));
#10764=CARTESIAN_POINT('Ctrl Pts',(8.11539447944097,13.1041829822654,-11.6576296250021));
#10765=CARTESIAN_POINT('Ctrl Pts',(13.224549517219,7.91710747471997,-11.8094186294442));
#10766=CARTESIAN_POINT('Ctrl Pts',(15.3835045845505,0.964500073726875,-11.9612076338864));
#10767=CARTESIAN_POINT('Ctrl Pts',(14.1092661696873,-6.20509681345427,-12.1129966383285));
#10768=CARTESIAN_POINT('Ctrl Pts',(9.68866072404859,-11.9867258506301,-12.2647856427706));
#10769=CARTESIAN_POINT('Ctrl Pts',(3.10304025858592,-15.1007758429445,-12.4165746472128));
#10770=CARTESIAN_POINT('Ctrl Pts',(-2.55202777047768,-14.8910923004837,
-12.5346327617788));
#10771=CARTESIAN_POINT('Ctrl Pts',(-8.47618943962912,-12.7136390910336,
-12.669556321283));
#10772=CARTESIAN_POINT('Ctrl Pts',(-13.917969724037,-7.64372074561221,-12.8213453257251));
#10773=CARTESIAN_POINT('Ctrl Pts',(-15.7343003067278,2.12105856404919,-13.0237306649813));
#10774=CARTESIAN_POINT('Ctrl Pts',(-11.4036421887558,11.0466237507029,-13.2261160042374));
#10775=CARTESIAN_POINT('Ctrl Pts',(-2.61137540494619,15.6624702804838,-13.4285013434936));
#10776=CARTESIAN_POINT('Ctrl Pts',(6.37648015910805,14.2738558331281,-13.6140212378117));
#10777=CARTESIAN_POINT('Ctrl Pts',(12.5119221423162,8.99539815514571,-13.7826756871919));
#10778=CARTESIAN_POINT('Ctrl Pts',(15.2489805930229,2.25354644462412,-13.934464691634));
#10779=CARTESIAN_POINT('Ctrl Pts',(14.5801894193913,-4.99938048027217,-14.0862536960761));
#10780=CARTESIAN_POINT('Ctrl Pts',(10.6597426476417,-11.1325052103056,-14.2380427005182));
#10781=CARTESIAN_POINT('Ctrl Pts',(4.36090856162402,-14.7841837166336,-14.3898317049604));
#10782=CARTESIAN_POINT('Ctrl Pts',(-2.91236734166039,-15.135639301218,-14.5416207094025));
#10783=CARTESIAN_POINT('Ctrl Pts',(-9.53227566854116,-12.1115866467818,
-14.6934097138446));
#10784=CARTESIAN_POINT('Ctrl Pts',(-14.0327626361802,-6.38302274358538,
-14.8451987182867));
#10785=CARTESIAN_POINT('Ctrl Pts',(-15.0856879412276,-0.823190858429917,
-14.9632568328528));
#10786=CARTESIAN_POINT('Ctrl Pts',(-14.2802790112715,5.43731210589862,-15.0981803923569));
#10787=CARTESIAN_POINT('Ctrl Pts',(-10.5467553793254,11.8691169858042,-15.2499693967991));
#10788=CARTESIAN_POINT('Ctrl Pts',(-1.43146869090448,15.8134359898015,-15.4523547360552));
#10789=CARTESIAN_POINT('Ctrl Pts',(8.23575628925339,13.571905901745,-15.6547400753114));
#10790=CARTESIAN_POINT('Ctrl Pts',(14.6871801350427,6.03225243864162,-15.8571254145675));
#10791=CARTESIAN_POINT('Ctrl Pts',(15.3987893393885,-3.87427336951964,-16.0595107538238));
#10792=CARTESIAN_POINT('Ctrl Pts',(10.6785310367466,-11.3199424797375,-16.2394088331625));
#10793=CARTESIAN_POINT('Ctrl Pts',(3.99997421663347,-14.7551463429069,-16.396819652584));
#10794=CARTESIAN_POINT('Ctrl Pts',(-2.41909912049832,-15.0994872934899,
-16.5317432120881));
#10795=CARTESIAN_POINT('Ctrl Pts',(-8.66818056534647,-12.6689383857755,
-16.6722885865716));
#10796=CARTESIAN_POINT('Ctrl Pts',(-13.4438501875163,-7.53978980091026,
-16.8184557760344));
#10797=CARTESIAN_POINT('Ctrl Pts',(-15.4045859528402,-0.526456917249667,
-16.9702447804765));
#10798=CARTESIAN_POINT('Ctrl Pts',(-13.9277917879242,6.60202604113311,-17.1220337849186));
#10799=CARTESIAN_POINT('Ctrl Pts',(-9.34370203476259,12.2586660955088,-17.2738227893607));
#10800=CARTESIAN_POINT('Ctrl Pts',(-2.67473612204893,15.179545067104,-17.4256117938028));
#10801=CARTESIAN_POINT('Ctrl Pts',(4.59095034920404,14.7139521615537,-17.577400798245));
#10802=CARTESIAN_POINT('Ctrl Pts',(10.8323382537199,10.9651487667632,-17.7291898026871));
#10803=CARTESIAN_POINT('Ctrl Pts',(14.6568317476889,4.7700991359117,-17.8809788071292));
#10804=CARTESIAN_POINT('Ctrl Pts',(15.2110989369579,-2.48967177723286,-18.0327678115714));
#10805=CARTESIAN_POINT('Ctrl Pts',(12.3715449893599,-9.19318086009346,-18.1845568160134));
#10806=CARTESIAN_POINT('Ctrl Pts',(6.77156454682493,-13.847017415081,-18.3363458204556));
#10807=CARTESIAN_POINT('Ctrl Pts',(0.846056481001677,-15.1480024282419,
-18.4628366574907));
#10808=CARTESIAN_POINT('Ctrl Pts',(-3.85696778603366,-14.4735483877715,
-18.5640293271188));
#10809=CARTESIAN_POINT('Ctrl Pts',(-8.27218538495302,-12.7179354579316,
-18.6652219967469));
#10810=CARTESIAN_POINT('Ctrl Pts',(-12.7640772984728,-8.641511479117,-18.791712833782));
#10811=CARTESIAN_POINT('Ctrl Pts',(-15.3061784824525,-1.81646882455991,
-18.9435018382241));
#10812=CARTESIAN_POINT('Ctrl Pts',(-14.4643875394564,5.14040085954683,-19.0896690276869));
#10813=CARTESIAN_POINT('Ctrl Pts',(-10.8423435308132,10.7835829984633,-19.2302144021703));
#10814=CARTESIAN_POINT('Ctrl Pts',(-5.45080805161599,14.2823675279544,-19.3651379616744));
#10815=CARTESIAN_POINT('Ctrl Pts',(1.97073059401738,15.4363550458186,-19.5225487810959));
#10816=CARTESIAN_POINT('Ctrl Pts',(10.1704357301643,12.1950807456839,-19.7024468604347));
#10817=CARTESIAN_POINT('Ctrl Pts',(15.4228164042347,3.76863147149795,-19.9048321996909));
#10818=CARTESIAN_POINT('Ctrl Pts',(14.648295202552,-6.12806517239621,-20.107217538947));
#10819=CARTESIAN_POINT('Ctrl Pts',(8.86815747466154,-12.7877094650481,-20.2871156182859));
#10820=CARTESIAN_POINT('Ctrl Pts',(1.75202286650176,-15.1869629588389,-20.4445264377073));
#10821=CARTESIAN_POINT('Ctrl Pts',(-4.64642400967327,-14.5690932851604,
-20.5794499972114));
#10822=CARTESIAN_POINT('Ctrl Pts',(-9.76574626398903,-11.631980496251,-20.7031299267568));
#10823=CARTESIAN_POINT('Ctrl Pts',(-13.0905091915476,-7.49951489730177,
-20.8155662263437));
#10824=CARTESIAN_POINT('Ctrl Pts',(-15.3596589714198,-1.54333603072457,
-20.9504897858477));
#10825=CARTESIAN_POINT('Ctrl Pts',(-14.4098484484513,6.67037378706982,-21.1191442352279));
#10826=CARTESIAN_POINT('Ctrl Pts',(-7.63093088749794,13.9202429051529,-21.321529574484));
#10827=CARTESIAN_POINT('Ctrl Pts',(2.53574290060256,15.815337243523,-21.5323476362092));
#10828=CARTESIAN_POINT('Ctrl Pts',(12.1419001842917,10.6760638514738,-21.7515984204034));
#10829=CARTESIAN_POINT('Ctrl Pts',(16.16537664391,0.0921538283928203,-21.9792819270666));
#10830=CARTESIAN_POINT('Ctrl Pts',(12.2649469561104,-10.5301199750265,-22.2069654337298));
#10831=CARTESIAN_POINT('Ctrl Pts',(2.35220286933809,-15.9941322183964,-22.4346489403929));
#10832=CARTESIAN_POINT('Ctrl Pts',(-8.71350643626793,-13.616100674605,-22.6623324470562));
#10833=CARTESIAN_POINT('Ctrl Pts',(-15.5079504958672,-4.5645414722117,-22.8900159537193));
#10834=CARTESIAN_POINT('Ctrl Pts',(-14.7005135739176,6.72506894078824,-23.1176994603825));
#10835=CARTESIAN_POINT('Ctrl Pts',(-6.6869765885462,14.7177455507011,-23.3453829670457));
#10836=CARTESIAN_POINT('Ctrl Pts',(4.60440972663227,15.4962185284218,-23.5730664737089));
#10837=CARTESIAN_POINT('Ctrl Pts',(13.6388629311643,8.67813574452958,-23.800749980372));
#10838=CARTESIAN_POINT('Ctrl Pts',(15.987429684371,-2.39317889819333,-24.0284334870353));
#10839=CARTESIAN_POINT('Ctrl Pts',(10.4995069922182,-12.292712163778,-24.2561169936984));
#10840=CARTESIAN_POINT('Ctrl Pts',(-0.136012886481786,-16.1639118121145,
-24.4838005003616));
#10841=CARTESIAN_POINT('Ctrl Pts',(-10.7032651838838,-12.1165871089692,
-24.7114840070248));
#10842=CARTESIAN_POINT('Ctrl Pts',(-16.0271259798843,-2.1200224889929,-24.939167513688));
#10843=CARTESIAN_POINT('Ctrl Pts',(-14.3334742461433,5.22237681351318,-25.0909565181301));
#10844=CARTESIAN_POINT('Ctrl Pts',(-12.384275283519,8.17515474765822,-25.1668510203512));
#10845=CARTESIAN_POINT('Ctrl Pts',(8.31255032514689,12.6398360414384,0.500552746277694));
#10846=CARTESIAN_POINT('Ctrl Pts',(11.3262615108778,10.6578779041084,0.424658244056632));
#10847=CARTESIAN_POINT('Ctrl Pts',(15.8663515062079,4.46110688080648,0.272869239614508));
#10848=CARTESIAN_POINT('Ctrl Pts',(14.9003860439866,-7.04483623689724,0.0451857329513216));
#10849=CARTESIAN_POINT('Ctrl Pts',(6.62949122548148,-15.0869752127693,-0.182497773711865));
#10850=CARTESIAN_POINT('Ctrl Pts',(-4.89065209198897,-15.7388314304476,
-0.410181280375051));
#10851=CARTESIAN_POINT('Ctrl Pts',(-14.0136894284432,-8.67291651095768,
-0.637864787038239));
#10852=CARTESIAN_POINT('Ctrl Pts',(-16.2671853867578,2.64295812611879,-0.865548293701424));
#10853=CARTESIAN_POINT('Ctrl Pts',(-10.5467158461623,12.6640685239894,-1.09323180036461));
#10854=CARTESIAN_POINT('Ctrl Pts',(0.343737974296876,16.476851277271,-1.3209153070278));
#10855=CARTESIAN_POINT('Ctrl Pts',(11.06561843667,12.2132311292218,-1.54859881369098));
#10856=CARTESIAN_POINT('Ctrl Pts',(16.3633370651251,1.96224640591362,-1.77628232035417));
#10857=CARTESIAN_POINT('Ctrl Pts',(13.6396586738675,-9.24974013176134,-2.00396582701736));
#10858=CARTESIAN_POINT('Ctrl Pts',(4.2303299278207,-15.9291800592446,-2.23164933368054));
#10859=CARTESIAN_POINT('Ctrl Pts',(-7.2534479475037,-14.7972183952816,-2.45933284034373));
#10860=CARTESIAN_POINT('Ctrl Pts',(-15.180156881907,-6.41760344307014,-2.68701634700692));
#10861=CARTESIAN_POINT('Ctrl Pts',(-15.6685375606862,5.11922616764231,-2.9146998536701));
#10862=CARTESIAN_POINT('Ctrl Pts',(-9.27039941316481,13.1227412276988,-3.11708519292627));
#10863=CARTESIAN_POINT('Ctrl Pts',(-0.987622415396228,15.6768149558412,
-3.29417236477541));
#10864=CARTESIAN_POINT('Ctrl Pts',(6.31476713349346,14.3909066668182,-3.44596136921753));
#10865=CARTESIAN_POINT('Ctrl Pts',(12.217290719527,9.88206756195325,-3.59775037365966));
#10866=CARTESIAN_POINT('Ctrl Pts',(15.3892339021008,3.17451893661716,-3.74953937810178));
#10867=CARTESIAN_POINT('Ctrl Pts',(15.1299921611228,-4.24434769786292,-3.90132838254391));
#10868=CARTESIAN_POINT('Ctrl Pts',(11.4936439757741,-10.7149286318697,-4.05311738698603));
#10869=CARTESIAN_POINT('Ctrl Pts',(5.29400372276791,-14.7952854819681,-4.20490639142816));
#10870=CARTESIAN_POINT('Ctrl Pts',(-2.08867909753299,-15.5739070308498,
-4.35669539587028));
#10871=CARTESIAN_POINT('Ctrl Pts',(-9.00194379037168,-12.87930990602,-4.50848440031241));
#10872=CARTESIAN_POINT('Ctrl Pts',(-13.9132701627292,-7.30769665873389,
-4.66027340475453));
#10873=CARTESIAN_POINT('Ctrl Pts',(-15.7074508149028,-0.112898402156525,
-4.81206240919666));
#10874=CARTESIAN_POINT('Ctrl Pts',(-13.7399205260005,8.32821213487645,-4.9891495810458));
#10875=CARTESIAN_POINT('Ctrl Pts',(-6.20441132948391,15.2714799382158,-5.19153492030196));
#10876=CARTESIAN_POINT('Ctrl Pts',(5.33859801349024,15.5923906373351,-5.41921842696516));
#10877=CARTESIAN_POINT('Ctrl Pts',(14.2523139741962,8.2723205309766,-5.64690193362832));
#10878=CARTESIAN_POINT('Ctrl Pts',(16.1871872692587,-3.10413752280855,-5.87458544029153));
#10879=CARTESIAN_POINT('Ctrl Pts',(10.1810294174968,-12.9579325472222,-6.10226894695471));
#10880=CARTESIAN_POINT('Ctrl Pts',(-0.80817109464934,-16.4610284241225,
-6.32995245361789));
#10881=CARTESIAN_POINT('Ctrl Pts',(-11.4137748239989,-11.8931679880566,
-6.5576359602811));
#10882=CARTESIAN_POINT('Ctrl Pts',(-15.8458464833486,-2.65411763195768,
-6.76002129953724));
#10883=CARTESIAN_POINT('Ctrl Pts',(-14.5517437553787,5.9147959115881,-6.9371084713864));
#10884=CARTESIAN_POINT('Ctrl Pts',(-10.2221731948978,11.9378571559234,-7.08889747582852));
#10885=CARTESIAN_POINT('Ctrl Pts',(-3.6002362308504,15.2921451819259,-7.24068648027064));
#10886=CARTESIAN_POINT('Ctrl Pts',(4.64863001363178,15.2439647813501,-7.40934092965079));
#10887=CARTESIAN_POINT('Ctrl Pts',(12.4907293580541,10.2981638681638,-7.59486082396892));
#10888=CARTESIAN_POINT('Ctrl Pts',(16.1629094100427,0.864387179848476,-7.79724616322512));
#10889=CARTESIAN_POINT('Ctrl Pts',(13.5181250368029,-8.90109434129495,-7.99963150248124));
#10890=CARTESIAN_POINT('Ctrl Pts',(5.59172554371764,-15.190079903437,-8.20201684173745));
#10891=CARTESIAN_POINT('Ctrl Pts',(-4.5238390353098,-15.5417796676619,-8.40440218099358));
#10892=CARTESIAN_POINT('Ctrl Pts',(-11.0086607328275,-11.0901196066332,
-8.56181300041507));
#10893=CARTESIAN_POINT('Ctrl Pts',(-14.345139016021,-5.5704050763775,-8.69673655991916));
#10894=CARTESIAN_POINT('Ctrl Pts',(-15.8474720934403,0.811968467685574,
-8.83166011942329));
#10895=CARTESIAN_POINT('Ctrl Pts',(-13.1776189616234,9.40435236651064,-9.01155819876208));
#10896=CARTESIAN_POINT('Ctrl Pts',(-5.6963225486631,14.8839154266714,-9.19707809308025));
#10897=CARTESIAN_POINT('Ctrl Pts',(2.53019956853103,15.5053372730446,-9.36573254246038));
#10898=CARTESIAN_POINT('Ctrl Pts',(9.36486053487534,12.6195733728692,-9.5175215469025));
#10899=CARTESIAN_POINT('Ctrl Pts',(14.1123220978815,6.91061509032143,-9.66931055134464));
#10900=CARTESIAN_POINT('Ctrl Pts',(15.7099138728543,-0.336348356933919,
-9.82109955578675));
#10901=CARTESIAN_POINT('Ctrl Pts',(13.8029287569691,-7.5102581249332,-9.97288856022889));
#10902=CARTESIAN_POINT('Ctrl Pts',(8.8159553023221,-13.007470496064,-10.124677564671));
#10903=CARTESIAN_POINT('Ctrl Pts',(1.86213780940019,-15.603002963434,-10.2764665691131));
#10904=CARTESIAN_POINT('Ctrl Pts',(-5.50723753086665,-14.7169541263904,
-10.4282555735553));
#10905=CARTESIAN_POINT('Ctrl Pts',(-11.6478047053496,-10.547418510665,-10.5800445779974));
#10906=CARTESIAN_POINT('Ctrl Pts',(-15.1895597013152,-4.02449950266714,
-10.7318335824395));
#10907=CARTESIAN_POINT('Ctrl Pts',(-15.3422282643051,3.39633936575907,-10.8836225868816));
#10908=CARTESIAN_POINT('Ctrl Pts',(-12.0717876629338,10.0593783516848,-11.0354115913238));
#10909=CARTESIAN_POINT('Ctrl Pts',(-6.1078775080005,14.4780422569484,-11.1872005957659));
#10910=CARTESIAN_POINT('Ctrl Pts',(1.21874957823872,15.6662693402748,-11.338989600208));
#10911=CARTESIAN_POINT('Ctrl Pts',(8.27356974575093,13.3593108195833,-11.4907786046501));
#10912=CARTESIAN_POINT('Ctrl Pts',(13.4821763587956,8.0711667790466,-11.6425676090923));
#10913=CARTESIAN_POINT('Ctrl Pts',(15.6831102976603,0.983135301423618,-11.7943566135344));
#10914=CARTESIAN_POINT('Ctrl Pts',(14.3839866250064,-6.32607841145497,-11.9461456179765));
#10915=CARTESIAN_POINT('Ctrl Pts',(9.87723328779114,-12.2202629734242,-12.0979346224186));
#10916=CARTESIAN_POINT('Ctrl Pts',(3.16332665484115,-15.394896019646,-12.2497236268607));
#10917=CARTESIAN_POINT('Ctrl Pts',(-2.6018727715656,-15.1810742363933,-12.3677817414268));
#10918=CARTESIAN_POINT('Ctrl Pts',(-8.64138747787521,-12.9611575341021,
-12.5027053009309));
#10919=CARTESIAN_POINT('Ctrl Pts',(-14.1890984029714,-7.79244909926502,
-12.6544943053731));
#10920=CARTESIAN_POINT('Ctrl Pts',(-16.0407080258779,2.16251850963801,-12.8568796446292));
#10921=CARTESIAN_POINT('Ctrl Pts',(-11.6256233912037,11.261868787075,-13.0592649838854));
#10922=CARTESIAN_POINT('Ctrl Pts',(-2.66208111868511,15.9675248043787,-13.2616503231416));
#10923=CARTESIAN_POINT('Ctrl Pts',(6.5008010668952,14.5517800451667,-13.4471702174597));
#10924=CARTESIAN_POINT('Ctrl Pts',(12.7556808575498,9.17046423867158,-13.6158246668399));
#10925=CARTESIAN_POINT('Ctrl Pts',(15.5459788781404,2.29728737135724,-13.767613671282));
#10926=CARTESIAN_POINT('Ctrl Pts',(14.8640928310666,-5.09688509356587,-13.9194026757241));
#10927=CARTESIAN_POINT('Ctrl Pts',(10.867235449103,-11.3494156181252,-14.0711916801663));
#10928=CARTESIAN_POINT('Ctrl Pts',(4.44569521717554,-15.072150355985,-14.2229806846084));
#10929=CARTESIAN_POINT('Ctrl Pts',(-2.96923237977467,-15.4303803516893,
-14.3747696890505));
#10930=CARTESIAN_POINT('Ctrl Pts',(-9.71803535299986,-12.3473698152112,
-14.5265586934926));
#10931=CARTESIAN_POINT('Ctrl Pts',(-14.306114750748,-6.50719767799244,-14.6783476979347));
#10932=CARTESIAN_POINT('Ctrl Pts',(-15.3794922592839,-0.839076941257246,
-14.7964058125008));
#10933=CARTESIAN_POINT('Ctrl Pts',(-14.5583373863642,5.54334261635682,-14.9313293720049));
#10934=CARTESIAN_POINT('Ctrl Pts',(-10.7520406200547,12.1003719433547,-15.0831183764471));
#10935=CARTESIAN_POINT('Ctrl Pts',(-1.45919406030962,16.1214192010624,-15.2855037157032));
#10936=CARTESIAN_POINT('Ctrl Pts',(8.39628013984677,13.8361415608946,-15.4878890549594));
#10937=CARTESIAN_POINT('Ctrl Pts',(14.9732737551611,6.14958974052858,-15.6902743942156));
#10938=CARTESIAN_POINT('Ctrl Pts',(15.69864599185,-3.94987423449235,-15.8926597334717));
#10939=CARTESIAN_POINT('Ctrl Pts',(10.8863879349942,-11.5405034421301,-16.0725578128105));
#10940=CARTESIAN_POINT('Ctrl Pts',(4.07773189421154,-15.0425439884349,-16.229968632232));
#10941=CARTESIAN_POINT('Ctrl Pts',(-2.46635732602176,-15.3935290414254,
-16.3648921917361));
#10942=CARTESIAN_POINT('Ctrl Pts',(-8.83711723205314,-12.9155844208156,
-16.5054375662196));
#10943=CARTESIAN_POINT('Ctrl Pts',(-13.7057443031654,-7.68649866057404,
-16.6516047556824));
#10944=CARTESIAN_POINT('Ctrl Pts',(-15.7045979985013,-0.536560975527783,
-16.8033937601245));
#10945=CARTESIAN_POINT('Ctrl Pts',(-14.1989741648278,6.73073615139742,-16.9551827645666));
#10946=CARTESIAN_POINT('Ctrl Pts',(-9.52555384222739,12.4974959696656,-17.1069717690087));
#10947=CARTESIAN_POINT('Ctrl Pts',(-2.72668046083161,15.4751951513496,-17.2587607734508));
#10948=CARTESIAN_POINT('Ctrl Pts',(4.68050200736026,15.0004645703431,-17.410549777893));
#10949=CARTESIAN_POINT('Ctrl Pts',(11.0434058081054,11.178592304004,-17.5623387823351));
#10950=CARTESIAN_POINT('Ctrl Pts',(14.9423221375887,4.86285607826292,-17.7141277867772));
#10951=CARTESIAN_POINT('Ctrl Pts',(15.5073136593017,-2.53830547531538,-17.8659167912193));
#10952=CARTESIAN_POINT('Ctrl Pts',(12.6123941662633,-9.37233912559474,-18.0177057956615));
#10953=CARTESIAN_POINT('Ctrl Pts',(6.90330819366944,-14.1167558620963,-18.1694948001036));
#10954=CARTESIAN_POINT('Ctrl Pts',(0.862387273886938,-15.4430205524766,
-18.2959856371387));
#10955=CARTESIAN_POINT('Ctrl Pts',(-3.93222268565864,-14.7553859806756,
-18.3971783067668));
#10956=CARTESIAN_POINT('Ctrl Pts',(-8.43341045061576,-12.9655395438892,
-18.4983709763949));
#10957=CARTESIAN_POINT('Ctrl Pts',(-13.0127433608583,-8.80968312339669,
-18.62486181343));
#10958=CARTESIAN_POINT('Ctrl Pts',(-15.6042864849025,-1.85169703704288,
-18.7766508178721));
#10959=CARTESIAN_POINT('Ctrl Pts',(-14.7460343276057,5.24065075056425,-18.9228180073348));
#10960=CARTESIAN_POINT('Ctrl Pts',(-11.0533958858792,10.9936998497801,-19.0633633818183));
#10961=CARTESIAN_POINT('Ctrl Pts',(-5.55682553380689,14.5605717372191,-19.1982869413224));
#10962=CARTESIAN_POINT('Ctrl Pts',(2.00925999884748,15.7369616816479,-19.3556977607439));
#10963=CARTESIAN_POINT('Ctrl Pts',(10.3686244980065,12.4324838125244,-19.5355958400827));
#10964=CARTESIAN_POINT('Ctrl Pts',(15.7232148046839,3.84187726080974,-19.7379811793389));
#10965=CARTESIAN_POINT('Ctrl Pts',(14.9335140849888,-6.24755177198765,-19.9403665185951));
#10966=CARTESIAN_POINT('Ctrl Pts',(9.0407428604266,-13.0368379569368,-20.1202645979338));
#10967=CARTESIAN_POINT('Ctrl Pts',(1.78599713428852,-15.4827485960682,-20.2776754173553));
#10968=CARTESIAN_POINT('Ctrl Pts',(-4.73705462783723,-14.8527840066285,
-20.4125989768594));
#10969=CARTESIAN_POINT('Ctrl Pts',(-9.95604819630499,-11.8584209974768,
-20.5362789064049));
#10970=CARTESIAN_POINT('Ctrl Pts',(-13.3455215415525,-7.6454428089551,-20.6487152059916));
#10971=CARTESIAN_POINT('Ctrl Pts',(-15.6588058775964,-1.57324441854588,
-20.7836387654957));
#10972=CARTESIAN_POINT('Ctrl Pts',(-14.6904183015934,6.80041963723723,-20.9522932148759));
#10973=CARTESIAN_POINT('Ctrl Pts',(-7.77941013442579,14.1914157311733,-21.154678554132));
#10974=CARTESIAN_POINT('Ctrl Pts',(2.58527967761517,16.1233191658418,-21.3654966158572));
#10975=CARTESIAN_POINT('Ctrl Pts',(12.3784688904748,10.8838647622427,-21.5847474000514));
#10976=CARTESIAN_POINT('Ctrl Pts',(16.4802010245524,0.0937924114272553,
-21.8124309067145));
#10977=CARTESIAN_POINT('Ctrl Pts',(12.5037072055395,-10.7353143301771,-22.0401144133778));
#10978=CARTESIAN_POINT('Ctrl Pts',(2.39785795009286,-16.3056434124276,-22.267797920041));
#10979=CARTESIAN_POINT('Ctrl Pts',(-8.88333498002078,-13.8811924203393,
-22.4954814267041));
#10980=CARTESIAN_POINT('Ctrl Pts',(-15.8100145844624,-4.65328692342681,
-22.7231649333673));
#10981=CARTESIAN_POINT('Ctrl Pts',(-14.9867436521331,6.85618279579154,-22.9508484400305));
#10982=CARTESIAN_POINT('Ctrl Pts',(-6.81706446068369,15.0044407610012,-23.1785319466937));
#10983=CARTESIAN_POINT('Ctrl Pts',(4.69423106378047,15.7979655792602,-23.4062154533569));
#10984=CARTESIAN_POINT('Ctrl Pts',(13.9045659478976,8.84701220379214,-23.6338989600201));
#10985=CARTESIAN_POINT('Ctrl Pts',(16.2987645135295,-2.43994087885448,-23.8615824666833));
#10986=CARTESIAN_POINT('Ctrl Pts',(10.7038679711483,-12.5322162539473,-24.0892659733464));
#10987=CARTESIAN_POINT('Ctrl Pts',(-0.138817875202767,-16.478705461287,
-24.3169494800096));
#10988=CARTESIAN_POINT('Ctrl Pts',(-10.9118301390869,-12.3524563524571,
-24.5446329866728));
#10989=CARTESIAN_POINT('Ctrl Pts',(-16.3392774901872,-2.16115549851406,
-24.772316493336));
#10990=CARTESIAN_POINT('Ctrl Pts',(-14.6125706843231,5.32422193633338,-24.9241054977781));
#10991=CARTESIAN_POINT('Ctrl Pts',(-12.6253822174131,8.33448690242986,-24.9999999999992));
#10992=CARTESIAN_POINT('Ctrl Pts',(-12.6253822173854,8.33448690241156,-25.0000000000184));
#10993=CARTESIAN_POINT('Ctrl Pts',(-12.7627358042151,8.10896288721612,-25.0000000000174));
#10994=CARTESIAN_POINT('Ctrl Pts',(-12.894054806593,7.8795186686254,-25.0000000000007));
#10995=CARTESIAN_POINT('Ctrl Pts',(-13.0192583674206,7.64641245934046,-25.0000000000019));
#10996=CARTESIAN_POINT('Ctrl Pts',(-13.1763222495449,7.35398813901304,-25.0000000000035));
#10997=CARTESIAN_POINT('Ctrl Pts',(-13.3232576219706,7.05674508093166,-24.9999999999936));
#10998=CARTESIAN_POINT('Ctrl Pts',(-13.4600629386302,6.75526432058557,-24.9999999999773));
#10999=CARTESIAN_POINT('Ctrl Pts',(-13.5987784736946,6.44957397167134,-24.9999999999608));
#11000=CARTESIAN_POINT('Ctrl Pts',(-13.7270792681679,6.13952622852324,-24.9999999999379));
#11001=CARTESIAN_POINT('Ctrl Pts',(-13.8449171516852,5.82570070943576,-24.999999999913));
#11002=CARTESIAN_POINT('Ctrl Pts',(-13.9638671818841,5.50891332444216,-24.9999999998879));
#11003=CARTESIAN_POINT('Ctrl Pts',(-14.0721560376924,5.18827594314158,-24.9999999998609));
#11004=CARTESIAN_POINT('Ctrl Pts',(-14.1696844648964,4.86436671487813,-24.9999999998359));
#11005=CARTESIAN_POINT('Ctrl Pts',(-14.2669797267094,4.54123187028945,-24.9999999998109));
#11006=CARTESIAN_POINT('Ctrl Pts',(-14.353566025198,4.21484020168193,-24.9999999997879));
#11007=CARTESIAN_POINT('Ctrl Pts',(-14.429293914174,3.8857567583452,-24.9999999997697));
#11008=CARTESIAN_POINT('Ctrl Pts',(-14.5043917999168,3.559411059796,-24.9999999997517));
#11009=CARTESIAN_POINT('Ctrl Pts',(-14.5688112238666,3.23041761048734,-24.9999999997384));
#11010=CARTESIAN_POINT('Ctrl Pts',(-14.6223556051331,2.89932743554395,-24.9999999997319));
#11011=CARTESIAN_POINT('Ctrl Pts',(-14.6547430270037,2.69906072371591,-24.999999999728));
#11012=CARTESIAN_POINT('Ctrl Pts',(-14.6831506290245,2.4980269236379,-24.9999999997265));
#11013=CARTESIAN_POINT('Ctrl Pts',(-14.7075256733646,2.29634931468836,-24.9999999997277));
#11014=CARTESIAN_POINT('Ctrl Pts',(-14.7136273680205,2.24586427057673,-24.999999999728));
#11015=CARTESIAN_POINT('Ctrl Pts',(-14.719476336573,2.19533889108881,-24.9999999997285));
#11016=CARTESIAN_POINT('Ctrl Pts',(-14.7250716822418,2.14477512648932,-24.9999999997292));
#11017=CARTESIAN_POINT('Ctrl Pts',(-14.7289603591209,2.1096341085868,-24.9999999997296));
#11018=CARTESIAN_POINT('Ctrl Pts',(-14.7327266218115,2.0744733933249,-24.9999999997301));
#11019=CARTESIAN_POINT('Ctrl Pts',(-14.736368459715,2.03931101818998,-24.9999999997308));
#11020=CARTESIAN_POINT('Ctrl Pts',(-14.7709299291471,1.70561594839577,-24.9999999997366));
#11021=CARTESIAN_POINT('Ctrl Pts',(-14.7943304743999,1.37141361756687,-24.9999999997502));
#11022=CARTESIAN_POINT('Ctrl Pts',(-14.8064996133942,1.0372639848882,-24.9999999997698));
#11023=CARTESIAN_POINT('Ctrl Pts',(-14.8186337193253,0.704076317158703,
-24.9999999997894));
#11024=CARTESIAN_POINT('Ctrl Pts',(-14.8196010426991,0.37094045195812,-24.9999999998151));
#11025=CARTESIAN_POINT('Ctrl Pts',(-14.8092803856975,0.0384061705928215,
-24.9999999998443));
#11026=CARTESIAN_POINT('Ctrl Pts',(-14.7990039486804,-0.292703331248045,
-24.9999999998734));
#11027=CARTESIAN_POINT('Ctrl Pts',(-14.7775360972532,-0.623216961801051,
-24.9999999999061));
#11028=CARTESIAN_POINT('Ctrl Pts',(-14.7447055453192,-0.95258863031247,
-24.999999999939));
#11029=CARTESIAN_POINT('Ctrl Pts',(-14.7118749933853,-1.28196029882389,
-24.9999999999719));
#11030=CARTESIAN_POINT('Ctrl Pts',(-14.6676818298744,-1.61019056924921,
-25.000000000005));
#11031=CARTESIAN_POINT('Ctrl Pts',(-14.6119019680263,-1.93672152154534,
-25.000000000034));
#11032=CARTESIAN_POINT('Ctrl Pts',(-14.5557068247091,-2.26568349910884,
-25.0000000000632));
#11033=CARTESIAN_POINT('Ctrl Pts',(-14.487751170477,-2.59292128380688,-25.0000000000882));
#11034=CARTESIAN_POINT('Ctrl Pts',(-14.4083055302642,-2.91790027133202,
-25.0000000001036));
#11035=CARTESIAN_POINT('Ctrl Pts',(-14.3540322395012,-3.13990967341609,
-25.0000000001142));
#11036=CARTESIAN_POINT('Ctrl Pts',(-14.2943956349074,-3.36086448912415,
-25.0000000001202));
#11037=CARTESIAN_POINT('Ctrl Pts',(-14.2294700904819,-3.58058688002327,
-25.0000000001198));
#11038=CARTESIAN_POINT('Ctrl Pts',(-14.1371222758025,-3.89311229379134,
-25.0000000001191));
#11039=CARTESIAN_POINT('Ctrl Pts',(-14.0343778733153,-4.2021259904471,-25.0000000001033));
#11040=CARTESIAN_POINT('Ctrl Pts',(-13.9216134205107,-4.50717582232852,
-25.0000000000788));
#11041=CARTESIAN_POINT('Ctrl Pts',(-13.8069157503657,-4.81745538405881,
-25.0000000000539));
#11042=CARTESIAN_POINT('Ctrl Pts',(-13.6818513217451,-5.12363455849458,
-25.00000000002));
#11043=CARTESIAN_POINT('Ctrl Pts',(-13.5467643612971,-5.4252236508706,-24.9999999999829));
#11044=CARTESIAN_POINT('Ctrl Pts',(-13.4113465099419,-5.72755147545362,
-24.9999999999457));
#11045=CARTESIAN_POINT('Ctrl Pts',(-13.2658566435165,-6.02526724187034,
-24.9999999999054));
#11046=CARTESIAN_POINT('Ctrl Pts',(-13.1105938405692,-6.31785559111191,
-24.9999999998667));
#11047=CARTESIAN_POINT('Ctrl Pts',(-12.9559826646154,-6.60921596776317,
-24.9999999998281));
#11048=CARTESIAN_POINT('Ctrl Pts',(-12.791680054863,-6.89549237814587,-24.9999999997912));
#11049=CARTESIAN_POINT('Ctrl Pts',(-12.617939287444,-7.17614633570078,-24.9999999997597));
#11050=CARTESIAN_POINT('Ctrl Pts',(-12.4459538187496,-7.4539648531857,-24.9999999997285));
#11051=CARTESIAN_POINT('Ctrl Pts',(-12.2647195678877,-7.72627439535189,
-24.9999999997026));
#11052=CARTESIAN_POINT('Ctrl Pts',(-12.0744463659328,-7.99251659732639,
-24.9999999996845));
#11053=CARTESIAN_POINT('Ctrl Pts',(-11.9825963379411,-8.1210389191913,-24.9999999996758));
#11054=CARTESIAN_POINT('Ctrl Pts',(-11.8886395018272,-8.24814681549906,
-24.9999999996689));
#11055=CARTESIAN_POINT('Ctrl Pts',(-11.7925968053729,-8.37377395625754,
-24.999999999664));
#11056=CARTESIAN_POINT('Ctrl Pts',(-11.7611518215452,-8.41490507351385,
-24.9999999996624));
#11057=CARTESIAN_POINT('Ctrl Pts',(-11.7294832311679,-8.45587744170767,
-24.999999999661));
#11058=CARTESIAN_POINT('Ctrl Pts',(-11.6975917322005,-8.49668867431232,
-24.9999999996599));
#11059=CARTESIAN_POINT('Ctrl Pts',(-11.6762419822521,-8.52400973601863,
-24.9999999996591));
#11060=CARTESIAN_POINT('Ctrl Pts',(-11.6547923326128,-8.55125858215588,
-24.9999999996584));
#11061=CARTESIAN_POINT('Ctrl Pts',(-11.6332429882524,-8.57843448918844,
-24.9999999996578));
#11062=CARTESIAN_POINT('Ctrl Pts',(-11.6120119612181,-8.60520896581491,
-24.9999999996573));
#11063=CARTESIAN_POINT('Ctrl Pts',(-11.5906898203943,-8.63190549531255,
-24.9999999996568));
#11064=CARTESIAN_POINT('Ctrl Pts',(-11.5692789742426,-8.65852096854678,
-24.9999999996565));
#11065=CARTESIAN_POINT('Ctrl Pts',(-11.3636696982923,-8.91411050209382,
-24.9999999996535));
#11066=CARTESIAN_POINT('Ctrl Pts',(-11.1498225737616,-9.16230468499369,
-24.9999999996622));
#11067=CARTESIAN_POINT('Ctrl Pts',(-10.928037489792,-9.40261658222534,-24.9999999996796));
#11068=CARTESIAN_POINT('Ctrl Pts',(-10.7053808204747,-9.64387287267212,
-24.9999999996971));
#11069=CARTESIAN_POINT('Ctrl Pts',(-10.4747233612719,-9.87718533958653,
-24.9999999997234));
#11070=CARTESIAN_POINT('Ctrl Pts',(-10.2363283022006,-10.1020266885379,
-24.9999999997542));
#11071=CARTESIAN_POINT('Ctrl Pts',(-9.99793324312931,-10.3268680374893,
-24.999999999785));
#11072=CARTESIAN_POINT('Ctrl Pts',(-9.75180024920178,-10.5432387860133,
-24.9999999998203));
#11073=CARTESIAN_POINT('Ctrl Pts',(-9.49815728096298,-10.7505692302109,
-24.9999999998548));
#11074=CARTESIAN_POINT('Ctrl Pts',(-9.23662681906733,-10.9643469951241,
-24.9999999998905));
#11075=CARTESIAN_POINT('Ctrl Pts',(-8.96711139642126,-11.1685137967794,
-24.9999999999252));
#11076=CARTESIAN_POINT('Ctrl Pts',(-8.69022672978837,-11.3628525552192,
-24.999999999952));
#11077=CARTESIAN_POINT('Ctrl Pts',(-8.41334206315548,-11.5571913136589,
-24.9999999999788));
#11078=CARTESIAN_POINT('Ctrl Pts',(-8.12908744235831,-11.7417022587008,
-24.9999999999976));
#11079=CARTESIAN_POINT('Ctrl Pts',(-7.83805853017061,-11.9161122212541,
-25.));
#11080=CARTESIAN_POINT('Ctrl Pts',(-15.1284749757482,0.00244532356003245,
-0.814276142997067));
#11081=CARTESIAN_POINT('Ctrl Pts',(-15.1310399689059,0.814592610076327,
-0.831366859898808));
#11082=CARTESIAN_POINT('Ctrl Pts',(-15.0683126922253,1.6263498856238,-0.848457576800548));
#11083=CARTESIAN_POINT('Ctrl Pts',(-14.938191136938,2.4271640862509,-0.865548293702288));
#11084=CARTESIAN_POINT('Ctrl Pts',(-14.3603622065579,5.98332825874173,-0.941442795923349));
#11085=CARTESIAN_POINT('Ctrl Pts',(-12.4535390263595,9.32369839136496,-1.01733729814441));
#11086=CARTESIAN_POINT('Ctrl Pts',(-9.68505179951735,11.6293472498901,-1.09323180036547));
#11087=CARTESIAN_POINT('Ctrl Pts',(-6.91656457267518,13.9349961084152,-1.16912630258654));
#11088=CARTESIAN_POINT('Ctrl Pts',(-3.28641329918917,15.2059236928423,-1.2450208048076));
#11089=CARTESIAN_POINT('Ctrl Pts',(0.315642414615836,15.1307841270477,-1.32091530702866));
#11090=CARTESIAN_POINT('Ctrl Pts',(3.91769812842084,15.0556445612531,-1.39680980924972));
#11091=CARTESIAN_POINT('Ctrl Pts',(7.49165828254485,13.6344378452368,-1.47270431147078));
#11092=CARTESIAN_POINT('Ctrl Pts',(10.1615914643493,11.2153370333442,-1.54859881369185));
#11093=CARTESIAN_POINT('Ctrl Pts',(12.8315246461537,8.79623622145154,-1.62449331591291));
#11094=CARTESIAN_POINT('Ctrl Pts',(14.5974308556386,5.37924131368249,-1.70038781813397));
#11095=CARTESIAN_POINT('Ctrl Pts',(15.0264375618381,1.80207943685231,-1.77628232035503));
#11096=CARTESIAN_POINT('Ctrl Pts',(15.4554442680377,-1.77508243997786,-1.85217682257609));
#11097=CARTESIAN_POINT('Ctrl Pts',(14.5475514709519,-5.51241128586916,-1.92807132479716));
#11098=CARTESIAN_POINT('Ctrl Pts',(12.5253836147347,-8.49431569672857,-2.00396582701822));
#11099=CARTESIAN_POINT('Ctrl Pts',(10.5032157585175,-11.476220107588,-2.07986032923928));
#11100=CARTESIAN_POINT('Ctrl Pts',(7.3667728431689,-13.7027000834155,-2.15575483146034));
#11101=CARTESIAN_POINT('Ctrl Pts',(3.88458840627405,-14.6272797940021,-2.23164933368141));
#11102=CARTESIAN_POINT('Ctrl Pts',(0.402403969379183,-15.5518595045887,
-2.30754383590247));
#11103=CARTESIAN_POINT('Ctrl Pts',(-3.42552198906191,-15.1745389499344,
-2.38343833812353));
#11104=CARTESIAN_POINT('Ctrl Pts',(-6.66060312401621,-13.5892761805722,
-2.45933284034459));
#11105=CARTESIAN_POINT('Ctrl Pts',(-9.89568425897049,-12.0040134112099,
-2.53522734256565));
#11106=CARTESIAN_POINT('Ctrl Pts',(-12.537920570438,-9.21080842713971,-2.61112184478672));
#11107=CARTESIAN_POINT('Ctrl Pts',(-13.9404355059683,-5.89140099998606,
-2.68701634700778));
#11108=CARTESIAN_POINT('Ctrl Pts',(-14.7243472050178,-4.03607507786042,
-2.72943627900097));
#11109=CARTESIAN_POINT('Ctrl Pts',(-15.120962565052,-2.0163603795607,-2.77185621099417));
#11110=CARTESIAN_POINT('Ctrl Pts',(-15.1230654361771,0.00214824522033787,
-2.81427614298736));
#11111=CARTESIAN_POINT('Origin',(0.,0.,4.41670255678759));
#11112=CARTESIAN_POINT('Origin',(0.,21.4644664665963,-19.));
#11113=CARTESIAN_POINT('',(-1.76776695296637,23.2322334195627,-15.));
#11114=CARTESIAN_POINT('',(1.76776695296637,23.2322334195627,-15.));
#11115=CARTESIAN_POINT('Origin',(0.,21.4644664665963,-15.));
#11116=CARTESIAN_POINT('',(1.76776695296637,23.2322334195627,-23.));
#11117=CARTESIAN_POINT('',(1.76776695296637,23.2322334195627,-19.));
#11118=CARTESIAN_POINT('',(-1.76776695296637,23.2322334195627,-23.));
#11119=CARTESIAN_POINT('Origin',(0.,21.4644664665963,-23.));
#11120=CARTESIAN_POINT('',(-1.76776695296637,23.2322334195627,-19.));
#11121=CARTESIAN_POINT('Origin',(0.,25.000000372529,-19.));
#11122=CARTESIAN_POINT('',(-5.00000007450581,20.0000002980232,-23.));
#11123=CARTESIAN_POINT('',(-5.00000007450581,20.0000002980232,-23.));
#11124=CARTESIAN_POINT('',(-5.00000007450581,20.0000002980232,-15.));
#11125=CARTESIAN_POINT('',(-5.00000007450581,20.0000002980232,-19.));
#11126=CARTESIAN_POINT('',(-5.00000007450581,20.0000002980232,-15.));
#11127=CARTESIAN_POINT('Origin',(0.,21.0000003129244,-23.));
#11128=CARTESIAN_POINT('',(5.00000007450581,20.0000002980232,-23.));
#11129=CARTESIAN_POINT('',(0.,25.000000372529,-23.));
#11130=CARTESIAN_POINT('',(5.00000007450581,17.2916164442467,-23.));
#11131=CARTESIAN_POINT('',(5.00000007450581,20.0000002980232,-23.));
#11132=CARTESIAN_POINT('',(-5.00000007450581,17.2916164442467,-23.));
#11133=CARTESIAN_POINT('Origin',(0.,0.,-23.));
#11134=CARTESIAN_POINT('',(-5.00000007450581,17.0000002533197,-23.));
#11135=CARTESIAN_POINT('Origin',(-18.5887732387516,10.7322332332981,-19.));
#11136=CARTESIAN_POINT('',(-21.0035878044743,10.0851856205418,-15.));
#11137=CARTESIAN_POINT('',(-19.2358208515079,13.1470477990208,-15.));
#11138=CARTESIAN_POINT('Origin',(-18.5887732387516,10.7322332332981,-15.));
#11139=CARTESIAN_POINT('',(-19.2358208515079,13.1470477990208,-23.));
#11140=CARTESIAN_POINT('',(-19.2358208515079,13.1470477990208,-19.));
#11141=CARTESIAN_POINT('',(-21.0035878044743,10.0851856205418,-23.));
#11142=CARTESIAN_POINT('Origin',(-18.5887732387516,10.7322332332981,-23.));
#11143=CARTESIAN_POINT('',(-21.0035878044743,10.0851856205418,-19.));
#11144=CARTESIAN_POINT('Origin',(-21.6506354172306,12.5000001862645,-19.));
#11145=CARTESIAN_POINT('',(-19.8205083710374,5.6698730655655,-23.));
#11146=CARTESIAN_POINT('',(-19.8205083710374,5.6698730655655,-23.));
#11147=CARTESIAN_POINT('',(-19.8205083710374,5.6698730655655,-15.));
#11148=CARTESIAN_POINT('',(-19.8205083710374,5.6698730655655,-19.));
#11149=CARTESIAN_POINT('',(-19.8205083710374,5.6698730655655,-15.));
#11150=CARTESIAN_POINT('Origin',(-16.9365337318472,9.25000013783574,-23.));
#11151=CARTESIAN_POINT('',(-14.8205082965316,14.3301272324577,-23.));
#11152=CARTESIAN_POINT('',(-21.6506354172306,12.5000001862645,-23.));
#11153=CARTESIAN_POINT('',(-12.4749790759615,12.9759353055695,-23.));
#11154=CARTESIAN_POINT('',(-14.8205082965316,14.3301272324577,-23.));
#11155=CARTESIAN_POINT('',(-17.4749791504673,4.31568113867722,-23.));
#11156=CARTESIAN_POINT('Origin',(0.,0.,-23.));
#11157=CARTESIAN_POINT('',(-17.2224321209697,4.16987304321376,-23.));
#11158=CARTESIAN_POINT('Origin',(-18.5887732387516,-10.7322332332981,-19.));
#11159=CARTESIAN_POINT('',(-19.2358208515079,-13.1470477990208,-15.));
#11160=CARTESIAN_POINT('',(-21.0035878044743,-10.0851856205418,-15.));
#11161=CARTESIAN_POINT('Origin',(-18.5887732387516,-10.7322332332981,-15.));
#11162=CARTESIAN_POINT('',(-21.0035878044743,-10.0851856205418,-23.));
#11163=CARTESIAN_POINT('',(-21.0035878044743,-10.0851856205418,-19.));
#11164=CARTESIAN_POINT('',(-19.2358208515079,-13.1470477990208,-23.));
#11165=CARTESIAN_POINT('Origin',(-18.5887732387516,-10.7322332332981,-23.));
#11166=CARTESIAN_POINT('',(-19.2358208515079,-13.1470477990208,-19.));
#11167=CARTESIAN_POINT('Origin',(-21.6506354172306,-12.5000001862645,-19.));
#11168=CARTESIAN_POINT('',(-14.8205082965316,-14.3301272324577,-23.));
#11169=CARTESIAN_POINT('',(-14.8205082965316,-14.3301272324577,-23.));
#11170=CARTESIAN_POINT('',(-14.8205082965316,-14.3301272324577,-15.));
#11171=CARTESIAN_POINT('',(-14.8205082965316,-14.3301272324577,-19.));
#11172=CARTESIAN_POINT('',(-14.8205082965316,-14.3301272324577,-15.));
#11173=CARTESIAN_POINT('Origin',(-16.9365337318472,-9.25000013783574,-23.));
#11174=CARTESIAN_POINT('',(-19.8205083710374,-5.66987306556549,-23.));
#11175=CARTESIAN_POINT('',(-21.6506354172306,-12.5000001862645,-23.));
#11176=CARTESIAN_POINT('',(-17.4749791504673,-4.31568113867722,-23.));
#11177=CARTESIAN_POINT('',(-19.8205083710374,-5.66987306556549,-23.));
#11178=CARTESIAN_POINT('',(-12.4749790759615,-12.9759353055694,-23.));
#11179=CARTESIAN_POINT('Origin',(0.,0.,-23.));
#11180=CARTESIAN_POINT('',(-12.2224320464639,-12.830127210106,-23.));
#11181=CARTESIAN_POINT('Origin',(-2.22044604925031E-15,-21.4644664665963,
-19.));
#11182=CARTESIAN_POINT('',(1.76776695296637,-23.2322334195627,-15.));
#11183=CARTESIAN_POINT('',(-1.76776695296637,-23.2322334195627,-15.));
#11184=CARTESIAN_POINT('Origin',(-2.22044604925031E-15,-21.4644664665963,
-15.));
#11185=CARTESIAN_POINT('',(-1.76776695296637,-23.2322334195627,-23.));
#11186=CARTESIAN_POINT('',(-1.76776695296637,-23.2322334195627,-19.));
#11187=CARTESIAN_POINT('',(1.76776695296637,-23.2322334195627,-23.));
#11188=CARTESIAN_POINT('Origin',(-2.22044604925031E-15,-21.4644664665963,
-23.));
#11189=CARTESIAN_POINT('',(1.76776695296637,-23.2322334195627,-19.));
#11190=CARTESIAN_POINT('Origin',(-3.33066907387547E-15,-25.000000372529,
-19.));
#11191=CARTESIAN_POINT('',(5.0000000745058,-20.0000002980232,-23.));
#11192=CARTESIAN_POINT('',(5.0000000745058,-20.0000002980232,-23.));
#11193=CARTESIAN_POINT('',(5.0000000745058,-20.0000002980232,-15.));
#11194=CARTESIAN_POINT('',(5.0000000745058,-20.0000002980232,-19.));
#11195=CARTESIAN_POINT('',(5.0000000745058,-20.0000002980232,-15.));
#11196=CARTESIAN_POINT('Origin',(-2.22044604925031E-15,-21.0000003129244,
-23.));
#11197=CARTESIAN_POINT('',(-5.00000007450581,-20.0000002980232,-23.));
#11198=CARTESIAN_POINT('',(-3.06161704349003E-15,-25.000000372529,-23.));
#11199=CARTESIAN_POINT('',(-5.00000007450581,-17.2916164442467,-23.));
#11200=CARTESIAN_POINT('',(-5.00000007450581,-20.0000002980232,-23.));
#11201=CARTESIAN_POINT('',(5.0000000745058,-17.2916164442467,-23.));
#11202=CARTESIAN_POINT('Origin',(0.,0.,-23.));
#11203=CARTESIAN_POINT('',(5.0000000745058,-17.0000002533197,-23.));
#11204=CARTESIAN_POINT('Origin',(18.5887732387516,10.7322332332981,-19.));
#11205=CARTESIAN_POINT('',(19.2358208515079,13.1470477990208,-15.));
#11206=CARTESIAN_POINT('',(21.0035878044743,10.0851856205418,-15.));
#11207=CARTESIAN_POINT('Origin',(18.5887732387516,10.7322332332981,-15.));
#11208=CARTESIAN_POINT('',(21.0035878044743,10.0851856205418,-23.));
#11209=CARTESIAN_POINT('',(21.0035878044743,10.0851856205418,-19.));
#11210=CARTESIAN_POINT('',(19.2358208515079,13.1470477990208,-23.));
#11211=CARTESIAN_POINT('Origin',(18.5887732387516,10.7322332332981,-23.));
#11212=CARTESIAN_POINT('',(19.2358208515079,13.1470477990208,-19.));
#11213=CARTESIAN_POINT('Origin',(21.6506354172306,12.5000001862645,-19.));
#11214=CARTESIAN_POINT('',(14.8205082965316,14.3301272324577,-23.));
#11215=CARTESIAN_POINT('',(14.8205082965316,14.3301272324577,-23.));
#11216=CARTESIAN_POINT('',(14.8205082965316,14.3301272324577,-15.));
#11217=CARTESIAN_POINT('',(14.8205082965316,14.3301272324577,-19.));
#11218=CARTESIAN_POINT('',(14.8205082965316,14.3301272324577,-15.));
#11219=CARTESIAN_POINT('Origin',(16.9365337318472,9.25000013783573,-23.));
#11220=CARTESIAN_POINT('',(19.8205083710374,5.66987306556548,-23.));
#11221=CARTESIAN_POINT('',(21.6506354172306,12.5000001862645,-23.));
#11222=CARTESIAN_POINT('',(17.4749791504673,4.31568113867721,-23.));
#11223=CARTESIAN_POINT('',(19.8205083710374,5.66987306556548,-23.));
#11224=CARTESIAN_POINT('',(12.4749790759615,12.9759353055694,-23.));
#11225=CARTESIAN_POINT('Origin',(0.,0.,-23.));
#11226=CARTESIAN_POINT('',(12.2224320464639,12.830127210106,-23.));
#11227=CARTESIAN_POINT('Origin',(18.5887732387516,-10.7322332332982,-19.));
#11228=CARTESIAN_POINT('',(21.0035878044743,-10.0851856205418,-15.));
#11229=CARTESIAN_POINT('',(19.2358208515079,-13.1470477990208,-15.));
#11230=CARTESIAN_POINT('Origin',(18.5887732387516,-10.7322332332982,-15.));
#11231=CARTESIAN_POINT('',(19.2358208515079,-13.1470477990208,-23.));
#11232=CARTESIAN_POINT('',(19.2358208515079,-13.1470477990208,-19.));
#11233=CARTESIAN_POINT('',(21.0035878044743,-10.0851856205418,-23.));
#11234=CARTESIAN_POINT('Origin',(18.5887732387516,-10.7322332332982,-23.));
#11235=CARTESIAN_POINT('',(21.0035878044743,-10.0851856205418,-19.));
#11236=CARTESIAN_POINT('Origin',(21.6506354172306,-12.5000001862645,-19.));
#11237=CARTESIAN_POINT('',(19.8205083710374,-5.6698730655655,-23.));
#11238=CARTESIAN_POINT('',(19.8205083710374,-5.6698730655655,-23.));
#11239=CARTESIAN_POINT('',(19.8205083710374,-5.6698730655655,-15.));
#11240=CARTESIAN_POINT('',(19.8205083710374,-5.6698730655655,-19.));
#11241=CARTESIAN_POINT('',(19.8205083710374,-5.6698730655655,-15.));
#11242=CARTESIAN_POINT('Origin',(16.9365337318472,-9.25000013783574,-23.));
#11243=CARTESIAN_POINT('',(14.8205082965315,-14.3301272324577,-23.));
#11244=CARTESIAN_POINT('',(21.6506354172306,-12.5000001862645,-23.));
#11245=CARTESIAN_POINT('',(12.4749790759615,-12.9759353055695,-23.));
#11246=CARTESIAN_POINT('',(14.8205082965315,-14.3301272324577,-23.));
#11247=CARTESIAN_POINT('',(17.4749791504673,-4.31568113867723,-23.));
#11248=CARTESIAN_POINT('Origin',(0.,0.,-23.));
#11249=CARTESIAN_POINT('',(17.2224321209697,-4.16987304321376,-23.));
#11250=CARTESIAN_POINT('Origin',(-17.2224321209697,-4.16987304321375,-19.));
#11251=CARTESIAN_POINT('',(-17.4749791504673,-4.31568113867722,-15.));
#11252=CARTESIAN_POINT('',(-17.4749791504673,-4.31568113867722,0.));
#11253=CARTESIAN_POINT('',(-19.8205083710374,-5.66987306556549,-15.));
#11254=CARTESIAN_POINT('',(-19.8205083710374,-5.66987306556549,-19.));
#11255=CARTESIAN_POINT('',(-19.8205083710374,-5.66987306556549,-15.));
#11256=CARTESIAN_POINT('Origin',(-19.8205083710374,-5.66987306556549,-19.));
#11257=CARTESIAN_POINT('',(-21.6506354172306,-12.5000001862645,-15.));
#11258=CARTESIAN_POINT('Origin',(-14.8205082965316,-14.3301272324577,-19.));
#11259=CARTESIAN_POINT('',(-12.4749790759615,-12.9759353055694,-15.));
#11260=CARTESIAN_POINT('',(-12.4749790759615,-12.9759353055694,0.));
#11261=CARTESIAN_POINT('',(-12.2224320464639,-12.830127210106,-15.));
#11262=CARTESIAN_POINT('Origin',(-16.9365337318472,-9.25000013783574,-15.));
#11263=CARTESIAN_POINT('Origin',(0.,0.,-15.));
#11264=CARTESIAN_POINT('Origin',(17.2224321209697,4.16987304321374,-19.));
#11265=CARTESIAN_POINT('',(17.4749791504673,4.31568113867721,-15.));
#11266=CARTESIAN_POINT('',(17.4749791504673,4.31568113867721,0.));
#11267=CARTESIAN_POINT('',(19.8205083710374,5.66987306556548,-15.));
#11268=CARTESIAN_POINT('',(19.8205083710374,5.66987306556548,-19.));
#11269=CARTESIAN_POINT('',(19.8205083710374,5.66987306556548,-15.));
#11270=CARTESIAN_POINT('Origin',(19.8205083710374,5.66987306556548,-19.));
#11271=CARTESIAN_POINT('',(21.6506354172306,12.5000001862645,-15.));
#11272=CARTESIAN_POINT('Origin',(14.8205082965316,14.3301272324577,-19.));
#11273=CARTESIAN_POINT('',(12.4749790759615,12.9759353055694,-15.));
#11274=CARTESIAN_POINT('',(12.4749790759615,12.9759353055694,0.));
#11275=CARTESIAN_POINT('',(12.2224320464639,12.830127210106,-15.));
#11276=CARTESIAN_POINT('Origin',(16.9365337318472,9.25000013783573,-15.));
#11277=CARTESIAN_POINT('Origin',(0.,0.,-15.));
#11278=CARTESIAN_POINT('Origin',(12.2224320464639,-12.830127210106,-19.));
#11279=CARTESIAN_POINT('',(12.4749790759615,-12.9759353055695,-15.));
#11280=CARTESIAN_POINT('',(12.4749790759615,-12.9759353055695,0.));
#11281=CARTESIAN_POINT('',(14.8205082965315,-14.3301272324577,-15.));
#11282=CARTESIAN_POINT('',(14.8205082965315,-14.3301272324577,-19.));
#11283=CARTESIAN_POINT('',(14.8205082965315,-14.3301272324577,-15.));
#11284=CARTESIAN_POINT('Origin',(14.8205082965315,-14.3301272324577,-19.));
#11285=CARTESIAN_POINT('',(21.6506354172306,-12.5000001862645,-15.));
#11286=CARTESIAN_POINT('Origin',(19.8205083710374,-5.6698730655655,-19.));
#11287=CARTESIAN_POINT('',(17.4749791504673,-4.31568113867723,-15.));
#11288=CARTESIAN_POINT('',(17.4749791504673,-4.31568113867723,0.));
#11289=CARTESIAN_POINT('',(17.2224321209697,-4.16987304321376,-15.));
#11290=CARTESIAN_POINT('Origin',(16.9365337318472,-9.25000013783574,-15.));
#11291=CARTESIAN_POINT('Origin',(0.,0.,-15.));
#11292=CARTESIAN_POINT('Origin',(5.00000007450581,17.0000002533197,-19.));
#11293=CARTESIAN_POINT('',(5.00000007450581,17.2916164442467,-15.));
#11294=CARTESIAN_POINT('',(5.00000007450581,17.2916164442467,0.));
#11295=CARTESIAN_POINT('',(5.00000007450581,20.0000002980232,-15.));
#11296=CARTESIAN_POINT('',(5.00000007450581,20.0000002980232,-19.));
#11297=CARTESIAN_POINT('',(5.00000007450581,20.0000002980232,-15.));
#11298=CARTESIAN_POINT('Origin',(-5.00000007450581,20.0000002980232,-19.));
#11299=CARTESIAN_POINT('',(-5.00000007450581,17.2916164442467,-15.));
#11300=CARTESIAN_POINT('',(-5.00000007450581,17.2916164442467,0.));
#11301=CARTESIAN_POINT('',(-5.00000007450581,17.0000002533197,-15.));
#11302=CARTESIAN_POINT('Origin',(5.00000007450581,20.0000002980232,-19.));
#11303=CARTESIAN_POINT('',(0.,25.000000372529,-15.));
#11304=CARTESIAN_POINT('Origin',(0.,21.0000003129244,-15.));
#11305=CARTESIAN_POINT('Origin',(0.,0.,-15.));
#11306=CARTESIAN_POINT('Origin',(-12.2224320464639,12.830127210106,-19.));
#11307=CARTESIAN_POINT('',(-12.4749790759615,12.9759353055695,-15.));
#11308=CARTESIAN_POINT('',(-12.4749790759615,12.9759353055695,0.));
#11309=CARTESIAN_POINT('',(-14.8205082965316,14.3301272324577,-15.));
#11310=CARTESIAN_POINT('',(-14.8205082965316,14.3301272324577,-19.));
#11311=CARTESIAN_POINT('',(-14.8205082965316,14.3301272324577,-15.));
#11312=CARTESIAN_POINT('Origin',(-14.8205082965316,14.3301272324577,-19.));
#11313=CARTESIAN_POINT('',(-21.6506354172306,12.5000001862645,-15.));
#11314=CARTESIAN_POINT('Origin',(-19.8205083710374,5.6698730655655,-19.));
#11315=CARTESIAN_POINT('',(-17.4749791504673,4.31568113867722,-15.));
#11316=CARTESIAN_POINT('',(-17.4749791504673,4.31568113867722,0.));
#11317=CARTESIAN_POINT('',(-17.2224321209697,4.16987304321376,-15.));
#11318=CARTESIAN_POINT('Origin',(-16.9365337318472,9.25000013783574,-15.));
#11319=CARTESIAN_POINT('Origin',(0.,0.,-15.));
#11320=CARTESIAN_POINT('Origin',(-5.00000007450581,-17.0000002533197,-19.));
#11321=CARTESIAN_POINT('',(-5.00000007450581,-17.2916164442467,-15.));
#11322=CARTESIAN_POINT('',(-5.00000007450581,-17.2916164442467,0.));
#11323=CARTESIAN_POINT('',(-5.00000007450581,-20.0000002980232,-15.));
#11324=CARTESIAN_POINT('',(-5.00000007450581,-20.0000002980232,-19.));
#11325=CARTESIAN_POINT('',(-5.00000007450581,-20.0000002980232,-15.));
#11326=CARTESIAN_POINT('Origin',(-5.00000007450581,-20.0000002980232,-19.));
#11327=CARTESIAN_POINT('',(-3.06161704349003E-15,-25.000000372529,-15.));
#11328=CARTESIAN_POINT('Origin',(5.0000000745058,-20.0000002980232,-19.));
#11329=CARTESIAN_POINT('',(5.0000000745058,-17.2916164442467,-15.));
#11330=CARTESIAN_POINT('',(5.0000000745058,-17.2916164442467,0.));
#11331=CARTESIAN_POINT('',(5.0000000745058,-17.0000002533197,-15.));
#11332=CARTESIAN_POINT('Origin',(-2.22044604925031E-15,-21.0000003129244,
-15.));
#11333=CARTESIAN_POINT('Origin',(0.,0.,-15.));
#11334=CARTESIAN_POINT('Origin',(3.90915747059113,-3.11744905574728,-29.));
#11335=CARTESIAN_POINT('',(2.90915747059113,-3.11744905574728,-29.));
#11336=CARTESIAN_POINT('Origin',(3.90915747059113,-3.11744905574728,-29.));
#11337=CARTESIAN_POINT('',(2.90915747059113,-3.11744905574728,-25.));
#11338=CARTESIAN_POINT('',(2.90915747059113,-3.11744905574728,-29.));
#11339=CARTESIAN_POINT('Origin',(3.90915747059113,-3.11744905574728,-25.));
#11340=CARTESIAN_POINT('Origin',(-3.90915747059113,-3.11744905574728,-29.));
#11341=CARTESIAN_POINT('',(-4.90915747059113,-3.11744905574728,-29.));
#11342=CARTESIAN_POINT('Origin',(-3.90915747059113,-3.11744905574728,-29.));
#11343=CARTESIAN_POINT('',(-4.90915747059113,-3.11744905574728,-25.));
#11344=CARTESIAN_POINT('',(-4.90915747059113,-3.11744905574728,-29.));
#11345=CARTESIAN_POINT('Origin',(-3.90915747059113,-3.11744905574728,-25.));
#11346=CARTESIAN_POINT('Origin',(-4.33883739117558,9.00968867902419,-29.));
#11347=CARTESIAN_POINT('',(-5.33883739117558,9.00968867902419,-29.));
#11348=CARTESIAN_POINT('Origin',(-4.33883739117558,9.00968867902419,-29.));
#11349=CARTESIAN_POINT('',(-5.33883739117558,9.00968867902419,-25.));
#11350=CARTESIAN_POINT('',(-5.33883739117558,9.00968867902419,-29.));
#11351=CARTESIAN_POINT('Origin',(-4.33883739117558,9.00968867902419,-25.));
#11352=CARTESIAN_POINT('Origin',(9.74927912181824,2.22520933956315,-29.));
#11353=CARTESIAN_POINT('',(8.74927912181824,2.22520933956315,-29.));
#11354=CARTESIAN_POINT('Origin',(9.74927912181824,2.22520933956315,-29.));
#11355=CARTESIAN_POINT('',(8.74927912181824,2.22520933956315,-25.));
#11356=CARTESIAN_POINT('',(8.74927912181824,2.22520933956315,-29.));
#11357=CARTESIAN_POINT('Origin',(9.74927912181824,2.22520933956315,-25.));
#11358=CARTESIAN_POINT('Origin',(-2.16941872791465,4.50484440663951,-29.));
#11359=CARTESIAN_POINT('',(-3.16941872791465,4.50484440663951,-29.));
#11360=CARTESIAN_POINT('Origin',(-2.16941872791465,4.50484440663951,-29.));
#11361=CARTESIAN_POINT('',(-3.16941872791465,4.50484440663951,-25.));
#11362=CARTESIAN_POINT('',(-3.16941872791465,4.50484440663951,-29.));
#11363=CARTESIAN_POINT('Origin',(-2.16941872791465,4.50484440663951,-25.));
#11364=CARTESIAN_POINT('Origin',(-7.8183148246803,-6.23489801858734,-29.));
#11365=CARTESIAN_POINT('',(-8.8183148246803,-6.23489801858734,-29.));
#11366=CARTESIAN_POINT('Origin',(-7.8183148246803,-6.23489801858734,-29.));
#11367=CARTESIAN_POINT('',(-8.8183148246803,-6.23489801858734,-25.));
#11368=CARTESIAN_POINT('',(-8.8183148246803,-6.23489801858734,-29.));
#11369=CARTESIAN_POINT('Origin',(-7.8183148246803,-6.23489801858734,-25.));
#11370=CARTESIAN_POINT('Origin',(7.8183148246803,-6.23489801858733,-29.));
#11371=CARTESIAN_POINT('',(6.8183148246803,-6.23489801858733,-29.));
#11372=CARTESIAN_POINT('Origin',(7.8183148246803,-6.23489801858733,-29.));
#11373=CARTESIAN_POINT('',(6.8183148246803,-6.23489801858733,-25.));
#11374=CARTESIAN_POINT('',(6.8183148246803,-6.23489801858733,-29.));
#11375=CARTESIAN_POINT('Origin',(7.8183148246803,-6.23489801858733,-25.));
#11376=CARTESIAN_POINT('Origin',(0.,-10.,-29.));
#11377=CARTESIAN_POINT('',(-1.,-10.,-29.));
#11378=CARTESIAN_POINT('Origin',(0.,-10.,-29.));
#11379=CARTESIAN_POINT('',(-1.,-10.,-25.));
#11380=CARTESIAN_POINT('',(-1.,-10.,-29.));
#11381=CARTESIAN_POINT('Origin',(0.,-10.,-25.));
#11382=CARTESIAN_POINT('Origin',(-4.87463963354691,1.11260468636067,-29.));
#11383=CARTESIAN_POINT('',(-5.87463963354691,1.11260468636067,-29.));
#11384=CARTESIAN_POINT('Origin',(-4.87463963354691,1.11260468636067,-29.));
#11385=CARTESIAN_POINT('',(-5.87463963354691,1.11260468636067,-25.));
#11386=CARTESIAN_POINT('',(-5.87463963354691,1.11260468636067,-29.));
#11387=CARTESIAN_POINT('Origin',(-4.87463963354691,1.11260468636067,-25.));
#11388=CARTESIAN_POINT('Origin',(2.16941872791465,4.50484440663951,-29.));
#11389=CARTESIAN_POINT('',(1.16941872791465,4.50484440663951,-29.));
#11390=CARTESIAN_POINT('Origin',(2.16941872791465,4.50484440663951,-29.));
#11391=CARTESIAN_POINT('',(1.16941872791465,4.50484440663951,-25.));
#11392=CARTESIAN_POINT('',(1.16941872791465,4.50484440663951,-29.));
#11393=CARTESIAN_POINT('Origin',(2.16941872791465,4.50484440663951,-25.));
#11394=CARTESIAN_POINT('Origin',(4.33883739117558,9.00968867902419,-29.));
#11395=CARTESIAN_POINT('',(3.33883739117558,9.00968867902419,-29.));
#11396=CARTESIAN_POINT('Origin',(4.33883739117558,9.00968867902419,-29.));
#11397=CARTESIAN_POINT('',(3.33883739117558,9.00968867902419,-25.));
#11398=CARTESIAN_POINT('',(3.33883739117558,9.00968867902419,-29.));
#11399=CARTESIAN_POINT('Origin',(4.33883739117558,9.00968867902419,-25.));
#11400=CARTESIAN_POINT('Origin',(-9.74927912181824,2.22520933956314,-29.));
#11401=CARTESIAN_POINT('',(-10.7492791218182,2.22520933956314,-29.));
#11402=CARTESIAN_POINT('Origin',(-9.74927912181824,2.22520933956314,-29.));
#11403=CARTESIAN_POINT('',(-10.7492791218182,2.22520933956314,-25.));
#11404=CARTESIAN_POINT('',(-10.7492791218182,2.22520933956314,-29.));
#11405=CARTESIAN_POINT('Origin',(-9.74927912181824,2.22520933956314,-25.));
#11406=CARTESIAN_POINT('Origin',(0.,-5.00000007450581,-29.));
#11407=CARTESIAN_POINT('',(-1.,-5.00000007450581,-29.));
#11408=CARTESIAN_POINT('Origin',(0.,-5.00000007450581,-29.));
#11409=CARTESIAN_POINT('',(-1.,-5.00000007450581,-25.));
#11410=CARTESIAN_POINT('',(-1.,-5.00000007450581,-29.));
#11411=CARTESIAN_POINT('Origin',(0.,-5.00000007450581,-25.));
#11412=CARTESIAN_POINT('Origin',(4.87463963354691,1.11260468636068,-29.));
#11413=CARTESIAN_POINT('',(3.87463963354691,1.11260468636068,-29.));
#11414=CARTESIAN_POINT('Origin',(4.87463963354691,1.11260468636068,-29.));
#11415=CARTESIAN_POINT('',(3.87463963354691,1.11260468636068,-25.));
#11416=CARTESIAN_POINT('',(3.87463963354691,1.11260468636068,-29.));
#11417=CARTESIAN_POINT('Origin',(4.87463963354691,1.11260468636068,-25.));
#11418=CARTESIAN_POINT('Origin',(0.,0.,-25.));
#11419=CARTESIAN_POINT('Origin',(0.,0.,-29.));
#11420=CARTESIAN_POINT('',(-18.,2.20436423846524E-15,-29.));
#11421=CARTESIAN_POINT('Origin',(0.,0.,-29.));
#11422=CARTESIAN_POINT('Origin',(0.,0.,0.));
#11423=CARTESIAN_POINT('Origin',(0.,0.,0.));
#11424=CARTESIAN_POINT('',(-18.,2.20436423846524E-15,0.));
#11425=UNCERTAINTY_MEASURE_WITH_UNIT(LENGTH_MEASURE(0.01),#11429,
'DISTANCE_ACCURACY_VALUE',
'Maximum model space distance between geometric entities at asserted c
onnectivities');
#11426=UNCERTAINTY_MEASURE_WITH_UNIT(LENGTH_MEASURE(0.01),#11429,
'DISTANCE_ACCURACY_VALUE',
'Maximum model space distance between geometric entities at asserted c
onnectivities');
#11427=(
GEOMETRIC_REPRESENTATION_CONTEXT(3)
GLOBAL_UNCERTAINTY_ASSIGNED_CONTEXT((#11425))
GLOBAL_UNIT_ASSIGNED_CONTEXT((#11429,#11431,#11432))
REPRESENTATION_CONTEXT('','3D')
);
#11428=(
GEOMETRIC_REPRESENTATION_CONTEXT(3)
GLOBAL_UNCERTAINTY_ASSIGNED_CONTEXT((#11426))
GLOBAL_UNIT_ASSIGNED_CONTEXT((#11429,#11431,#11432))
REPRESENTATION_CONTEXT('','3D')
);
#11429=(
LENGTH_UNIT()
NAMED_UNIT(*)
SI_UNIT(.MILLI.,.METRE.)
);
#11430=(
LENGTH_UNIT()
NAMED_UNIT(*)
SI_UNIT($,.METRE.)
);
#11431=(
NAMED_UNIT(*)
PLANE_ANGLE_UNIT()
SI_UNIT($,.RADIAN.)
);
#11432=(
NAMED_UNIT(*)
SI_UNIT($,.STERADIAN.)
SOLID_ANGLE_UNIT()
);
#11433=SHAPE_DEFINITION_REPRESENTATION(#11434,#11435);
#11434=PRODUCT_DEFINITION_SHAPE('',$,#11437);
#11435=SHAPE_REPRESENTATION('',(#2215),#11427);
#11436=PRODUCT_DEFINITION_CONTEXT('part definition',#11441,'design');
#11437=PRODUCT_DEFINITION('Pommel','Pommel v5',#11438,#11436);
#11438=PRODUCT_DEFINITION_FORMATION('',$,#11443);
#11439=PRODUCT_RELATED_PRODUCT_CATEGORY('Pommel v5','Pommel v5',(#11443));
#11440=APPLICATION_PROTOCOL_DEFINITION('international standard',
'automotive_design',2009,#11441);
#11441=APPLICATION_CONTEXT(
'Core Data for Automotive Mechanical Design Process');
#11442=PRODUCT_CONTEXT('part definition',#11441,'mechanical');
#11443=PRODUCT('Pommel','Pommel v5',$,(#11442));
#11444=PRESENTATION_STYLE_ASSIGNMENT((#11445));
#11445=SURFACE_STYLE_USAGE(.BOTH.,#11446);
#11446=SURFACE_SIDE_STYLE('',(#11447));
#11447=SURFACE_STYLE_FILL_AREA(#11448);
#11448=FILL_AREA_STYLE('Steel - Satin',(#11449));
#11449=FILL_AREA_STYLE_COLOUR('Steel - Satin',#11450);
#11450=COLOUR_RGB('Steel - Satin',0.627450980392157,0.627450980392157,0.627450980392157);
ENDSEC;
END-ISO-10303-21;
